# Blender 4.3.2
# www.blender.org
mtllib base.mtl
o Part.1
v 22.398001 9.579999 -12.000001
v 22.215000 9.579999 -12.917001
v 21.695999 9.579999 -13.695001
v 20.917999 9.579999 -14.215001
v 20.000000 9.579999 -14.397001
v 19.082001 9.579999 -14.215001
v 18.304001 9.579999 -13.695001
v 17.785000 9.579999 -12.917001
v 17.601999 9.579999 -12.000001
v 17.785000 9.579999 -11.083001
v 18.304001 9.579999 -10.305001
v 19.082001 9.579999 -9.785001
v 20.000000 9.579999 -9.603001
v 20.917999 9.579999 -9.785001
v 21.695999 9.579999 -10.305001
v 22.215000 9.579999 -11.083001
v 22.215000 11.399999 -12.917001
v 21.695999 11.399999 -13.695001
v 20.917999 11.399999 -14.215001
v 18.304001 11.399999 -13.695001
v 17.785000 11.399999 -12.917001
v 18.304001 11.399999 -10.305001
v 19.082001 11.399999 -9.785001
v 21.695999 11.399999 -10.305001
v 20.000000 11.399999 -12.000001
v 22.398001 9.580000 -4.000001
v 22.215000 9.580000 -4.917001
v 21.695999 9.580000 -5.695001
v 20.917999 9.580000 -6.215001
v 20.000000 9.579999 -6.397001
v 19.082001 9.580000 -6.215001
v 18.304001 9.580000 -5.695001
v 17.785000 9.580000 -4.917001
v 17.601999 9.580000 -4.000001
v 17.785000 9.580000 -3.083001
v 18.304001 9.580000 -2.305001
v 19.082001 9.580000 -1.785001
v 20.000000 9.580000 -1.603001
v 20.917999 9.580000 -1.785001
v 21.695999 9.580000 -2.305001
v 22.215000 9.580000 -3.083001
v 19.082001 11.400000 -6.215001
v 18.304001 11.400000 -5.695001
v 17.785000 11.400000 -4.917001
v 17.601999 11.400000 -4.000001
v 19.082001 11.400000 -1.785001
v 22.215000 11.400000 -3.083001
v 20.000000 11.400000 -4.000001
v 22.398001 9.580000 3.999999
v 22.215000 9.580000 3.082999
v 21.695999 9.580000 2.304999
v 20.917999 9.580000 1.784999
v 20.000000 9.580000 1.602999
v 19.082001 9.580000 1.784999
v 18.304001 9.580000 2.304999
v 17.785000 9.580000 3.082999
v 17.601999 9.580000 3.999999
v 17.785000 9.580000 4.916999
v 18.304001 9.580000 5.694999
v 19.082001 9.580000 6.214999
v 20.000000 9.580001 6.396999
v 20.917999 9.580000 6.214999
v 21.695999 9.580000 5.694999
v 22.215000 9.580000 4.916999
v 22.215000 11.400000 3.082999
v 21.695999 11.400000 2.304999
v 20.917999 11.400000 1.784999
v 17.785000 11.400000 3.082999
v 17.601999 11.400000 3.999999
v 19.082001 11.400000 6.214999
v 20.917999 11.400000 6.214999
v 21.695999 11.400000 5.694999
v 22.215000 11.400000 4.916999
v 20.000000 11.400000 3.999999
v 22.398001 9.580001 11.999999
v 22.215000 9.580001 11.082999
v 21.695999 9.580001 10.304999
v 20.917999 9.580001 9.784999
v 20.000000 9.580001 9.602999
v 19.082001 9.580001 9.784999
v 18.304001 9.580001 10.304999
v 17.785000 9.580001 11.082999
v 17.601999 9.580001 11.999999
v 17.785000 9.580001 12.916999
v 18.304001 9.580001 13.694999
v 19.082001 9.580001 14.214999
v 20.000000 9.580001 14.396999
v 20.917999 9.580001 14.214999
v 21.695999 9.580001 13.694999
v 22.215000 9.580001 12.916999
v 22.215000 11.400001 11.082999
v 21.695999 11.400001 10.304999
v 19.082001 11.400001 9.784999
v 17.785000 11.400001 11.082999
v 18.304001 11.400001 13.694999
v 19.082001 11.400001 14.214999
v 20.000000 11.400001 14.396999
v 22.215000 11.400001 12.916999
v 20.000000 11.400001 11.999999
v 30.398001 9.580001 11.999999
v 30.215000 9.580001 11.082999
v 29.695999 9.580001 10.304999
v 28.917999 9.580001 9.784999
v 28.000000 9.580001 9.602999
v 27.082001 9.580001 9.784999
v 26.304001 9.580001 10.304999
v 25.785000 9.580001 11.082999
v 25.601999 9.580001 11.999999
v 25.785000 9.580001 12.916999
v 26.304001 9.580001 13.694999
v 27.082001 9.580001 14.214999
v 28.000000 9.580001 14.396999
v 28.917999 9.580001 14.214999
v 29.695999 9.580001 13.694999
v 30.215000 9.580001 12.916999
v 30.215000 11.400001 11.082999
v 28.917999 11.400001 9.784999
v 27.082001 11.400001 9.784999
v 25.601999 11.400001 11.999999
v 25.785000 11.400001 12.916999
v 28.000000 11.400001 14.396999
v 29.695999 11.400001 13.694999
v 28.000000 11.400001 11.999999
v 30.398001 9.580000 3.999999
v 30.215000 9.580000 3.082999
v 29.695999 9.580000 2.304999
v 28.917999 9.580000 1.784999
v 28.000000 9.580000 1.602999
v 27.082001 9.580000 1.784999
v 26.304001 9.580000 2.304999
v 25.785000 9.580000 3.082999
v 25.601999 9.580000 3.999999
v 25.785000 9.580000 4.916999
v 26.304001 9.580000 5.694999
v 27.082001 9.580000 6.214999
v 28.000000 9.580001 6.396999
v 28.917999 9.580000 6.214999
v 29.695999 9.580000 5.694999
v 30.215000 9.580000 4.916999
v 30.215000 11.400000 3.082999
v 29.695999 11.400000 2.304999
v 28.917999 11.400000 1.784999
v 28.000000 11.400000 1.602999
v 26.304001 11.400000 2.304999
v 25.785000 11.400000 3.082999
v 29.695999 11.400000 5.694999
v 28.000000 11.400000 3.999999
v 30.398001 9.580000 -4.000001
v 30.215000 9.580000 -4.917001
v 29.695999 9.580000 -5.695001
v 28.917999 9.580000 -6.215001
v 28.000000 9.579999 -6.397001
v 27.082001 9.580000 -6.215001
v 26.304001 9.580000 -5.695001
v 25.785000 9.580000 -4.917001
v 25.601999 9.580000 -4.000001
v 25.785000 9.580000 -3.083001
v 26.304001 9.580000 -2.305001
v 27.082001 9.580000 -1.785001
v 28.000000 9.580000 -1.603001
v 28.917999 9.580000 -1.785001
v 29.695999 9.580000 -2.305001
v 30.215000 9.580000 -3.083001
v 29.695999 11.400000 -5.695001
v 28.917999 11.400000 -6.215001
v 28.000000 11.399999 -6.397001
v 27.082001 11.400000 -6.215001
v 26.304001 11.400000 -5.695001
v 25.601999 11.400000 -4.000001
v 26.304001 11.400000 -2.305001
v 27.082001 11.400000 -1.785001
v 28.000000 11.400000 -1.603001
v 28.000000 11.400000 -4.000001
v 30.398001 9.579999 -12.000001
v 30.215000 9.579999 -12.917001
v 29.695999 9.579999 -13.695001
v 28.917999 9.579999 -14.215001
v 28.000000 9.579999 -14.397001
v 27.082001 9.579999 -14.215001
v 26.304001 9.579999 -13.695001
v 25.785000 9.579999 -12.917001
v 25.601999 9.579999 -12.000001
v 25.785000 9.579999 -11.083001
v 26.304001 9.579999 -10.305001
v 27.082001 9.579999 -9.785001
v 28.000000 9.579999 -9.603001
v 28.917999 9.579999 -9.785001
v 29.695999 9.579999 -10.305001
v 30.215000 9.579999 -11.083001
v 30.215000 11.399999 -12.917001
v 29.695999 11.399999 -13.695001
v 28.917999 11.399999 -14.215001
v 28.000000 11.399999 -14.397001
v 27.082001 11.399999 -14.215001
v 25.785000 11.399999 -12.917001
v 25.601999 11.399999 -12.000001
v 25.785000 11.399999 -11.083001
v 26.304001 11.399999 -10.305001
v 27.082001 11.399999 -9.785001
v 28.000000 11.399999 -9.603001
v 28.917999 11.399999 -9.785001
v 30.215000 11.399999 -11.083001
v 28.000000 11.399999 -12.000001
v 38.397999 9.579999 -12.000001
v 38.215000 9.579999 -12.917001
v 37.695999 9.579999 -13.695001
v 36.917999 9.579999 -14.215001
v 36.000000 9.579999 -14.397001
v 35.082001 9.579999 -14.215001
v 34.304001 9.579999 -13.695001
v 33.785000 9.579999 -12.917001
v 33.602001 9.579999 -12.000001
v 33.785000 9.579999 -11.083001
v 34.304001 9.579999 -10.305001
v 35.082001 9.579999 -9.785001
v 36.000000 9.579999 -9.603001
v 36.917999 9.579999 -9.785001
v 37.695999 9.579999 -10.305001
v 38.215000 9.579999 -11.083001
v 38.397999 11.399999 -12.000001
v 38.215000 11.399999 -12.917001
v 36.000000 11.399999 -14.397001
v 35.082001 11.399999 -14.215001
v 34.304001 11.399999 -13.695001
v 33.785000 11.399999 -12.917001
v 33.602001 11.399999 -12.000001
v 35.082001 11.399999 -9.785001
v 38.215000 11.399999 -11.083001
v 36.000000 11.399999 -12.000001
v 38.397999 9.580000 -4.000001
v 38.215000 9.580000 -4.917001
v 37.695999 9.580000 -5.695001
v 36.917999 9.580000 -6.215001
v 36.000000 9.579999 -6.397001
v 35.082001 9.580000 -6.215001
v 34.304001 9.580000 -5.695001
v 33.785000 9.580000 -4.917001
v 33.602001 9.580000 -4.000001
v 33.785000 9.580000 -3.083001
v 34.304001 9.580000 -2.305001
v 35.082001 9.580000 -1.785001
v 36.000000 9.580000 -1.603001
v 36.917999 9.580000 -1.785001
v 37.695999 9.580000 -2.305001
v 38.215000 9.580000 -3.083001
v 37.695999 11.400000 -5.695001
v 33.785000 11.400000 -4.917001
v 33.602001 11.400000 -4.000001
v 33.785000 11.400000 -3.083001
v 35.082001 11.400000 -1.785001
v 38.215000 11.400000 -3.083001
v 36.000000 11.400000 -4.000001
v 38.397999 9.580000 3.999999
v 38.215000 9.580000 3.082999
v 37.695999 9.580000 2.304999
v 36.917999 9.580000 1.784999
v 36.000000 9.580000 1.602999
v 35.082001 9.580000 1.784999
v 34.304001 9.580000 2.304999
v 33.785000 9.580000 3.082999
v 33.602001 9.580000 3.999999
v 33.785000 9.580000 4.916999
v 34.304001 9.580000 5.694999
v 35.082001 9.580000 6.214999
v 36.000000 9.580001 6.396999
v 36.917999 9.580000 6.214999
v 37.695999 9.580000 5.694999
v 38.215000 9.580000 4.916999
v 38.215000 11.400000 3.082999
v 37.695999 11.400000 2.304999
v 36.917999 11.400000 1.784999
v 36.000000 11.400000 1.602999
v 35.082001 11.400000 1.784999
v 33.785000 11.400000 3.082999
v 33.602001 11.400000 3.999999
v 34.304001 11.400000 5.694999
v 36.000000 11.400001 6.396999
v 36.000000 11.400000 3.999999
v 38.397999 9.580001 11.999999
v 38.215000 9.580001 11.082999
v 37.695999 9.580001 10.304999
v 36.917999 9.580001 9.784999
v 36.000000 9.580001 9.602999
v 35.082001 9.580001 9.784999
v 34.304001 9.580001 10.304999
v 33.785000 9.580001 11.082999
v 33.602001 9.580001 11.999999
v 33.785000 9.580001 12.916999
v 34.304001 9.580001 13.694999
v 35.082001 9.580001 14.214999
v 36.000000 9.580001 14.396999
v 36.917999 9.580001 14.214999
v 37.695999 9.580001 13.694999
v 38.215000 9.580001 12.916999
v 38.215000 11.400001 11.082999
v 37.695999 11.400001 10.304999
v 36.000000 11.400001 9.602999
v 34.304001 11.400001 10.304999
v 33.602001 11.400001 11.999999
v 33.785000 11.400001 12.916999
v 35.082001 11.400001 14.214999
v 36.000000 11.400001 14.396999
v 38.215000 11.400001 12.916999
v 36.000000 11.400001 11.999999
v 31.987000 0.019999 -11.236000
v 28.987000 0.019999 -9.232000
v 29.690001 0.020000 -5.695000
v 30.743999 0.020000 -4.991000
v 31.987000 0.020000 -4.744000
v 34.283001 0.020000 -5.695000
v 34.987000 0.019999 -6.748000
v 35.234001 8.384999 -7.990000
v 34.987000 8.384999 -9.232001
v 34.283001 8.384999 -10.285001
v 33.229000 8.384999 -10.989001
v 31.987000 8.384999 -11.236001
v 30.743999 8.384999 -10.989001
v 29.690001 8.384999 -10.285001
v 28.987000 8.384999 -9.232001
v 28.739000 8.384999 -7.990000
v 28.987000 8.384999 -6.748001
v 29.690001 8.385000 -5.695001
v 30.743999 8.385000 -4.991001
v 31.987000 8.385000 -4.744000
v 33.229000 8.385000 -4.991001
v 34.283001 8.385000 -5.695001
v 34.987000 8.384999 -6.748001
v 34.384998 0.019999 -7.990000
v 34.202000 0.019999 -8.907000
v 33.681999 0.019999 -9.685000
v 31.069000 0.019999 -10.205000
v 30.291000 0.019999 -9.685000
v 29.771000 0.019999 -8.907000
v 29.771000 0.019999 -7.073000
v 30.291000 0.020000 -6.295000
v 31.987000 0.020000 -5.593000
v 32.903999 0.020000 -5.775000
v 34.384998 8.384999 -7.990000
v 34.202000 8.384999 -8.907001
v 33.681999 8.384999 -9.685001
v 32.903999 8.384999 -10.205001
v 31.987000 8.384999 -10.387001
v 31.069000 8.384999 -10.205001
v 30.291000 8.384999 -9.685001
v 29.771000 8.384999 -8.907001
v 29.589001 8.384999 -7.990000
v 29.771000 8.384999 -7.073000
v 30.291000 8.385000 -6.295001
v 31.069000 8.385000 -5.775001
v 31.987000 8.385000 -5.593000
v 32.903999 8.385000 -5.775001
v 33.681999 8.385000 -6.295001
v 34.202000 8.384999 -7.073000
v 19.000000 0.019999 -9.232000
v 18.296000 0.019999 -10.285000
v 17.243000 0.019999 -10.989000
v 16.000000 0.019999 -11.236000
v 16.000000 0.020000 -4.744000
v 17.243000 0.020000 -4.991000
v 18.296000 0.020000 -5.695000
v 19.000000 0.019999 -6.748000
v 19.247000 8.384999 -7.990000
v 19.000000 8.384999 -9.232001
v 18.296000 8.384999 -10.285001
v 17.243000 8.384999 -10.989001
v 16.000000 8.385000 -4.744000
v 17.243000 8.385000 -4.991001
v 18.296000 8.385000 -5.695001
v 19.000000 8.384999 -6.748001
v 16.000000 0.019999 -10.387000
v 16.000000 0.020000 -5.593000
v 16.917999 0.020000 -5.775000
v 18.398001 8.384999 -7.990000
v 18.215000 8.384999 -8.907001
v 17.695999 8.384999 -9.685001
v 16.917999 8.384999 -10.205001
v 16.000000 8.384999 -10.387001
v 16.000000 8.385000 -5.593000
v 16.917999 8.385000 -5.775001
v 17.695999 8.385000 -6.295001
v 18.215000 8.384999 -7.073000
v 19.247000 0.020001 7.990000
v 17.243000 0.020000 4.991000
v 19.247000 8.385001 7.989999
v 19.000000 8.385001 6.748000
v 18.296000 8.385000 5.695000
v 17.243000 8.385000 4.991000
v 16.000000 8.385000 4.743999
v 16.000000 8.385001 11.235999
v 17.243000 8.385001 10.988999
v 18.296000 8.385001 10.284999
v 19.000000 8.385001 9.231999
v 16.917999 0.020000 5.775000
v 16.000000 0.020001 10.387000
v 16.917999 0.020001 10.205000
v 18.398001 8.385001 7.989999
v 18.215000 8.385001 7.072999
v 17.695999 8.385000 6.295000
v 16.917999 8.385000 5.775000
v 16.000000 8.385001 10.386999
v 16.917999 8.385001 10.204999
v 17.695999 8.385001 9.684999
v 18.215000 8.385001 8.906999
v 35.234001 0.020001 7.990000
v 34.987000 0.020001 6.748000
v 34.283001 0.020000 5.695000
v 33.229000 0.020000 4.991000
v 28.987000 0.020001 9.232000
v 29.690001 0.020001 10.285000
v 30.743999 0.020001 10.989000
v 31.987000 0.020001 11.236000
v 33.229000 0.020001 10.989000
v 34.283001 0.020001 10.285000
v 35.234001 8.385001 7.989999
v 34.987000 8.385001 6.748000
v 34.283001 8.385000 5.695000
v 33.229000 8.385000 4.991000
v 31.987000 8.385000 4.743999
v 30.743999 8.385000 4.991000
v 29.690001 8.385000 5.695000
v 28.987000 8.385001 6.748000
v 28.739000 8.385001 7.989999
v 28.987000 8.385001 9.231999
v 29.690001 8.385001 10.284999
v 30.743999 8.385001 10.988999
v 31.987000 8.385001 11.235999
v 33.229000 8.385001 10.988999
v 34.283001 8.385001 10.284999
v 34.987000 8.385001 9.231999
v 34.384998 0.020001 7.990000
v 32.903999 0.020000 5.775000
v 31.987000 0.020000 5.593000
v 30.291000 0.020000 6.295000
v 29.589001 0.020001 7.990000
v 29.771000 0.020001 8.907000
v 33.681999 0.020001 9.685000
v 34.202000 0.020001 8.907000
v 34.384998 8.385001 7.989999
v 34.202000 8.385001 7.072999
v 33.681999 8.385000 6.295000
v 32.903999 8.385000 5.775000
v 31.987000 8.385000 5.592999
v 31.069000 8.385000 5.775000
v 30.291000 8.385000 6.295000
v 29.771000 8.385001 7.072999
v 29.589001 8.385001 7.989999
v 29.771000 8.385001 8.906999
v 30.291000 8.385001 9.684999
v 31.069000 8.385001 10.204999
v 31.987000 8.385001 10.386999
v 32.903999 8.385001 10.204999
v 33.681999 8.385001 9.684999
v 34.202000 8.385001 8.906999
v 26.993000 0.020000 -1.242000
v 26.290001 0.020000 -2.295000
v 25.236000 0.020000 -2.999000
v 22.750999 0.020000 -2.999000
v 21.697001 0.020000 -2.295000
v 20.993000 0.020000 1.242000
v 21.697001 0.020000 2.295000
v 26.290001 0.020000 2.295000
v 26.993000 8.385000 -1.242001
v 26.290001 8.385000 -2.295001
v 25.236000 8.385000 -2.999001
v 22.750999 8.385000 -2.999001
v 21.697001 8.385000 -2.295001
v 20.993000 8.385000 -1.242001
v 20.826000 8.385000 -0.400001
v 20.993000 8.385000 1.241999
v 21.697001 8.385000 2.294999
v 22.750999 8.385000 2.998999
v 25.236000 8.385000 2.998999
v 26.290001 8.385000 2.294999
v 26.993000 8.385000 1.241999
v 26.391001 0.020000 -0.000000
v 26.209000 0.020000 -0.917000
v 24.910999 0.020000 -2.215000
v 23.993000 0.020000 -2.397000
v 23.076000 0.020000 -2.215000
v 22.298000 0.020000 -1.695000
v 21.778000 0.020000 -0.917000
v 21.778000 0.020000 0.917000
v 24.910999 0.020000 2.215000
v 25.688999 0.020000 1.695000
v 26.391001 8.385000 -0.000001
v 26.209000 8.385000 -0.917001
v 25.688999 8.385000 -1.695001
v 24.910999 8.385000 -2.215001
v 23.993000 8.385000 -2.397001
v 23.076000 8.385000 -2.215001
v 22.298000 8.385000 -1.695001
v 21.778000 8.385000 -0.917001
v 21.594999 8.385000 -0.000001
v 21.778000 8.385000 0.916999
v 22.298000 8.385000 1.694999
v 23.076000 8.385000 2.214999
v 23.993000 8.385000 2.396999
v 24.910999 8.385000 2.214999
v 25.688999 8.385000 1.694999
v 26.209000 8.385000 0.916999
v 38.381001 0.020000 0.399000
v 26.993000 0.020000 1.242000
v 27.160999 0.020000 -0.400000
v 38.381001 8.385000 0.398999
v 24.393000 8.385000 -3.166001
v 23.594000 0.019999 -14.382000
v 23.594000 8.384999 -14.382001
v 24.393000 8.384999 -14.382001
v 23.594000 8.385000 3.165999
v 24.393000 0.020001 14.382000
v 38.381001 8.385001 14.381999
v 39.959999 0.020001 15.960000
v 39.959999 9.579999 -15.960001
v 22.398001 11.399999 -12.000001
v 20.000000 11.399999 -14.397001
v 19.082001 11.399999 -14.215001
v 17.601999 11.399999 -12.000001
v 17.785000 11.399999 -11.083001
v 20.000000 11.399999 -9.603001
v 20.917999 11.399999 -9.785001
v 22.215000 11.399999 -11.083001
v 22.215000 11.400000 -4.917001
v 22.398001 11.400000 -4.000001
v 21.695999 11.400000 -5.695001
v 20.917999 11.400000 -6.215001
v 20.000000 11.399999 -6.397001
v 17.785000 11.400000 -3.083001
v 18.304001 11.400000 -2.305001
v 20.000000 11.400000 -1.603001
v 20.917999 11.400000 -1.785001
v 21.695999 11.400000 -2.305001
v 22.398001 11.400000 3.999999
v 20.000000 11.400000 1.602999
v 19.082001 11.400000 1.784999
v 18.304001 11.400000 2.304999
v 17.785000 11.400000 4.916999
v 18.304001 11.400000 5.694999
v 20.000000 11.400001 6.396999
v 22.398001 11.400001 11.999999
v 20.917999 11.400001 9.784999
v 20.000000 11.400001 9.602999
v 18.304001 11.400001 10.304999
v 17.601999 11.400001 11.999999
v 17.785000 11.400001 12.916999
v 20.917999 11.400001 14.214999
v 21.695999 11.400001 13.694999
v 30.398001 11.400001 11.999999
v 29.695999 11.400001 10.304999
v 28.000000 11.400001 9.602999
v 26.304001 11.400001 10.304999
v 25.785000 11.400001 11.082999
v 26.304001 11.400001 13.694999
v 27.082001 11.400001 14.214999
v 28.917999 11.400001 14.214999
v 30.215000 11.400001 12.916999
v 30.398001 11.400000 3.999999
v 27.082001 11.400000 1.784999
v 25.601999 11.400000 3.999999
v 25.785000 11.400000 4.916999
v 26.304001 11.400000 5.694999
v 27.082001 11.400000 6.214999
v 28.000000 11.400001 6.396999
v 28.917999 11.400000 6.214999
v 30.215000 11.400000 4.916999
v 30.215000 11.400000 -4.917001
v 30.398001 11.400000 -4.000001
v 25.785000 11.400000 -4.917001
v 25.785000 11.400000 -3.083001
v 28.917999 11.400000 -1.785001
v 29.695999 11.400000 -2.305001
v 30.215000 11.400000 -3.083001
v 30.398001 11.399999 -12.000001
v 26.304001 11.399999 -13.695001
v 29.695999 11.399999 -10.305001
v 37.695999 11.399999 -13.695001
v 36.917999 11.399999 -14.215001
v 33.785000 11.399999 -11.083001
v 34.304001 11.399999 -10.305001
v 36.000000 11.399999 -9.603001
v 36.917999 11.399999 -9.785001
v 37.695999 11.399999 -10.305001
v 38.215000 11.400000 -4.917001
v 38.397999 11.400000 -4.000001
v 36.917999 11.400000 -6.215001
v 36.000000 11.399999 -6.397001
v 35.082001 11.400000 -6.215001
v 34.304001 11.400000 -5.695001
v 34.304001 11.400000 -2.305001
v 36.000000 11.400000 -1.603001
v 36.917999 11.400000 -1.785001
v 37.695999 11.400000 -2.305001
v 38.397999 11.400000 3.999999
v 34.304001 11.400000 2.304999
v 33.785000 11.400000 4.916999
v 35.082001 11.400000 6.214999
v 36.917999 11.400000 6.214999
v 37.695999 11.400000 5.694999
v 38.215000 11.400000 4.916999
v 38.397999 11.400001 11.999999
v 36.917999 11.400001 9.784999
v 35.082001 11.400001 9.784999
v 33.785000 11.400001 11.082999
v 34.304001 11.400001 13.694999
v 36.917999 11.400001 14.214999
v 37.695999 11.400001 13.694999
v 34.987000 0.019999 -9.232000
v 35.234001 0.019999 -7.990000
v 34.283001 0.019999 -10.285000
v 33.229000 0.019999 -10.989000
v 30.743999 0.019999 -10.989000
v 29.690001 0.019999 -10.285000
v 28.739000 0.019999 -7.990000
v 28.987000 0.019999 -6.748000
v 33.229000 0.020000 -4.991000
v 32.903999 0.019999 -10.205000
v 31.987000 0.019999 -10.387000
v 29.589001 0.019999 -7.990000
v 31.069000 0.020000 -5.775000
v 33.681999 0.020000 -6.295000
v 34.202000 0.019999 -7.073000
v 19.247000 0.019999 -7.990000
v 18.215000 0.019999 -8.907000
v 18.398001 0.019999 -7.990000
v 17.695999 0.019999 -9.685000
v 16.917999 0.019999 -10.205000
v 17.695999 0.020000 -6.295000
v 18.215000 0.019999 -7.073000
v 19.000000 0.020001 6.748000
v 18.296000 0.020000 5.695000
v 16.000000 0.020000 4.744000
v 16.000000 0.020001 11.236000
v 17.243000 0.020001 10.989000
v 18.296000 0.020001 10.285000
v 19.000000 0.020001 9.232000
v 18.215000 0.020001 7.073000
v 18.398001 0.020001 7.990000
v 17.695999 0.020000 6.295000
v 16.000000 0.020000 5.593000
v 17.695999 0.020001 9.685000
v 18.215000 0.020001 8.907000
v 31.987000 0.020000 4.744000
v 30.743999 0.020000 4.991000
v 29.690001 0.020000 5.695000
v 28.987000 0.020001 6.748000
v 28.739000 0.020001 7.990000
v 34.987000 0.020001 9.232000
v 34.202000 0.020001 7.073000
v 33.681999 0.020000 6.295000
v 31.069000 0.020000 5.775000
v 29.771000 0.020001 7.073000
v 30.291000 0.020001 9.685000
v 31.069000 0.020001 10.205000
v 31.987000 0.020001 10.387000
v 32.903999 0.020001 10.205000
v 20.993000 0.020000 -1.242000
v 20.826000 0.020000 -0.400000
v 22.750999 0.020000 2.999000
v 25.236000 0.020000 2.999000
v 25.688999 0.020000 -1.695000
v 21.594999 0.020000 -0.000000
v 22.298000 0.020000 1.695000
v 23.076000 0.020000 2.215000
v 23.993000 0.020000 2.397000
v 26.209000 0.020000 0.917000
v 20.826000 0.020000 0.399000
v 20.826000 8.385000 0.398999
v 27.160999 0.020000 0.399000
v 27.160999 8.385000 0.398999
v 27.160999 8.385000 -0.400001
v 38.381001 0.020000 -0.400000
v 38.381001 8.385000 -0.400001
v 23.594000 0.020000 -3.166000
v 24.393000 0.020000 -3.166000
v 24.393000 0.019999 -14.382000
v 23.594000 8.385000 -3.166001
v 23.594000 0.020000 3.166000
v 24.393000 8.385000 3.165999
v 24.393000 0.020000 3.166000
v 23.594000 0.020001 14.382000
v 24.393000 8.385001 14.381999
v 23.594000 8.385001 14.381999
v 38.381001 0.020001 14.382000
v 38.381001 0.019999 -14.382000
v 38.381001 8.384999 -14.382001
v 39.959999 0.019999 -15.960000
v 39.959999 9.580001 15.959999
v 8.393000 0.019999 -14.382000
v 8.393000 0.020001 14.382000
v 11.161000 8.385000 0.398999
v 11.161000 0.020000 0.399000
v 11.161000 8.385000 -0.400001
v 11.161000 0.020000 -0.399000
v 8.393000 8.385001 14.381999
v 8.393000 8.384999 -14.382001
v 23.993000 8.385000 -0.000001
v 6.398000 9.579999 -12.000001
v 6.215000 9.579999 -12.917001
v 5.696000 9.579999 -13.695001
v 4.918000 9.579999 -14.215001
v 4.000000 9.579999 -14.397001
v 3.082000 9.579999 -14.215001
v 2.304000 9.579999 -13.695001
v 1.785000 9.579999 -12.917001
v 1.602000 9.579999 -12.000001
v 1.785000 9.579999 -11.083001
v 2.304000 9.579999 -10.305001
v 3.082000 9.579999 -9.785001
v 4.000000 9.579999 -9.603001
v 4.918000 9.579999 -9.785001
v 5.696000 9.579999 -10.305001
v 6.215000 9.579999 -11.083001
v 6.215000 11.399999 -12.917001
v 5.696000 11.399999 -13.695001
v 4.918000 11.399999 -14.215001
v 2.304000 11.399999 -13.695001
v 1.785000 11.399999 -12.917001
v 2.304000 11.399999 -10.305001
v 3.082000 11.399999 -9.785001
v 5.696000 11.399999 -10.305001
v 4.000000 11.399999 -12.000001
v 6.398000 9.580000 -4.000001
v 6.215000 9.580000 -4.917001
v 5.696000 9.580000 -5.695001
v 4.918000 9.580000 -6.215001
v 4.000000 9.579999 -6.397001
v 3.082000 9.580000 -6.215001
v 2.304000 9.580000 -5.695001
v 1.785000 9.580000 -4.917001
v 1.602000 9.580000 -4.000001
v 1.785000 9.580000 -3.083001
v 2.304000 9.580000 -2.305001
v 3.082000 9.580000 -1.785001
v 4.000000 9.580000 -1.603001
v 4.918000 9.580000 -1.785001
v 5.696000 9.580000 -2.305001
v 6.215000 9.580000 -3.083001
v 3.082000 11.400000 -6.215001
v 2.304000 11.400000 -5.695001
v 1.785000 11.400000 -4.917001
v 1.602000 11.400000 -4.000001
v 3.082000 11.400000 -1.785001
v 6.215000 11.400000 -3.083001
v 4.000000 11.400000 -4.000001
v 6.398000 9.580000 3.999999
v 6.215000 9.580000 3.082999
v 5.696000 9.580000 2.304999
v 4.918000 9.580000 1.784999
v 4.000000 9.580000 1.602999
v 3.082000 9.580000 1.784999
v 2.304000 9.580000 2.304999
v 1.785000 9.580000 3.082999
v 1.602000 9.580000 3.999999
v 1.785000 9.580000 4.916999
v 2.304000 9.580000 5.694999
v 3.082000 9.580000 6.214999
v 4.000000 9.580001 6.396999
v 4.918000 9.580000 6.214999
v 5.696000 9.580000 5.694999
v 6.215000 9.580000 4.916999
v 6.215000 11.400000 3.082999
v 5.696000 11.400000 2.304999
v 4.918000 11.400000 1.784999
v 1.785000 11.400000 3.082999
v 1.602000 11.400000 3.999999
v 3.082000 11.400000 6.214999
v 4.918000 11.400000 6.214999
v 5.696000 11.400000 5.694999
v 6.215000 11.400000 4.916999
v 4.000000 11.400000 3.999999
v 6.398000 9.580001 11.999999
v 6.215000 9.580001 11.082999
v 5.696000 9.580001 10.304999
v 4.918000 9.580001 9.784999
v 4.000000 9.580001 9.602999
v 3.082000 9.580001 9.784999
v 2.304000 9.580001 10.304999
v 1.785000 9.580001 11.082999
v 1.602000 9.580001 11.999999
v 1.785000 9.580001 12.916999
v 2.304000 9.580001 13.694999
v 3.082000 9.580001 14.214999
v 4.000000 9.580001 14.396999
v 4.918000 9.580001 14.214999
v 5.696000 9.580001 13.694999
v 6.215000 9.580001 12.916999
v 6.215000 11.400001 11.082999
v 5.696000 11.400001 10.304999
v 3.082000 11.400001 9.784999
v 1.785000 11.400001 11.082999
v 2.304000 11.400001 13.694999
v 3.082000 11.400001 14.214999
v 4.000000 11.400001 14.396999
v 6.215000 11.400001 12.916999
v 4.000000 11.400001 11.999999
v 14.398000 9.580001 11.999999
v 14.215000 9.580001 11.082999
v 13.696000 9.580001 10.304999
v 12.918000 9.580001 9.784999
v 12.000000 9.580001 9.602999
v 11.082000 9.580001 9.784999
v 10.304000 9.580001 10.304999
v 9.785000 9.580001 11.082999
v 9.602000 9.580001 11.999999
v 9.785000 9.580001 12.916999
v 10.304000 9.580001 13.694999
v 11.082000 9.580001 14.214999
v 12.000000 9.580001 14.396999
v 12.918000 9.580001 14.214999
v 13.696000 9.580001 13.694999
v 14.215000 9.580001 12.916999
v 14.215000 11.400001 11.082999
v 12.918000 11.400001 9.784999
v 11.082000 11.400001 9.784999
v 9.602000 11.400001 11.999999
v 9.785000 11.400001 12.916999
v 12.000000 11.400001 14.396999
v 13.696000 11.400001 13.694999
v 12.000000 11.400001 11.999999
v 14.398000 9.580000 3.999999
v 14.215000 9.580000 3.082999
v 13.696000 9.580000 2.304999
v 12.918000 9.580000 1.784999
v 12.000000 9.580000 1.602999
v 11.082000 9.580000 1.784999
v 10.304000 9.580000 2.304999
v 9.785000 9.580000 3.082999
v 9.602000 9.580000 3.999999
v 9.785000 9.580000 4.916999
v 10.304000 9.580000 5.694999
v 11.082000 9.580000 6.214999
v 12.000000 9.580001 6.396999
v 12.918000 9.580000 6.214999
v 13.696000 9.580000 5.694999
v 14.215000 9.580000 4.916999
v 14.215000 11.400000 3.082999
v 13.696000 11.400000 2.304999
v 12.918000 11.400000 1.784999
v 12.000000 11.400000 1.602999
v 10.304000 11.400000 2.304999
v 9.785000 11.400000 3.082999
v 13.696000 11.400000 5.694999
v 12.000000 11.400000 3.999999
v 14.398000 9.580000 -4.000001
v 14.215000 9.580000 -4.917001
v 13.696000 9.580000 -5.695001
v 12.918000 9.580000 -6.215001
v 12.000000 9.579999 -6.397001
v 11.082000 9.580000 -6.215001
v 10.304000 9.580000 -5.695001
v 9.785000 9.580000 -4.917001
v 9.602000 9.580000 -4.000001
v 9.785000 9.580000 -3.083001
v 10.304000 9.580000 -2.305001
v 11.082000 9.580000 -1.785001
v 12.000000 9.580000 -1.603001
v 12.918000 9.580000 -1.785001
v 13.696000 9.580000 -2.305001
v 14.215000 9.580000 -3.083001
v 13.696000 11.400000 -5.695001
v 12.918000 11.400000 -6.215001
v 12.000000 11.399999 -6.397001
v 11.082000 11.400000 -6.215001
v 10.304000 11.400000 -5.695001
v 9.602000 11.400000 -4.000001
v 10.304000 11.400000 -2.305001
v 11.082000 11.400000 -1.785001
v 12.000000 11.400000 -1.603001
v 12.000000 11.400000 -4.000001
v 14.398000 9.579999 -12.000001
v 14.215000 9.579999 -12.917001
v 13.696000 9.579999 -13.695001
v 12.918000 9.579999 -14.215001
v 12.000000 9.579999 -14.397001
v 11.082000 9.579999 -14.215001
v 10.304000 9.579999 -13.695001
v 9.785000 9.579999 -12.917001
v 9.602000 9.579999 -12.000001
v 9.785000 9.579999 -11.083001
v 10.304000 9.579999 -10.305001
v 11.082000 9.579999 -9.785001
v 12.000000 9.579999 -9.603001
v 12.918000 9.579999 -9.785001
v 13.696000 9.579999 -10.305001
v 14.215000 9.579999 -11.083001
v 14.215000 11.399999 -12.917001
v 13.696000 11.399999 -13.695001
v 12.918000 11.399999 -14.215001
v 12.000000 11.399999 -14.397001
v 11.082000 11.399999 -14.215001
v 9.785000 11.399999 -12.917001
v 9.602000 11.399999 -12.000001
v 9.785000 11.399999 -11.083001
v 10.304000 11.399999 -10.305001
v 11.082000 11.399999 -9.785001
v 12.000000 11.399999 -9.603001
v 12.918000 11.399999 -9.785001
v 14.215000 11.399999 -11.083001
v 12.000000 11.399999 -12.000001
v 12.987000 0.019999 -9.232000
v 13.690000 0.020000 -5.695000
v 14.744000 0.020000 -4.991000
v 16.000000 8.384999 -11.236001
v 14.744000 8.384999 -10.989001
v 13.690000 8.384999 -10.285001
v 12.987000 8.384999 -9.232001
v 12.739000 8.384999 -7.990000
v 12.987000 8.384999 -6.748001
v 13.690000 8.385000 -5.695001
v 14.744000 8.385000 -4.991001
v 15.069000 0.019999 -10.205000
v 14.291000 0.019999 -9.685000
v 13.771000 0.019999 -8.907000
v 13.771000 0.019999 -7.073000
v 14.291000 0.020000 -6.295000
v 15.069000 8.384999 -10.205001
v 14.291000 8.384999 -9.685001
v 13.771000 8.384999 -8.907001
v 13.589000 8.384999 -7.990000
v 13.771000 8.384999 -7.073000
v 14.291000 8.385000 -6.295001
v 15.069000 8.385000 -5.775001
v 3.000000 0.019999 -9.232000
v 2.296000 0.019999 -10.285000
v 1.243000 0.019999 -10.989000
v 1.243000 0.020000 -4.991000
v 2.296000 0.020000 -5.695000
v 3.000000 0.019999 -6.748000
v 3.247000 8.384999 -7.990000
v 3.000000 8.384999 -9.232001
v 2.296000 8.384999 -10.285001
v 1.243000 8.384999 -10.989001
v 1.243000 8.385000 -4.991001
v 2.296000 8.385000 -5.695001
v 3.000000 8.384999 -6.748001
v 0.918000 0.020000 -5.775000
v 2.398000 8.384999 -7.990000
v 2.215000 8.384999 -8.907001
v 1.696000 8.384999 -9.685001
v 0.918000 8.384999 -10.205001
v 0.918000 8.385000 -5.775001
v 1.696000 8.385000 -6.295001
v 2.215000 8.384999 -7.073000
v 3.247000 0.020001 7.990000
v 1.243000 0.020000 4.991000
v 3.247000 8.385001 7.989999
v 3.000000 8.385001 6.748000
v 2.296000 8.385000 5.695000
v 1.243000 8.385000 4.991000
v 1.243000 8.385001 10.988999
v 2.296000 8.385001 10.284999
v 3.000000 8.385001 9.231999
v 0.918000 0.020000 5.775000
v 0.918000 0.020001 10.205000
v 2.398000 8.385001 7.989999
v 2.215000 8.385001 7.072999
v 1.696000 8.385000 6.295000
v 0.918000 8.385000 5.775000
v 0.918000 8.385001 10.204999
v 1.696000 8.385001 9.684999
v 2.215000 8.385001 8.906999
v 12.987000 0.020001 9.232000
v 13.690000 0.020001 10.285000
v 14.744000 0.020001 10.989000
v 14.744000 8.385000 4.991000
v 13.690000 8.385000 5.695000
v 12.987000 8.385001 6.748000
v 12.739000 8.385001 7.989999
v 12.987000 8.385001 9.231999
v 13.690000 8.385001 10.284999
v 14.744000 8.385001 10.988999
v 14.291000 0.020000 6.295000
v 13.589000 0.020001 7.990000
v 13.771000 0.020001 8.907000
v 16.000000 8.385000 5.592999
v 15.069000 8.385000 5.775000
v 14.291000 8.385000 6.295000
v 13.771000 8.385001 7.072999
v 13.589000 8.385001 7.989999
v 13.771000 8.385001 8.906999
v 14.291000 8.385001 9.684999
v 15.069000 8.385001 10.204999
v 10.993000 0.020000 -1.242000
v 10.290000 0.020000 -2.295000
v 9.236000 0.020000 -2.999000
v 6.751000 0.020000 -2.999000
v 5.697000 0.020000 -2.295000
v 4.993000 0.020000 1.242000
v 5.697000 0.020000 2.295000
v 10.290000 0.020000 2.295000
v 10.993000 8.385000 -1.242001
v 10.290000 8.385000 -2.295001
v 9.236000 8.385000 -2.999001
v 6.751000 8.385000 -2.999001
v 5.697000 8.385000 -2.295001
v 4.993000 8.385000 -1.242001
v 4.826000 8.385000 -0.400001
v 4.993000 8.385000 1.241999
v 5.697000 8.385000 2.294999
v 6.751000 8.385000 2.998999
v 9.236000 8.385000 2.998999
v 10.290000 8.385000 2.294999
v 10.993000 8.385000 1.241999
v 10.391000 0.020000 -0.000000
v 10.209000 0.020000 -0.917000
v 8.911000 0.020000 -2.215000
v 7.993000 0.020000 -2.397000
v 7.076000 0.020000 -2.215000
v 6.298000 0.020000 -1.695000
v 5.778000 0.020000 -0.917000
v 5.778000 0.020000 0.917000
v 8.911000 0.020000 2.215000
v 9.689000 0.020000 1.695000
v 10.391000 8.385000 -0.000001
v 10.209000 8.385000 -0.917001
v 9.689000 8.385000 -1.695001
v 8.911000 8.385000 -2.215001
v 7.993000 8.385000 -2.397001
v 7.076000 8.385000 -2.215001
v 6.298000 8.385000 -1.695001
v 5.778000 8.385000 -0.917001
v 5.595000 8.385000 -0.000001
v 5.778000 8.385000 0.916999
v 6.298000 8.385000 1.694999
v 7.076000 8.385000 2.214999
v 7.993000 8.385000 2.396999
v 8.911000 8.385000 2.214999
v 9.689000 8.385000 1.694999
v 10.209000 8.385000 0.916999
v 10.993000 0.020000 1.242000
v 8.393000 8.385000 -3.166001
v 7.594000 0.019999 -14.382000
v 7.594000 8.384999 -14.382001
v 7.594000 8.385000 3.165999
v 6.398000 11.399999 -12.000001
v 4.000000 11.399999 -14.397001
v 3.082000 11.399999 -14.215001
v 1.602000 11.399999 -12.000001
v 1.785000 11.399999 -11.083001
v 4.000000 11.399999 -9.603001
v 4.918000 11.399999 -9.785001
v 6.215000 11.399999 -11.083001
v 6.215000 11.400000 -4.917001
v 6.398000 11.400000 -4.000001
v 5.696000 11.400000 -5.695001
v 4.918000 11.400000 -6.215001
v 4.000000 11.399999 -6.397001
v 1.785000 11.400000 -3.083001
v 2.304000 11.400000 -2.305001
v 4.000000 11.400000 -1.603001
v 4.918000 11.400000 -1.785001
v 5.696000 11.400000 -2.305001
v 6.398000 11.400000 3.999999
v 4.000000 11.400000 1.602999
v 3.082000 11.400000 1.784999
v 2.304000 11.400000 2.304999
v 1.785000 11.400000 4.916999
v 2.304000 11.400000 5.694999
v 4.000000 11.400001 6.396999
v 6.398000 11.400001 11.999999
v 4.918000 11.400001 9.784999
v 4.000000 11.400001 9.602999
v 2.304000 11.400001 10.304999
v 1.602000 11.400001 11.999999
v 1.785000 11.400001 12.916999
v 4.918000 11.400001 14.214999
v 5.696000 11.400001 13.694999
v 14.398000 11.400001 11.999999
v 13.696000 11.400001 10.304999
v 12.000000 11.400001 9.602999
v 10.304000 11.400001 10.304999
v 9.785000 11.400001 11.082999
v 10.304000 11.400001 13.694999
v 11.082000 11.400001 14.214999
v 12.918000 11.400001 14.214999
v 14.215000 11.400001 12.916999
v 14.398000 11.400000 3.999999
v 11.082000 11.400000 1.784999
v 9.602000 11.400000 3.999999
v 9.785000 11.400000 4.916999
v 10.304000 11.400000 5.694999
v 11.082000 11.400000 6.214999
v 12.000000 11.400001 6.396999
v 12.918000 11.400000 6.214999
v 14.215000 11.400000 4.916999
v 14.215000 11.400000 -4.917001
v 14.398000 11.400000 -4.000001
v 9.785000 11.400000 -4.917001
v 9.785000 11.400000 -3.083001
v 12.918000 11.400000 -1.785001
v 13.696000 11.400000 -2.305001
v 14.215000 11.400000 -3.083001
v 14.398000 11.399999 -12.000001
v 10.304000 11.399999 -13.695001
v 13.696000 11.399999 -10.305001
v 14.744000 0.019999 -10.989000
v 13.690000 0.019999 -10.285000
v 12.739000 0.019999 -7.990000
v 12.987000 0.019999 -6.748000
v 13.589000 0.019999 -7.990000
v 15.069000 0.020000 -5.775000
v 3.247000 0.019999 -7.990000
v 2.215000 0.019999 -8.907000
v 2.398000 0.019999 -7.990000
v 1.696000 0.019999 -9.685000
v 0.918000 0.019999 -10.205000
v 1.696000 0.020000 -6.295000
v 2.215000 0.019999 -7.073000
v 3.000000 0.020001 6.748000
v 2.296000 0.020000 5.695000
v 1.243000 0.020001 10.989000
v 2.296000 0.020001 10.285000
v 3.000000 0.020001 9.232000
v 2.215000 0.020001 7.073000
v 2.398000 0.020001 7.990000
v 1.696000 0.020000 6.295000
v 1.696000 0.020001 9.685000
v 2.215000 0.020001 8.907000
v 14.744000 0.020000 4.991000
v 13.690000 0.020000 5.695000
v 12.987000 0.020001 6.748000
v 12.739000 0.020001 7.990000
v 15.069000 0.020000 5.775000
v 13.771000 0.020001 7.073000
v 14.291000 0.020001 9.685000
v 15.069000 0.020001 10.205000
v 4.993000 0.020000 -1.242000
v 4.826000 0.020000 -0.400000
v 6.751000 0.020000 2.999000
v 9.236000 0.020000 2.999000
v 9.689000 0.020000 -1.695000
v 5.595000 0.020000 -0.000000
v 6.298000 0.020000 1.695000
v 7.076000 0.020000 2.215000
v 7.993000 0.020000 2.397000
v 10.209000 0.020000 0.917000
v 4.826000 0.020000 0.399000
v 4.826000 8.385000 0.398999
v 7.594000 0.020000 -3.166000
v 8.393000 0.020000 -3.166000
v 7.594000 8.385000 -3.166001
v 7.594000 0.020000 3.166000
v 8.393000 8.385000 3.165999
v 8.393000 0.020000 3.166000
v 7.594000 0.020001 14.382000
v 7.594000 8.385001 14.381999
v 7.993000 8.385000 -0.000001
v -22.398001 9.579999 -12.000001
v -22.215000 9.579999 -12.917001
v -21.695999 9.579999 -13.695001
v -20.917999 9.579999 -14.215001
v -20.000000 9.579999 -14.397001
v -19.082001 9.579999 -14.215001
v -18.304001 9.579999 -13.695001
v -17.785000 9.579999 -12.917001
v -17.601999 9.579999 -12.000001
v -17.785000 9.579999 -11.083001
v -18.304001 9.579999 -10.305001
v -19.082001 9.579999 -9.785001
v -20.000000 9.579999 -9.603001
v -20.917999 9.579999 -9.785001
v -21.695999 9.579999 -10.305001
v -22.215000 9.579999 -11.083001
v -22.215000 11.399999 -12.917001
v -21.695999 11.399999 -13.695001
v -20.917999 11.399999 -14.215001
v -18.304001 11.399999 -13.695001
v -17.785000 11.399999 -12.917001
v -18.304001 11.399999 -10.305001
v -19.082001 11.399999 -9.785001
v -21.695999 11.399999 -10.305001
v -20.000000 11.399999 -12.000001
v -22.398001 9.580000 -4.000001
v -22.215000 9.580000 -4.917001
v -21.695999 9.580000 -5.695001
v -20.917999 9.580000 -6.215001
v -20.000000 9.579999 -6.397001
v -19.082001 9.580000 -6.215001
v -18.304001 9.580000 -5.695001
v -17.785000 9.580000 -4.917001
v -17.601999 9.580000 -4.000001
v -17.785000 9.580000 -3.083001
v -18.304001 9.580000 -2.305001
v -19.082001 9.580000 -1.785001
v -20.000000 9.580000 -1.603001
v -20.917999 9.580000 -1.785001
v -21.695999 9.580000 -2.305001
v -22.215000 9.580000 -3.083001
v -19.082001 11.400000 -6.215001
v -18.304001 11.400000 -5.695001
v -17.785000 11.400000 -4.917001
v -17.601999 11.400000 -4.000001
v -19.082001 11.400000 -1.785001
v -22.215000 11.400000 -3.083001
v -20.000000 11.400000 -4.000001
v -22.398001 9.580000 3.999999
v -22.215000 9.580000 3.082999
v -21.695999 9.580000 2.304999
v -20.917999 9.580000 1.784999
v -20.000000 9.580000 1.602999
v -19.082001 9.580000 1.784999
v -18.304001 9.580000 2.304999
v -17.785000 9.580000 3.082999
v -17.601999 9.580000 3.999999
v -17.785000 9.580000 4.916999
v -18.304001 9.580000 5.694999
v -19.082001 9.580000 6.214999
v -20.000000 9.580001 6.396999
v -20.917999 9.580000 6.214999
v -21.695999 9.580000 5.694999
v -22.215000 9.580000 4.916999
v -22.215000 11.400000 3.082999
v -21.695999 11.400000 2.304999
v -20.917999 11.400000 1.784999
v -17.785000 11.400000 3.082999
v -17.601999 11.400000 3.999999
v -19.082001 11.400000 6.214999
v -20.917999 11.400000 6.214999
v -21.695999 11.400000 5.694999
v -22.215000 11.400000 4.916999
v -20.000000 11.400000 3.999999
v -22.398001 9.580001 11.999999
v -22.215000 9.580001 11.082999
v -21.695999 9.580001 10.304999
v -20.917999 9.580001 9.784999
v -20.000000 9.580001 9.602999
v -19.082001 9.580001 9.784999
v -18.304001 9.580001 10.304999
v -17.785000 9.580001 11.082999
v -17.601999 9.580001 11.999999
v -17.785000 9.580001 12.916999
v -18.304001 9.580001 13.694999
v -19.082001 9.580001 14.214999
v -20.000000 9.580001 14.396999
v -20.917999 9.580001 14.214999
v -21.695999 9.580001 13.694999
v -22.215000 9.580001 12.916999
v -22.215000 11.400001 11.082999
v -21.695999 11.400001 10.304999
v -19.082001 11.400001 9.784999
v -17.785000 11.400001 11.082999
v -18.304001 11.400001 13.694999
v -19.082001 11.400001 14.214999
v -20.000000 11.400001 14.396999
v -22.215000 11.400001 12.916999
v -20.000000 11.400001 11.999999
v -30.398001 9.580001 11.999999
v -30.215000 9.580001 11.082999
v -29.695999 9.580001 10.304999
v -28.917999 9.580001 9.784999
v -28.000000 9.580001 9.602999
v -27.082001 9.580001 9.784999
v -26.304001 9.580001 10.304999
v -25.785000 9.580001 11.082999
v -25.601999 9.580001 11.999999
v -25.785000 9.580001 12.916999
v -26.304001 9.580001 13.694999
v -27.082001 9.580001 14.214999
v -28.000000 9.580001 14.396999
v -28.917999 9.580001 14.214999
v -29.695999 9.580001 13.694999
v -30.215000 9.580001 12.916999
v -30.215000 11.400001 11.082999
v -28.917999 11.400001 9.784999
v -27.082001 11.400001 9.784999
v -25.601999 11.400001 11.999999
v -25.785000 11.400001 12.916999
v -28.000000 11.400001 14.396999
v -29.695999 11.400001 13.694999
v -28.000000 11.400001 11.999999
v -30.398001 9.580000 3.999999
v -30.215000 9.580000 3.082999
v -29.695999 9.580000 2.304999
v -28.917999 9.580000 1.784999
v -28.000000 9.580000 1.602999
v -27.082001 9.580000 1.784999
v -26.304001 9.580000 2.304999
v -25.785000 9.580000 3.082999
v -25.601999 9.580000 3.999999
v -25.785000 9.580000 4.916999
v -26.304001 9.580000 5.694999
v -27.082001 9.580000 6.214999
v -28.000000 9.580001 6.396999
v -28.917999 9.580000 6.214999
v -29.695999 9.580000 5.694999
v -30.215000 9.580000 4.916999
v -30.215000 11.400000 3.082999
v -29.695999 11.400000 2.304999
v -28.917999 11.400000 1.784999
v -28.000000 11.400000 1.602999
v -26.304001 11.400000 2.304999
v -25.785000 11.400000 3.082999
v -29.695999 11.400000 5.694999
v -28.000000 11.400000 3.999999
v -30.398001 9.580000 -4.000001
v -30.215000 9.580000 -4.917001
v -29.695999 9.580000 -5.695001
v -28.917999 9.580000 -6.215001
v -28.000000 9.579999 -6.397001
v -27.082001 9.580000 -6.215001
v -26.304001 9.580000 -5.695001
v -25.785000 9.580000 -4.917001
v -25.601999 9.580000 -4.000001
v -25.785000 9.580000 -3.083001
v -26.304001 9.580000 -2.305001
v -27.082001 9.580000 -1.785001
v -28.000000 9.580000 -1.603001
v -28.917999 9.580000 -1.785001
v -29.695999 9.580000 -2.305001
v -30.215000 9.580000 -3.083001
v -29.695999 11.400000 -5.695001
v -28.917999 11.400000 -6.215001
v -28.000000 11.399999 -6.397001
v -27.082001 11.400000 -6.215001
v -26.304001 11.400000 -5.695001
v -25.601999 11.400000 -4.000001
v -26.304001 11.400000 -2.305001
v -27.082001 11.400000 -1.785001
v -28.000000 11.400000 -1.603001
v -28.000000 11.400000 -4.000001
v -30.398001 9.579999 -12.000001
v -30.215000 9.579999 -12.917001
v -29.695999 9.579999 -13.695001
v -28.917999 9.579999 -14.215001
v -28.000000 9.579999 -14.397001
v -27.082001 9.579999 -14.215001
v -26.304001 9.579999 -13.695001
v -25.785000 9.579999 -12.917001
v -25.601999 9.579999 -12.000001
v -25.785000 9.579999 -11.083001
v -26.304001 9.579999 -10.305001
v -27.082001 9.579999 -9.785001
v -28.000000 9.579999 -9.603001
v -28.917999 9.579999 -9.785001
v -29.695999 9.579999 -10.305001
v -30.215000 9.579999 -11.083001
v -30.215000 11.399999 -12.917001
v -29.695999 11.399999 -13.695001
v -28.917999 11.399999 -14.215001
v -28.000000 11.399999 -14.397001
v -27.082001 11.399999 -14.215001
v -25.785000 11.399999 -12.917001
v -25.601999 11.399999 -12.000001
v -25.785000 11.399999 -11.083001
v -26.304001 11.399999 -10.305001
v -27.082001 11.399999 -9.785001
v -28.000000 11.399999 -9.603001
v -28.917999 11.399999 -9.785001
v -30.215000 11.399999 -11.083001
v -28.000000 11.399999 -12.000001
v -38.397999 9.579999 -12.000001
v -38.215000 9.579999 -12.917001
v -37.695999 9.579999 -13.695001
v -36.917999 9.579999 -14.215001
v -36.000000 9.579999 -14.397001
v -35.082001 9.579999 -14.215001
v -34.304001 9.579999 -13.695001
v -33.785000 9.579999 -12.917001
v -33.602001 9.579999 -12.000001
v -33.785000 9.579999 -11.083001
v -34.304001 9.579999 -10.305001
v -35.082001 9.579999 -9.785001
v -36.000000 9.579999 -9.603001
v -36.917999 9.579999 -9.785001
v -37.695999 9.579999 -10.305001
v -38.215000 9.579999 -11.083001
v -38.397999 11.399999 -12.000001
v -38.215000 11.399999 -12.917001
v -36.000000 11.399999 -14.397001
v -35.082001 11.399999 -14.215001
v -34.304001 11.399999 -13.695001
v -33.785000 11.399999 -12.917001
v -33.602001 11.399999 -12.000001
v -35.082001 11.399999 -9.785001
v -38.215000 11.399999 -11.083001
v -36.000000 11.399999 -12.000001
v -38.397999 9.580000 -4.000001
v -38.215000 9.580000 -4.917001
v -37.695999 9.580000 -5.695001
v -36.917999 9.580000 -6.215001
v -36.000000 9.579999 -6.397001
v -35.082001 9.580000 -6.215001
v -34.304001 9.580000 -5.695001
v -33.785000 9.580000 -4.917001
v -33.602001 9.580000 -4.000001
v -33.785000 9.580000 -3.083001
v -34.304001 9.580000 -2.305001
v -35.082001 9.580000 -1.785001
v -36.000000 9.580000 -1.603001
v -36.917999 9.580000 -1.785001
v -37.695999 9.580000 -2.305001
v -38.215000 9.580000 -3.083001
v -37.695999 11.400000 -5.695001
v -33.785000 11.400000 -4.917001
v -33.602001 11.400000 -4.000001
v -33.785000 11.400000 -3.083001
v -35.082001 11.400000 -1.785001
v -38.215000 11.400000 -3.083001
v -36.000000 11.400000 -4.000001
v -38.397999 9.580000 3.999999
v -38.215000 9.580000 3.082999
v -37.695999 9.580000 2.304999
v -36.917999 9.580000 1.784999
v -36.000000 9.580000 1.602999
v -35.082001 9.580000 1.784999
v -34.304001 9.580000 2.304999
v -33.785000 9.580000 3.082999
v -33.602001 9.580000 3.999999
v -33.785000 9.580000 4.916999
v -34.304001 9.580000 5.694999
v -35.082001 9.580000 6.214999
v -36.000000 9.580001 6.396999
v -36.917999 9.580000 6.214999
v -37.695999 9.580000 5.694999
v -38.215000 9.580000 4.916999
v -38.215000 11.400000 3.082999
v -37.695999 11.400000 2.304999
v -36.917999 11.400000 1.784999
v -36.000000 11.400000 1.602999
v -35.082001 11.400000 1.784999
v -33.785000 11.400000 3.082999
v -33.602001 11.400000 3.999999
v -34.304001 11.400000 5.694999
v -36.000000 11.400001 6.396999
v -36.000000 11.400000 3.999999
v -38.397999 9.580001 11.999999
v -38.215000 9.580001 11.082999
v -37.695999 9.580001 10.304999
v -36.917999 9.580001 9.784999
v -36.000000 9.580001 9.602999
v -35.082001 9.580001 9.784999
v -34.304001 9.580001 10.304999
v -33.785000 9.580001 11.082999
v -33.602001 9.580001 11.999999
v -33.785000 9.580001 12.916999
v -34.304001 9.580001 13.694999
v -35.082001 9.580001 14.214999
v -36.000000 9.580001 14.396999
v -36.917999 9.580001 14.214999
v -37.695999 9.580001 13.694999
v -38.215000 9.580001 12.916999
v -38.215000 11.400001 11.082999
v -37.695999 11.400001 10.304999
v -36.000000 11.400001 9.602999
v -34.304001 11.400001 10.304999
v -33.602001 11.400001 11.999999
v -33.785000 11.400001 12.916999
v -35.082001 11.400001 14.214999
v -36.000000 11.400001 14.396999
v -38.215000 11.400001 12.916999
v -36.000000 11.400001 11.999999
v -31.987000 0.019999 -11.236000
v -28.987000 0.019999 -9.232000
v -29.690001 0.020000 -5.695000
v -30.743999 0.020000 -4.991000
v -31.987000 0.020000 -4.744000
v -34.283001 0.020000 -5.695000
v -34.987000 0.019999 -6.748000
v -35.234001 8.384999 -7.990000
v -34.987000 8.384999 -9.232001
v -34.283001 8.384999 -10.285001
v -33.229000 8.384999 -10.989001
v -31.987000 8.384999 -11.236001
v -30.743999 8.384999 -10.989001
v -29.690001 8.384999 -10.285001
v -28.987000 8.384999 -9.232001
v -28.739000 8.384999 -7.990000
v -28.987000 8.384999 -6.748001
v -29.690001 8.385000 -5.695001
v -30.743999 8.385000 -4.991001
v -31.987000 8.385000 -4.744000
v -33.229000 8.385000 -4.991001
v -34.283001 8.385000 -5.695001
v -34.987000 8.384999 -6.748001
v -34.384998 0.019999 -7.990000
v -34.202000 0.019999 -8.907000
v -33.681999 0.019999 -9.685000
v -31.069000 0.019999 -10.205000
v -30.291000 0.019999 -9.685000
v -29.771000 0.019999 -8.907000
v -29.771000 0.019999 -7.073000
v -30.291000 0.020000 -6.295000
v -31.987000 0.020000 -5.593000
v -32.903999 0.020000 -5.775000
v -34.384998 8.384999 -7.990000
v -34.202000 8.384999 -8.907001
v -33.681999 8.384999 -9.685001
v -32.903999 8.384999 -10.205001
v -31.987000 8.384999 -10.387001
v -31.069000 8.384999 -10.205001
v -30.291000 8.384999 -9.685001
v -29.771000 8.384999 -8.907001
v -29.589001 8.384999 -7.990000
v -29.771000 8.384999 -7.073000
v -30.291000 8.385000 -6.295001
v -31.069000 8.385000 -5.775001
v -31.987000 8.385000 -5.593000
v -32.903999 8.385000 -5.775001
v -33.681999 8.385000 -6.295001
v -34.202000 8.384999 -7.073000
v -19.000000 0.019999 -9.232000
v -18.296000 0.019999 -10.285000
v -17.243000 0.019999 -10.989000
v -16.000000 0.019999 -11.236000
v -16.000000 0.020000 -4.744000
v -17.243000 0.020000 -4.991000
v -18.296000 0.020000 -5.695000
v -19.000000 0.019999 -6.748000
v -19.247000 8.384999 -7.990000
v -19.000000 8.384999 -9.232001
v -18.296000 8.384999 -10.285001
v -17.243000 8.384999 -10.989001
v -16.000000 8.385000 -4.744000
v -17.243000 8.385000 -4.991001
v -18.296000 8.385000 -5.695001
v -19.000000 8.384999 -6.748001
v -16.000000 0.019999 -10.387000
v -16.000000 0.020000 -5.593000
v -16.917999 0.020000 -5.775000
v -18.398001 8.384999 -7.990000
v -18.215000 8.384999 -8.907001
v -17.695999 8.384999 -9.685001
v -16.917999 8.384999 -10.205001
v -16.000000 8.384999 -10.387001
v -16.000000 8.385000 -5.593000
v -16.917999 8.385000 -5.775001
v -17.695999 8.385000 -6.295001
v -18.215000 8.384999 -7.073000
v -19.247000 0.020001 7.990000
v -17.243000 0.020000 4.991000
v -19.247000 8.385001 7.989999
v -19.000000 8.385001 6.748000
v -18.296000 8.385000 5.695000
v -17.243000 8.385000 4.991000
v -16.000000 8.385000 4.743999
v -16.000000 8.385001 11.235999
v -17.243000 8.385001 10.988999
v -18.296000 8.385001 10.284999
v -19.000000 8.385001 9.231999
v -16.917999 0.020000 5.775000
v -16.000000 0.020001 10.387000
v -16.917999 0.020001 10.205000
v -18.398001 8.385001 7.989999
v -18.215000 8.385001 7.072999
v -17.695999 8.385000 6.295000
v -16.917999 8.385000 5.775000
v -16.000000 8.385001 10.386999
v -16.917999 8.385001 10.204999
v -17.695999 8.385001 9.684999
v -18.215000 8.385001 8.906999
v -35.234001 0.020001 7.990000
v -34.987000 0.020001 6.748000
v -34.283001 0.020000 5.695000
v -33.229000 0.020000 4.991000
v -28.987000 0.020001 9.232000
v -29.690001 0.020001 10.285000
v -30.743999 0.020001 10.989000
v -31.987000 0.020001 11.236000
v -33.229000 0.020001 10.989000
v -34.283001 0.020001 10.285000
v -35.234001 8.385001 7.989999
v -34.987000 8.385001 6.748000
v -34.283001 8.385000 5.695000
v -33.229000 8.385000 4.991000
v -31.987000 8.385000 4.743999
v -30.743999 8.385000 4.991000
v -29.690001 8.385000 5.695000
v -28.987000 8.385001 6.748000
v -28.739000 8.385001 7.989999
v -28.987000 8.385001 9.231999
v -29.690001 8.385001 10.284999
v -30.743999 8.385001 10.988999
v -31.987000 8.385001 11.235999
v -33.229000 8.385001 10.988999
v -34.283001 8.385001 10.284999
v -34.987000 8.385001 9.231999
v -34.384998 0.020001 7.990000
v -32.903999 0.020000 5.775000
v -31.987000 0.020000 5.593000
v -30.291000 0.020000 6.295000
v -29.589001 0.020001 7.990000
v -29.771000 0.020001 8.907000
v -33.681999 0.020001 9.685000
v -34.202000 0.020001 8.907000
v -34.384998 8.385001 7.989999
v -34.202000 8.385001 7.072999
v -33.681999 8.385000 6.295000
v -32.903999 8.385000 5.775000
v -31.987000 8.385000 5.592999
v -31.069000 8.385000 5.775000
v -30.291000 8.385000 6.295000
v -29.771000 8.385001 7.072999
v -29.589001 8.385001 7.989999
v -29.771000 8.385001 8.906999
v -30.291000 8.385001 9.684999
v -31.069000 8.385001 10.204999
v -31.987000 8.385001 10.386999
v -32.903999 8.385001 10.204999
v -33.681999 8.385001 9.684999
v -34.202000 8.385001 8.906999
v -26.993000 0.020000 -1.242000
v -26.290001 0.020000 -2.295000
v -25.236000 0.020000 -2.999000
v -22.750999 0.020000 -2.999000
v -21.697001 0.020000 -2.295000
v -20.993000 0.020000 1.242000
v -21.697001 0.020000 2.295000
v -26.290001 0.020000 2.295000
v -26.993000 8.385000 -1.242001
v -26.290001 8.385000 -2.295001
v -25.236000 8.385000 -2.999001
v -22.750999 8.385000 -2.999001
v -21.697001 8.385000 -2.295001
v -20.993000 8.385000 -1.242001
v -20.826000 8.385000 -0.400001
v -20.993000 8.385000 1.241999
v -21.697001 8.385000 2.294999
v -22.750999 8.385000 2.998999
v -25.236000 8.385000 2.998999
v -26.290001 8.385000 2.294999
v -26.993000 8.385000 1.241999
v -26.391001 0.020000 -0.000000
v -26.209000 0.020000 -0.917000
v -24.910999 0.020000 -2.215000
v -23.993000 0.020000 -2.397000
v -23.076000 0.020000 -2.215000
v -22.298000 0.020000 -1.695000
v -21.778000 0.020000 -0.917000
v -21.778000 0.020000 0.917000
v -24.910999 0.020000 2.215000
v -25.688999 0.020000 1.695000
v -26.391001 8.385000 -0.000001
v -26.209000 8.385000 -0.917001
v -25.688999 8.385000 -1.695001
v -24.910999 8.385000 -2.215001
v -23.993000 8.385000 -2.397001
v -23.076000 8.385000 -2.215001
v -22.298000 8.385000 -1.695001
v -21.778000 8.385000 -0.917001
v -21.594999 8.385000 -0.000001
v -21.778000 8.385000 0.916999
v -22.298000 8.385000 1.694999
v -23.076000 8.385000 2.214999
v -23.993000 8.385000 2.396999
v -24.910999 8.385000 2.214999
v -25.688999 8.385000 1.694999
v -26.209000 8.385000 0.916999
v -38.381001 0.020000 0.399000
v -26.993000 0.020000 1.242000
v -27.160999 0.020000 -0.400000
v -38.381001 8.385000 0.398999
v -24.393000 8.385000 -3.166001
v -23.594000 0.019999 -14.382000
v -23.594000 8.384999 -14.382001
v -24.393000 8.384999 -14.382001
v -23.594000 8.385000 3.165999
v -24.393000 0.020001 14.382000
v -38.381001 8.385001 14.381999
v -39.959999 0.020001 15.960000
v -39.959999 9.579999 -15.960001
v -22.398001 11.399999 -12.000001
v -20.000000 11.399999 -14.397001
v -19.082001 11.399999 -14.215001
v -17.601999 11.399999 -12.000001
v -17.785000 11.399999 -11.083001
v -20.000000 11.399999 -9.603001
v -20.917999 11.399999 -9.785001
v -22.215000 11.399999 -11.083001
v -22.215000 11.400000 -4.917001
v -22.398001 11.400000 -4.000001
v -21.695999 11.400000 -5.695001
v -20.917999 11.400000 -6.215001
v -20.000000 11.399999 -6.397001
v -17.785000 11.400000 -3.083001
v -18.304001 11.400000 -2.305001
v -20.000000 11.400000 -1.603001
v -20.917999 11.400000 -1.785001
v -21.695999 11.400000 -2.305001
v -22.398001 11.400000 3.999999
v -20.000000 11.400000 1.602999
v -19.082001 11.400000 1.784999
v -18.304001 11.400000 2.304999
v -17.785000 11.400000 4.916999
v -18.304001 11.400000 5.694999
v -20.000000 11.400001 6.396999
v -22.398001 11.400001 11.999999
v -20.917999 11.400001 9.784999
v -20.000000 11.400001 9.602999
v -18.304001 11.400001 10.304999
v -17.601999 11.400001 11.999999
v -17.785000 11.400001 12.916999
v -20.917999 11.400001 14.214999
v -21.695999 11.400001 13.694999
v -30.398001 11.400001 11.999999
v -29.695999 11.400001 10.304999
v -28.000000 11.400001 9.602999
v -26.304001 11.400001 10.304999
v -25.785000 11.400001 11.082999
v -26.304001 11.400001 13.694999
v -27.082001 11.400001 14.214999
v -28.917999 11.400001 14.214999
v -30.215000 11.400001 12.916999
v -30.398001 11.400000 3.999999
v -27.082001 11.400000 1.784999
v -25.601999 11.400000 3.999999
v -25.785000 11.400000 4.916999
v -26.304001 11.400000 5.694999
v -27.082001 11.400000 6.214999
v -28.000000 11.400001 6.396999
v -28.917999 11.400000 6.214999
v -30.215000 11.400000 4.916999
v -30.215000 11.400000 -4.917001
v -30.398001 11.400000 -4.000001
v -25.785000 11.400000 -4.917001
v -25.785000 11.400000 -3.083001
v -28.917999 11.400000 -1.785001
v -29.695999 11.400000 -2.305001
v -30.215000 11.400000 -3.083001
v -30.398001 11.399999 -12.000001
v -26.304001 11.399999 -13.695001
v -29.695999 11.399999 -10.305001
v -37.695999 11.399999 -13.695001
v -36.917999 11.399999 -14.215001
v -33.785000 11.399999 -11.083001
v -34.304001 11.399999 -10.305001
v -36.000000 11.399999 -9.603001
v -36.917999 11.399999 -9.785001
v -37.695999 11.399999 -10.305001
v -38.215000 11.400000 -4.917001
v -38.397999 11.400000 -4.000001
v -36.917999 11.400000 -6.215001
v -36.000000 11.399999 -6.397001
v -35.082001 11.400000 -6.215001
v -34.304001 11.400000 -5.695001
v -34.304001 11.400000 -2.305001
v -36.000000 11.400000 -1.603001
v -36.917999 11.400000 -1.785001
v -37.695999 11.400000 -2.305001
v -38.397999 11.400000 3.999999
v -34.304001 11.400000 2.304999
v -33.785000 11.400000 4.916999
v -35.082001 11.400000 6.214999
v -36.917999 11.400000 6.214999
v -37.695999 11.400000 5.694999
v -38.215000 11.400000 4.916999
v -38.397999 11.400001 11.999999
v -36.917999 11.400001 9.784999
v -35.082001 11.400001 9.784999
v -33.785000 11.400001 11.082999
v -34.304001 11.400001 13.694999
v -36.917999 11.400001 14.214999
v -37.695999 11.400001 13.694999
v -34.987000 0.019999 -9.232000
v -35.234001 0.019999 -7.990000
v -34.283001 0.019999 -10.285000
v -33.229000 0.019999 -10.989000
v -30.743999 0.019999 -10.989000
v -29.690001 0.019999 -10.285000
v -28.739000 0.019999 -7.990000
v -28.987000 0.019999 -6.748000
v -33.229000 0.020000 -4.991000
v -32.903999 0.019999 -10.205000
v -31.987000 0.019999 -10.387000
v -29.589001 0.019999 -7.990000
v -31.069000 0.020000 -5.775000
v -33.681999 0.020000 -6.295000
v -34.202000 0.019999 -7.073000
v -19.247000 0.019999 -7.990000
v -18.215000 0.019999 -8.907000
v -18.398001 0.019999 -7.990000
v -17.695999 0.019999 -9.685000
v -16.917999 0.019999 -10.205000
v -17.695999 0.020000 -6.295000
v -18.215000 0.019999 -7.073000
v -19.000000 0.020001 6.748000
v -18.296000 0.020000 5.695000
v -16.000000 0.020000 4.744000
v -16.000000 0.020001 11.236000
v -17.243000 0.020001 10.989000
v -18.296000 0.020001 10.285000
v -19.000000 0.020001 9.232000
v -18.215000 0.020001 7.073000
v -18.398001 0.020001 7.990000
v -17.695999 0.020000 6.295000
v -16.000000 0.020000 5.593000
v -17.695999 0.020001 9.685000
v -18.215000 0.020001 8.907000
v -31.987000 0.020000 4.744000
v -30.743999 0.020000 4.991000
v -29.690001 0.020000 5.695000
v -28.987000 0.020001 6.748000
v -28.739000 0.020001 7.990000
v -34.987000 0.020001 9.232000
v -34.202000 0.020001 7.073000
v -33.681999 0.020000 6.295000
v -31.069000 0.020000 5.775000
v -29.771000 0.020001 7.073000
v -30.291000 0.020001 9.685000
v -31.069000 0.020001 10.205000
v -31.987000 0.020001 10.387000
v -32.903999 0.020001 10.205000
v -20.993000 0.020000 -1.242000
v -20.826000 0.020000 -0.400000
v -22.750999 0.020000 2.999000
v -25.236000 0.020000 2.999000
v -25.688999 0.020000 -1.695000
v -21.594999 0.020000 -0.000000
v -22.298000 0.020000 1.695000
v -23.076000 0.020000 2.215000
v -23.993000 0.020000 2.397000
v -26.209000 0.020000 0.917000
v -20.826000 0.020000 0.399000
v -20.826000 8.385000 0.398999
v -27.160999 0.020000 0.399000
v -27.160999 8.385000 0.398999
v -27.160999 8.385000 -0.400001
v -38.381001 0.020000 -0.400000
v -38.381001 8.385000 -0.400001
v -23.594000 0.020000 -3.166000
v -24.393000 0.020000 -3.166000
v -24.393000 0.019999 -14.382000
v -23.594000 8.385000 -3.166001
v -23.594000 0.020000 3.166000
v -24.393000 8.385000 3.165999
v -24.393000 0.020000 3.166000
v -23.594000 0.020001 14.382000
v -24.393000 8.385001 14.381999
v -23.594000 8.385001 14.381999
v -38.381001 0.020001 14.382000
v -38.381001 0.019999 -14.382000
v -38.381001 8.384999 -14.382001
v -39.959999 0.019999 -15.960000
v -39.959999 9.580001 15.959999
v 0.000000 9.580001 15.959999
v -8.393000 0.019999 -14.382000
v 0.000000 0.019999 -15.960000
v -8.393000 0.020001 14.382000
v 0.000000 0.020001 15.960000
v 0.000000 9.579999 -15.960001
v -11.161000 8.385000 0.398999
v -11.161000 0.020000 0.399000
v -11.161000 8.385000 -0.400001
v -11.161000 0.020000 -0.399000
v -8.393000 8.385001 14.381999
v -8.393000 8.384999 -14.382001
v -23.993000 8.385000 -0.000001
v -6.398000 9.579999 -12.000001
v -6.215000 9.579999 -12.917001
v -5.696000 9.579999 -13.695001
v -4.918000 9.579999 -14.215001
v -4.000000 9.579999 -14.397001
v -3.082000 9.579999 -14.215001
v -2.304000 9.579999 -13.695001
v -1.785000 9.579999 -12.917001
v -1.602000 9.579999 -12.000001
v -1.785000 9.579999 -11.083001
v -2.304000 9.579999 -10.305001
v -3.082000 9.579999 -9.785001
v -4.000000 9.579999 -9.603001
v -4.918000 9.579999 -9.785001
v -5.696000 9.579999 -10.305001
v -6.215000 9.579999 -11.083001
v -6.215000 11.399999 -12.917001
v -5.696000 11.399999 -13.695001
v -4.918000 11.399999 -14.215001
v -2.304000 11.399999 -13.695001
v -1.785000 11.399999 -12.917001
v -2.304000 11.399999 -10.305001
v -3.082000 11.399999 -9.785001
v -5.696000 11.399999 -10.305001
v -4.000000 11.399999 -12.000001
v -6.398000 9.580000 -4.000001
v -6.215000 9.580000 -4.917001
v -5.696000 9.580000 -5.695001
v -4.918000 9.580000 -6.215001
v -4.000000 9.579999 -6.397001
v -3.082000 9.580000 -6.215001
v -2.304000 9.580000 -5.695001
v -1.785000 9.580000 -4.917001
v -1.602000 9.580000 -4.000001
v -1.785000 9.580000 -3.083001
v -2.304000 9.580000 -2.305001
v -3.082000 9.580000 -1.785001
v -4.000000 9.580000 -1.603001
v -4.918000 9.580000 -1.785001
v -5.696000 9.580000 -2.305001
v -6.215000 9.580000 -3.083001
v -3.082000 11.400000 -6.215001
v -2.304000 11.400000 -5.695001
v -1.785000 11.400000 -4.917001
v -1.602000 11.400000 -4.000001
v -3.082000 11.400000 -1.785001
v -6.215000 11.400000 -3.083001
v -4.000000 11.400000 -4.000001
v -6.398000 9.580000 3.999999
v -6.215000 9.580000 3.082999
v -5.696000 9.580000 2.304999
v -4.918000 9.580000 1.784999
v -4.000000 9.580000 1.602999
v -3.082000 9.580000 1.784999
v -2.304000 9.580000 2.304999
v -1.785000 9.580000 3.082999
v -1.602000 9.580000 3.999999
v -1.785000 9.580000 4.916999
v -2.304000 9.580000 5.694999
v -3.082000 9.580000 6.214999
v -4.000000 9.580001 6.396999
v -4.918000 9.580000 6.214999
v -5.696000 9.580000 5.694999
v -6.215000 9.580000 4.916999
v -6.215000 11.400000 3.082999
v -5.696000 11.400000 2.304999
v -4.918000 11.400000 1.784999
v -1.785000 11.400000 3.082999
v -1.602000 11.400000 3.999999
v -3.082000 11.400000 6.214999
v -4.918000 11.400000 6.214999
v -5.696000 11.400000 5.694999
v -6.215000 11.400000 4.916999
v -4.000000 11.400000 3.999999
v -6.398000 9.580001 11.999999
v -6.215000 9.580001 11.082999
v -5.696000 9.580001 10.304999
v -4.918000 9.580001 9.784999
v -4.000000 9.580001 9.602999
v -3.082000 9.580001 9.784999
v -2.304000 9.580001 10.304999
v -1.785000 9.580001 11.082999
v -1.602000 9.580001 11.999999
v -1.785000 9.580001 12.916999
v -2.304000 9.580001 13.694999
v -3.082000 9.580001 14.214999
v -4.000000 9.580001 14.396999
v -4.918000 9.580001 14.214999
v -5.696000 9.580001 13.694999
v -6.215000 9.580001 12.916999
v -6.215000 11.400001 11.082999
v -5.696000 11.400001 10.304999
v -3.082000 11.400001 9.784999
v -1.785000 11.400001 11.082999
v -2.304000 11.400001 13.694999
v -3.082000 11.400001 14.214999
v -4.000000 11.400001 14.396999
v -6.215000 11.400001 12.916999
v -4.000000 11.400001 11.999999
v -14.398000 9.580001 11.999999
v -14.215000 9.580001 11.082999
v -13.696000 9.580001 10.304999
v -12.918000 9.580001 9.784999
v -12.000000 9.580001 9.602999
v -11.082000 9.580001 9.784999
v -10.304000 9.580001 10.304999
v -9.785000 9.580001 11.082999
v -9.602000 9.580001 11.999999
v -9.785000 9.580001 12.916999
v -10.304000 9.580001 13.694999
v -11.082000 9.580001 14.214999
v -12.000000 9.580001 14.396999
v -12.918000 9.580001 14.214999
v -13.696000 9.580001 13.694999
v -14.215000 9.580001 12.916999
v -14.215000 11.400001 11.082999
v -12.918000 11.400001 9.784999
v -11.082000 11.400001 9.784999
v -9.602000 11.400001 11.999999
v -9.785000 11.400001 12.916999
v -12.000000 11.400001 14.396999
v -13.696000 11.400001 13.694999
v -12.000000 11.400001 11.999999
v -14.398000 9.580000 3.999999
v -14.215000 9.580000 3.082999
v -13.696000 9.580000 2.304999
v -12.918000 9.580000 1.784999
v -12.000000 9.580000 1.602999
v -11.082000 9.580000 1.784999
v -10.304000 9.580000 2.304999
v -9.785000 9.580000 3.082999
v -9.602000 9.580000 3.999999
v -9.785000 9.580000 4.916999
v -10.304000 9.580000 5.694999
v -11.082000 9.580000 6.214999
v -12.000000 9.580001 6.396999
v -12.918000 9.580000 6.214999
v -13.696000 9.580000 5.694999
v -14.215000 9.580000 4.916999
v -14.215000 11.400000 3.082999
v -13.696000 11.400000 2.304999
v -12.918000 11.400000 1.784999
v -12.000000 11.400000 1.602999
v -10.304000 11.400000 2.304999
v -9.785000 11.400000 3.082999
v -13.696000 11.400000 5.694999
v -12.000000 11.400000 3.999999
v -14.398000 9.580000 -4.000001
v -14.215000 9.580000 -4.917001
v -13.696000 9.580000 -5.695001
v -12.918000 9.580000 -6.215001
v -12.000000 9.579999 -6.397001
v -11.082000 9.580000 -6.215001
v -10.304000 9.580000 -5.695001
v -9.785000 9.580000 -4.917001
v -9.602000 9.580000 -4.000001
v -9.785000 9.580000 -3.083001
v -10.304000 9.580000 -2.305001
v -11.082000 9.580000 -1.785001
v -12.000000 9.580000 -1.603001
v -12.918000 9.580000 -1.785001
v -13.696000 9.580000 -2.305001
v -14.215000 9.580000 -3.083001
v -13.696000 11.400000 -5.695001
v -12.918000 11.400000 -6.215001
v -12.000000 11.399999 -6.397001
v -11.082000 11.400000 -6.215001
v -10.304000 11.400000 -5.695001
v -9.602000 11.400000 -4.000001
v -10.304000 11.400000 -2.305001
v -11.082000 11.400000 -1.785001
v -12.000000 11.400000 -1.603001
v -12.000000 11.400000 -4.000001
v -14.398000 9.579999 -12.000001
v -14.215000 9.579999 -12.917001
v -13.696000 9.579999 -13.695001
v -12.918000 9.579999 -14.215001
v -12.000000 9.579999 -14.397001
v -11.082000 9.579999 -14.215001
v -10.304000 9.579999 -13.695001
v -9.785000 9.579999 -12.917001
v -9.602000 9.579999 -12.000001
v -9.785000 9.579999 -11.083001
v -10.304000 9.579999 -10.305001
v -11.082000 9.579999 -9.785001
v -12.000000 9.579999 -9.603001
v -12.918000 9.579999 -9.785001
v -13.696000 9.579999 -10.305001
v -14.215000 9.579999 -11.083001
v -14.215000 11.399999 -12.917001
v -13.696000 11.399999 -13.695001
v -12.918000 11.399999 -14.215001
v -12.000000 11.399999 -14.397001
v -11.082000 11.399999 -14.215001
v -9.785000 11.399999 -12.917001
v -9.602000 11.399999 -12.000001
v -9.785000 11.399999 -11.083001
v -10.304000 11.399999 -10.305001
v -11.082000 11.399999 -9.785001
v -12.000000 11.399999 -9.603001
v -12.918000 11.399999 -9.785001
v -14.215000 11.399999 -11.083001
v -12.000000 11.399999 -12.000001
v -12.987000 0.019999 -9.232000
v -13.690000 0.020000 -5.695000
v -14.744000 0.020000 -4.991000
v -16.000000 8.384999 -11.236001
v -14.744000 8.384999 -10.989001
v -13.690000 8.384999 -10.285001
v -12.987000 8.384999 -9.232001
v -12.739000 8.384999 -7.990000
v -12.987000 8.384999 -6.748001
v -13.690000 8.385000 -5.695001
v -14.744000 8.385000 -4.991001
v -15.069000 0.019999 -10.205000
v -14.291000 0.019999 -9.685000
v -13.771000 0.019999 -8.907000
v -13.771000 0.019999 -7.073000
v -14.291000 0.020000 -6.295000
v -15.069000 8.384999 -10.205001
v -14.291000 8.384999 -9.685001
v -13.771000 8.384999 -8.907001
v -13.589000 8.384999 -7.990000
v -13.771000 8.384999 -7.073000
v -14.291000 8.385000 -6.295001
v -15.069000 8.385000 -5.775001
v -3.000000 0.019999 -9.232000
v -2.296000 0.019999 -10.285000
v -1.243000 0.019999 -10.989000
v 0.000000 0.019999 -11.236000
v 0.000000 0.020000 -4.744000
v -1.243000 0.020000 -4.991000
v -2.296000 0.020000 -5.695000
v -3.000000 0.019999 -6.748000
v -3.247000 8.384999 -7.990000
v -3.000000 8.384999 -9.232001
v -2.296000 8.384999 -10.285001
v -1.243000 8.384999 -10.989001
v 0.000000 8.384999 -11.236001
v 0.000000 8.385000 -4.744000
v -1.243000 8.385000 -4.991001
v -2.296000 8.385000 -5.695001
v -3.000000 8.384999 -6.748001
v 0.000000 0.019999 -10.387000
v 0.000000 0.020000 -5.593000
v -0.918000 0.020000 -5.775000
v -2.398000 8.384999 -7.990000
v -2.215000 8.384999 -8.907001
v -1.696000 8.384999 -9.685001
v -0.918000 8.384999 -10.205001
v 0.000000 8.384999 -10.387001
v 0.000000 8.385000 -5.593000
v -0.918000 8.385000 -5.775001
v -1.696000 8.385000 -6.295001
v -2.215000 8.384999 -7.073000
v -3.247000 0.020001 7.990000
v -1.243000 0.020000 4.991000
v -3.247000 8.385001 7.989999
v -3.000000 8.385001 6.748000
v -2.296000 8.385000 5.695000
v -1.243000 8.385000 4.991000
v 0.000000 8.385000 4.743999
v 0.000000 8.385001 11.235999
v -1.243000 8.385001 10.988999
v -2.296000 8.385001 10.284999
v -3.000000 8.385001 9.231999
v -0.918000 0.020000 5.775000
v 0.000000 0.020001 10.387000
v -0.918000 0.020001 10.205000
v -2.398000 8.385001 7.989999
v -2.215000 8.385001 7.072999
v -1.696000 8.385000 6.295000
v -0.918000 8.385000 5.775000
v 0.000000 8.385000 5.592999
v 0.000000 8.385001 10.386999
v -0.918000 8.385001 10.204999
v -1.696000 8.385001 9.684999
v -2.215000 8.385001 8.906999
v -12.987000 0.020001 9.232000
v -13.690000 0.020001 10.285000
v -14.744000 0.020001 10.989000
v -14.744000 8.385000 4.991000
v -13.690000 8.385000 5.695000
v -12.987000 8.385001 6.748000
v -12.739000 8.385001 7.989999
v -12.987000 8.385001 9.231999
v -13.690000 8.385001 10.284999
v -14.744000 8.385001 10.988999
v -14.291000 0.020000 6.295000
v -13.589000 0.020001 7.990000
v -13.771000 0.020001 8.907000
v -16.000000 8.385000 5.592999
v -15.069000 8.385000 5.775000
v -14.291000 8.385000 6.295000
v -13.771000 8.385001 7.072999
v -13.589000 8.385001 7.989999
v -13.771000 8.385001 8.906999
v -14.291000 8.385001 9.684999
v -15.069000 8.385001 10.204999
v -10.993000 0.020000 -1.242000
v -10.290000 0.020000 -2.295000
v -9.236000 0.020000 -2.999000
v -6.751000 0.020000 -2.999000
v -5.697000 0.020000 -2.295000
v -4.993000 0.020000 1.242000
v -5.697000 0.020000 2.295000
v -10.290000 0.020000 2.295000
v -10.993000 8.385000 -1.242001
v -10.290000 8.385000 -2.295001
v -9.236000 8.385000 -2.999001
v -6.751000 8.385000 -2.999001
v -5.697000 8.385000 -2.295001
v -4.993000 8.385000 -1.242001
v -4.826000 8.385000 -0.400001
v -4.993000 8.385000 1.241999
v -5.697000 8.385000 2.294999
v -6.751000 8.385000 2.998999
v -9.236000 8.385000 2.998999
v -10.290000 8.385000 2.294999
v -10.993000 8.385000 1.241999
v -10.391000 0.020000 -0.000000
v -10.209000 0.020000 -0.917000
v -8.911000 0.020000 -2.215000
v -7.993000 0.020000 -2.397000
v -7.076000 0.020000 -2.215000
v -6.298000 0.020000 -1.695000
v -5.778000 0.020000 -0.917000
v -5.778000 0.020000 0.917000
v -8.911000 0.020000 2.215000
v -9.689000 0.020000 1.695000
v -10.391000 8.385000 -0.000001
v -10.209000 8.385000 -0.917001
v -9.689000 8.385000 -1.695001
v -8.911000 8.385000 -2.215001
v -7.993000 8.385000 -2.397001
v -7.076000 8.385000 -2.215001
v -6.298000 8.385000 -1.695001
v -5.778000 8.385000 -0.917001
v -5.595000 8.385000 -0.000001
v -5.778000 8.385000 0.916999
v -6.298000 8.385000 1.694999
v -7.076000 8.385000 2.214999
v -7.993000 8.385000 2.396999
v -8.911000 8.385000 2.214999
v -9.689000 8.385000 1.694999
v -10.209000 8.385000 0.916999
v -10.993000 0.020000 1.242000
v -8.393000 8.385000 -3.166001
v -7.594000 0.019999 -14.382000
v -7.594000 8.384999 -14.382001
v -7.594000 8.385000 3.165999
v -6.398000 11.399999 -12.000001
v -4.000000 11.399999 -14.397001
v -3.082000 11.399999 -14.215001
v -1.602000 11.399999 -12.000001
v -1.785000 11.399999 -11.083001
v -4.000000 11.399999 -9.603001
v -4.918000 11.399999 -9.785001
v -6.215000 11.399999 -11.083001
v -6.215000 11.400000 -4.917001
v -6.398000 11.400000 -4.000001
v -5.696000 11.400000 -5.695001
v -4.918000 11.400000 -6.215001
v -4.000000 11.399999 -6.397001
v -1.785000 11.400000 -3.083001
v -2.304000 11.400000 -2.305001
v -4.000000 11.400000 -1.603001
v -4.918000 11.400000 -1.785001
v -5.696000 11.400000 -2.305001
v -6.398000 11.400000 3.999999
v -4.000000 11.400000 1.602999
v -3.082000 11.400000 1.784999
v -2.304000 11.400000 2.304999
v -1.785000 11.400000 4.916999
v -2.304000 11.400000 5.694999
v -4.000000 11.400001 6.396999
v -6.398000 11.400001 11.999999
v -4.918000 11.400001 9.784999
v -4.000000 11.400001 9.602999
v -2.304000 11.400001 10.304999
v -1.602000 11.400001 11.999999
v -1.785000 11.400001 12.916999
v -4.918000 11.400001 14.214999
v -5.696000 11.400001 13.694999
v -14.398000 11.400001 11.999999
v -13.696000 11.400001 10.304999
v -12.000000 11.400001 9.602999
v -10.304000 11.400001 10.304999
v -9.785000 11.400001 11.082999
v -10.304000 11.400001 13.694999
v -11.082000 11.400001 14.214999
v -12.918000 11.400001 14.214999
v -14.215000 11.400001 12.916999
v -14.398000 11.400000 3.999999
v -11.082000 11.400000 1.784999
v -9.602000 11.400000 3.999999
v -9.785000 11.400000 4.916999
v -10.304000 11.400000 5.694999
v -11.082000 11.400000 6.214999
v -12.000000 11.400001 6.396999
v -12.918000 11.400000 6.214999
v -14.215000 11.400000 4.916999
v -14.215000 11.400000 -4.917001
v -14.398000 11.400000 -4.000001
v -9.785000 11.400000 -4.917001
v -9.785000 11.400000 -3.083001
v -12.918000 11.400000 -1.785001
v -13.696000 11.400000 -2.305001
v -14.215000 11.400000 -3.083001
v -14.398000 11.399999 -12.000001
v -10.304000 11.399999 -13.695001
v -13.696000 11.399999 -10.305001
v -14.744000 0.019999 -10.989000
v -13.690000 0.019999 -10.285000
v -12.739000 0.019999 -7.990000
v -12.987000 0.019999 -6.748000
v -13.589000 0.019999 -7.990000
v -15.069000 0.020000 -5.775000
v -3.247000 0.019999 -7.990000
v -2.215000 0.019999 -8.907000
v -2.398000 0.019999 -7.990000
v -1.696000 0.019999 -9.685000
v -0.918000 0.019999 -10.205000
v -1.696000 0.020000 -6.295000
v -2.215000 0.019999 -7.073000
v -3.000000 0.020001 6.748000
v -2.296000 0.020000 5.695000
v 0.000000 0.020000 4.744000
v 0.000000 0.020001 11.236000
v -1.243000 0.020001 10.989000
v -2.296000 0.020001 10.285000
v -3.000000 0.020001 9.232000
v -2.215000 0.020001 7.073000
v -2.398000 0.020001 7.990000
v -1.696000 0.020000 6.295000
v 0.000000 0.020000 5.593000
v -1.696000 0.020001 9.685000
v -2.215000 0.020001 8.907000
v -14.744000 0.020000 4.991000
v -13.690000 0.020000 5.695000
v -12.987000 0.020001 6.748000
v -12.739000 0.020001 7.990000
v -15.069000 0.020000 5.775000
v -13.771000 0.020001 7.073000
v -14.291000 0.020001 9.685000
v -15.069000 0.020001 10.205000
v -4.993000 0.020000 -1.242000
v -4.826000 0.020000 -0.400000
v -6.751000 0.020000 2.999000
v -9.236000 0.020000 2.999000
v -9.689000 0.020000 -1.695000
v -5.595000 0.020000 -0.000000
v -6.298000 0.020000 1.695000
v -7.076000 0.020000 2.215000
v -7.993000 0.020000 2.397000
v -10.209000 0.020000 0.917000
v -4.826000 0.020000 0.399000
v -4.826000 8.385000 0.398999
v -7.594000 0.020000 -3.166000
v -8.393000 0.020000 -3.166000
v -7.594000 8.385000 -3.166001
v -7.594000 0.020000 3.166000
v -8.393000 8.385000 3.165999
v -8.393000 0.020000 3.166000
v -7.594000 0.020001 14.382000
v -7.594000 8.385001 14.381999
v 0.000000 0.019999 -14.382000
v 0.000000 0.020001 14.382000
v 0.000000 8.385000 0.398999
v 0.000000 0.020000 0.399000
v 0.000000 8.385000 -0.400001
v 0.000000 0.020000 -0.399000
v 0.000000 8.385001 14.381999
v 0.000000 8.384999 -14.382001
v -7.993000 8.385000 -0.000001
v 19.082001 11.399999 -14.215001
v 20.000000 11.399999 -14.397001
v 17.785000 11.399999 -11.083001
v 17.601999 11.399999 -12.000001
v 20.917999 11.399999 -9.785001
v 20.000000 11.399999 -9.603001
v 22.398001 11.399999 -12.000001
v 22.215000 11.399999 -11.083001
v 22.215000 11.400000 -4.917001
v 22.398001 11.400000 -4.000001
v 21.695999 11.400000 -5.695001
v 20.917999 11.400000 -6.215001
v 20.000000 11.399999 -6.397001
v 18.304001 11.400000 -2.305001
v 17.785000 11.400000 -3.083001
v 20.917999 11.400000 -1.785001
v 20.000000 11.400000 -1.603001
v 21.695999 11.400000 -2.305001
v 19.082001 11.400000 1.784999
v 20.000000 11.400000 1.602999
v 18.304001 11.400000 2.304999
v 18.304001 11.400000 5.694999
v 17.785000 11.400000 4.916999
v 20.000000 11.400001 9.602999
v 20.917999 11.400001 9.784999
v 17.785000 11.400001 12.916999
v 17.601999 11.400001 11.999999
v 21.695999 11.400001 13.694999
v 20.917999 11.400001 14.214999
v 25.785000 11.400001 11.082999
v 26.304001 11.400001 10.304999
v 27.082001 11.400001 14.214999
v 26.304001 11.400001 13.694999
v 30.398001 11.400001 11.999999
v 30.215000 11.400001 12.916999
v 25.785000 11.400000 4.916999
v 25.601999 11.400000 3.999999
v 26.304001 11.400000 5.694999
v 27.082001 11.400000 6.214999
v 28.000000 11.400001 6.396999
v 28.917999 11.400000 6.214999
v 30.398001 11.400000 3.999999
v 30.215000 11.400000 4.916999
v 30.215000 11.400000 -4.917001
v 30.398001 11.400000 -4.000001
v 29.695999 11.400000 -2.305001
v 28.917999 11.400000 -1.785001
v 30.215000 11.400000 -3.083001
v 36.917999 11.399999 -14.215001
v 37.695999 11.399999 -13.695001
v 34.304001 11.399999 -10.305001
v 33.785000 11.399999 -11.083001
v 36.917999 11.399999 -9.785001
v 36.000000 11.399999 -9.603001
v 37.695999 11.399999 -10.305001
v 38.215000 11.400000 -4.917001
v 38.397999 11.400000 -4.000001
v 36.000000 11.399999 -6.397001
v 36.917999 11.400000 -6.215001
v 35.082001 11.400000 -6.215001
v 34.304001 11.400000 -5.695001
v 36.917999 11.400000 -1.785001
v 36.000000 11.400000 -1.603001
v 37.695999 11.400000 -2.305001
v 37.695999 11.400000 5.694999
v 36.917999 11.400000 6.214999
v 38.215000 11.400000 4.916999
v 38.397999 11.400000 3.999999
v 37.695999 11.400001 13.694999
v 36.917999 11.400001 14.214999
v 34.987000 0.019999 -9.232000
v 35.234001 0.019999 -7.990000
v 34.283001 0.019999 -10.285000
v 33.229000 0.019999 -10.989000
v 29.690001 0.019999 -10.285000
v 30.743999 0.019999 -10.989000
v 28.987000 0.019999 -6.748000
v 28.739000 0.019999 -7.990000
v 31.987000 0.019999 -10.387000
v 32.903999 0.019999 -10.205000
v 34.202000 0.019999 -7.073000
v 33.681999 0.020000 -6.295000
v 18.215000 0.019999 -8.907000
v 18.398001 0.019999 -7.990000
v 17.695999 0.019999 -9.685000
v 16.917999 0.019999 -10.205000
v 18.215000 0.019999 -7.073000
v 17.695999 0.020000 -6.295000
v 18.296000 0.020000 5.695000
v 19.000000 0.020001 6.748000
v 17.243000 0.020001 10.989000
v 16.000000 0.020001 11.236000
v 18.296000 0.020001 10.285000
v 19.000000 0.020001 9.232000
v 18.215000 0.020001 7.073000
v 18.398001 0.020001 7.990000
v 17.695999 0.020000 6.295000
v 18.215000 0.020001 8.907000
v 17.695999 0.020001 9.685000
v 30.743999 0.020000 4.991000
v 31.987000 0.020000 4.744000
v 29.690001 0.020000 5.695000
v 28.987000 0.020001 6.748000
v 28.739000 0.020001 7.990000
v 33.681999 0.020000 6.295000
v 34.202000 0.020001 7.073000
v 31.069000 0.020001 10.205000
v 30.291000 0.020001 9.685000
v 31.987000 0.020001 10.387000
v 32.903999 0.020001 10.205000
v 26.290001 8.385000 -2.295001
v 26.993000 8.385000 -1.242001
v 25.236000 8.385000 -2.999001
v 21.697001 8.385000 -2.295001
v 22.750999 8.385000 -2.999001
v 20.993000 8.385000 -1.242001
v 21.697001 8.385000 2.294999
v 20.993000 8.385000 1.241999
v 22.750999 8.385000 2.998999
v 26.290001 8.385000 2.294999
v 25.236000 8.385000 2.998999
v 26.993000 8.385000 1.241999
v 22.298000 0.020000 1.695000
v 21.778000 0.020000 0.917000
v 23.076000 0.020000 2.215000
v 23.993000 0.020000 2.397000
v 26.209000 8.385000 -0.917001
v 26.391001 8.385000 -0.000001
v 25.688999 8.385000 -1.695001
v 24.910999 8.385000 -2.215001
v 23.993000 8.385000 -2.397001
v 23.076000 8.385000 -2.215001
v 22.298000 8.385000 -1.695001
v 21.778000 8.385000 -0.917001
v 21.594999 8.385000 -0.000001
v 21.778000 8.385000 0.916999
v 22.298000 8.385000 1.694999
v 23.076000 8.385000 2.214999
v 23.993000 8.385000 2.396999
v 24.910999 8.385000 2.214999
v 25.688999 8.385000 1.694999
v 26.209000 8.385000 0.916999
v 27.160999 8.385000 0.398999
v 27.160999 8.385000 0.398999
v 27.160999 8.385000 -0.400001
v 27.160999 8.385000 -0.400001
v 24.393000 8.385000 -3.166001
v 24.393000 8.385000 -3.166001
v 23.594000 0.020001 14.382000
v 23.594000 0.020001 14.382000
v 23.594000 8.385001 14.381999
v 23.594000 8.385001 14.381999
v 24.393000 8.385000 3.165999
v 24.393000 8.385000 3.165999
v 24.393000 8.385001 14.381999
v 24.393000 8.385001 14.381999
v 22.750999 0.020000 2.999000
v 23.594000 0.020000 3.166000
v 23.594000 0.020000 3.166000
v 38.381001 8.385001 14.381999
v 38.381001 8.385001 14.381999
v 38.381001 0.020001 14.382000
v 38.381001 0.020001 14.382000
v 21.695999 11.399999 -13.695001
v 22.215000 11.399999 -12.917001
v 20.917999 11.399999 -14.215001
v 17.785000 11.399999 -12.917001
v 18.304001 11.399999 -13.695001
v 19.082001 11.399999 -9.785001
v 18.304001 11.399999 -10.305001
v 18.304001 11.400000 -5.695001
v 19.082001 11.400000 -6.215001
v 17.785000 11.400000 -4.917001
v 17.601999 11.400000 -4.000001
v 21.695999 11.400000 2.304999
v 22.215000 11.400000 3.082999
v 20.917999 11.400000 1.784999
v 17.601999 11.400000 3.999999
v 17.785000 11.400000 3.082999
v 21.695999 11.400000 5.694999
v 20.917999 11.400000 6.214999
v 22.215000 11.400000 4.916999
v 21.695999 11.400001 10.304999
v 22.215000 11.400001 11.082999
v 19.082001 11.400001 14.214999
v 18.304001 11.400001 13.694999
v 20.000000 11.400001 14.396999
v 25.785000 11.400001 12.916999
v 25.601999 11.400001 11.999999
v 29.695999 11.400000 2.304999
v 30.215000 11.400000 3.082999
v 28.917999 11.400000 1.784999
v 28.000000 11.400000 1.602999
v 25.785000 11.400000 3.082999
v 26.304001 11.400000 2.304999
v 28.917999 11.400000 -6.215001
v 29.695999 11.400000 -5.695001
v 28.000000 11.399999 -6.397001
v 27.082001 11.400000 -6.215001
v 26.304001 11.400000 -5.695001
v 27.082001 11.400000 -1.785001
v 26.304001 11.400000 -2.305001
v 28.000000 11.400000 -1.603001
v 29.695999 11.399999 -13.695001
v 30.215000 11.399999 -12.917001
v 28.917999 11.399999 -14.215001
v 28.000000 11.399999 -14.397001
v 27.082001 11.399999 -14.215001
v 25.601999 11.399999 -12.000001
v 25.785000 11.399999 -12.917001
v 25.785000 11.399999 -11.083001
v 26.304001 11.399999 -10.305001
v 27.082001 11.399999 -9.785001
v 28.000000 11.399999 -9.603001
v 28.917999 11.399999 -9.785001
v 38.215000 11.399999 -12.917001
v 38.397999 11.399999 -12.000001
v 38.215000 11.399999 -11.083001
v 35.082001 11.399999 -14.215001
v 36.000000 11.399999 -14.397001
v 34.304001 11.399999 -13.695001
v 33.785000 11.399999 -12.917001
v 33.602001 11.399999 -12.000001
v 33.602001 11.400000 -4.000001
v 33.785000 11.400000 -4.917001
v 33.785000 11.400000 -3.083001
v 37.695999 11.400000 2.304999
v 38.215000 11.400000 3.082999
v 36.917999 11.400000 1.784999
v 36.000000 11.400000 1.602999
v 35.082001 11.400000 1.784999
v 33.602001 11.400000 3.999999
v 33.785000 11.400000 3.082999
v 37.695999 11.400001 10.304999
v 38.215000 11.400001 11.082999
v 33.785000 11.400001 12.916999
v 33.602001 11.400001 11.999999
v 36.000000 11.400001 14.396999
v 35.082001 11.400001 14.214999
v 30.743999 0.020000 -4.991000
v 29.690001 0.020000 -5.695000
v 31.987000 0.020000 -4.744000
v 34.987000 0.019999 -6.748000
v 34.283001 0.020000 -5.695000
v 34.202000 0.019999 -8.907000
v 34.384998 0.019999 -7.990000
v 33.681999 0.019999 -9.685000
v 30.291000 0.019999 -9.685000
v 31.069000 0.019999 -10.205000
v 29.771000 0.019999 -8.907000
v 30.291000 0.020000 -6.295000
v 29.771000 0.019999 -7.073000
v 32.903999 0.020000 -5.775000
v 31.987000 0.020000 -5.593000
v 18.296000 0.019999 -10.285000
v 19.000000 0.019999 -9.232000
v 17.243000 0.019999 -10.989000
v 16.000000 0.019999 -11.236000
v 17.243000 0.020000 -4.991000
v 16.000000 0.020000 -4.744000
v 18.296000 0.020000 -5.695000
v 19.000000 0.019999 -6.748000
v 16.917999 0.020000 -5.775000
v 16.000000 0.020000 -5.593000
v 16.917999 0.020001 10.205000
v 16.000000 0.020001 10.387000
v 34.987000 0.020001 6.748000
v 35.234001 0.020001 7.990000
v 34.283001 0.020000 5.695000
v 33.229000 0.020000 4.991000
v 29.690001 0.020001 10.285000
v 28.987000 0.020001 9.232000
v 30.743999 0.020001 10.989000
v 31.987000 0.020001 11.236000
v 33.229000 0.020001 10.989000
v 34.283001 0.020001 10.285000
v 34.384998 0.020001 7.990000
v 34.202000 0.020001 8.907000
v 31.987000 0.020000 5.593000
v 32.903999 0.020000 5.775000
v 29.771000 0.020001 8.907000
v 29.589001 0.020001 7.990000
v 33.681999 0.020001 9.685000
v 25.236000 0.020000 -2.999000
v 26.290001 0.020000 -2.295000
v 21.697001 0.020000 -2.295000
v 22.750999 0.020000 -2.999000
v 21.697001 0.020000 2.295000
v 20.993000 0.020000 1.242000
v 26.209000 0.020000 -0.917000
v 26.391001 0.020000 -0.000000
v 23.993000 0.020000 -2.397000
v 24.910999 0.020000 -2.215000
v 23.076000 0.020000 -2.215000
v 22.298000 0.020000 -1.695000
v 21.778000 0.020000 -0.917000
v 21.594999 0.020000 -0.000000
v 25.688999 0.020000 1.695000
v 24.910999 0.020000 2.215000
v 38.381001 0.020000 0.399000
v 38.381001 0.020000 0.399000
v 38.381001 8.385000 0.398999
v 38.381001 8.385000 0.398999
v 23.594000 0.019999 -14.382000
v 23.594000 0.019999 -14.382000
v 23.594000 8.384999 -14.382001
v 23.594000 8.384999 -14.382001
v 39.959999 9.580001 15.959999
v 39.959999 9.580001 15.959999
v 39.959999 0.020001 15.960000
v 39.959999 0.020001 15.960000
v 21.695999 11.399999 -10.305001
v 19.082001 11.400000 -1.785001
v 22.215000 11.400000 -3.083001
v 22.398001 11.400000 3.999999
v 19.082001 11.400000 6.214999
v 20.000000 11.400001 6.396999
v 22.398001 11.400001 11.999999
v 19.082001 11.400001 9.784999
v 18.304001 11.400001 10.304999
v 17.785000 11.400001 11.082999
v 22.215000 11.400001 12.916999
v 30.215000 11.400001 11.082999
v 29.695999 11.400001 10.304999
v 28.917999 11.400001 9.784999
v 28.000000 11.400001 9.602999
v 27.082001 11.400001 9.784999
v 28.000000 11.400001 14.396999
v 28.917999 11.400001 14.214999
v 29.695999 11.400001 13.694999
v 27.082001 11.400000 1.784999
v 29.695999 11.400000 5.694999
v 25.785000 11.400000 -4.917001
v 25.601999 11.400000 -4.000001
v 25.785000 11.400000 -3.083001
v 30.398001 11.399999 -12.000001
v 26.304001 11.399999 -13.695001
v 29.695999 11.399999 -10.305001
v 30.215000 11.399999 -11.083001
v 35.082001 11.399999 -9.785001
v 37.695999 11.400000 -5.695001
v 34.304001 11.400000 -2.305001
v 35.082001 11.400000 -1.785001
v 38.215000 11.400000 -3.083001
v 34.304001 11.400000 2.304999
v 33.785000 11.400000 4.916999
v 34.304001 11.400000 5.694999
v 35.082001 11.400000 6.214999
v 36.000000 11.400001 6.396999
v 38.397999 11.400001 11.999999
v 36.917999 11.400001 9.784999
v 36.000000 11.400001 9.602999
v 35.082001 11.400001 9.784999
v 34.304001 11.400001 10.304999
v 33.785000 11.400001 11.082999
v 34.304001 11.400001 13.694999
v 38.215000 11.400001 12.916999
v 31.987000 0.019999 -11.236000
v 28.987000 0.019999 -9.232000
v 33.229000 0.020000 -4.991000
v 29.589001 0.019999 -7.990000
v 31.069000 0.020000 -5.775000
v 19.247000 0.019999 -7.990000
v 16.000000 0.019999 -10.387000
v 19.247000 0.020001 7.990000
v 17.243000 0.020000 4.991000
v 16.000000 0.020000 4.744000
v 16.917999 0.020000 5.775000
v 16.000000 0.020000 5.593000
v 34.987000 0.020001 9.232000
v 31.069000 0.020000 5.775000
v 30.291000 0.020000 6.295000
v 29.771000 0.020001 7.073000
v 26.993000 0.020000 -1.242000
v 20.993000 0.020000 -1.242000
v 20.826000 0.020000 -0.400000
v 20.826000 0.020000 -0.400000
v 26.290001 0.020000 2.295000
v 25.236000 0.020000 2.999000
v 20.826000 8.385000 -0.400001
v 20.826000 8.385000 -0.400001
v 25.688999 0.020000 -1.695000
v 26.209000 0.020000 0.917000
v 20.826000 8.385000 0.398999
v 20.826000 8.385000 0.398999
v 11.161000 0.020000 0.399000
v 11.161000 0.020000 0.399000
v 20.826000 0.020000 0.399000
v 20.826000 0.020000 0.399000
v 27.160999 0.020000 0.399000
v 27.160999 0.020000 0.399000
v 26.993000 0.020000 1.242000
v 38.381001 0.020000 -0.400000
v 38.381001 0.020000 -0.400000
v 27.160999 0.020000 -0.400000
v 27.160999 0.020000 -0.400000
v 8.393000 0.020001 14.382000
v 8.393000 0.020001 14.382000
v 8.393000 8.385001 14.381999
v 8.393000 8.385001 14.381999
v 38.381001 8.385000 -0.400001
v 38.381001 8.385000 -0.400001
v 23.594000 0.020000 -3.166000
v 23.594000 0.020000 -3.166000
v 24.393000 0.020000 -3.166000
v 24.393000 0.020000 -3.166000
v 24.393000 0.019999 -14.382000
v 24.393000 0.019999 -14.382000
v 24.393000 8.384999 -14.382001
v 24.393000 8.384999 -14.382001
v 23.594000 8.385000 -3.166001
v 23.594000 8.385000 -3.166001
v 23.594000 8.385000 3.165999
v 23.594000 8.385000 3.165999
v 24.393000 0.020000 3.166000
v 24.393000 0.020000 3.166000
v 24.393000 0.020001 14.382000
v 24.393000 0.020001 14.382000
v 38.381001 8.384999 -14.382001
v 38.381001 8.384999 -14.382001
v 38.381001 0.019999 -14.382000
v 38.381001 0.019999 -14.382000
v 8.393000 0.019999 -14.382000
v 8.393000 0.019999 -14.382000
v 8.393000 8.384999 -14.382001
v 8.393000 8.384999 -14.382001
v 39.959999 0.019999 -15.960000
v 39.959999 0.019999 -15.960000
v 39.959999 9.579999 -15.960001
v 39.959999 9.579999 -15.960001
v 0.000000 9.580001 15.959999
v 0.000000 0.019999 -15.960000
v 0.000000 0.020001 15.960000
v 0.000000 9.579999 -15.960001
v 11.161000 8.385000 0.398999
v 11.161000 8.385000 0.398999
v 11.161000 8.385000 -0.400001
v 11.161000 8.385000 -0.400001
v 11.161000 0.020000 -0.399000
v 11.161000 0.020000 -0.399000
v 3.082000 11.399999 -14.215001
v 4.000000 11.399999 -14.397001
v 1.785000 11.399999 -11.083001
v 1.602000 11.399999 -12.000001
v 4.918000 11.399999 -9.785001
v 4.000000 11.399999 -9.603001
v 6.398000 11.399999 -12.000001
v 6.215000 11.399999 -11.083001
v 6.215000 11.400000 -4.917001
v 6.398000 11.400000 -4.000001
v 5.696000 11.400000 -5.695001
v 4.918000 11.400000 -6.215001
v 4.000000 11.399999 -6.397001
v 2.304000 11.400000 -2.305001
v 1.785000 11.400000 -3.083001
v 4.918000 11.400000 -1.785001
v 4.000000 11.400000 -1.603001
v 5.696000 11.400000 -2.305001
v 3.082000 11.400000 1.784999
v 4.000000 11.400000 1.602999
v 2.304000 11.400000 2.304999
v 2.304000 11.400000 5.694999
v 1.785000 11.400000 4.916999
v 4.000000 11.400001 9.602999
v 4.918000 11.400001 9.784999
v 1.785000 11.400001 12.916999
v 1.602000 11.400001 11.999999
v 5.696000 11.400001 13.694999
v 4.918000 11.400001 14.214999
v 9.785000 11.400001 11.082999
v 10.304000 11.400001 10.304999
v 11.082000 11.400001 14.214999
v 10.304000 11.400001 13.694999
v 14.398000 11.400001 11.999999
v 14.215000 11.400001 12.916999
v 9.785000 11.400000 4.916999
v 9.602000 11.400000 3.999999
v 10.304000 11.400000 5.694999
v 11.082000 11.400000 6.214999
v 12.000000 11.400001 6.396999
v 12.918000 11.400000 6.214999
v 14.398000 11.400000 3.999999
v 14.215000 11.400000 4.916999
v 14.215000 11.400000 -4.917001
v 14.398000 11.400000 -4.000001
v 13.696000 11.400000 -2.305001
v 12.918000 11.400000 -1.785001
v 14.215000 11.400000 -3.083001
v 13.690000 0.019999 -10.285000
v 14.744000 0.019999 -10.989000
v 12.987000 0.019999 -6.748000
v 12.739000 0.019999 -7.990000
v 2.215000 0.019999 -8.907000
v 2.398000 0.019999 -7.990000
v 1.696000 0.019999 -9.685000
v 0.918000 0.019999 -10.205000
v 2.215000 0.019999 -7.073000
v 1.696000 0.020000 -6.295000
v 2.296000 0.020000 5.695000
v 3.000000 0.020001 6.748000
v 1.243000 0.020001 10.989000
v 0.000000 0.020001 11.236000
v 2.296000 0.020001 10.285000
v 3.000000 0.020001 9.232000
v 2.215000 0.020001 7.073000
v 2.398000 0.020001 7.990000
v 1.696000 0.020000 6.295000
v 2.215000 0.020001 8.907000
v 1.696000 0.020001 9.685000
v 13.690000 0.020000 5.695000
v 14.744000 0.020000 4.991000
v 12.987000 0.020001 6.748000
v 12.739000 0.020001 7.990000
v 15.069000 0.020001 10.205000
v 14.291000 0.020001 9.685000
v 10.290000 8.385000 -2.295001
v 10.993000 8.385000 -1.242001
v 9.236000 8.385000 -2.999001
v 5.697000 8.385000 -2.295001
v 6.751000 8.385000 -2.999001
v 4.993000 8.385000 -1.242001
v 5.697000 8.385000 2.294999
v 4.993000 8.385000 1.241999
v 6.751000 8.385000 2.998999
v 10.290000 8.385000 2.294999
v 9.236000 8.385000 2.998999
v 10.993000 8.385000 1.241999
v 6.298000 0.020000 1.695000
v 5.778000 0.020000 0.917000
v 7.076000 0.020000 2.215000
v 7.993000 0.020000 2.397000
v 10.209000 8.385000 -0.917001
v 10.391000 8.385000 -0.000001
v 9.689000 8.385000 -1.695001
v 8.911000 8.385000 -2.215001
v 7.993000 8.385000 -2.397001
v 7.076000 8.385000 -2.215001
v 6.298000 8.385000 -1.695001
v 5.778000 8.385000 -0.917001
v 5.595000 8.385000 -0.000001
v 5.778000 8.385000 0.916999
v 6.298000 8.385000 1.694999
v 7.076000 8.385000 2.214999
v 7.993000 8.385000 2.396999
v 8.911000 8.385000 2.214999
v 9.689000 8.385000 1.694999
v 10.209000 8.385000 0.916999
v 8.393000 8.385000 -3.166001
v 8.393000 8.385000 -3.166001
v 7.594000 0.020001 14.382000
v 7.594000 0.020001 14.382000
v 7.594000 8.385001 14.381999
v 7.594000 8.385001 14.381999
v 6.751000 0.020000 2.999000
v 7.594000 0.020000 3.166000
v 7.594000 0.020000 3.166000
v 5.696000 11.399999 -13.695001
v 6.215000 11.399999 -12.917001
v 4.918000 11.399999 -14.215001
v 1.785000 11.399999 -12.917001
v 2.304000 11.399999 -13.695001
v 3.082000 11.399999 -9.785001
v 2.304000 11.399999 -10.305001
v 2.304000 11.400000 -5.695001
v 3.082000 11.400000 -6.215001
v 1.785000 11.400000 -4.917001
v 1.602000 11.400000 -4.000001
v 5.696000 11.400000 2.304999
v 6.215000 11.400000 3.082999
v 4.918000 11.400000 1.784999
v 1.602000 11.400000 3.999999
v 1.785000 11.400000 3.082999
v 5.696000 11.400000 5.694999
v 4.918000 11.400000 6.214999
v 6.215000 11.400000 4.916999
v 5.696000 11.400001 10.304999
v 6.215000 11.400001 11.082999
v 3.082000 11.400001 14.214999
v 2.304000 11.400001 13.694999
v 4.000000 11.400001 14.396999
v 9.785000 11.400001 12.916999
v 9.602000 11.400001 11.999999
v 13.696000 11.400000 2.304999
v 14.215000 11.400000 3.082999
v 12.918000 11.400000 1.784999
v 12.000000 11.400000 1.602999
v 9.785000 11.400000 3.082999
v 10.304000 11.400000 2.304999
v 12.918000 11.400000 -6.215001
v 13.696000 11.400000 -5.695001
v 12.000000 11.399999 -6.397001
v 11.082000 11.400000 -6.215001
v 10.304000 11.400000 -5.695001
v 11.082000 11.400000 -1.785001
v 10.304000 11.400000 -2.305001
v 12.000000 11.400000 -1.603001
v 13.696000 11.399999 -13.695001
v 14.215000 11.399999 -12.917001
v 12.918000 11.399999 -14.215001
v 12.000000 11.399999 -14.397001
v 11.082000 11.399999 -14.215001
v 9.602000 11.399999 -12.000001
v 9.785000 11.399999 -12.917001
v 9.785000 11.399999 -11.083001
v 10.304000 11.399999 -10.305001
v 11.082000 11.399999 -9.785001
v 12.000000 11.399999 -9.603001
v 12.918000 11.399999 -9.785001
v 14.744000 0.020000 -4.991000
v 13.690000 0.020000 -5.695000
v 14.291000 0.019999 -9.685000
v 15.069000 0.019999 -10.205000
v 13.771000 0.019999 -8.907000
v 14.291000 0.020000 -6.295000
v 13.771000 0.019999 -7.073000
v 2.296000 0.019999 -10.285000
v 3.000000 0.019999 -9.232000
v 1.243000 0.019999 -10.989000
v 0.000000 0.019999 -11.236000
v 1.243000 0.020000 -4.991000
v 0.000000 0.020000 -4.744000
v 2.296000 0.020000 -5.695000
v 3.000000 0.019999 -6.748000
v 0.918000 0.020000 -5.775000
v 0.000000 0.020000 -5.593000
v 0.918000 0.020001 10.205000
v 0.000000 0.020001 10.387000
v 13.690000 0.020001 10.285000
v 12.987000 0.020001 9.232000
v 14.744000 0.020001 10.989000
v 13.771000 0.020001 8.907000
v 13.589000 0.020001 7.990000
v 9.236000 0.020000 -2.999000
v 10.290000 0.020000 -2.295000
v 5.697000 0.020000 -2.295000
v 6.751000 0.020000 -2.999000
v 5.697000 0.020000 2.295000
v 4.993000 0.020000 1.242000
v 10.209000 0.020000 -0.917000
v 10.391000 0.020000 -0.000000
v 7.993000 0.020000 -2.397000
v 8.911000 0.020000 -2.215000
v 7.076000 0.020000 -2.215000
v 6.298000 0.020000 -1.695000
v 5.778000 0.020000 -0.917000
v 5.595000 0.020000 -0.000000
v 9.689000 0.020000 1.695000
v 8.911000 0.020000 2.215000
v 7.594000 0.019999 -14.382000
v 7.594000 0.019999 -14.382000
v 7.594000 8.384999 -14.382001
v 7.594000 8.384999 -14.382001
v 5.696000 11.399999 -10.305001
v 3.082000 11.400000 -1.785001
v 6.215000 11.400000 -3.083001
v 6.398000 11.400000 3.999999
v 3.082000 11.400000 6.214999
v 4.000000 11.400001 6.396999
v 6.398000 11.400001 11.999999
v 3.082000 11.400001 9.784999
v 2.304000 11.400001 10.304999
v 1.785000 11.400001 11.082999
v 6.215000 11.400001 12.916999
v 14.215000 11.400001 11.082999
v 13.696000 11.400001 10.304999
v 12.918000 11.400001 9.784999
v 12.000000 11.400001 9.602999
v 11.082000 11.400001 9.784999
v 12.000000 11.400001 14.396999
v 12.918000 11.400001 14.214999
v 13.696000 11.400001 13.694999
v 11.082000 11.400000 1.784999
v 13.696000 11.400000 5.694999
v 9.785000 11.400000 -4.917001
v 9.602000 11.400000 -4.000001
v 9.785000 11.400000 -3.083001
v 14.398000 11.399999 -12.000001
v 10.304000 11.399999 -13.695001
v 13.696000 11.399999 -10.305001
v 14.215000 11.399999 -11.083001
v 12.987000 0.019999 -9.232000
v 13.589000 0.019999 -7.990000
v 15.069000 0.020000 -5.775000
v 3.247000 0.019999 -7.990000
v 0.000000 0.019999 -10.387000
v 3.247000 0.020001 7.990000
v 1.243000 0.020000 4.991000
v 0.000000 0.020000 4.744000
v 0.918000 0.020000 5.775000
v 0.000000 0.020000 5.593000
v 14.291000 0.020000 6.295000
v 15.069000 0.020000 5.775000
v 13.771000 0.020001 7.073000
v 10.993000 0.020000 -1.242000
v 4.993000 0.020000 -1.242000
v 4.826000 0.020000 -0.400000
v 4.826000 0.020000 -0.400000
v 10.290000 0.020000 2.295000
v 9.236000 0.020000 2.999000
v 4.826000 8.385000 -0.400001
v 4.826000 8.385000 -0.400001
v 9.689000 0.020000 -1.695000
v 10.209000 0.020000 0.917000
v 4.826000 8.385000 0.398999
v 4.826000 8.385000 0.398999
v 8.393000 0.020000 3.166000
v 8.393000 0.020000 3.166000
v 0.000000 0.020000 0.399000
v 4.826000 0.020000 0.399000
v 4.826000 0.020000 0.399000
v 10.993000 0.020000 1.242000
v 8.393000 0.020000 -3.166000
v 8.393000 0.020000 -3.166000
v 8.393000 8.385000 3.165999
v 8.393000 8.385000 3.165999
v 7.594000 0.020000 -3.166000
v 7.594000 0.020000 -3.166000
v 7.594000 8.385000 -3.166001
v 7.594000 8.385000 -3.166001
v 0.000000 0.020001 14.382000
v 7.594000 8.385000 3.165999
v 7.594000 8.385000 3.165999
v 0.000000 8.385001 14.381999
v 0.000000 0.019999 -14.382000
v 0.000000 8.384999 -14.382001
v 0.000000 8.385000 0.398999
v 0.000000 8.385000 -0.400001
v 0.000000 0.020000 -0.399000
v -19.082001 11.399999 -14.215001
v -20.000000 11.399999 -14.397001
v -17.785000 11.399999 -11.083001
v -17.601999 11.399999 -12.000001
v -20.917999 11.399999 -9.785001
v -20.000000 11.399999 -9.603001
v -22.398001 11.399999 -12.000001
v -22.215000 11.399999 -11.083001
v -22.215000 11.400000 -4.917001
v -22.398001 11.400000 -4.000001
v -21.695999 11.400000 -5.695001
v -20.917999 11.400000 -6.215001
v -20.000000 11.399999 -6.397001
v -18.304001 11.400000 -2.305001
v -17.785000 11.400000 -3.083001
v -20.917999 11.400000 -1.785001
v -20.000000 11.400000 -1.603001
v -21.695999 11.400000 -2.305001
v -19.082001 11.400000 1.784999
v -20.000000 11.400000 1.602999
v -18.304001 11.400000 2.304999
v -18.304001 11.400000 5.694999
v -17.785000 11.400000 4.916999
v -20.000000 11.400001 9.602999
v -20.917999 11.400001 9.784999
v -17.785000 11.400001 12.916999
v -17.601999 11.400001 11.999999
v -21.695999 11.400001 13.694999
v -20.917999 11.400001 14.214999
v -25.785000 11.400001 11.082999
v -26.304001 11.400001 10.304999
v -27.082001 11.400001 14.214999
v -26.304001 11.400001 13.694999
v -30.398001 11.400001 11.999999
v -30.215000 11.400001 12.916999
v -25.785000 11.400000 4.916999
v -25.601999 11.400000 3.999999
v -26.304001 11.400000 5.694999
v -27.082001 11.400000 6.214999
v -28.000000 11.400001 6.396999
v -28.917999 11.400000 6.214999
v -30.398001 11.400000 3.999999
v -30.215000 11.400000 4.916999
v -30.215000 11.400000 -4.917001
v -30.398001 11.400000 -4.000001
v -29.695999 11.400000 -2.305001
v -28.917999 11.400000 -1.785001
v -30.215000 11.400000 -3.083001
v -36.917999 11.399999 -14.215001
v -37.695999 11.399999 -13.695001
v -34.304001 11.399999 -10.305001
v -33.785000 11.399999 -11.083001
v -36.917999 11.399999 -9.785001
v -36.000000 11.399999 -9.603001
v -37.695999 11.399999 -10.305001
v -38.215000 11.400000 -4.917001
v -38.397999 11.400000 -4.000001
v -36.000000 11.399999 -6.397001
v -36.917999 11.400000 -6.215001
v -35.082001 11.400000 -6.215001
v -34.304001 11.400000 -5.695001
v -36.917999 11.400000 -1.785001
v -36.000000 11.400000 -1.603001
v -37.695999 11.400000 -2.305001
v -37.695999 11.400000 5.694999
v -36.917999 11.400000 6.214999
v -38.215000 11.400000 4.916999
v -38.397999 11.400000 3.999999
v -37.695999 11.400001 13.694999
v -36.917999 11.400001 14.214999
v -34.987000 0.019999 -9.232000
v -35.234001 0.019999 -7.990000
v -34.283001 0.019999 -10.285000
v -33.229000 0.019999 -10.989000
v -29.690001 0.019999 -10.285000
v -30.743999 0.019999 -10.989000
v -28.987000 0.019999 -6.748000
v -28.739000 0.019999 -7.990000
v -31.987000 0.019999 -10.387000
v -32.903999 0.019999 -10.205000
v -34.202000 0.019999 -7.073000
v -33.681999 0.020000 -6.295000
v -18.215000 0.019999 -8.907000
v -18.398001 0.019999 -7.990000
v -17.695999 0.019999 -9.685000
v -16.917999 0.019999 -10.205000
v -18.215000 0.019999 -7.073000
v -17.695999 0.020000 -6.295000
v -18.296000 0.020000 5.695000
v -19.000000 0.020001 6.748000
v -17.243000 0.020001 10.989000
v -16.000000 0.020001 11.236000
v -18.296000 0.020001 10.285000
v -19.000000 0.020001 9.232000
v -18.215000 0.020001 7.073000
v -18.398001 0.020001 7.990000
v -17.695999 0.020000 6.295000
v -18.215000 0.020001 8.907000
v -17.695999 0.020001 9.685000
v -30.743999 0.020000 4.991000
v -31.987000 0.020000 4.744000
v -29.690001 0.020000 5.695000
v -28.987000 0.020001 6.748000
v -28.739000 0.020001 7.990000
v -33.681999 0.020000 6.295000
v -34.202000 0.020001 7.073000
v -31.069000 0.020001 10.205000
v -30.291000 0.020001 9.685000
v -31.987000 0.020001 10.387000
v -32.903999 0.020001 10.205000
v -26.290001 8.385000 -2.295001
v -26.993000 8.385000 -1.242001
v -25.236000 8.385000 -2.999001
v -21.697001 8.385000 -2.295001
v -22.750999 8.385000 -2.999001
v -20.993000 8.385000 -1.242001
v -21.697001 8.385000 2.294999
v -20.993000 8.385000 1.241999
v -22.750999 8.385000 2.998999
v -26.290001 8.385000 2.294999
v -25.236000 8.385000 2.998999
v -26.993000 8.385000 1.241999
v -22.298000 0.020000 1.695000
v -21.778000 0.020000 0.917000
v -23.076000 0.020000 2.215000
v -23.993000 0.020000 2.397000
v -26.209000 8.385000 -0.917001
v -26.391001 8.385000 -0.000001
v -25.688999 8.385000 -1.695001
v -24.910999 8.385000 -2.215001
v -23.993000 8.385000 -2.397001
v -23.076000 8.385000 -2.215001
v -22.298000 8.385000 -1.695001
v -21.778000 8.385000 -0.917001
v -21.594999 8.385000 -0.000001
v -21.778000 8.385000 0.916999
v -22.298000 8.385000 1.694999
v -23.076000 8.385000 2.214999
v -23.993000 8.385000 2.396999
v -24.910999 8.385000 2.214999
v -25.688999 8.385000 1.694999
v -26.209000 8.385000 0.916999
v -27.160999 8.385000 0.398999
v -27.160999 8.385000 0.398999
v -27.160999 8.385000 -0.400001
v -27.160999 8.385000 -0.400001
v -24.393000 8.385000 -3.166001
v -24.393000 8.385000 -3.166001
v -23.594000 0.020001 14.382000
v -23.594000 0.020001 14.382000
v -23.594000 8.385001 14.381999
v -23.594000 8.385001 14.381999
v -24.393000 8.385000 3.165999
v -24.393000 8.385000 3.165999
v -24.393000 8.385001 14.381999
v -24.393000 8.385001 14.381999
v -22.750999 0.020000 2.999000
v -23.594000 0.020000 3.166000
v -23.594000 0.020000 3.166000
v -38.381001 8.385001 14.381999
v -38.381001 8.385001 14.381999
v -38.381001 0.020001 14.382000
v -38.381001 0.020001 14.382000
v -21.695999 11.399999 -13.695001
v -22.215000 11.399999 -12.917001
v -20.917999 11.399999 -14.215001
v -17.785000 11.399999 -12.917001
v -18.304001 11.399999 -13.695001
v -19.082001 11.399999 -9.785001
v -18.304001 11.399999 -10.305001
v -18.304001 11.400000 -5.695001
v -19.082001 11.400000 -6.215001
v -17.785000 11.400000 -4.917001
v -17.601999 11.400000 -4.000001
v -21.695999 11.400000 2.304999
v -22.215000 11.400000 3.082999
v -20.917999 11.400000 1.784999
v -17.601999 11.400000 3.999999
v -17.785000 11.400000 3.082999
v -21.695999 11.400000 5.694999
v -20.917999 11.400000 6.214999
v -22.215000 11.400000 4.916999
v -21.695999 11.400001 10.304999
v -22.215000 11.400001 11.082999
v -19.082001 11.400001 14.214999
v -18.304001 11.400001 13.694999
v -20.000000 11.400001 14.396999
v -25.785000 11.400001 12.916999
v -25.601999 11.400001 11.999999
v -29.695999 11.400000 2.304999
v -30.215000 11.400000 3.082999
v -28.917999 11.400000 1.784999
v -28.000000 11.400000 1.602999
v -25.785000 11.400000 3.082999
v -26.304001 11.400000 2.304999
v -28.917999 11.400000 -6.215001
v -29.695999 11.400000 -5.695001
v -28.000000 11.399999 -6.397001
v -27.082001 11.400000 -6.215001
v -26.304001 11.400000 -5.695001
v -27.082001 11.400000 -1.785001
v -26.304001 11.400000 -2.305001
v -28.000000 11.400000 -1.603001
v -29.695999 11.399999 -13.695001
v -30.215000 11.399999 -12.917001
v -28.917999 11.399999 -14.215001
v -28.000000 11.399999 -14.397001
v -27.082001 11.399999 -14.215001
v -25.601999 11.399999 -12.000001
v -25.785000 11.399999 -12.917001
v -25.785000 11.399999 -11.083001
v -26.304001 11.399999 -10.305001
v -27.082001 11.399999 -9.785001
v -28.000000 11.399999 -9.603001
v -28.917999 11.399999 -9.785001
v -38.215000 11.399999 -12.917001
v -38.397999 11.399999 -12.000001
v -38.215000 11.399999 -11.083001
v -35.082001 11.399999 -14.215001
v -36.000000 11.399999 -14.397001
v -34.304001 11.399999 -13.695001
v -33.785000 11.399999 -12.917001
v -33.602001 11.399999 -12.000001
v -33.602001 11.400000 -4.000001
v -33.785000 11.400000 -4.917001
v -33.785000 11.400000 -3.083001
v -37.695999 11.400000 2.304999
v -38.215000 11.400000 3.082999
v -36.917999 11.400000 1.784999
v -36.000000 11.400000 1.602999
v -35.082001 11.400000 1.784999
v -33.602001 11.400000 3.999999
v -33.785000 11.400000 3.082999
v -37.695999 11.400001 10.304999
v -38.215000 11.400001 11.082999
v -33.785000 11.400001 12.916999
v -33.602001 11.400001 11.999999
v -36.000000 11.400001 14.396999
v -35.082001 11.400001 14.214999
v -30.743999 0.020000 -4.991000
v -29.690001 0.020000 -5.695000
v -31.987000 0.020000 -4.744000
v -34.987000 0.019999 -6.748000
v -34.283001 0.020000 -5.695000
v -34.202000 0.019999 -8.907000
v -34.384998 0.019999 -7.990000
v -33.681999 0.019999 -9.685000
v -30.291000 0.019999 -9.685000
v -31.069000 0.019999 -10.205000
v -29.771000 0.019999 -8.907000
v -30.291000 0.020000 -6.295000
v -29.771000 0.019999 -7.073000
v -32.903999 0.020000 -5.775000
v -31.987000 0.020000 -5.593000
v -18.296000 0.019999 -10.285000
v -19.000000 0.019999 -9.232000
v -17.243000 0.019999 -10.989000
v -16.000000 0.019999 -11.236000
v -17.243000 0.020000 -4.991000
v -16.000000 0.020000 -4.744000
v -18.296000 0.020000 -5.695000
v -19.000000 0.019999 -6.748000
v -16.917999 0.020000 -5.775000
v -16.000000 0.020000 -5.593000
v -16.917999 0.020001 10.205000
v -16.000000 0.020001 10.387000
v -34.987000 0.020001 6.748000
v -35.234001 0.020001 7.990000
v -34.283001 0.020000 5.695000
v -33.229000 0.020000 4.991000
v -29.690001 0.020001 10.285000
v -28.987000 0.020001 9.232000
v -30.743999 0.020001 10.989000
v -31.987000 0.020001 11.236000
v -33.229000 0.020001 10.989000
v -34.283001 0.020001 10.285000
v -34.384998 0.020001 7.990000
v -34.202000 0.020001 8.907000
v -31.987000 0.020000 5.593000
v -32.903999 0.020000 5.775000
v -29.771000 0.020001 8.907000
v -29.589001 0.020001 7.990000
v -33.681999 0.020001 9.685000
v -25.236000 0.020000 -2.999000
v -26.290001 0.020000 -2.295000
v -21.697001 0.020000 -2.295000
v -22.750999 0.020000 -2.999000
v -21.697001 0.020000 2.295000
v -20.993000 0.020000 1.242000
v -26.209000 0.020000 -0.917000
v -26.391001 0.020000 -0.000000
v -23.993000 0.020000 -2.397000
v -24.910999 0.020000 -2.215000
v -23.076000 0.020000 -2.215000
v -22.298000 0.020000 -1.695000
v -21.778000 0.020000 -0.917000
v -21.594999 0.020000 -0.000000
v -25.688999 0.020000 1.695000
v -24.910999 0.020000 2.215000
v -38.381001 0.020000 0.399000
v -38.381001 0.020000 0.399000
v -38.381001 8.385000 0.398999
v -38.381001 8.385000 0.398999
v -23.594000 0.019999 -14.382000
v -23.594000 0.019999 -14.382000
v -23.594000 8.384999 -14.382001
v -23.594000 8.384999 -14.382001
v -39.959999 9.580001 15.959999
v -39.959999 9.580001 15.959999
v -39.959999 0.020001 15.960000
v -39.959999 0.020001 15.960000
v -21.695999 11.399999 -10.305001
v -19.082001 11.400000 -1.785001
v -22.215000 11.400000 -3.083001
v -22.398001 11.400000 3.999999
v -19.082001 11.400000 6.214999
v -20.000000 11.400001 6.396999
v -22.398001 11.400001 11.999999
v -19.082001 11.400001 9.784999
v -18.304001 11.400001 10.304999
v -17.785000 11.400001 11.082999
v -22.215000 11.400001 12.916999
v -30.215000 11.400001 11.082999
v -29.695999 11.400001 10.304999
v -28.917999 11.400001 9.784999
v -28.000000 11.400001 9.602999
v -27.082001 11.400001 9.784999
v -28.000000 11.400001 14.396999
v -28.917999 11.400001 14.214999
v -29.695999 11.400001 13.694999
v -27.082001 11.400000 1.784999
v -29.695999 11.400000 5.694999
v -25.785000 11.400000 -4.917001
v -25.601999 11.400000 -4.000001
v -25.785000 11.400000 -3.083001
v -30.398001 11.399999 -12.000001
v -26.304001 11.399999 -13.695001
v -29.695999 11.399999 -10.305001
v -30.215000 11.399999 -11.083001
v -35.082001 11.399999 -9.785001
v -37.695999 11.400000 -5.695001
v -34.304001 11.400000 -2.305001
v -35.082001 11.400000 -1.785001
v -38.215000 11.400000 -3.083001
v -34.304001 11.400000 2.304999
v -33.785000 11.400000 4.916999
v -34.304001 11.400000 5.694999
v -35.082001 11.400000 6.214999
v -36.000000 11.400001 6.396999
v -38.397999 11.400001 11.999999
v -36.917999 11.400001 9.784999
v -36.000000 11.400001 9.602999
v -35.082001 11.400001 9.784999
v -34.304001 11.400001 10.304999
v -33.785000 11.400001 11.082999
v -34.304001 11.400001 13.694999
v -38.215000 11.400001 12.916999
v -31.987000 0.019999 -11.236000
v -28.987000 0.019999 -9.232000
v -33.229000 0.020000 -4.991000
v -29.589001 0.019999 -7.990000
v -31.069000 0.020000 -5.775000
v -19.247000 0.019999 -7.990000
v -16.000000 0.019999 -10.387000
v -19.247000 0.020001 7.990000
v -17.243000 0.020000 4.991000
v -16.000000 0.020000 4.744000
v -16.917999 0.020000 5.775000
v -16.000000 0.020000 5.593000
v -34.987000 0.020001 9.232000
v -31.069000 0.020000 5.775000
v -30.291000 0.020000 6.295000
v -29.771000 0.020001 7.073000
v -26.993000 0.020000 -1.242000
v -20.993000 0.020000 -1.242000
v -20.826000 0.020000 -0.400000
v -20.826000 0.020000 -0.400000
v -26.290001 0.020000 2.295000
v -25.236000 0.020000 2.999000
v -20.826000 8.385000 -0.400001
v -20.826000 8.385000 -0.400001
v -25.688999 0.020000 -1.695000
v -26.209000 0.020000 0.917000
v -20.826000 8.385000 0.398999
v -20.826000 8.385000 0.398999
v -11.161000 0.020000 0.399000
v -11.161000 0.020000 0.399000
v -20.826000 0.020000 0.399000
v -20.826000 0.020000 0.399000
v -27.160999 0.020000 0.399000
v -27.160999 0.020000 0.399000
v -26.993000 0.020000 1.242000
v -38.381001 0.020000 -0.400000
v -38.381001 0.020000 -0.400000
v -27.160999 0.020000 -0.400000
v -27.160999 0.020000 -0.400000
v -8.393000 0.020001 14.382000
v -8.393000 0.020001 14.382000
v -8.393000 8.385001 14.381999
v -8.393000 8.385001 14.381999
v -38.381001 8.385000 -0.400001
v -38.381001 8.385000 -0.400001
v -23.594000 0.020000 -3.166000
v -23.594000 0.020000 -3.166000
v -24.393000 0.020000 -3.166000
v -24.393000 0.020000 -3.166000
v -24.393000 0.019999 -14.382000
v -24.393000 0.019999 -14.382000
v -24.393000 8.384999 -14.382001
v -24.393000 8.384999 -14.382001
v -23.594000 8.385000 -3.166001
v -23.594000 8.385000 -3.166001
v -23.594000 8.385000 3.165999
v -23.594000 8.385000 3.165999
v -24.393000 0.020000 3.166000
v -24.393000 0.020000 3.166000
v -24.393000 0.020001 14.382000
v -24.393000 0.020001 14.382000
v -38.381001 8.384999 -14.382001
v -38.381001 8.384999 -14.382001
v -38.381001 0.019999 -14.382000
v -38.381001 0.019999 -14.382000
v -8.393000 0.019999 -14.382000
v -8.393000 0.019999 -14.382000
v -8.393000 8.384999 -14.382001
v -8.393000 8.384999 -14.382001
v -39.959999 0.019999 -15.960000
v -39.959999 0.019999 -15.960000
v -39.959999 9.579999 -15.960001
v -39.959999 9.579999 -15.960001
v -11.161000 8.385000 0.398999
v -11.161000 8.385000 0.398999
v -11.161000 8.385000 -0.400001
v -11.161000 8.385000 -0.400001
v -11.161000 0.020000 -0.399000
v -11.161000 0.020000 -0.399000
v -3.082000 11.399999 -14.215001
v -4.000000 11.399999 -14.397001
v -1.785000 11.399999 -11.083001
v -1.602000 11.399999 -12.000001
v -4.918000 11.399999 -9.785001
v -4.000000 11.399999 -9.603001
v -6.398000 11.399999 -12.000001
v -6.215000 11.399999 -11.083001
v -6.215000 11.400000 -4.917001
v -6.398000 11.400000 -4.000001
v -5.696000 11.400000 -5.695001
v -4.918000 11.400000 -6.215001
v -4.000000 11.399999 -6.397001
v -2.304000 11.400000 -2.305001
v -1.785000 11.400000 -3.083001
v -4.918000 11.400000 -1.785001
v -4.000000 11.400000 -1.603001
v -5.696000 11.400000 -2.305001
v -3.082000 11.400000 1.784999
v -4.000000 11.400000 1.602999
v -2.304000 11.400000 2.304999
v -2.304000 11.400000 5.694999
v -1.785000 11.400000 4.916999
v -4.000000 11.400001 9.602999
v -4.918000 11.400001 9.784999
v -1.785000 11.400001 12.916999
v -1.602000 11.400001 11.999999
v -5.696000 11.400001 13.694999
v -4.918000 11.400001 14.214999
v -9.785000 11.400001 11.082999
v -10.304000 11.400001 10.304999
v -11.082000 11.400001 14.214999
v -10.304000 11.400001 13.694999
v -14.398000 11.400001 11.999999
v -14.215000 11.400001 12.916999
v -9.785000 11.400000 4.916999
v -9.602000 11.400000 3.999999
v -10.304000 11.400000 5.694999
v -11.082000 11.400000 6.214999
v -12.000000 11.400001 6.396999
v -12.918000 11.400000 6.214999
v -14.398000 11.400000 3.999999
v -14.215000 11.400000 4.916999
v -14.215000 11.400000 -4.917001
v -14.398000 11.400000 -4.000001
v -13.696000 11.400000 -2.305001
v -12.918000 11.400000 -1.785001
v -14.215000 11.400000 -3.083001
v -13.690000 0.019999 -10.285000
v -14.744000 0.019999 -10.989000
v -12.987000 0.019999 -6.748000
v -12.739000 0.019999 -7.990000
v -2.215000 0.019999 -8.907000
v -2.398000 0.019999 -7.990000
v -1.696000 0.019999 -9.685000
v -0.918000 0.019999 -10.205000
v -2.215000 0.019999 -7.073000
v -1.696000 0.020000 -6.295000
v -2.296000 0.020000 5.695000
v -3.000000 0.020001 6.748000
v -1.243000 0.020001 10.989000
v -2.296000 0.020001 10.285000
v -3.000000 0.020001 9.232000
v -2.215000 0.020001 7.073000
v -2.398000 0.020001 7.990000
v -1.696000 0.020000 6.295000
v -2.215000 0.020001 8.907000
v -1.696000 0.020001 9.685000
v -13.690000 0.020000 5.695000
v -14.744000 0.020000 4.991000
v -12.987000 0.020001 6.748000
v -12.739000 0.020001 7.990000
v -15.069000 0.020001 10.205000
v -14.291000 0.020001 9.685000
v -10.290000 8.385000 -2.295001
v -10.993000 8.385000 -1.242001
v -9.236000 8.385000 -2.999001
v -5.697000 8.385000 -2.295001
v -6.751000 8.385000 -2.999001
v -4.993000 8.385000 -1.242001
v -5.697000 8.385000 2.294999
v -4.993000 8.385000 1.241999
v -6.751000 8.385000 2.998999
v -10.290000 8.385000 2.294999
v -9.236000 8.385000 2.998999
v -10.993000 8.385000 1.241999
v -6.298000 0.020000 1.695000
v -5.778000 0.020000 0.917000
v -7.076000 0.020000 2.215000
v -7.993000 0.020000 2.397000
v -10.209000 8.385000 -0.917001
v -10.391000 8.385000 -0.000001
v -9.689000 8.385000 -1.695001
v -8.911000 8.385000 -2.215001
v -7.993000 8.385000 -2.397001
v -7.076000 8.385000 -2.215001
v -6.298000 8.385000 -1.695001
v -5.778000 8.385000 -0.917001
v -5.595000 8.385000 -0.000001
v -5.778000 8.385000 0.916999
v -6.298000 8.385000 1.694999
v -7.076000 8.385000 2.214999
v -7.993000 8.385000 2.396999
v -8.911000 8.385000 2.214999
v -9.689000 8.385000 1.694999
v -10.209000 8.385000 0.916999
v -8.393000 8.385000 -3.166001
v -8.393000 8.385000 -3.166001
v -7.594000 0.020001 14.382000
v -7.594000 0.020001 14.382000
v -7.594000 8.385001 14.381999
v -7.594000 8.385001 14.381999
v -6.751000 0.020000 2.999000
v -7.594000 0.020000 3.166000
v -7.594000 0.020000 3.166000
v -5.696000 11.399999 -13.695001
v -6.215000 11.399999 -12.917001
v -4.918000 11.399999 -14.215001
v -1.785000 11.399999 -12.917001
v -2.304000 11.399999 -13.695001
v -3.082000 11.399999 -9.785001
v -2.304000 11.399999 -10.305001
v -2.304000 11.400000 -5.695001
v -3.082000 11.400000 -6.215001
v -1.785000 11.400000 -4.917001
v -1.602000 11.400000 -4.000001
v -5.696000 11.400000 2.304999
v -6.215000 11.400000 3.082999
v -4.918000 11.400000 1.784999
v -1.602000 11.400000 3.999999
v -1.785000 11.400000 3.082999
v -5.696000 11.400000 5.694999
v -4.918000 11.400000 6.214999
v -6.215000 11.400000 4.916999
v -5.696000 11.400001 10.304999
v -6.215000 11.400001 11.082999
v -3.082000 11.400001 14.214999
v -2.304000 11.400001 13.694999
v -4.000000 11.400001 14.396999
v -9.785000 11.400001 12.916999
v -9.602000 11.400001 11.999999
v -13.696000 11.400000 2.304999
v -14.215000 11.400000 3.082999
v -12.918000 11.400000 1.784999
v -12.000000 11.400000 1.602999
v -9.785000 11.400000 3.082999
v -10.304000 11.400000 2.304999
v -12.918000 11.400000 -6.215001
v -13.696000 11.400000 -5.695001
v -12.000000 11.399999 -6.397001
v -11.082000 11.400000 -6.215001
v -10.304000 11.400000 -5.695001
v -11.082000 11.400000 -1.785001
v -10.304000 11.400000 -2.305001
v -12.000000 11.400000 -1.603001
v -13.696000 11.399999 -13.695001
v -14.215000 11.399999 -12.917001
v -12.918000 11.399999 -14.215001
v -12.000000 11.399999 -14.397001
v -11.082000 11.399999 -14.215001
v -9.602000 11.399999 -12.000001
v -9.785000 11.399999 -12.917001
v -9.785000 11.399999 -11.083001
v -10.304000 11.399999 -10.305001
v -11.082000 11.399999 -9.785001
v -12.000000 11.399999 -9.603001
v -12.918000 11.399999 -9.785001
v -14.744000 0.020000 -4.991000
v -13.690000 0.020000 -5.695000
v -14.291000 0.019999 -9.685000
v -15.069000 0.019999 -10.205000
v -13.771000 0.019999 -8.907000
v -14.291000 0.020000 -6.295000
v -13.771000 0.019999 -7.073000
v -2.296000 0.019999 -10.285000
v -3.000000 0.019999 -9.232000
v -1.243000 0.019999 -10.989000
v -1.243000 0.020000 -4.991000
v -2.296000 0.020000 -5.695000
v -3.000000 0.019999 -6.748000
v -0.918000 0.020000 -5.775000
v -0.918000 0.020001 10.205000
v -13.690000 0.020001 10.285000
v -12.987000 0.020001 9.232000
v -14.744000 0.020001 10.989000
v -13.771000 0.020001 8.907000
v -13.589000 0.020001 7.990000
v -9.236000 0.020000 -2.999000
v -10.290000 0.020000 -2.295000
v -5.697000 0.020000 -2.295000
v -6.751000 0.020000 -2.999000
v -5.697000 0.020000 2.295000
v -4.993000 0.020000 1.242000
v -10.209000 0.020000 -0.917000
v -10.391000 0.020000 -0.000000
v -7.993000 0.020000 -2.397000
v -8.911000 0.020000 -2.215000
v -7.076000 0.020000 -2.215000
v -6.298000 0.020000 -1.695000
v -5.778000 0.020000 -0.917000
v -5.595000 0.020000 -0.000000
v -9.689000 0.020000 1.695000
v -8.911000 0.020000 2.215000
v -7.594000 0.019999 -14.382000
v -7.594000 0.019999 -14.382000
v -7.594000 8.384999 -14.382001
v -7.594000 8.384999 -14.382001
v -5.696000 11.399999 -10.305001
v -3.082000 11.400000 -1.785001
v -6.215000 11.400000 -3.083001
v -6.398000 11.400000 3.999999
v -3.082000 11.400000 6.214999
v -4.000000 11.400001 6.396999
v -6.398000 11.400001 11.999999
v -3.082000 11.400001 9.784999
v -2.304000 11.400001 10.304999
v -1.785000 11.400001 11.082999
v -6.215000 11.400001 12.916999
v -14.215000 11.400001 11.082999
v -13.696000 11.400001 10.304999
v -12.918000 11.400001 9.784999
v -12.000000 11.400001 9.602999
v -11.082000 11.400001 9.784999
v -12.000000 11.400001 14.396999
v -12.918000 11.400001 14.214999
v -13.696000 11.400001 13.694999
v -11.082000 11.400000 1.784999
v -13.696000 11.400000 5.694999
v -9.785000 11.400000 -4.917001
v -9.602000 11.400000 -4.000001
v -9.785000 11.400000 -3.083001
v -14.398000 11.399999 -12.000001
v -10.304000 11.399999 -13.695001
v -13.696000 11.399999 -10.305001
v -14.215000 11.399999 -11.083001
v -12.987000 0.019999 -9.232000
v -13.589000 0.019999 -7.990000
v -15.069000 0.020000 -5.775000
v -3.247000 0.019999 -7.990000
v -3.247000 0.020001 7.990000
v -1.243000 0.020000 4.991000
v -0.918000 0.020000 5.775000
v -14.291000 0.020000 6.295000
v -15.069000 0.020000 5.775000
v -13.771000 0.020001 7.073000
v -10.993000 0.020000 -1.242000
v -4.993000 0.020000 -1.242000
v -4.826000 0.020000 -0.400000
v -4.826000 0.020000 -0.400000
v -10.290000 0.020000 2.295000
v -9.236000 0.020000 2.999000
v -4.826000 8.385000 -0.400001
v -4.826000 8.385000 -0.400001
v -9.689000 0.020000 -1.695000
v -10.209000 0.020000 0.917000
v -4.826000 8.385000 0.398999
v -4.826000 8.385000 0.398999
v -8.393000 0.020000 3.166000
v -8.393000 0.020000 3.166000
v -4.826000 0.020000 0.399000
v -4.826000 0.020000 0.399000
v -10.993000 0.020000 1.242000
v -8.393000 0.020000 -3.166000
v -8.393000 0.020000 -3.166000
v -8.393000 8.385000 3.165999
v -8.393000 8.385000 3.165999
v -7.594000 0.020000 -3.166000
v -7.594000 0.020000 -3.166000
v -7.594000 8.385000 -3.166001
v -7.594000 8.385000 -3.166001
v -7.594000 8.385000 3.165999
v -7.594000 8.385000 3.165999
vn 0.5557 -0.0000 0.8314
vn -0.8319 -0.0000 -0.5549
vn 0.8319 -0.0000 0.5549
vn -0.9807 -0.0000 -0.1957
vn 0.9807 -0.0000 -0.1957
vn 0.9807 -0.0000 0.1957
vn -0.9807 -0.0000 0.1957
vn 0.8319 -0.0000 -0.5549
vn -0.8319 -0.0000 0.5549
vn 0.5557 -0.0000 -0.8314
vn -0.5557 -0.0000 0.8314
vn 0.1945 -0.0000 -0.9809
vn -0.1945 -0.0000 0.9809
vn -0.1945 -0.0000 -0.9809
vn 0.1945 -0.0000 0.9809
vn -0.5557 -0.0000 -0.8314
vn -0.0000 1.0000 -0.0000
vn 0.5554 -0.0000 -0.8316
vn -0.5554 -0.0000 0.8316
vn 0.1951 -0.0000 -0.9808
vn -0.1949 -0.0000 0.9808
vn -0.1949 -0.0000 -0.9808
vn 0.1951 -0.0000 0.9808
vn -0.5554 -0.0000 -0.8316
vn 0.5554 -0.0000 0.8316
vn -0.8317 -0.0000 -0.5552
vn 0.8313 -0.0000 0.5558
vn -0.9806 -0.0000 -0.1958
vn 0.9808 -0.0000 -0.1951
vn 0.9808 -0.0000 0.1951
vn -0.9806 -0.0000 0.1958
vn 0.8313 -0.0000 -0.5558
vn -0.8317 -0.0000 0.5552
vn -0.9809 -0.0000 0.1947
vn 0.8314 -0.0000 -0.5557
vn -0.8314 -0.0000 0.5557
vn 0.1947 -0.0000 -0.9809
vn 0.1947 -0.0000 0.9809
vn -0.8314 -0.0000 -0.5557
vn 0.8314 -0.0000 0.5557
vn -0.9809 -0.0000 -0.1947
vn 0.5558 -0.0000 -0.8313
vn 0.1949 -0.0000 -0.9808
vn 0.1949 -0.0000 0.9808
vn 0.5558 -0.0000 0.8313
vn 0.9809 -0.0000 0.1945
vn 0.8317 -0.0000 -0.5552
vn -0.1947 -0.0000 0.9809
vn -0.1947 -0.0000 -0.9809
vn 0.9809 -0.0000 -0.1947
vn 0.9809 -0.0000 0.1947
vn -0.0000 -0.0000 1.0000
vn 0.9809 -0.0000 -0.1943
vn 0.8317 -0.0000 0.5552
vn 0.9807 -0.0000 0.1954
vn -0.0000 -0.0000 -1.0000
vn 1.0000 -0.0000 -0.0000
vn 0.1943 -0.0000 0.9809
vn 0.1943 -0.0000 -0.9809
vn -0.0001 -0.0001 -1.0000
vn -0.1930 -0.0000 0.9812
vn -0.1930 -0.0000 -0.9812
vn -0.1919 -0.0000 0.9814
vn -0.1919 -0.0000 -0.9814
vn -0.8313 -0.0000 -0.5558
vn -0.9809 -0.0000 -0.1945
vn -0.8313 -0.0000 0.5558
vn -0.9809 -0.0000 0.1943
vn 0.9807 -0.0000 -0.1954
vn -0.1943 -0.0000 -0.9809
vn -0.1943 -0.0000 0.9809
vn -0.0002 -0.0001 -1.0000
vn -0.1951 -0.0000 -0.9808
vn -0.1951 -0.0000 0.9808
vn 0.9806 -0.0000 -0.1958
vn -0.9808 -0.0000 -0.1951
vn -0.9808 -0.0000 0.1951
vn 0.9806 -0.0000 0.1958
vn -0.5558 -0.0000 -0.8313
vn -0.5558 -0.0000 0.8313
vn -0.9809 -0.0000 0.1945
vn -0.9809 -0.0000 -0.1943
vn -0.9807 -0.0000 0.1954
vn -1.0000 -0.0000 -0.0000
vn 0.0001 -0.0001 -1.0000
vn 0.1930 -0.0000 0.9812
vn 0.1930 -0.0000 -0.9812
vn 0.1919 -0.0000 0.9814
vn 0.1919 -0.0000 -0.9814
vn 0.9809 -0.0000 -0.1945
vn 0.9809 -0.0000 0.1943
vn -0.9807 -0.0000 -0.1954
vn 0.0002 -0.0001 -1.0000
s 0
usemtl MB_5
f 15//1 24//1 14//1
f 24//1 2325//1 14//1
f 8//2 21//2 7//2
f 21//2 20//2 7//2
f 16//3 2328//3 15//3
f 2328//3 24//3 15//3
f 9//4 2324//4 8//4
f 2324//4 21//4 8//4
f 2327//5 1//5 17//5
f 1//5 2//5 17//5
f 1//6 2327//6 16//6
f 2327//6 2328//6 16//6
f 10//7 2323//7 9//7
f 2323//7 2324//7 9//7
f 3//8 18//8 2//8
f 18//8 17//8 2//8
f 11//9 22//9 10//9
f 22//9 2323//9 10//9
f 4//10 19//10 3//10
f 19//10 18//10 3//10
f 12//11 23//11 11//11
f 23//11 22//11 11//11
f 5//12 2322//12 4//12
f 2322//12 19//12 4//12
f 13//13 2326//13 12//13
f 2326//13 23//13 12//13
f 6//14 2321//14 5//14
f 2321//14 2322//14 5//14
f 14//15 2325//15 13//15
f 2325//15 2326//15 13//15
f 7//16 20//16 6//16
f 20//16 2321//16 6//16
f 514//17 2485//17 25//17
f 2485//17 2484//17 25//17
f 2484//17 2486//17 25//17
f 2486//17 515//17 25//17
f 515//17 516//17 25//17
f 516//17 2488//17 25//17
f 2488//17 2487//17 25//17
f 2487//17 517//17 25//17
f 517//17 518//17 25//17
f 518//17 2490//17 25//17
f 2490//17 2489//17 25//17
f 2489//17 519//17 25//17
f 519//17 520//17 25//17
f 520//17 2632//17 25//17
f 2632//17 521//17 25//17
f 521//17 514//17 25//17
f 40//1 2338//1 39//1
f 2338//1 2336//1 39//1
f 33//2 44//2 32//2
f 44//2 43//2 32//2
f 41//3 47//3 40//3
f 47//3 2338//3 40//3
f 34//4 45//4 33//4
f 45//4 44//4 33//4
f 27//5 2329//5 26//5
f 2329//5 2330//5 26//5
f 26//6 2330//6 41//6
f 2330//6 47//6 41//6
f 35//7 2335//7 34//7
f 2335//7 45//7 34//7
f 28//8 2331//8 27//8
f 2331//8 2329//8 27//8
f 36//9 2334//9 35//9
f 2334//9 2335//9 35//9
f 29//10 2332//10 28//10
f 2332//10 2331//10 28//10
f 37//11 46//11 36//11
f 46//11 2334//11 36//11
f 30//12 2333//12 29//12
f 2333//12 2332//12 29//12
f 38//13 2337//13 37//13
f 2337//13 46//13 37//13
f 31//14 42//14 30//14
f 42//14 2333//14 30//14
f 39//15 2336//15 38//15
f 2336//15 2337//15 38//15
f 32//16 43//16 31//16
f 43//16 42//16 31//16
f 523//17 522//17 48//17
f 522//17 524//17 48//17
f 524//17 525//17 48//17
f 525//17 526//17 48//17
f 526//17 2492//17 48//17
f 2492//17 2491//17 48//17
f 2491//17 2493//17 48//17
f 2493//17 2494//17 48//17
f 2494//17 527//17 48//17
f 527//17 528//17 48//17
f 528//17 2633//17 48//17
f 2633//17 529//17 48//17
f 529//17 530//17 48//17
f 530//17 531//17 48//17
f 531//17 2634//17 48//17
f 2634//17 523//17 48//17
f 63//1 72//1 62//1
f 72//1 71//1 62//1
f 56//2 68//2 55//2
f 68//2 2341//2 55//2
f 64//3 73//3 63//3
f 73//3 72//3 63//3
f 57//4 69//4 56//4
f 69//4 68//4 56//4
f 50//5 65//5 49//5
f 65//5 2635//5 49//5
f 49//6 2635//6 64//6
f 2635//6 73//6 64//6
f 58//7 2343//7 57//7
f 2343//7 69//7 57//7
f 51//8 66//8 50//8
f 66//8 65//8 50//8
f 59//9 2342//9 58//9
f 2342//9 2343//9 58//9
f 52//10 67//10 51//10
f 67//10 66//10 51//10
f 60//11 70//11 59//11
f 70//11 2342//11 59//11
f 53//12 2340//12 52//12
f 2340//12 67//12 52//12
f 61//13 2637//13 60//13
f 2637//13 70//13 60//13
f 54//14 2339//14 53//14
f 2339//14 2340//14 53//14
f 62//15 71//15 61//15
f 71//15 2637//15 61//15
f 55//16 2341//16 54//16
f 2341//16 2339//16 54//16
f 532//17 2496//17 74//17
f 2496//17 2495//17 74//17
f 2495//17 2497//17 74//17
f 2497//17 533//17 74//17
f 533//17 534//17 74//17
f 534//17 535//17 74//17
f 535//17 2499//17 74//17
f 2499//17 2498//17 74//17
f 2498//17 536//17 74//17
f 536//17 537//17 74//17
f 537//17 2636//17 74//17
f 2636//17 538//17 74//17
f 538//17 2501//17 74//17
f 2501//17 2500//17 74//17
f 2500//17 2502//17 74//17
f 2502//17 532//17 74//17
f 89//1 2348//1 88//1
f 2348//1 2349//1 88//1
f 82//2 94//2 81//2
f 94//2 2640//2 81//2
f 90//3 98//3 89//3
f 98//3 2348//3 89//3
f 83//4 2347//4 82//4
f 2347//4 94//4 82//4
f 76//5 91//5 75//5
f 91//5 2638//5 75//5
f 75//6 2638//6 90//6
f 2638//6 98//6 90//6
f 84//7 2346//7 83//7
f 2346//7 2347//7 83//7
f 77//8 92//8 76//8
f 92//8 91//8 76//8
f 85//9 95//9 84//9
f 95//9 2346//9 84//9
f 78//10 2345//10 77//10
f 2345//10 92//10 77//10
f 86//11 96//11 85//11
f 96//11 95//11 85//11
f 79//12 2344//12 78//12
f 2344//12 2345//12 78//12
f 87//13 97//13 86//13
f 97//13 96//13 86//13
f 80//14 93//14 79//14
f 93//14 2344//14 79//14
f 88//15 2349//15 87//15
f 2349//15 97//15 87//15
f 81//16 2640//16 80//16
f 2640//16 93//16 80//16
f 539//17 2504//17 99//17
f 2504//17 2503//17 99//17
f 2503//17 540//17 99//17
f 540//17 541//17 99//17
f 541//17 2639//17 99//17
f 2639//17 542//17 99//17
f 542//17 2641//17 99//17
f 2641//17 543//17 99//17
f 543//17 544//17 99//17
f 544//17 2506//17 99//17
f 2506//17 2505//17 99//17
f 2505//17 2507//17 99//17
f 2507//17 545//17 99//17
f 545//17 546//17 99//17
f 546//17 2642//17 99//17
f 2642//17 539//17 99//17
f 114//1 122//1 113//1
f 122//1 2649//1 113//1
f 107//2 2350//2 106//2
f 2350//2 2351//2 106//2
f 115//3 2355//3 114//3
f 2355//3 122//3 114//3
f 108//4 119//4 107//4
f 119//4 2350//4 107//4
f 101//5 116//5 100//5
f 116//5 2354//5 100//5
f 100//6 2354//6 115//6
f 2354//6 2355//6 115//6
f 109//7 120//7 108//7
f 120//7 119//7 108//7
f 102//8 2644//8 101//8
f 2644//8 116//8 101//8
f 110//9 2353//9 109//9
f 2353//9 120//9 109//9
f 103//10 117//10 102//10
f 117//10 2644//10 102//10
f 111//11 2352//11 110//11
f 2352//11 2353//11 110//11
f 104//12 2646//12 103//12
f 2646//12 117//12 103//12
f 112//13 121//13 111//13
f 121//13 2352//13 111//13
f 105//14 118//14 104//14
f 118//14 2646//14 104//14
f 113//15 2649//15 112//15
f 2649//15 121//15 112//15
f 106//16 2351//16 105//16
f 2351//16 118//16 105//16
f 547//17 2643//17 123//17
f 2643//17 548//17 123//17
f 548//17 2645//17 123//17
f 2645//17 549//17 123//17
f 549//17 2647//17 123//17
f 2647//17 550//17 123//17
f 550//17 551//17 123//17
f 551//17 2509//17 123//17
f 2509//17 2508//17 123//17
f 2508//17 552//17 123//17
f 552//17 553//17 123//17
f 553//17 2648//17 123//17
f 2648//17 554//17 123//17
f 554//17 2650//17 123//17
f 2650//17 555//17 123//17
f 555//17 547//17 123//17
f 138//1 146//1 137//1
f 146//1 2361//1 137//1
f 131//2 145//2 130//2
f 145//2 144//2 130//2
f 139//3 2363//3 138//3
f 2363//3 146//3 138//3
f 132//4 2357//4 131//4
f 2357//4 145//4 131//4
f 125//5 140//5 124//5
f 140//5 2362//5 124//5
f 124//6 2362//6 139//6
f 2362//6 2363//6 139//6
f 133//7 2356//7 132//7
f 2356//7 2357//7 132//7
f 126//8 141//8 125//8
f 141//8 140//8 125//8
f 134//9 2358//9 133//9
f 2358//9 2356//9 133//9
f 127//10 142//10 126//10
f 142//10 141//10 126//10
f 135//11 2359//11 134//11
f 2359//11 2358//11 134//11
f 128//12 143//12 127//12
f 143//12 142//12 127//12
f 136//13 2360//13 135//13
f 2360//13 2359//13 135//13
f 129//14 2651//14 128//14
f 2651//14 143//14 128//14
f 137//15 2361//15 136//15
f 2361//15 2360//15 136//15
f 130//16 144//16 129//16
f 144//16 2651//16 129//16
f 556//17 2511//17 147//17
f 2511//17 2510//17 147//17
f 2510//17 2512//17 147//17
f 2512//17 2513//17 147//17
f 2513//17 557//17 147//17
f 557//17 2515//17 147//17
f 2515//17 2514//17 147//17
f 2514//17 558//17 147//17
f 558//17 559//17 147//17
f 559//17 560//17 147//17
f 560//17 561//17 147//17
f 561//17 562//17 147//17
f 562//17 563//17 147//17
f 563//17 2652//17 147//17
f 2652//17 564//17 147//17
f 564//17 556//17 147//17
f 162//1 2366//1 161//1
f 2366//1 2367//1 161//1
f 155//2 2653//2 154//2
f 2653//2 168//2 154//2
f 163//3 2368//3 162//3
f 2368//3 2366//3 162//3
f 156//4 169//4 155//4
f 169//4 2653//4 155//4
f 149//5 2364//5 148//5
f 2364//5 2365//5 148//5
f 148//6 2365//6 163//6
f 2365//6 2368//6 163//6
f 157//7 2655//7 156//7
f 2655//7 169//7 156//7
f 150//8 164//8 149//8
f 164//8 2364//8 149//8
f 158//9 170//9 157//9
f 170//9 2655//9 157//9
f 151//10 165//10 150//10
f 165//10 164//10 150//10
f 159//11 171//11 158//11
f 171//11 170//11 158//11
f 152//12 166//12 151//12
f 166//12 165//12 151//12
f 160//13 172//13 159//13
f 172//13 171//13 159//13
f 153//14 167//14 152//14
f 167//14 166//14 152//14
f 161//15 2367//15 160//15
f 2367//15 172//15 160//15
f 154//16 168//16 153//16
f 168//16 167//16 153//16
f 566//17 565//17 173//17
f 565//17 2517//17 173//17
f 2517//17 2516//17 173//17
f 2516//17 2518//17 173//17
f 2518//17 2519//17 173//17
f 2519//17 2520//17 173//17
f 2520//17 567//17 173//17
f 567//17 2654//17 173//17
f 2654//17 568//17 173//17
f 568//17 2522//17 173//17
f 2522//17 2521//17 173//17
f 2521//17 2523//17 173//17
f 2523//17 569//17 173//17
f 569//17 570//17 173//17
f 570//17 571//17 173//17
f 571//17 566//17 173//17
f 188//1 2658//1 187//1
f 2658//1 201//1 187//1
f 181//2 195//2 180//2
f 195//2 2657//2 180//2
f 189//3 202//3 188//3
f 202//3 2658//3 188//3
f 182//4 196//4 181//4
f 196//4 195//4 181//4
f 175//5 190//5 174//5
f 190//5 2656//5 174//5
f 174//6 2656//6 189//6
f 2656//6 202//6 189//6
f 183//7 197//7 182//7
f 197//7 196//7 182//7
f 176//8 191//8 175//8
f 191//8 190//8 175//8
f 184//9 198//9 183//9
f 198//9 197//9 183//9
f 177//10 192//10 176//10
f 192//10 191//10 176//10
f 185//11 199//11 184//11
f 199//11 198//11 184//11
f 178//12 193//12 177//12
f 193//12 192//12 177//12
f 186//13 200//13 185//13
f 200//13 199//13 185//13
f 179//14 194//14 178//14
f 194//14 193//14 178//14
f 187//15 201//15 186//15
f 201//15 200//15 186//15
f 180//16 2657//16 179//16
f 2657//16 194//16 179//16
f 572//17 2525//17 203//17
f 2525//17 2524//17 203//17
f 2524//17 2526//17 203//17
f 2526//17 2527//17 203//17
f 2527//17 2528//17 203//17
f 2528//17 573//17 203//17
f 573//17 2530//17 203//17
f 2530//17 2529//17 203//17
f 2529//17 2531//17 203//17
f 2531//17 2532//17 203//17
f 2532//17 2533//17 203//17
f 2533//17 2534//17 203//17
f 2534//17 2535//17 203//17
f 2535//17 574//17 203//17
f 574//17 2659//17 203//17
f 2659//17 572//17 203//17
f 218//1 2375//1 217//1
f 2375//1 2373//1 217//1
f 211//2 225//2 210//2
f 225//2 224//2 210//2
f 219//3 228//3 218//3
f 228//3 2375//3 218//3
f 212//4 226//4 211//4
f 226//4 225//4 211//4
f 205//5 221//5 204//5
f 221//5 220//5 204//5
f 204//6 220//6 219//6
f 220//6 228//6 219//6
f 213//7 2372//7 212//7
f 2372//7 226//7 212//7
f 206//8 2370//8 205//8
f 2370//8 221//8 205//8
f 214//9 2371//9 213//9
f 2371//9 2372//9 213//9
f 207//10 2369//10 206//10
f 2369//10 2370//10 206//10
f 215//11 227//11 214//11
f 227//11 2371//11 214//11
f 208//12 222//12 207//12
f 222//12 2369//12 207//12
f 216//13 2374//13 215//13
f 2374//13 227//13 215//13
f 209//14 223//14 208//14
f 223//14 222//14 208//14
f 217//15 2373//15 216//15
f 2373//15 2374//15 216//15
f 210//16 224//16 209//16
f 224//16 223//16 209//16
f 2537//17 2536//17 229//17
f 2536//17 575//17 229//17
f 575//17 576//17 229//17
f 576//17 2540//17 229//17
f 2540//17 2539//17 229//17
f 2539//17 2541//17 229//17
f 2541//17 2542//17 229//17
f 2542//17 2543//17 229//17
f 2543//17 577//17 229//17
f 577//17 578//17 229//17
f 578//17 2660//17 229//17
f 2660//17 579//17 229//17
f 579//17 580//17 229//17
f 580//17 581//17 229//17
f 581//17 2538//17 229//17
f 2538//17 2537//17 229//17
f 244//1 2384//1 243//1
f 2384//1 2382//1 243//1
f 237//2 247//2 236//2
f 247//2 2381//2 236//2
f 245//3 251//3 244//3
f 251//3 2384//3 244//3
f 238//4 248//4 237//4
f 248//4 247//4 237//4
f 231//5 2376//5 230//5
f 2376//5 2377//5 230//5
f 230//6 2377//6 245//6
f 2377//6 251//6 245//6
f 239//7 249//7 238//7
f 249//7 248//7 238//7
f 232//8 246//8 231//8
f 246//8 2376//8 231//8
f 240//9 2662//9 239//9
f 2662//9 249//9 239//9
f 233//10 2379//10 232//10
f 2379//10 246//10 232//10
f 241//11 250//11 240//11
f 250//11 2662//11 240//11
f 234//12 2378//12 233//12
f 2378//12 2379//12 233//12
f 242//13 2383//13 241//13
f 2383//13 250//13 241//13
f 235//14 2380//14 234//14
f 2380//14 2378//14 234//14
f 243//15 2382//15 242//15
f 2382//15 2383//15 242//15
f 236//16 2381//16 235//16
f 2381//16 2380//16 235//16
f 583//17 582//17 252//17
f 582//17 2661//17 252//17
f 2661//17 584//17 252//17
f 584//17 585//17 252//17
f 585//17 586//17 252//17
f 586//17 587//17 252//17
f 587//17 2545//17 252//17
f 2545//17 2544//17 252//17
f 2544//17 2546//17 252//17
f 2546//17 588//17 252//17
f 588//17 2663//17 252//17
f 2663//17 589//17 252//17
f 589//17 590//17 252//17
f 590//17 591//17 252//17
f 591//17 2664//17 252//17
f 2664//17 583//17 252//17
f 267//1 2385//1 266//1
f 2385//1 2386//1 266//1
f 260//2 274//2 259//2
f 274//2 2665//2 259//2
f 268//3 2387//3 267//3
f 2387//3 2385//3 267//3
f 261//4 275//4 260//4
f 275//4 274//4 260//4
f 254//5 269//5 253//5
f 269//5 2388//5 253//5
f 253//6 2388//6 268//6
f 2388//6 2387//6 268//6
f 262//7 2666//7 261//7
f 2666//7 275//7 261//7
f 255//8 270//8 254//8
f 270//8 269//8 254//8
f 263//9 276//9 262//9
f 276//9 2666//9 262//9
f 256//10 271//10 255//10
f 271//10 270//10 255//10
f 264//11 2668//11 263//11
f 2668//11 276//11 263//11
f 257//12 272//12 256//12
f 272//12 271//12 256//12
f 265//13 277//13 264//13
f 277//13 2668//13 264//13
f 258//14 273//14 257//14
f 273//14 272//14 257//14
f 266//15 2386//15 265//15
f 2386//15 277//15 265//15
f 259//16 2665//16 258//16
f 2665//16 273//16 258//16
f 592//17 2548//17 278//17
f 2548//17 2547//17 278//17
f 2547//17 2549//17 278//17
f 2549//17 2550//17 278//17
f 2550//17 2551//17 278//17
f 2551//17 593//17 278//17
f 593//17 2553//17 278//17
f 2553//17 2552//17 278//17
f 2552//17 594//17 278//17
f 594//17 2667//17 278//17
f 2667//17 595//17 278//17
f 595//17 2669//17 278//17
f 2669//17 596//17 278//17
f 596//17 597//17 278//17
f 597//17 598//17 278//17
f 598//17 592//17 278//17
f 293//1 2389//1 292//1
f 2389//1 2390//1 292//1
f 286//2 2675//2 285//2
f 2675//2 298//2 285//2
f 294//3 303//3 293//3
f 303//3 2389//3 293//3
f 287//4 299//4 286//4
f 299//4 2675//4 286//4
f 280//5 295//5 279//5
f 295//5 2670//5 279//5
f 279//6 2670//6 294//6
f 2670//6 303//6 294//6
f 288//7 300//7 287//7
f 300//7 299//7 287//7
f 281//8 296//8 280//8
f 296//8 295//8 280//8
f 289//9 2676//9 288//9
f 2676//9 300//9 288//9
f 282//10 2671//10 281//10
f 2671//10 296//10 281//10
f 290//11 301//11 289//11
f 301//11 2676//11 289//11
f 283//12 297//12 282//12
f 297//12 2671//12 282//12
f 291//13 302//13 290//13
f 302//13 301//13 290//13
f 284//14 2673//14 283//14
f 2673//14 297//14 283//14
f 292//15 2390//15 291//15
f 2390//15 302//15 291//15
f 285//16 298//16 284//16
f 298//16 2673//16 284//16
f 599//17 2555//17 304//17
f 2555//17 2554//17 304//17
f 2554//17 600//17 304//17
f 600//17 2672//17 304//17
f 2672//17 601//17 304//17
f 601//17 2674//17 304//17
f 2674//17 602//17 304//17
f 602//17 2557//17 304//17
f 2557//17 2556//17 304//17
f 2556//17 603//17 304//17
f 603//17 2559//17 304//17
f 2559//17 2558//17 304//17
f 2558//17 604//17 304//17
f 604//17 605//17 304//17
f 605//17 2677//17 304//17
f 2677//17 599//17 304//17
f 2394//18 315//18 2393//18
f 315//18 314//18 2393//18
f 2560//19 323//19 307//19
f 323//19 322//19 307//19
f 2678//20 316//20 2394//20
f 316//20 315//20 2394//20
f 309//21 324//21 2560//21
f 324//21 323//21 2560//21
f 2396//22 317//22 2678//22
f 317//22 316//22 2678//22
f 2680//23 325//23 309//23
f 325//23 324//23 309//23
f 2395//24 318//24 2396//24
f 318//24 317//24 2396//24
f 2564//25 326//25 2680//25
f 326//25 325//25 2680//25
f 306//26 319//26 2395//26
f 319//26 318//26 2395//26
f 2563//27 327//27 2564//27
f 327//27 326//27 2564//27
f 2398//28 320//28 306//28
f 320//28 319//28 306//28
f 2391//29 313//29 2392//29
f 313//29 312//29 2392//29
f 2392//30 312//30 2563//30
f 312//30 327//30 2563//30
f 2397//31 321//31 2398//31
f 321//31 320//31 2398//31
f 2393//32 314//32 2391//32
f 314//32 313//32 2391//32
f 307//33 322//33 2397//33
f 322//33 321//33 2397//33
f 2566//6 338//6 2401//6
f 2401//6 338//6 353//6
f 2572//34 347//34 2681//34
f 2681//34 347//34 346//34
f 2567//35 340//35 2565//35
f 2565//35 340//35 339//35
f 335//36 348//36 2572//36
f 2572//36 348//36 347//36
f 2400//10 341//10 2567//10
f 2567//10 341//10 340//10
f 2682//11 349//11 335//11
f 335//11 349//11 348//11
f 2399//37 342//37 2400//37
f 2400//37 342//37 341//37
f 336//13 350//13 2682//13
f 2682//13 350//13 349//13
f 2569//14 343//14 2399//14
f 2399//14 343//14 342//14
f 2573//38 351//38 336//38
f 336//38 351//38 350//38
f 2568//16 344//16 2569//16
f 2569//16 344//16 343//16
f 2402//1 352//1 2573//1
f 2573//1 352//1 351//1
f 333//39 345//39 2568//39
f 2568//39 345//39 344//39
f 2401//40 353//40 2402//40
f 2402//40 353//40 352//40
f 2681//41 346//41 333//41
f 333//41 346//41 345//41
f 2565//5 339//5 2566//5
f 2566//5 339//5 338//5
f 2561//17 308//17 2571//17
f 2571//17 308//17 618//17
f 613//17 2561//17 334//17
f 334//17 2561//17 2571//17
f 612//17 613//17 617//17
f 617//17 613//17 334//17
f 2679//17 612//17 2570//17
f 2570//17 612//17 617//17
f 611//17 2679//17 332//17
f 332//17 2679//17 2570//17
f 610//17 611//17 331//17
f 331//17 611//17 332//17
f 305//17 610//17 616//17
f 616//17 610//17 331//17
f 609//17 305//17 615//17
f 615//17 305//17 616//17
f 608//17 609//17 330//17
f 330//17 609//17 615//17
f 606//17 608//17 329//17
f 329//17 608//17 330//17
f 607//17 606//17 328//17
f 328//17 606//17 329//17
f 311//17 607//17 620//17
f 620//17 607//17 328//17
f 310//17 311//17 619//17
f 619//17 311//17 620//17
f 614//17 310//17 337//17
f 337//17 310//17 619//17
f 2562//17 614//17 2574//17
f 2574//17 614//17 337//17
f 308//17 2562//17 618//17
f 618//17 2562//17 2574//17
f 2577//42 365//42 2575//42
f 365//42 364//42 2575//42
f 357//43 902//43 2577//43
f 902//43 365//43 2577//43
f 359//44 367//44 358//44
f 367//44 366//44 358//44
f 2581//45 368//45 359//45
f 368//45 367//45 359//45
f 2582//27 369//27 2581//27
f 369//27 368//27 2581//27
f 2576//29 363//29 2683//29
f 363//29 362//29 2683//29
f 2683//30 362//30 2582//30
f 362//30 369//30 2582//30
f 2575//32 364//32 2576//32
f 364//32 363//32 2576//32
f 2404//6 373//6 2407//6
f 2407//6 373//6 381//6
f 2405//8 375//8 2403//8
f 2403//8 375//8 374//8
f 2406//10 376//10 2405//10
f 2405//10 376//10 375//10
f 370//12 377//12 2406//12
f 2406//12 377//12 376//12
f 372//15 379//15 371//15
f 371//15 379//15 378//15
f 2408//1 380//1 372//1
f 372//1 380//1 379//1
f 2407//3 381//3 2408//3
f 2408//3 381//3 380//3
f 2403//5 374//5 2404//5
f 2404//5 374//5 373//5
f 356//17 2578//17 625//17
f 625//17 2578//17 2684//17
f 355//17 356//17 624//17
f 624//17 356//17 625//17
f 354//17 355//17 622//17
f 622//17 355//17 624//17
f 621//17 354//17 623//17
f 623//17 354//17 622//17
f 361//17 621//17 627//17
f 627//17 621//17 623//17
f 360//17 361//17 626//17
f 626//17 361//17 627//17
f 2579//17 360//17 2583//17
f 2583//17 360//17 626//17
f 2580//17 2579//17 2584//17
f 2584//17 2579//17 2583//17
f 383//42 387//42 2409//42
f 387//42 386//42 2409//42
f 2687//43 388//43 383//43
f 388//43 387//43 383//43
f 2411//44 390//44 2412//44
f 390//44 389//44 2412//44
f 2413//45 391//45 2411//45
f 391//45 390//45 2411//45
f 2414//27 392//27 2413//27
f 392//27 391//27 2413//27
f 2410//29 385//29 2685//29
f 385//29 384//29 2685//29
f 2685//30 384//30 2414//30
f 384//30 392//30 2414//30
f 2409//32 386//32 2410//32
f 386//32 385//32 2410//32
f 2416//6 396//6 2418//6
f 2418//6 396//6 403//6
f 2417//8 398//8 2415//8
f 2415//8 398//8 397//8
f 393//10 399//10 2417//10
f 2417//10 399//10 398//10
f 2689//12 974//12 393//12
f 393//12 974//12 399//12
f 2585//15 401//15 2586//15
f 2586//15 401//15 400//15
f 2419//1 402//1 2585//1
f 2585//1 402//1 401//1
f 2418//3 403//3 2419//3
f 2419//3 403//3 402//3
f 2415//5 397//5 2416//5
f 2416//5 397//5 396//5
f 2686//17 630//17 2688//17
f 2688//17 630//17 638//17
f 629//17 2686//17 637//17
f 637//17 2686//17 2688//17
f 628//17 629//17 635//17
f 635//17 629//17 637//17
f 382//17 628//17 636//17
f 636//17 628//17 635//17
f 634//17 382//17 640//17
f 640//17 382//17 636//17
f 633//17 634//17 639//17
f 639//17 634//17 640//17
f 632//17 633//17 395//17
f 395//17 633//17 639//17
f 631//17 632//17 394//17
f 394//17 632//17 395//17
f 407//18 417//18 2589//18
f 417//18 416//18 2589//18
f 2593//19 425//19 2591//19
f 425//19 424//19 2591//19
f 2421//20 418//20 407//20
f 418//20 417//20 407//20
f 2594//21 426//21 2593//21
f 426//21 425//21 2593//21
f 2420//22 419//22 2421//22
f 419//22 418//22 2421//22
f 2595//23 427//23 2594//23
f 427//23 426//23 2594//23
f 2422//24 420//24 2420//24
f 420//24 419//24 2420//24
f 413//25 428//25 2595//25
f 428//25 427//25 2595//25
f 2423//26 421//26 2422//26
f 421//26 420//26 2422//26
f 2690//27 429//27 413//27
f 429//27 428//27 413//27
f 2424//28 422//28 2423//28
f 422//28 421//28 2423//28
f 2587//29 415//29 404//29
f 415//29 414//29 404//29
f 404//30 414//30 2690//30
f 414//30 429//30 2690//30
f 408//31 423//31 2424//31
f 423//31 422//31 2424//31
f 2589//32 416//32 2587//32
f 416//32 415//32 2587//32
f 2591//33 424//33 408//33
f 424//33 423//33 408//33
f 430//6 438//6 2598//6
f 2598//6 438//6 453//6
f 435//34 447//34 2602//34
f 2602//34 447//34 446//34
f 2425//35 440//35 2426//35
f 2426//35 440//35 439//35
f 2428//36 448//36 435//36
f 435//36 448//36 447//36
f 431//10 441//10 2425//10
f 2425//10 441//10 440//10
f 2427//11 449//11 2428//11
f 2428//11 449//11 448//11
f 2599//37 442//37 431//37
f 431//37 442//37 441//37
f 2429//13 450//13 2427//13
f 2427//13 450//13 449//13
f 2691//14 443//14 2599//14
f 2599//14 443//14 442//14
f 2430//38 451//38 2429//38
f 2429//38 451//38 450//38
f 2692//16 444//16 2691//16
f 2691//16 444//16 443//16
f 436//1 452//1 2430//1
f 2430//1 452//1 451//1
f 2693//39 445//39 2692//39
f 2692//39 445//39 444//39
f 2598//40 453//40 436//40
f 436//40 453//40 452//40
f 2602//41 446//41 2693//41
f 2693//41 446//41 445//41
f 2426//5 439//5 430//5
f 430//5 439//5 438//5
f 409//17 410//17 651//17
f 651//17 410//17 652//17
f 2592//17 409//17 2601//17
f 2601//17 409//17 651//17
f 645//17 2592//17 434//17
f 434//17 2592//17 2601//17
f 644//17 645//17 650//17
f 650//17 645//17 434//17
f 643//17 644//17 433//17
f 433//17 644//17 650//17
f 642//17 643//17 649//17
f 649//17 643//17 433//17
f 641//17 642//17 432//17
f 432//17 642//17 649//17
f 2590//17 641//17 2600//17
f 2600//17 641//17 432//17
f 406//17 2590//17 648//17
f 648//17 2590//17 2600//17
f 405//17 406//17 647//17
f 647//17 406//17 648//17
f 2588//17 405//17 2597//17
f 2597//17 405//17 647//17
f 646//17 2588//17 437//17
f 437//17 2588//17 2597//17
f 2596//17 646//17 2603//17
f 2603//17 646//17 437//17
f 412//17 2596//17 654//17
f 654//17 2596//17 2603//17
f 411//17 412//17 653//17
f 653//17 412//17 654//17
f 410//17 411//17 652//17
f 652//17 411//17 653//17
f 458//25 457//25 2434//25
f 2434//25 457//25 2435//25
f 461//25 2440//25 2699//25
f 2440//25 2441//25 2699//25
f 2695//27 458//27 2436//27
f 2436//27 458//27 2434//27
f 2696//46 2695//46 2700//46
f 2700//46 2695//46 2436//46
f 482//17 660//17 459//17
f 459//17 660//17 2708//17
f 2605//47 2431//47 2694//47
f 2431//47 2432//47 2694//47
f 2608//32 2609//32 2437//32
f 2437//32 2609//32 2438//32
f 456//18 2433//18 2605//18
f 2433//18 2431//18 2605//18
f 2477//18 2608//18 2439//18
f 2439//18 2608//18 2437//18
f 2445//11 2458//11 2443//11
f 2443//11 2458//11 2457//11
f 2612//12 2451//12 477//12
f 477//12 2451//12 2450//12
f 2446//48 2459//48 2445//48
f 2445//48 2459//48 2458//48
f 479//49 2452//49 2612//49
f 2612//49 2452//49 2451//49
f 2619//15 2460//15 2446//15
f 2446//15 2460//15 2459//15
f 480//16 2453//16 479//16
f 479//16 2453//16 2452//16
f 484//1 2461//1 2619//1
f 2619//1 2461//1 2460//1
f 2616//39 2454//39 480//39
f 480//39 2454//39 2453//39
f 2703//40 2462//40 484//40
f 484//40 2462//40 2461//40
f 2617//4 2455//4 2616//4
f 2616//4 2455//4 2454//4
f 2610//50 2447//50 475//50
f 475//50 2447//50 2448//50
f 475//51 2448//51 2703//51
f 2703//51 2448//51 2462//51
f 2444//7 2456//7 2617//7
f 2617//7 2456//7 2455//7
f 2702//35 2449//35 2610//35
f 2610//35 2449//35 2447//35
f 2443//36 2457//36 2444//36
f 2444//36 2457//36 2456//36
f 477//10 2450//10 2702//10
f 2702//10 2450//10 2449//10
f 658//17 2698//17 483//17
f 483//17 2698//17 2618//17
f 460//17 657//17 661//17
f 661//17 657//17 662//17
f 459//17 460//17 482//17
f 482//17 460//17 661//17
f 2606//17 655//17 2615//17
f 2615//17 655//17 481//17
f 2607//17 2606//17 2614//17
f 2614//17 2606//17 2615//17
f 455//17 2604//17 659//17
f 659//17 2604//17 2613//17
f 454//17 455//17 476//17
f 476//17 455//17 659//17
f 2708//17 660//17 2697//17
f 655//17 2697//17 481//17
f 481//17 2697//17 660//17
f 664//17 502//17 2611//17
f 2611//17 502//17 2710//17
f 2710//17 2715//17 2611//17
f 2611//17 2715//17 476//17
f 476//17 2715//17 454//17
f 2706//52 2709//52 2755//52
f 2709//52 2705//52 2755//52
f 2759//17 2707//17 2697//17
f 2697//17 2707//17 2708//17
f 2609//53 665//53 2438//53
f 2438//53 665//53 2704//53
f 2713//17 2747//17 2741//17
f 2715//17 2710//17 2713//17
f 2713//17 2710//17 501//17
f 2712//54 2442//54 461//54
f 2442//54 2440//54 461//54
f 2698//17 502//17 2618//17
f 2618//17 502//17 664//17
f 2463//55 2442//55 2711//55
f 2442//55 2712//55 2711//55
f 501//17 2747//17 2713//17
f 2432//5 2465//5 2694//5
f 2465//5 2716//5 2694//5
f 2464//52 667//52 2622//52
f 667//52 2620//52 2622//52
f 2721//56 2714//56 2466//56
f 2714//56 503//56 2466//56
f 2625//17 2723//17 2727//17
f 2727//17 2723//17 2725//17
f 2626//57 2731//57 2624//57
f 2624//57 2731//57 2724//57
f 2728//57 2729//57 2726//57
f 2729//57 2468//57 2726//57
f 457//58 672//58 2435//58
f 2435//58 672//58 2732//58
f 2480//52 2476//52 2482//52
f 2482//52 2476//52 2738//52
f 673//59 2467//59 456//59
f 2467//59 2433//59 456//59
f 2725//17 2723//17 478//17
f 478//17 2723//17 2614//17
f 2614//17 2723//17 2607//17
f 478//17 2613//17 2725//17
f 2725//17 2613//17 2604//17
f 676//17 679//17 2736//17
f 2736//17 679//17 2737//17
f 2469//57 2479//57 2471//57
f 2471//57 2479//57 2733//57
f 2475//57 510//57 2473//57
f 510//57 2735//57 2473//57
f 2439//59 2734//59 2477//59
f 2477//59 2734//59 2478//59
f 2719//52 2717//52 2472//52
f 2472//52 2717//52 2470//52
f 2441//58 2474//58 2699//58
f 2474//58 678//58 2699//58
f 663//17 2736//17 483//17
f 483//17 2736//17 658//17
f 663//17 662//17 676//17
f 676//17 662//17 657//17
f 676//17 2736//17 663//17
f 501//17 2631//17 2747//17
f 2623//57 2481//57 2621//57
f 2621//57 2481//57 2483//57
f 670//57 2742//57 2722//57
f 2722//57 2742//57 2739//57
f 674//56 2730//56 683//56
f 683//56 2730//56 2740//56
f 2627//56 506//56 2745//56
f 2745//56 506//56 2743//56
f 2630//57 2748//57 2628//57
f 2748//57 2749//57 2628//57
f 2753//52 512//52 2751//52
f 512//52 2629//52 2751//52
f 2754//17 1833//17 2750//17
f 1833//17 686//17 2750//17
f 685//56 2752//56 513//56
f 2752//56 1838//56 513//56
f 682//17 2631//17 501//17
f 2701//56 656//56 2757//56
f 656//60 2760//60 2757//60
f 465//17 675//17 507//17
f 465//17 507//17 2746//17
f 466//17 465//17 2746//17
f 467//17 466//17 2758//17
f 468//17 467//17 2758//17
f 466//17 2836//17 2837//17
f 471//17 681//17 509//17
f 471//17 2720//17 681//17
f 470//17 2720//17 471//17
f 466//17 2746//17 2836//17
f 669//17 671//17 462//17
f 2756//17 470//17 469//17
f 2756//17 469//17 666//17
f 511//17 504//17 473//17
f 462//17 671//17 463//17
f 508//17 463//17 684//17
f 464//17 463//17 508//17
f 505//17 464//17 508//17
f 463//17 671//17 684//17
f 473//17 504//17 474//17
f 474//17 504//17 668//17
f 493//17 695//17 492//17
f 472//17 680//17 473//17
f 677//17 680//17 472//17
f 511//17 473//17 680//17
f 486//17 695//17 485//17
f 485//17 695//17 500//17
f 494//17 695//17 493//17
f 487//17 695//17 486//17
f 495//17 695//17 494//17
f 488//17 695//17 487//17
f 496//17 695//17 495//17
f 489//17 695//17 488//17
f 497//17 695//17 496//17
f 490//17 695//17 489//17
f 498//17 695//17 497//17
f 491//17 695//17 490//17
f 499//17 695//17 498//17
f 492//17 695//17 491//17
f 500//17 695//17 499//17
f 710//1 719//1 709//1
f 719//1 2765//1 709//1
f 703//2 716//2 702//2
f 716//2 715//2 702//2
f 711//3 2768//3 710//3
f 2768//3 719//3 710//3
f 704//4 2764//4 703//4
f 2764//4 716//4 703//4
f 697//5 712//5 696//5
f 712//5 2767//5 696//5
f 696//6 2767//6 711//6
f 2767//6 2768//6 711//6
f 705//7 2763//7 704//7
f 2763//7 2764//7 704//7
f 698//8 713//8 697//8
f 713//8 712//8 697//8
f 706//9 717//9 705//9
f 717//9 2763//9 705//9
f 699//10 714//10 698//10
f 714//10 713//10 698//10
f 707//11 718//11 706//11
f 718//11 717//11 706//11
f 700//12 2762//12 699//12
f 2762//12 714//12 699//12
f 708//13 2766//13 707//13
f 2766//13 718//13 707//13
f 701//14 2761//14 700//14
f 2761//14 2762//14 700//14
f 709//15 2765//15 708//15
f 2765//15 2766//15 708//15
f 702//16 715//16 701//16
f 715//16 2761//16 701//16
f 1034//17 2878//17 720//17
f 2878//17 2877//17 720//17
f 2877//17 2879//17 720//17
f 2879//17 1035//17 720//17
f 1035//17 1036//17 720//17
f 1036//17 2881//17 720//17
f 2881//17 2880//17 720//17
f 2880//17 1037//17 720//17
f 1037//17 1038//17 720//17
f 1038//17 2883//17 720//17
f 2883//17 2882//17 720//17
f 2882//17 1039//17 720//17
f 1039//17 1040//17 720//17
f 1040//17 2973//17 720//17
f 2973//17 1041//17 720//17
f 1041//17 1034//17 720//17
f 735//1 2778//1 734//1
f 2778//1 2776//1 734//1
f 728//2 739//2 727//2
f 739//2 738//2 727//2
f 736//3 742//3 735//3
f 742//3 2778//3 735//3
f 729//4 740//4 728//4
f 740//4 739//4 728//4
f 722//5 2769//5 721//5
f 2769//5 2770//5 721//5
f 721//6 2770//6 736//6
f 2770//6 742//6 736//6
f 730//7 2775//7 729//7
f 2775//7 740//7 729//7
f 723//8 2771//8 722//8
f 2771//8 2769//8 722//8
f 731//9 2774//9 730//9
f 2774//9 2775//9 730//9
f 724//10 2772//10 723//10
f 2772//10 2771//10 723//10
f 732//11 741//11 731//11
f 741//11 2774//11 731//11
f 725//12 2773//12 724//12
f 2773//12 2772//12 724//12
f 733//13 2777//13 732//13
f 2777//13 741//13 732//13
f 726//14 737//14 725//14
f 737//14 2773//14 725//14
f 734//15 2776//15 733//15
f 2776//15 2777//15 733//15
f 727//16 738//16 726//16
f 738//16 737//16 726//16
f 1043//17 1042//17 743//17
f 1042//17 1044//17 743//17
f 1044//17 1045//17 743//17
f 1045//17 1046//17 743//17
f 1046//17 2885//17 743//17
f 2885//17 2884//17 743//17
f 2884//17 2886//17 743//17
f 2886//17 2887//17 743//17
f 2887//17 1047//17 743//17
f 1047//17 1048//17 743//17
f 1048//17 2974//17 743//17
f 2974//17 1049//17 743//17
f 1049//17 1050//17 743//17
f 1050//17 1051//17 743//17
f 1051//17 2975//17 743//17
f 2975//17 1043//17 743//17
f 758//1 767//1 757//1
f 767//1 766//1 757//1
f 751//2 763//2 750//2
f 763//2 2781//2 750//2
f 759//3 768//3 758//3
f 768//3 767//3 758//3
f 752//4 764//4 751//4
f 764//4 763//4 751//4
f 745//5 760//5 744//5
f 760//5 2976//5 744//5
f 744//6 2976//6 759//6
f 2976//6 768//6 759//6
f 753//7 2783//7 752//7
f 2783//7 764//7 752//7
f 746//8 761//8 745//8
f 761//8 760//8 745//8
f 754//9 2782//9 753//9
f 2782//9 2783//9 753//9
f 747//10 762//10 746//10
f 762//10 761//10 746//10
f 755//11 765//11 754//11
f 765//11 2782//11 754//11
f 748//12 2780//12 747//12
f 2780//12 762//12 747//12
f 756//13 2978//13 755//13
f 2978//13 765//13 755//13
f 749//14 2779//14 748//14
f 2779//14 2780//14 748//14
f 757//15 766//15 756//15
f 766//15 2978//15 756//15
f 750//16 2781//16 749//16
f 2781//16 2779//16 749//16
f 1052//17 2889//17 769//17
f 2889//17 2888//17 769//17
f 2888//17 2890//17 769//17
f 2890//17 1053//17 769//17
f 1053//17 1054//17 769//17
f 1054//17 1055//17 769//17
f 1055//17 2892//17 769//17
f 2892//17 2891//17 769//17
f 2891//17 1056//17 769//17
f 1056//17 1057//17 769//17
f 1057//17 2977//17 769//17
f 2977//17 1058//17 769//17
f 1058//17 2894//17 769//17
f 2894//17 2893//17 769//17
f 2893//17 2895//17 769//17
f 2895//17 1052//17 769//17
f 784//1 2788//1 783//1
f 2788//1 2789//1 783//1
f 777//2 789//2 776//2
f 789//2 2981//2 776//2
f 785//3 793//3 784//3
f 793//3 2788//3 784//3
f 778//4 2787//4 777//4
f 2787//4 789//4 777//4
f 771//5 786//5 770//5
f 786//5 2979//5 770//5
f 770//6 2979//6 785//6
f 2979//6 793//6 785//6
f 779//7 2786//7 778//7
f 2786//7 2787//7 778//7
f 772//8 787//8 771//8
f 787//8 786//8 771//8
f 780//9 790//9 779//9
f 790//9 2786//9 779//9
f 773//10 2785//10 772//10
f 2785//10 787//10 772//10
f 781//11 791//11 780//11
f 791//11 790//11 780//11
f 774//12 2784//12 773//12
f 2784//12 2785//12 773//12
f 782//13 792//13 781//13
f 792//13 791//13 781//13
f 775//14 788//14 774//14
f 788//14 2784//14 774//14
f 783//15 2789//15 782//15
f 2789//15 792//15 782//15
f 776//16 2981//16 775//16
f 2981//16 788//16 775//16
f 1059//17 2897//17 794//17
f 2897//17 2896//17 794//17
f 2896//17 1060//17 794//17
f 1060//17 1061//17 794//17
f 1061//17 2980//17 794//17
f 2980//17 1062//17 794//17
f 1062//17 2982//17 794//17
f 2982//17 1063//17 794//17
f 1063//17 1064//17 794//17
f 1064//17 2899//17 794//17
f 2899//17 2898//17 794//17
f 2898//17 2900//17 794//17
f 2900//17 1065//17 794//17
f 1065//17 1066//17 794//17
f 1066//17 2983//17 794//17
f 2983//17 1059//17 794//17
f 809//1 817//1 808//1
f 817//1 2990//1 808//1
f 802//2 2790//2 801//2
f 2790//2 2791//2 801//2
f 810//3 2795//3 809//3
f 2795//3 817//3 809//3
f 803//4 814//4 802//4
f 814//4 2790//4 802//4
f 796//5 811//5 795//5
f 811//5 2794//5 795//5
f 795//6 2794//6 810//6
f 2794//6 2795//6 810//6
f 804//7 815//7 803//7
f 815//7 814//7 803//7
f 797//8 2985//8 796//8
f 2985//8 811//8 796//8
f 805//9 2793//9 804//9
f 2793//9 815//9 804//9
f 798//10 812//10 797//10
f 812//10 2985//10 797//10
f 806//11 2792//11 805//11
f 2792//11 2793//11 805//11
f 799//12 2987//12 798//12
f 2987//12 812//12 798//12
f 807//13 816//13 806//13
f 816//13 2792//13 806//13
f 800//14 813//14 799//14
f 813//14 2987//14 799//14
f 808//15 2990//15 807//15
f 2990//15 816//15 807//15
f 801//16 2791//16 800//16
f 2791//16 813//16 800//16
f 1067//17 2984//17 818//17
f 2984//17 1068//17 818//17
f 1068//17 2986//17 818//17
f 2986//17 1069//17 818//17
f 1069//17 2988//17 818//17
f 2988//17 1070//17 818//17
f 1070//17 1071//17 818//17
f 1071//17 2902//17 818//17
f 2902//17 2901//17 818//17
f 2901//17 1072//17 818//17
f 1072//17 1073//17 818//17
f 1073//17 2989//17 818//17
f 2989//17 1074//17 818//17
f 1074//17 2991//17 818//17
f 2991//17 1075//17 818//17
f 1075//17 1067//17 818//17
f 833//1 841//1 832//1
f 841//1 2801//1 832//1
f 826//2 840//2 825//2
f 840//2 839//2 825//2
f 834//3 2803//3 833//3
f 2803//3 841//3 833//3
f 827//4 2797//4 826//4
f 2797//4 840//4 826//4
f 820//5 835//5 819//5
f 835//5 2802//5 819//5
f 819//6 2802//6 834//6
f 2802//6 2803//6 834//6
f 828//7 2796//7 827//7
f 2796//7 2797//7 827//7
f 821//8 836//8 820//8
f 836//8 835//8 820//8
f 829//9 2798//9 828//9
f 2798//9 2796//9 828//9
f 822//10 837//10 821//10
f 837//10 836//10 821//10
f 830//11 2799//11 829//11
f 2799//11 2798//11 829//11
f 823//12 838//12 822//12
f 838//12 837//12 822//12
f 831//13 2800//13 830//13
f 2800//13 2799//13 830//13
f 824//14 2992//14 823//14
f 2992//14 838//14 823//14
f 832//15 2801//15 831//15
f 2801//15 2800//15 831//15
f 825//16 839//16 824//16
f 839//16 2992//16 824//16
f 1076//17 2904//17 842//17
f 2904//17 2903//17 842//17
f 2903//17 2905//17 842//17
f 2905//17 2906//17 842//17
f 2906//17 1077//17 842//17
f 1077//17 2908//17 842//17
f 2908//17 2907//17 842//17
f 2907//17 1078//17 842//17
f 1078//17 1079//17 842//17
f 1079//17 1080//17 842//17
f 1080//17 1081//17 842//17
f 1081//17 1082//17 842//17
f 1082//17 1083//17 842//17
f 1083//17 2993//17 842//17
f 2993//17 1084//17 842//17
f 1084//17 1076//17 842//17
f 857//1 2806//1 856//1
f 2806//1 2807//1 856//1
f 850//2 2994//2 849//2
f 2994//2 863//2 849//2
f 858//3 2808//3 857//3
f 2808//3 2806//3 857//3
f 851//4 864//4 850//4
f 864//4 2994//4 850//4
f 844//5 2804//5 843//5
f 2804//5 2805//5 843//5
f 843//6 2805//6 858//6
f 2805//6 2808//6 858//6
f 852//7 2996//7 851//7
f 2996//7 864//7 851//7
f 845//8 859//8 844//8
f 859//8 2804//8 844//8
f 853//9 865//9 852//9
f 865//9 2996//9 852//9
f 846//10 860//10 845//10
f 860//10 859//10 845//10
f 854//11 866//11 853//11
f 866//11 865//11 853//11
f 847//12 861//12 846//12
f 861//12 860//12 846//12
f 855//13 867//13 854//13
f 867//13 866//13 854//13
f 848//14 862//14 847//14
f 862//14 861//14 847//14
f 856//15 2807//15 855//15
f 2807//15 867//15 855//15
f 849//16 863//16 848//16
f 863//16 862//16 848//16
f 1086//17 1085//17 868//17
f 1085//17 2910//17 868//17
f 2910//17 2909//17 868//17
f 2909//17 2911//17 868//17
f 2911//17 2912//17 868//17
f 2912//17 2913//17 868//17
f 2913//17 1087//17 868//17
f 1087//17 2995//17 868//17
f 2995//17 1088//17 868//17
f 1088//17 2915//17 868//17
f 2915//17 2914//17 868//17
f 2914//17 2916//17 868//17
f 2916//17 1089//17 868//17
f 1089//17 1090//17 868//17
f 1090//17 1091//17 868//17
f 1091//17 1086//17 868//17
f 883//1 2999//1 882//1
f 2999//1 896//1 882//1
f 876//2 890//2 875//2
f 890//2 2998//2 875//2
f 884//3 897//3 883//3
f 897//3 2999//3 883//3
f 877//4 891//4 876//4
f 891//4 890//4 876//4
f 870//5 885//5 869//5
f 885//5 2997//5 869//5
f 869//6 2997//6 884//6
f 2997//6 897//6 884//6
f 878//7 892//7 877//7
f 892//7 891//7 877//7
f 871//8 886//8 870//8
f 886//8 885//8 870//8
f 879//9 893//9 878//9
f 893//9 892//9 878//9
f 872//10 887//10 871//10
f 887//10 886//10 871//10
f 880//11 894//11 879//11
f 894//11 893//11 879//11
f 873//12 888//12 872//12
f 888//12 887//12 872//12
f 881//13 895//13 880//13
f 895//13 894//13 880//13
f 874//14 889//14 873//14
f 889//14 888//14 873//14
f 882//15 896//15 881//15
f 896//15 895//15 881//15
f 875//16 2998//16 874//16
f 2998//16 889//16 874//16
f 1092//17 2918//17 898//17
f 2918//17 2917//17 898//17
f 2917//17 2919//17 898//17
f 2919//17 2920//17 898//17
f 2920//17 2921//17 898//17
f 2921//17 1093//17 898//17
f 1093//17 2923//17 898//17
f 2923//17 2922//17 898//17
f 2922//17 2924//17 898//17
f 2924//17 2925//17 898//17
f 2925//17 2926//17 898//17
f 2926//17 2927//17 898//17
f 2927//17 2928//17 898//17
f 2928//17 1094//17 898//17
f 1094//17 3000//17 898//17
f 3000//17 1092//17 898//17
f 2929//19 909//19 900//19
f 909//19 908//19 900//19
f 358//61 366//61 2929//61
f 366//61 909//61 2929//61
f 2810//62 903//62 357//62
f 903//62 902//62 357//62
f 2809//24 904//24 2810//24
f 904//24 903//24 2810//24
f 899//26 905//26 2809//26
f 905//26 904//26 2809//26
f 2812//28 906//28 899//28
f 906//28 905//28 899//28
f 2811//31 907//31 2812//31
f 907//31 906//31 2812//31
f 900//33 908//33 2811//33
f 908//33 907//33 2811//33
f 2935//34 919//34 3002//34
f 3002//34 919//34 918//34
f 914//36 920//36 2935//36
f 2935//36 920//36 919//36
f 3003//11 921//11 914//11
f 914//11 921//11 920//11
f 371//63 378//63 3003//63
f 3003//63 378//63 921//63
f 2932//64 915//64 370//64
f 370//64 915//64 377//64
f 2931//16 916//16 2932//16
f 2932//16 916//16 915//16
f 912//39 917//39 2931//39
f 2931//39 917//39 916//39
f 3002//41 918//41 912//41
f 912//41 918//41 917//41
f 2930//17 901//17 2934//17
f 2934//17 901//17 1100//17
f 1098//17 2930//17 913//17
f 913//17 2930//17 2934//17
f 1097//17 1098//17 1099//17
f 1099//17 1098//17 913//17
f 3001//17 1097//17 2933//17
f 2933//17 1097//17 1099//17
f 1096//17 3001//17 911//17
f 911//17 3001//17 2933//17
f 1095//17 1096//17 910//17
f 910//17 1096//17 911//17
f 2578//17 1095//17 2684//17
f 2684//17 1095//17 910//17
f 901//17 2580//17 1100//17
f 1100//17 2580//17 2584//17
f 2938//42 931//42 2936//42
f 931//42 930//42 2936//42
f 2075//43 2084//43 2938//43
f 2084//43 931//43 2938//43
f 925//44 932//44 2076//44
f 932//44 2085//44 2076//44
f 2942//45 933//45 925//45
f 933//45 932//45 925//45
f 2943//27 934//27 2942//27
f 934//27 933//27 2942//27
f 2937//29 929//29 3004//29
f 929//29 928//29 3004//29
f 3004//30 928//30 2943//30
f 928//30 934//30 2943//30
f 2936//32 930//32 2937//32
f 930//32 929//32 2937//32
f 2814//6 936//6 2817//6
f 2817//6 936//6 942//6
f 2815//8 938//8 2813//8
f 2813//8 938//8 937//8
f 2816//10 939//10 2815//10
f 2815//10 939//10 938//10
f 2089//12 2096//12 2816//12
f 2816//12 2096//12 939//12
f 935//15 940//15 2090//15
f 2090//15 940//15 2097//15
f 2818//1 941//1 935//1
f 935//1 941//1 940//1
f 2817//3 942//3 2818//3
f 2818//3 942//3 941//3
f 2813//5 937//5 2814//5
f 2814//5 937//5 936//5
f 924//17 2939//17 1105//17
f 1105//17 2939//17 3005//17
f 923//17 924//17 1104//17
f 1104//17 924//17 1105//17
f 922//17 923//17 1102//17
f 1102//17 923//17 1104//17
f 1101//17 922//17 1103//17
f 1103//17 922//17 1102//17
f 927//17 1101//17 1107//17
f 1107//17 1101//17 1103//17
f 926//17 927//17 1106//17
f 1106//17 927//17 1107//17
f 2940//17 926//17 2944//17
f 2944//17 926//17 1106//17
f 2941//17 2940//17 2945//17
f 2945//17 2940//17 2944//17
f 944//42 948//42 2819//42
f 948//42 947//42 2819//42
f 3008//43 2107//43 944//43
f 2107//43 948//43 944//43
f 2821//44 949//44 2822//44
f 949//44 2108//44 2822//44
f 2823//45 950//45 2821//45
f 950//45 949//45 2821//45
f 2824//27 951//27 2823//27
f 951//27 950//27 2823//27
f 2820//29 946//29 3006//29
f 946//29 945//29 3006//29
f 3006//30 945//30 2824//30
f 945//30 951//30 2824//30
f 2819//32 947//32 2820//32
f 947//32 946//32 2820//32
f 2826//6 954//6 2828//6
f 2828//6 954//6 960//6
f 2827//8 956//8 2825//8
f 2825//8 956//8 955//8
f 952//10 957//10 2827//10
f 2827//10 957//10 956//10
f 3010//12 2119//12 952//12
f 952//12 2119//12 957//12
f 2946//15 958//15 2947//15
f 2947//15 958//15 2120//15
f 2829//1 959//1 2946//1
f 2946//1 959//1 958//1
f 2828//3 960//3 2829//3
f 2829//3 960//3 959//3
f 2825//5 955//5 2826//5
f 2826//5 955//5 954//5
f 3007//17 2273//17 3009//17
f 3009//17 2273//17 2281//17
f 1109//17 3007//17 1115//17
f 1115//17 3007//17 3009//17
f 1108//17 1109//17 1113//17
f 1113//17 1109//17 1115//17
f 943//17 1108//17 1114//17
f 1114//17 1108//17 1113//17
f 1112//17 943//17 1117//17
f 1117//17 943//17 1114//17
f 1111//17 1112//17 1116//17
f 1116//17 1112//17 1117//17
f 1110//17 1111//17 953//17
f 953//17 1111//17 1116//17
f 2274//17 1110//17 2113//17
f 2113//17 1110//17 953//17
f 2950//19 970//19 2948//19
f 970//19 969//19 2948//19
f 2412//61 389//61 2950//61
f 389//61 970//61 2950//61
f 2831//62 964//62 2687//62
f 964//62 388//62 2687//62
f 2830//24 965//24 2831//24
f 965//24 964//24 2831//24
f 2832//26 966//26 2830//26
f 966//26 965//26 2830//26
f 2833//28 967//28 2832//28
f 967//28 966//28 2832//28
f 961//31 968//31 2833//31
f 968//31 967//31 2833//31
f 2948//33 969//33 961//33
f 969//33 968//33 961//33
f 973//34 979//34 2952//34
f 2952//34 979//34 978//34
f 2835//36 980//36 973//36
f 973//36 980//36 979//36
f 2834//11 981//11 2835//11
f 2835//11 981//11 980//11
f 2586//63 400//63 2834//63
f 2834//63 400//63 981//63
f 3012//64 975//64 2689//64
f 2689//64 975//64 974//64
f 3011//16 976//16 3012//16
f 3012//16 976//16 975//16
f 3013//39 977//39 3011//39
f 3011//39 977//39 976//39
f 2952//41 978//41 3013//41
f 3013//41 978//41 977//41
f 962//17 963//17 1124//17
f 1124//17 963//17 1125//17
f 2949//17 962//17 2951//17
f 2951//17 962//17 1124//17
f 1121//17 2949//17 972//17
f 972//17 2949//17 2951//17
f 1120//17 1121//17 1123//17
f 1123//17 1121//17 972//17
f 1119//17 1120//17 971//17
f 971//17 1120//17 1123//17
f 1118//17 1119//17 1122//17
f 1122//17 1119//17 971//17
f 630//17 1118//17 638//17
f 638//17 1118//17 1122//17
f 963//17 631//17 1125//17
f 1125//17 631//17 394//17
f 986//24 2839//24 985//24
f 2839//24 2840//24 985//24
f 989//25 2845//25 3019//25
f 2845//25 2846//25 3019//25
f 3015//65 2841//65 986//65
f 2841//65 2839//65 986//65
f 3016//66 3020//66 3015//66
f 3020//66 2841//66 3015//66
f 1010//17 1131//17 987//17
f 987//17 1131//17 3029//17
f 2954//47 991//47 3014//47
f 991//47 990//47 3014//47
f 2957//67 2842//67 2958//67
f 2842//67 2843//67 2958//67
f 984//18 2838//18 2954//18
f 2838//18 991//18 2954//18
f 2874//19 2844//19 2957//19
f 2844//19 2842//19 2957//19
f 2850//11 2863//11 2848//11
f 2848//11 2863//11 2862//11
f 2961//12 2856//12 1005//12
f 1005//12 2856//12 2855//12
f 2851//48 2864//48 2850//48
f 2850//48 2864//48 2863//48
f 1007//49 2857//49 2961//49
f 2961//49 2857//49 2856//49
f 2968//15 2865//15 2851//15
f 2851//15 2865//15 2864//15
f 1008//16 2858//16 1007//16
f 1007//16 2858//16 2857//16
f 1012//1 2866//1 2968//1
f 2968//1 2866//1 2865//1
f 2965//39 2859//39 1008//39
f 1008//39 2859//39 2858//39
f 3023//40 2867//40 1012//40
f 1012//40 2867//40 2866//40
f 2966//4 2860//4 2965//4
f 2965//4 2860//4 2859//4
f 2959//50 2852//50 2960//50
f 2960//50 2852//50 2853//50
f 2960//51 2853//51 3023//51
f 3023//51 2853//51 2867//51
f 2849//7 2861//7 2966//7
f 2966//7 2861//7 2860//7
f 3022//35 2854//35 2959//35
f 2959//35 2854//35 2852//35
f 2848//36 2862//36 2849//36
f 2849//36 2862//36 2861//36
f 1005//10 2855//10 3022//10
f 3022//10 2855//10 2854//10
f 1129//17 3018//17 1011//17
f 1011//17 3018//17 2967//17
f 988//17 1128//17 1132//17
f 1132//17 1128//17 1133//17
f 987//17 988//17 1010//17
f 1010//17 988//17 1132//17
f 2955//17 1126//17 2964//17
f 2964//17 1126//17 1009//17
f 2956//17 2955//17 2963//17
f 2963//17 2955//17 2964//17
f 983//17 2953//17 1130//17
f 1130//17 2953//17 2962//17
f 982//17 983//17 1004//17
f 1004//17 983//17 1130//17
f 3029//17 1131//17 3017//17
f 1126//17 3017//17 1009//17
f 1009//17 3017//17 1131//17
f 1135//17 1029//17 1003//17
f 1003//17 1029//17 2707//17
f 2707//17 2759//17 1003//17
f 1003//17 2759//17 1004//17
f 1004//17 2759//17 982//17
f 3028//52 3030//52 3046//52
f 3030//52 3025//52 3046//52
f 3048//17 2315//17 3017//17
f 3017//17 2315//17 3029//17
f 2958//68 2843//68 1136//68
f 2843//68 3024//68 1136//68
f 3031//54 2847//54 989//54
f 2847//54 2845//54 989//54
f 3018//17 1029//17 2967//17
f 2967//17 1029//17 1135//17
f 689//55 2847//55 690//55
f 2847//55 3031//55 690//55
f 990//5 691//5 3014//5
f 691//69 692//69 3014//69
f 2970//17 3036//17 2744//17
f 2744//17 3036//17 3032//17
f 2971//57 3038//57 2969//57
f 2969//57 3038//57 3037//57
f 687//57 694//57 3033//57
f 694//57 2869//57 3033//57
f 985//70 2840//70 1138//70
f 2840//70 3039//70 1138//70
f 1139//59 2868//59 984//59
f 2868//59 2838//59 984//59
f 3032//17 3036//17 1006//17
f 1006//17 3036//17 2963//17
f 2963//17 3036//17 2956//17
f 1006//17 2962//17 3032//17
f 3032//17 2962//17 2953//17
f 1141//17 2871//17 3026//17
f 3026//17 2871//17 2718//17
f 2870//57 2876//57 2872//57
f 2872//57 2876//57 3041//57
f 693//57 688//57 3034//57
f 688//57 3027//57 3034//57
f 2844//71 2874//71 3042//71
f 2874//71 2875//71 3042//71
f 3043//52 3040//52 2873//52
f 2873//52 3040//52 1144//52
f 2846//58 3035//58 3019//58
f 3035//58 1143//58 3019//58
f 1134//17 3026//17 1011//17
f 1011//17 3026//17 1129//17
f 1134//17 1133//17 1141//17
f 1141//17 1133//17 1128//17
f 1141//17 3026//17 1134//17
f 2972//56 1031//56 3045//56
f 3045//56 1031//56 3044//56
f 3021//56 1127//56 3047//56
f 1127//72 2317//72 3047//72
f 993//17 1140//17 1032//17
f 993//17 1032//17 2319//17
f 994//17 993//17 2319//17
f 995//17 994//17 2316//17
f 996//17 995//17 2316//17
f 2316//17 994//17 2319//17
f 999//17 1145//17 1033//17
f 999//17 2318//17 1145//17
f 998//17 2318//17 999//17
f 2318//17 998//17 2314//17
f 2314//17 998//17 997//17
f 2314//17 997//17 1137//17
f 992//17 2836//17 2746//17
f 1030//17 992//17 2746//17
f 1021//17 1146//17 1020//17
f 1000//17 2720//17 1001//17
f 1142//17 2720//17 1000//17
f 1014//17 1146//17 1013//17
f 1013//17 1146//17 1028//17
f 1022//17 1146//17 1021//17
f 1015//17 1146//17 1014//17
f 1023//17 1146//17 1022//17
f 1016//17 1146//17 1015//17
f 1024//17 1146//17 1023//17
f 1017//17 1146//17 1016//17
f 1025//17 1146//17 1024//17
f 1018//17 1146//17 1017//17
f 1026//17 1146//17 1025//17
f 1019//17 1146//17 1018//17
f 1027//17 1146//17 1026//17
f 1020//17 1146//17 1019//17
f 1028//17 1146//17 1027//17
f 2758//17 466//17 2837//17
f 1002//17 470//17 2756//17
f 1001//17 470//17 1002//17
f 2720//17 470//17 1001//17
f 2741//17 2747//17 2727//17
f 2312//17 2970//17 1835//17
f 2737//17 2631//17 682//17
f 2727//17 2747//17 2625//17
f 2970//17 2744//17 1835//17
f 2625//17 2747//17 1835//17
f 1835//17 2744//17 2625//17
f 2718//17 2871//17 1837//17
f 1837//17 2631//17 679//17
f 1837//17 679//17 2718//17
f 1837//17 2871//17 2313//17
f 679//17 2631//17 2737//17
f 1161//11 1160//11 1170//11
f 1160//11 3053//11 1170//11
f 1154//8 1153//8 1167//8
f 1153//8 1166//8 1167//8
f 1162//9 1161//9 3056//9
f 1161//9 1170//9 3056//9
f 1155//5 1154//5 3052//5
f 1154//5 1167//5 3052//5
f 1148//4 1147//4 1163//4
f 1147//4 3055//4 1163//4
f 1147//7 1162//7 3055//7
f 1162//7 3056//7 3055//7
f 1156//6 1155//6 3051//6
f 1155//6 3052//6 3051//6
f 1149//2 1148//2 1164//2
f 1148//2 1163//2 1164//2
f 1157//3 1156//3 1168//3
f 1156//3 3051//3 1168//3
f 1150//16 1149//16 1165//16
f 1149//16 1164//16 1165//16
f 1158//1 1157//1 1169//1
f 1157//1 1168//1 1169//1
f 1151//14 1150//14 3050//14
f 1150//14 1165//14 3050//14
f 1159//15 1158//15 3054//15
f 1158//15 1169//15 3054//15
f 1152//12 1151//12 3049//12
f 1151//12 3050//12 3049//12
f 1160//13 1159//13 3053//13
f 1159//13 3054//13 3053//13
f 1153//10 1152//10 1166//10
f 1152//10 3049//10 1166//10
f 1660//17 1171//17 3213//17
f 3213//17 1171//17 3212//17
f 3212//17 1171//17 3214//17
f 3214//17 1171//17 1661//17
f 1661//17 1171//17 1662//17
f 1662//17 1171//17 3216//17
f 3216//17 1171//17 3215//17
f 3215//17 1171//17 1663//17
f 1663//17 1171//17 1664//17
f 1664//17 1171//17 3218//17
f 3218//17 1171//17 3217//17
f 3217//17 1171//17 1665//17
f 1665//17 1171//17 1666//17
f 1666//17 1171//17 3360//17
f 3360//17 1171//17 1667//17
f 1667//17 1171//17 1660//17
f 1186//11 1185//11 3066//11
f 1185//11 3064//11 3066//11
f 1179//8 1178//8 1190//8
f 1178//8 1189//8 1190//8
f 1187//9 1186//9 1193//9
f 1186//9 3066//9 1193//9
f 1180//5 1179//5 1191//5
f 1179//5 1190//5 1191//5
f 1173//4 1172//4 3057//4
f 1172//4 3058//4 3057//4
f 1172//7 1187//7 3058//7
f 1187//7 1193//7 3058//7
f 1181//6 1180//6 3063//6
f 1180//6 1191//6 3063//6
f 1174//2 1173//2 3059//2
f 1173//2 3057//2 3059//2
f 1182//3 1181//3 3062//3
f 1181//3 3063//3 3062//3
f 1175//16 1174//16 3060//16
f 1174//16 3059//16 3060//16
f 1183//1 1182//1 1192//1
f 1182//1 3062//1 1192//1
f 1176//14 1175//14 3061//14
f 1175//14 3060//14 3061//14
f 1184//15 1183//15 3065//15
f 1183//15 1192//15 3065//15
f 1177//12 1176//12 1188//12
f 1176//12 3061//12 1188//12
f 1185//13 1184//13 3064//13
f 1184//13 3065//13 3064//13
f 1178//10 1177//10 1189//10
f 1177//10 1188//10 1189//10
f 1669//17 1194//17 1668//17
f 1668//17 1194//17 1670//17
f 1670//17 1194//17 1671//17
f 1671//17 1194//17 1672//17
f 1672//17 1194//17 3220//17
f 3220//17 1194//17 3219//17
f 3219//17 1194//17 3221//17
f 3221//17 1194//17 3222//17
f 3222//17 1194//17 1673//17
f 1673//17 1194//17 1674//17
f 1674//17 1194//17 3361//17
f 3361//17 1194//17 1675//17
f 1675//17 1194//17 1676//17
f 1676//17 1194//17 1677//17
f 1677//17 1194//17 3362//17
f 3362//17 1194//17 1669//17
f 1209//11 1208//11 1218//11
f 1208//11 1217//11 1218//11
f 1202//8 1201//8 1214//8
f 1201//8 3069//8 1214//8
f 1210//9 1209//9 1219//9
f 1209//9 1218//9 1219//9
f 1203//5 1202//5 1215//5
f 1202//5 1214//5 1215//5
f 1196//4 1195//4 1211//4
f 1195//4 3363//4 1211//4
f 1195//7 1210//7 3363//7
f 1210//7 1219//7 3363//7
f 1204//6 1203//6 3071//6
f 1203//6 1215//6 3071//6
f 1197//2 1196//2 1212//2
f 1196//2 1211//2 1212//2
f 1205//3 1204//3 3070//3
f 1204//3 3071//3 3070//3
f 1198//16 1197//16 1213//16
f 1197//16 1212//16 1213//16
f 1206//1 1205//1 1216//1
f 1205//1 3070//1 1216//1
f 1199//14 1198//14 3068//14
f 1198//14 1213//14 3068//14
f 1207//15 1206//15 3365//15
f 1206//15 1216//15 3365//15
f 1200//12 1199//12 3067//12
f 1199//12 3068//12 3067//12
f 1208//13 1207//13 1217//13
f 1207//13 3365//13 1217//13
f 1201//10 1200//10 3069//10
f 1200//10 3067//10 3069//10
f 1678//17 1220//17 3224//17
f 3224//17 1220//17 3223//17
f 3223//17 1220//17 3225//17
f 3225//17 1220//17 1679//17
f 1679//17 1220//17 1680//17
f 1680//17 1220//17 1681//17
f 1681//17 1220//17 3227//17
f 3227//17 1220//17 3226//17
f 3226//17 1220//17 1682//17
f 1682//17 1220//17 1683//17
f 1683//17 1220//17 3364//17
f 3364//17 1220//17 1684//17
f 1684//17 1220//17 3229//17
f 3229//17 1220//17 3228//17
f 3228//17 1220//17 3230//17
f 3230//17 1220//17 1678//17
f 1235//11 1234//11 3076//11
f 1234//11 3077//11 3076//11
f 1228//8 1227//8 1240//8
f 1227//8 3368//8 1240//8
f 1236//9 1235//9 1244//9
f 1235//9 3076//9 1244//9
f 1229//5 1228//5 3075//5
f 1228//5 1240//5 3075//5
f 1222//4 1221//4 1237//4
f 1221//4 3366//4 1237//4
f 1221//7 1236//7 3366//7
f 1236//7 1244//7 3366//7
f 1230//6 1229//6 3074//6
f 1229//6 3075//6 3074//6
f 1223//2 1222//2 1238//2
f 1222//2 1237//2 1238//2
f 1231//3 1230//3 1241//3
f 1230//3 3074//3 1241//3
f 1224//16 1223//16 3073//16
f 1223//16 1238//16 3073//16
f 1232//1 1231//1 1242//1
f 1231//1 1241//1 1242//1
f 1225//14 1224//14 3072//14
f 1224//14 3073//14 3072//14
f 1233//15 1232//15 1243//15
f 1232//15 1242//15 1243//15
f 1226//12 1225//12 1239//12
f 1225//12 3072//12 1239//12
f 1234//13 1233//13 3077//13
f 1233//13 1243//13 3077//13
f 1227//10 1226//10 3368//10
f 1226//10 1239//10 3368//10
f 1685//17 1245//17 3232//17
f 3232//17 1245//17 3231//17
f 3231//17 1245//17 1686//17
f 1686//17 1245//17 1687//17
f 1687//17 1245//17 3367//17
f 3367//17 1245//17 1688//17
f 1688//17 1245//17 3369//17
f 3369//17 1245//17 1689//17
f 1689//17 1245//17 1690//17
f 1690//17 1245//17 3234//17
f 3234//17 1245//17 3233//17
f 3233//17 1245//17 3235//17
f 3235//17 1245//17 1691//17
f 1691//17 1245//17 1692//17
f 1692//17 1245//17 3370//17
f 3370//17 1245//17 1685//17
f 1260//11 1259//11 1268//11
f 1259//11 3377//11 1268//11
f 1253//8 1252//8 3078//8
f 1252//8 3079//8 3078//8
f 1261//9 1260//9 3083//9
f 1260//9 1268//9 3083//9
f 1254//5 1253//5 1265//5
f 1253//5 3078//5 1265//5
f 1247//4 1246//4 1262//4
f 1246//4 3082//4 1262//4
f 1246//7 1261//7 3082//7
f 1261//7 3083//7 3082//7
f 1255//6 1254//6 1266//6
f 1254//6 1265//6 1266//6
f 1248//2 1247//2 3372//2
f 1247//2 1262//2 3372//2
f 1256//3 1255//3 3081//3
f 1255//3 1266//3 3081//3
f 1249//16 1248//16 1263//16
f 1248//16 3372//16 1263//16
f 1257//1 1256//1 3080//1
f 1256//1 3081//1 3080//1
f 1250//14 1249//14 3374//14
f 1249//14 1263//14 3374//14
f 1258//15 1257//15 1267//15
f 1257//15 3080//15 1267//15
f 1251//12 1250//12 1264//12
f 1250//12 3374//12 1264//12
f 1259//13 1258//13 3377//13
f 1258//13 1267//13 3377//13
f 1252//10 1251//10 3079//10
f 1251//10 1264//10 3079//10
f 1693//17 1269//17 3371//17
f 3371//17 1269//17 1694//17
f 1694//17 1269//17 3373//17
f 3373//17 1269//17 1695//17
f 1695//17 1269//17 3375//17
f 3375//17 1269//17 1696//17
f 1696//17 1269//17 1697//17
f 1697//17 1269//17 3237//17
f 3237//17 1269//17 3236//17
f 3236//17 1269//17 1698//17
f 1698//17 1269//17 1699//17
f 1699//17 1269//17 3376//17
f 3376//17 1269//17 1700//17
f 1700//17 1269//17 3378//17
f 3378//17 1269//17 1701//17
f 1701//17 1269//17 1693//17
f 1284//11 1283//11 1292//11
f 1283//11 3089//11 1292//11
f 1277//8 1276//8 1291//8
f 1276//8 1290//8 1291//8
f 1285//9 1284//9 3091//9
f 1284//9 1292//9 3091//9
f 1278//5 1277//5 3085//5
f 1277//5 1291//5 3085//5
f 1271//4 1270//4 1286//4
f 1270//4 3090//4 1286//4
f 1270//7 1285//7 3090//7
f 1285//7 3091//7 3090//7
f 1279//6 1278//6 3084//6
f 1278//6 3085//6 3084//6
f 1272//2 1271//2 1287//2
f 1271//2 1286//2 1287//2
f 1280//3 1279//3 3086//3
f 1279//3 3084//3 3086//3
f 1273//16 1272//16 1288//16
f 1272//16 1287//16 1288//16
f 1281//1 1280//1 3087//1
f 1280//1 3086//1 3087//1
f 1274//14 1273//14 1289//14
f 1273//14 1288//14 1289//14
f 1282//15 1281//15 3088//15
f 1281//15 3087//15 3088//15
f 1275//12 1274//12 3379//12
f 1274//12 1289//12 3379//12
f 1283//13 1282//13 3089//13
f 1282//13 3088//13 3089//13
f 1276//10 1275//10 1290//10
f 1275//10 3379//10 1290//10
f 1702//17 1293//17 3239//17
f 3239//17 1293//17 3238//17
f 3238//17 1293//17 3240//17
f 3240//17 1293//17 3241//17
f 3241//17 1293//17 1703//17
f 1703//17 1293//17 3243//17
f 3243//17 1293//17 3242//17
f 3242//17 1293//17 1704//17
f 1704//17 1293//17 1705//17
f 1705//17 1293//17 1706//17
f 1706//17 1293//17 1707//17
f 1707//17 1293//17 1708//17
f 1708//17 1293//17 1709//17
f 1709//17 1293//17 3380//17
f 3380//17 1293//17 1710//17
f 1710//17 1293//17 1702//17
f 1308//11 1307//11 3094//11
f 1307//11 3095//11 3094//11
f 1301//8 1300//8 3381//8
f 1300//8 1314//8 3381//8
f 1309//9 1308//9 3096//9
f 1308//9 3094//9 3096//9
f 1302//5 1301//5 1315//5
f 1301//5 3381//5 1315//5
f 1295//4 1294//4 3092//4
f 1294//4 3093//4 3092//4
f 1294//7 1309//7 3093//7
f 1309//7 3096//7 3093//7
f 1303//6 1302//6 3383//6
f 1302//6 1315//6 3383//6
f 1296//2 1295//2 1310//2
f 1295//2 3092//2 1310//2
f 1304//3 1303//3 1316//3
f 1303//3 3383//3 1316//3
f 1297//16 1296//16 1311//16
f 1296//16 1310//16 1311//16
f 1305//1 1304//1 1317//1
f 1304//1 1316//1 1317//1
f 1298//14 1297//14 1312//14
f 1297//14 1311//14 1312//14
f 1306//15 1305//15 1318//15
f 1305//15 1317//15 1318//15
f 1299//12 1298//12 1313//12
f 1298//12 1312//12 1313//12
f 1307//13 1306//13 3095//13
f 1306//13 1318//13 3095//13
f 1300//10 1299//10 1314//10
f 1299//10 1313//10 1314//10
f 1712//17 1319//17 1711//17
f 1711//17 1319//17 3245//17
f 3245//17 1319//17 3244//17
f 3244//17 1319//17 3246//17
f 3246//17 1319//17 3247//17
f 3247//17 1319//17 3248//17
f 3248//17 1319//17 1713//17
f 1713//17 1319//17 3382//17
f 3382//17 1319//17 1714//17
f 1714//17 1319//17 3250//17
f 3250//17 1319//17 3249//17
f 3249//17 1319//17 3251//17
f 3251//17 1319//17 1715//17
f 1715//17 1319//17 1716//17
f 1716//17 1319//17 1717//17
f 1717//17 1319//17 1712//17
f 1334//11 1333//11 3386//11
f 1333//11 1347//11 3386//11
f 1327//8 1326//8 1341//8
f 1326//8 3385//8 1341//8
f 1335//9 1334//9 1348//9
f 1334//9 3386//9 1348//9
f 1328//5 1327//5 1342//5
f 1327//5 1341//5 1342//5
f 1321//4 1320//4 1336//4
f 1320//4 3384//4 1336//4
f 1320//7 1335//7 3384//7
f 1335//7 1348//7 3384//7
f 1329//6 1328//6 1343//6
f 1328//6 1342//6 1343//6
f 1322//2 1321//2 1337//2
f 1321//2 1336//2 1337//2
f 1330//3 1329//3 1344//3
f 1329//3 1343//3 1344//3
f 1323//16 1322//16 1338//16
f 1322//16 1337//16 1338//16
f 1331//1 1330//1 1345//1
f 1330//1 1344//1 1345//1
f 1324//14 1323//14 1339//14
f 1323//14 1338//14 1339//14
f 1332//15 1331//15 1346//15
f 1331//15 1345//15 1346//15
f 1325//12 1324//12 1340//12
f 1324//12 1339//12 1340//12
f 1333//13 1332//13 1347//13
f 1332//13 1346//13 1347//13
f 1326//10 1325//10 3385//10
f 1325//10 1340//10 3385//10
f 1718//17 1349//17 3253//17
f 3253//17 1349//17 3252//17
f 3252//17 1349//17 3254//17
f 3254//17 1349//17 3255//17
f 3255//17 1349//17 3256//17
f 3256//17 1349//17 1719//17
f 1719//17 1349//17 3258//17
f 3258//17 1349//17 3257//17
f 3257//17 1349//17 3259//17
f 3259//17 1349//17 3260//17
f 3260//17 1349//17 3261//17
f 3261//17 1349//17 3262//17
f 3262//17 1349//17 3263//17
f 3263//17 1349//17 1720//17
f 1720//17 1349//17 3387//17
f 3387//17 1349//17 1718//17
f 1364//11 1363//11 3103//11
f 1363//11 3101//11 3103//11
f 1357//8 1356//8 1371//8
f 1356//8 1370//8 1371//8
f 1365//9 1364//9 1374//9
f 1364//9 3103//9 1374//9
f 1358//5 1357//5 1372//5
f 1357//5 1371//5 1372//5
f 1351//4 1350//4 1367//4
f 1350//4 1366//4 1367//4
f 1350//7 1365//7 1366//7
f 1365//7 1374//7 1366//7
f 1359//6 1358//6 3100//6
f 1358//6 1372//6 3100//6
f 1352//2 1351//2 3098//2
f 1351//2 1367//2 3098//2
f 1360//3 1359//3 3099//3
f 1359//3 3100//3 3099//3
f 1353//16 1352//16 3097//16
f 1352//16 3098//16 3097//16
f 1361//1 1360//1 1373//1
f 1360//1 3099//1 1373//1
f 1354//14 1353//14 1368//14
f 1353//14 3097//14 1368//14
f 1362//15 1361//15 3102//15
f 1361//15 1373//15 3102//15
f 1355//12 1354//12 1369//12
f 1354//12 1368//12 1369//12
f 1363//13 1362//13 3101//13
f 1362//13 3102//13 3101//13
f 1356//10 1355//10 1370//10
f 1355//10 1369//10 1370//10
f 3265//17 1375//17 3264//17
f 3264//17 1375//17 1721//17
f 1721//17 1375//17 1722//17
f 1722//17 1375//17 3268//17
f 3268//17 1375//17 3267//17
f 3267//17 1375//17 3269//17
f 3269//17 1375//17 3270//17
f 3270//17 1375//17 3271//17
f 3271//17 1375//17 1723//17
f 1723//17 1375//17 1724//17
f 1724//17 1375//17 3388//17
f 3388//17 1375//17 1725//17
f 1725//17 1375//17 1726//17
f 1726//17 1375//17 1727//17
f 1727//17 1375//17 3266//17
f 3266//17 1375//17 3265//17
f 1390//11 1389//11 3112//11
f 1389//11 3110//11 3112//11
f 1383//8 1382//8 1393//8
f 1382//8 3109//8 1393//8
f 1391//9 1390//9 1397//9
f 1390//9 3112//9 1397//9
f 1384//5 1383//5 1394//5
f 1383//5 1393//5 1394//5
f 1377//4 1376//4 3104//4
f 1376//4 3105//4 3104//4
f 1376//7 1391//7 3105//7
f 1391//7 1397//7 3105//7
f 1385//6 1384//6 1395//6
f 1384//6 1394//6 1395//6
f 1378//2 1377//2 1392//2
f 1377//2 3104//2 1392//2
f 1386//3 1385//3 3390//3
f 1385//3 1395//3 3390//3
f 1379//16 1378//16 3107//16
f 1378//16 1392//16 3107//16
f 1387//1 1386//1 1396//1
f 1386//1 3390//1 1396//1
f 1380//14 1379//14 3106//14
f 1379//14 3107//14 3106//14
f 1388//15 1387//15 3111//15
f 1387//15 1396//15 3111//15
f 1381//12 1380//12 3108//12
f 1380//12 3106//12 3108//12
f 1389//13 1388//13 3110//13
f 1388//13 3111//13 3110//13
f 1382//10 1381//10 3109//10
f 1381//10 3108//10 3109//10
f 1729//17 1398//17 1728//17
f 1728//17 1398//17 3389//17
f 3389//17 1398//17 1730//17
f 1730//17 1398//17 1731//17
f 1731//17 1398//17 1732//17
f 1732//17 1398//17 1733//17
f 1733//17 1398//17 3273//17
f 3273//17 1398//17 3272//17
f 3272//17 1398//17 3274//17
f 3274//17 1398//17 1734//17
f 1734//17 1398//17 3391//17
f 3391//17 1398//17 1735//17
f 1735//17 1398//17 1736//17
f 1736//17 1398//17 1737//17
f 1737//17 1398//17 3392//17
f 3392//17 1398//17 1729//17
f 1413//11 1412//11 3113//11
f 1412//11 3114//11 3113//11
f 1406//8 1405//8 1420//8
f 1405//8 3393//8 1420//8
f 1414//9 1413//9 3115//9
f 1413//9 3113//9 3115//9
f 1407//5 1406//5 1421//5
f 1406//5 1420//5 1421//5
f 1400//4 1399//4 1415//4
f 1399//4 3116//4 1415//4
f 1399//7 1414//7 3116//7
f 1414//7 3115//7 3116//7
f 1408//6 1407//6 3394//6
f 1407//6 1421//6 3394//6
f 1401//2 1400//2 1416//2
f 1400//2 1415//2 1416//2
f 1409//3 1408//3 1422//3
f 1408//3 3394//3 1422//3
f 1402//16 1401//16 1417//16
f 1401//16 1416//16 1417//16
f 1410//1 1409//1 3396//1
f 1409//1 1422//1 3396//1
f 1403//14 1402//14 1418//14
f 1402//14 1417//14 1418//14
f 1411//15 1410//15 1423//15
f 1410//15 3396//15 1423//15
f 1404//12 1403//12 1419//12
f 1403//12 1418//12 1419//12
f 1412//13 1411//13 3114//13
f 1411//13 1423//13 3114//13
f 1405//10 1404//10 3393//10
f 1404//10 1419//10 3393//10
f 1738//17 1424//17 3276//17
f 3276//17 1424//17 3275//17
f 3275//17 1424//17 3277//17
f 3277//17 1424//17 3278//17
f 3278//17 1424//17 3279//17
f 3279//17 1424//17 1739//17
f 1739//17 1424//17 3281//17
f 3281//17 1424//17 3280//17
f 3280//17 1424//17 1740//17
f 1740//17 1424//17 3395//17
f 3395//17 1424//17 1741//17
f 1741//17 1424//17 3397//17
f 3397//17 1424//17 1742//17
f 1742//17 1424//17 1743//17
f 1743//17 1424//17 1744//17
f 1744//17 1424//17 1738//17
f 1439//11 1438//11 3117//11
f 1438//11 3118//11 3117//11
f 1432//8 1431//8 3403//8
f 1431//8 1444//8 3403//8
f 1440//9 1439//9 1449//9
f 1439//9 3117//9 1449//9
f 1433//5 1432//5 1445//5
f 1432//5 3403//5 1445//5
f 1426//4 1425//4 1441//4
f 1425//4 3398//4 1441//4
f 1425//7 1440//7 3398//7
f 1440//7 1449//7 3398//7
f 1434//6 1433//6 1446//6
f 1433//6 1445//6 1446//6
f 1427//2 1426//2 1442//2
f 1426//2 1441//2 1442//2
f 1435//3 1434//3 3404//3
f 1434//3 1446//3 3404//3
f 1428//16 1427//16 3399//16
f 1427//16 1442//16 3399//16
f 1436//1 1435//1 1447//1
f 1435//1 3404//1 1447//1
f 1429//14 1428//14 1443//14
f 1428//14 3399//14 1443//14
f 1437//15 1436//15 1448//15
f 1436//15 1447//15 1448//15
f 1430//12 1429//12 3401//12
f 1429//12 1443//12 3401//12
f 1438//13 1437//13 3118//13
f 1437//13 1448//13 3118//13
f 1431//10 1430//10 1444//10
f 1430//10 3401//10 1444//10
f 1745//17 1450//17 3283//17
f 3283//17 1450//17 3282//17
f 3282//17 1450//17 1746//17
f 1746//17 1450//17 3400//17
f 3400//17 1450//17 1747//17
f 1747//17 1450//17 3402//17
f 3402//17 1450//17 1748//17
f 1748//17 1450//17 3285//17
f 3285//17 1450//17 3284//17
f 3284//17 1450//17 1749//17
f 1749//17 1450//17 3287//17
f 3287//17 1450//17 3286//17
f 3286//17 1450//17 1750//17
f 1750//17 1450//17 1751//17
f 1751//17 1450//17 3405//17
f 3405//17 1450//17 1745//17
f 3122//24 3121//24 1461//24
f 3121//24 1460//24 1461//24
f 3288//25 1453//25 1469//25
f 1453//25 1468//25 1469//25
f 3406//73 3122//73 1462//73
f 3122//73 1461//73 1462//73
f 1455//44 3288//44 1470//44
f 3288//44 1469//44 1470//44
f 3124//43 3406//43 1463//43
f 3406//43 1462//43 1463//43
f 3408//74 1455//74 1471//74
f 1455//74 1470//74 1471//74
f 3123//18 3124//18 1464//18
f 3124//18 1463//18 1464//18
f 3292//19 3408//19 1472//19
f 3408//19 1471//19 1472//19
f 1452//47 3123//47 1465//47
f 3123//47 1464//47 1465//47
f 3291//67 3292//67 1473//67
f 3292//67 1472//67 1473//67
f 3126//75 1452//75 1466//75
f 1452//75 1465//75 1466//75
f 3119//76 3120//76 1459//76
f 3120//76 1458//76 1459//76
f 3120//77 3291//77 1458//77
f 3291//77 1473//77 1458//77
f 3125//78 3126//78 1467//78
f 3126//78 1466//78 1467//78
f 3121//65 3119//65 1460//65
f 3119//65 1459//65 1460//65
f 1453//54 3125//54 1468//54
f 3125//54 1467//54 1468//54
f 3294//7 3129//7 1484//7
f 1484//7 3129//7 1499//7
f 3300//51 3409//51 1493//51
f 1493//51 3409//51 1492//51
f 3295//39 3293//39 1486//39
f 1486//39 3293//39 1485//39
f 1481//40 3300//40 1494//40
f 1494//40 3300//40 1493//40
f 3128//16 3295//16 1487//16
f 1487//16 3295//16 1486//16
f 3410//1 1481//1 1495//1
f 1495//1 1481//1 1494//1
f 3127//49 3128//49 1488//49
f 1488//49 3128//49 1487//49
f 1482//15 3410//15 1496//15
f 1496//15 3410//15 1495//15
f 3297//12 3127//12 1489//12
f 1489//12 3127//12 1488//12
f 3301//48 1482//48 1497//48
f 1497//48 1482//48 1496//48
f 3296//10 3297//10 1490//10
f 1490//10 3297//10 1489//10
f 3130//11 3301//11 1498//11
f 1498//11 3301//11 1497//11
f 1479//35 3296//35 1491//35
f 1491//35 3296//35 1490//35
f 3129//36 3130//36 1499//36
f 1499//36 3130//36 1498//36
f 3409//50 1479//50 1492//50
f 1492//50 1479//50 1491//50
f 3293//4 3294//4 1485//4
f 1485//4 3294//4 1484//4
f 3289//17 3299//17 1454//17
f 1454//17 3299//17 1764//17
f 1759//17 1480//17 3289//17
f 3289//17 1480//17 3299//17
f 1758//17 1763//17 1759//17
f 1759//17 1763//17 1480//17
f 3407//17 3298//17 1758//17
f 1758//17 3298//17 1763//17
f 1757//17 1478//17 3407//17
f 3407//17 1478//17 3298//17
f 1756//17 1477//17 1757//17
f 1757//17 1477//17 1478//17
f 1451//17 1762//17 1756//17
f 1756//17 1762//17 1477//17
f 1755//17 1761//17 1451//17
f 1451//17 1761//17 1762//17
f 1754//17 1476//17 1755//17
f 1755//17 1476//17 1761//17
f 1752//17 1475//17 1754//17
f 1754//17 1475//17 1476//17
f 1753//17 1474//17 1752//17
f 1752//17 1474//17 1475//17
f 1457//17 1766//17 1753//17
f 1753//17 1766//17 1474//17
f 1456//17 1765//17 1457//17
f 1457//17 1765//17 1766//17
f 1760//17 1483//17 1456//17
f 1456//17 1483//17 1765//17
f 3290//17 3302//17 1760//17
f 1760//17 3302//17 1483//17
f 1454//17 1764//17 3290//17
f 3290//17 1764//17 3302//17
f 3305//79 3303//79 1511//79
f 3303//79 1510//79 1511//79
f 1503//22 3305//22 2052//22
f 3305//22 1511//22 2052//22
f 1505//21 1504//21 1513//21
f 1504//21 1512//21 1513//21
f 3309//80 1505//80 1514//80
f 1505//80 1513//80 1514//80
f 3310//67 3309//67 1515//67
f 3309//67 1514//67 1515//67
f 3304//76 3411//76 1509//76
f 3411//76 1508//76 1509//76
f 3411//77 3310//77 1508//77
f 3310//77 1515//77 1508//77
f 3303//65 3304//65 1510//65
f 3304//65 1509//65 1510//65
f 3132//7 3135//7 1519//7
f 1519//7 3135//7 1527//7
f 3133//2 3131//2 1521//2
f 1521//2 3131//2 1520//2
f 3134//16 3133//16 1522//16
f 1522//16 3133//16 1521//16
f 1516//14 3134//14 1523//14
f 1523//14 3134//14 1522//14
f 1518//13 1517//13 1525//13
f 1525//13 1517//13 1524//13
f 3136//11 1518//11 1526//11
f 1526//11 1518//11 1525//11
f 3135//9 3136//9 1527//9
f 1527//9 3136//9 1526//9
f 3131//4 3132//4 1520//4
f 1520//4 3132//4 1519//4
f 1502//17 1771//17 3306//17
f 3306//17 1771//17 3412//17
f 1501//17 1770//17 1502//17
f 1502//17 1770//17 1771//17
f 1500//17 1768//17 1501//17
f 1501//17 1768//17 1770//17
f 1767//17 1769//17 1500//17
f 1500//17 1769//17 1768//17
f 1507//17 1773//17 1767//17
f 1767//17 1773//17 1769//17
f 1506//17 1772//17 1507//17
f 1507//17 1772//17 1773//17
f 3307//17 3311//17 1506//17
f 1506//17 3311//17 1772//17
f 3308//17 3312//17 3307//17
f 3307//17 3312//17 3311//17
f 1529//79 3137//79 1533//79
f 3137//79 1532//79 1533//79
f 3415//22 1529//22 1534//22
f 1529//22 1533//22 1534//22
f 3139//21 3140//21 1536//21
f 3140//21 1535//21 1536//21
f 3141//80 3139//80 1537//80
f 3139//80 1536//80 1537//80
f 3142//67 3141//67 1538//67
f 3141//67 1537//67 1538//67
f 3138//76 3413//76 1531//76
f 3413//76 1530//76 1531//76
f 3413//77 3142//77 1530//77
f 3142//77 1538//77 1530//77
f 3137//65 3138//65 1532//65
f 3138//65 1531//65 1532//65
f 3144//7 3146//7 1542//7
f 1542//7 3146//7 1549//7
f 3145//2 3143//2 1544//2
f 1544//2 3143//2 1543//2
f 1539//16 3145//16 1545//16
f 1545//16 3145//16 1544//16
f 3417//14 1539//14 2137//14
f 2137//14 1539//14 1545//14
f 3313//13 3314//13 1547//13
f 1547//13 3314//13 1546//13
f 3147//11 3313//11 1548//11
f 1548//11 3313//11 1547//11
f 3146//9 3147//9 1549//9
f 1549//9 3147//9 1548//9
f 3143//4 3144//4 1543//4
f 1543//4 3144//4 1542//4
f 3414//17 3416//17 1776//17
f 1776//17 3416//17 1784//17
f 1775//17 1783//17 3414//17
f 3414//17 1783//17 3416//17
f 1774//17 1781//17 1775//17
f 1775//17 1781//17 1783//17
f 1528//17 1782//17 1774//17
f 1774//17 1782//17 1781//17
f 1780//17 1786//17 1528//17
f 1528//17 1786//17 1782//17
f 1779//17 1785//17 1780//17
f 1780//17 1785//17 1786//17
f 1778//17 1541//17 1779//17
f 1779//17 1541//17 1785//17
f 1777//17 1540//17 1778//17
f 1778//17 1540//17 1541//17
f 1553//24 3317//24 1563//24
f 3317//24 1562//24 1563//24
f 3321//25 3319//25 1571//25
f 3319//25 1570//25 1571//25
f 3149//73 1553//73 1564//73
f 1553//73 1563//73 1564//73
f 3322//44 3321//44 1572//44
f 3321//44 1571//44 1572//44
f 3148//43 3149//43 1565//43
f 3149//43 1564//43 1565//43
f 3323//74 3322//74 1573//74
f 3322//74 1572//74 1573//74
f 3150//18 3148//18 1566//18
f 3148//18 1565//18 1566//18
f 1559//19 3323//19 1574//19
f 3323//19 1573//19 1574//19
f 3151//47 3150//47 1567//47
f 3150//47 1566//47 1567//47
f 3418//67 1559//67 1575//67
f 1559//67 1574//67 1575//67
f 3152//75 3151//75 1568//75
f 3151//75 1567//75 1568//75
f 3315//76 1550//76 1561//76
f 1550//76 1560//76 1561//76
f 1550//77 3418//77 1560//77
f 3418//77 1575//77 1560//77
f 1554//78 3152//78 1569//78
f 3152//78 1568//78 1569//78
f 3317//65 3315//65 1562//65
f 3315//65 1561//65 1562//65
f 3319//54 1554//54 1570//54
f 1554//54 1569//54 1570//54
f 1576//7 3326//7 1584//7
f 1584//7 3326//7 1599//7
f 1581//51 3330//51 1593//51
f 1593//51 3330//51 1592//51
f 3153//39 3154//39 1586//39
f 1586//39 3154//39 1585//39
f 3156//40 1581//40 1594//40
f 1594//40 1581//40 1593//40
f 1577//16 3153//16 1587//16
f 1587//16 3153//16 1586//16
f 3155//1 3156//1 1595//1
f 1595//1 3156//1 1594//1
f 3327//49 1577//49 1588//49
f 1588//49 1577//49 1587//49
f 3157//15 3155//15 1596//15
f 1596//15 3155//15 1595//15
f 3419//12 3327//12 1589//12
f 1589//12 3327//12 1588//12
f 3158//48 3157//48 1597//48
f 1597//48 3157//48 1596//48
f 3420//10 3419//10 1590//10
f 1590//10 3419//10 1589//10
f 1582//11 3158//11 1598//11
f 1598//11 3158//11 1597//11
f 3421//35 3420//35 1591//35
f 1591//35 3420//35 1590//35
f 3326//36 1582//36 1599//36
f 1599//36 1582//36 1598//36
f 3330//50 3421//50 1592//50
f 1592//50 3421//50 1591//50
f 3154//4 1576//4 1585//4
f 1585//4 1576//4 1584//4
f 1555//17 1797//17 1556//17
f 1556//17 1797//17 1798//17
f 3320//17 3329//17 1555//17
f 1555//17 3329//17 1797//17
f 1791//17 1580//17 3320//17
f 3320//17 1580//17 3329//17
f 1790//17 1796//17 1791//17
f 1791//17 1796//17 1580//17
f 1789//17 1579//17 1790//17
f 1790//17 1579//17 1796//17
f 1788//17 1795//17 1789//17
f 1789//17 1795//17 1579//17
f 1787//17 1578//17 1788//17
f 1788//17 1578//17 1795//17
f 3318//17 3328//17 1787//17
f 1787//17 3328//17 1578//17
f 1552//17 1794//17 3318//17
f 3318//17 1794//17 3328//17
f 1551//17 1793//17 1552//17
f 1552//17 1793//17 1794//17
f 3316//17 3325//17 1551//17
f 1551//17 3325//17 1793//17
f 1792//17 1583//17 3316//17
f 3316//17 1583//17 3325//17
f 3324//17 3331//17 1792//17
f 1792//17 3331//17 1583//17
f 1558//17 1800//17 3324//17
f 3324//17 1800//17 3331//17
f 1557//17 1799//17 1558//17
f 1558//17 1799//17 1800//17
f 1556//17 1798//17 1557//17
f 1557//17 1798//17 1799//17
f 1604//19 3162//19 1603//19
f 1603//19 3162//19 3163//19
f 1607//19 3427//19 3168//19
f 3427//19 3169//19 3168//19
f 3423//67 3164//67 1604//67
f 1604//67 3164//67 3162//67
f 3424//81 3428//81 3423//81
f 3423//81 3428//81 3164//81
f 1628//17 1605//17 1806//17
f 1806//17 1605//17 3436//17
f 3333//26 3422//26 3159//26
f 3422//26 3160//26 3159//26
f 3336//65 3165//65 3337//65
f 3337//65 3165//65 3166//65
f 1602//24 3333//24 3161//24
f 3333//24 3159//24 3161//24
f 3205//24 3167//24 3336//24
f 3336//24 3167//24 3165//24
f 3173//1 3171//1 3186//1
f 3186//1 3171//1 3185//1
f 3340//14 1623//14 3179//14
f 3179//14 1623//14 3178//14
f 3174//38 3173//38 3187//38
f 3187//38 3173//38 3186//38
f 1625//37 3340//37 3180//37
f 3180//37 3340//37 3179//37
f 3347//13 3174//13 3188//13
f 3188//13 3174//13 3187//13
f 1626//10 1625//10 3181//10
f 3181//10 1625//10 3180//10
f 1630//11 3347//11 3189//11
f 3189//11 3347//11 3188//11
f 3344//35 1626//35 3182//35
f 3182//35 1626//35 3181//35
f 3431//36 1630//36 3190//36
f 3190//36 1630//36 3189//36
f 3345//5 3344//5 3183//5
f 3183//5 3344//5 3182//5
f 3338//41 1621//41 3175//41
f 3175//41 1621//41 3176//41
f 1621//34 3431//34 3176//34
f 3176//34 3431//34 3190//34
f 3172//6 3345//6 3184//6
f 3184//6 3345//6 3183//6
f 3430//39 3338//39 3177//39
f 3177//39 3338//39 3175//39
f 3171//40 3172//40 3185//40
f 3185//40 3172//40 3184//40
f 1623//16 3430//16 3178//16
f 3178//16 3430//16 3177//16
f 1804//17 1629//17 3426//17
f 3426//17 1629//17 3346//17
f 1606//17 1807//17 1803//17
f 1803//17 1807//17 1808//17
f 1605//17 1628//17 1606//17
f 1606//17 1628//17 1807//17
f 3334//17 3343//17 1801//17
f 1801//17 3343//17 1627//17
f 3335//17 3342//17 3334//17
f 3334//17 3342//17 3343//17
f 1601//17 1805//17 3332//17
f 3332//17 1805//17 3341//17
f 1600//17 1622//17 1601//17
f 1601//17 1622//17 1805//17
f 3436//17 3425//17 1806//17
f 1801//17 1627//17 3425//17
f 3425//17 1627//17 1806//17
f 1810//17 3339//17 1648//17
f 1648//17 3339//17 3438//17
f 3438//17 3339//17 3443//17
f 3339//17 1622//17 3443//17
f 3443//17 1622//17 1600//17
f 3434//52 3479//52 3437//52
f 3479//52 3433//52 3437//52
f 3483//17 3425//17 3435//17
f 3435//17 3425//17 3436//17
f 3337//82 3166//82 1811//82
f 1811//82 3166//82 3432//82
f 3441//17 3469//17 3475//17
f 3443//17 3441//17 3438//17
f 3438//17 3441//17 1647//17
f 3440//33 1607//33 3170//33
f 1607//33 3168//33 3170//33
f 3426//17 3346//17 1648//17
f 1648//17 3346//17 1810//17
f 3191//83 3439//83 3170//83
f 3439//83 3440//83 3170//83
f 1647//17 3441//17 3475//17
f 3160//4 3422//4 3193//4
f 3422//4 3444//4 3193//4
f 3192//52 3350//52 1813//52
f 3350//52 3348//52 1813//52
f 3449//56 3194//56 3442//56
f 3194//56 1649//56 3442//56
f 3353//17 3455//17 3451//17
f 3451//17 3455//17 3453//17
f 3354//84 3352//84 3459//84
f 3459//84 3352//84 3452//84
f 3456//84 3454//84 3457//84
f 3454//84 3196//84 3457//84
f 1603//71 3163//71 1818//71
f 1818//71 3163//71 3460//71
f 3208//52 3210//52 3204//52
f 3204//52 3210//52 3466//52
f 1819//70 1602//70 3195//70
f 1602//70 3161//70 3195//70
f 3453//17 1624//17 3451//17
f 1624//17 3342//17 3451//17
f 3451//17 3342//17 3335//17
f 1624//17 3453//17 3341//17
f 3341//17 3453//17 3332//17
f 1822//17 3464//17 1825//17
f 1825//17 3464//17 3465//17
f 3197//84 3199//84 3207//84
f 3207//84 3199//84 3461//84
f 3203//84 3201//84 1656//84
f 3201//84 3463//84 1656//84
f 3167//70 3205//70 3462//70
f 3462//70 3205//70 3206//70
f 3447//52 3200//52 3445//52
f 3445//52 3200//52 3198//52
f 3169//71 3427//71 3202//71
f 3427//71 1824//71 3202//71
f 1809//17 1629//17 3464//17
f 3464//17 1629//17 1804//17
f 1809//17 1822//17 1808//17
f 1808//17 1822//17 1803//17
f 1822//17 1809//17 3464//17
f 1647//17 3475//17 3359//17
f 3351//84 3349//84 3209//84
f 3209//84 3349//84 3211//84
f 1816//84 3450//84 3470//84
f 3470//84 3450//84 3467//84
f 1820//56 1829//56 3458//56
f 3458//56 1829//56 3468//56
f 3355//56 3473//56 1652//56
f 1652//56 3473//56 3471//56
f 3358//84 3356//84 3476//84
f 3356//84 3477//84 3476//84
f 2753//52 2751//52 1658//52
f 2751//52 3357//52 1658//52
f 2754//17 3478//17 1833//17
f 3478//17 1832//17 1833//17
f 1831//56 1659//56 2752//56
f 1659//56 1838//56 2752//56
f 1828//17 1647//17 3359//17
f 3429//56 3481//56 1802//56
f 3481//85 3484//85 1802//85
f 1611//17 1653//17 1821//17
f 1611//17 3474//17 1653//17
f 1612//17 3474//17 1611//17
f 1613//17 3482//17 1612//17
f 1614//17 3482//17 1613//17
f 1612//17 3560//17 3559//17
f 1617//17 1655//17 1827//17
f 1617//17 1827//17 3448//17
f 1616//17 1617//17 3448//17
f 1612//17 3559//17 3474//17
f 1815//17 1608//17 1817//17
f 3480//17 1615//17 1616//17
f 3480//17 1812//17 1615//17
f 1657//17 1619//17 1650//17
f 1608//17 1609//17 1817//17
f 1654//17 1830//17 1609//17
f 1610//17 1654//17 1609//17
f 1651//17 1654//17 1610//17
f 1609//17 1830//17 1817//17
f 1619//17 1620//17 1650//17
f 1620//17 1814//17 1650//17
f 1639//17 1638//17 1845//17
f 1618//17 1619//17 1826//17
f 1823//17 1618//17 1826//17
f 1657//17 1826//17 1619//17
f 1632//17 1631//17 1845//17
f 1631//17 1646//17 1845//17
f 1640//17 1639//17 1845//17
f 1633//17 1632//17 1845//17
f 1641//17 1640//17 1845//17
f 1634//17 1633//17 1845//17
f 1642//17 1641//17 1845//17
f 1635//17 1634//17 1845//17
f 1643//17 1642//17 1845//17
f 1636//17 1635//17 1845//17
f 1644//17 1643//17 1845//17
f 1637//17 1636//17 1845//17
f 1645//17 1644//17 1845//17
f 1638//17 1637//17 1845//17
f 1646//17 1645//17 1845//17
f 1860//11 1859//11 1869//11
f 1859//11 3489//11 1869//11
f 1853//8 1852//8 1866//8
f 1852//8 1865//8 1866//8
f 1861//9 1860//9 3492//9
f 1860//9 1869//9 3492//9
f 1854//5 1853//5 3488//5
f 1853//5 1866//5 3488//5
f 1847//4 1846//4 1862//4
f 1846//4 3491//4 1862//4
f 1846//7 1861//7 3491//7
f 1861//7 3492//7 3491//7
f 1855//6 1854//6 3487//6
f 1854//6 3488//6 3487//6
f 1848//2 1847//2 1863//2
f 1847//2 1862//2 1863//2
f 1856//3 1855//3 1867//3
f 1855//3 3487//3 1867//3
f 1849//16 1848//16 1864//16
f 1848//16 1863//16 1864//16
f 1857//1 1856//1 1868//1
f 1856//1 1867//1 1868//1
f 1850//14 1849//14 3486//14
f 1849//14 1864//14 3486//14
f 1858//15 1857//15 3490//15
f 1857//15 1868//15 3490//15
f 1851//12 1850//12 3485//12
f 1850//12 3486//12 3485//12
f 1859//13 1858//13 3489//13
f 1858//13 3490//13 3489//13
f 1852//10 1851//10 1865//10
f 1851//10 3485//10 1865//10
f 2197//17 1870//17 3601//17
f 3601//17 1870//17 3600//17
f 3600//17 1870//17 3602//17
f 3602//17 1870//17 2198//17
f 2198//17 1870//17 2199//17
f 2199//17 1870//17 3604//17
f 3604//17 1870//17 3603//17
f 3603//17 1870//17 2200//17
f 2200//17 1870//17 2201//17
f 2201//17 1870//17 3606//17
f 3606//17 1870//17 3605//17
f 3605//17 1870//17 2202//17
f 2202//17 1870//17 2203//17
f 2203//17 1870//17 3692//17
f 3692//17 1870//17 2204//17
f 2204//17 1870//17 2197//17
f 1885//11 1884//11 3502//11
f 1884//11 3500//11 3502//11
f 1878//8 1877//8 1889//8
f 1877//8 1888//8 1889//8
f 1886//9 1885//9 1892//9
f 1885//9 3502//9 1892//9
f 1879//5 1878//5 1890//5
f 1878//5 1889//5 1890//5
f 1872//4 1871//4 3493//4
f 1871//4 3494//4 3493//4
f 1871//7 1886//7 3494//7
f 1886//7 1892//7 3494//7
f 1880//6 1879//6 3499//6
f 1879//6 1890//6 3499//6
f 1873//2 1872//2 3495//2
f 1872//2 3493//2 3495//2
f 1881//3 1880//3 3498//3
f 1880//3 3499//3 3498//3
f 1874//16 1873//16 3496//16
f 1873//16 3495//16 3496//16
f 1882//1 1881//1 1891//1
f 1881//1 3498//1 1891//1
f 1875//14 1874//14 3497//14
f 1874//14 3496//14 3497//14
f 1883//15 1882//15 3501//15
f 1882//15 1891//15 3501//15
f 1876//12 1875//12 1887//12
f 1875//12 3497//12 1887//12
f 1884//13 1883//13 3500//13
f 1883//13 3501//13 3500//13
f 1877//10 1876//10 1888//10
f 1876//10 1887//10 1888//10
f 2206//17 1893//17 2205//17
f 2205//17 1893//17 2207//17
f 2207//17 1893//17 2208//17
f 2208//17 1893//17 2209//17
f 2209//17 1893//17 3608//17
f 3608//17 1893//17 3607//17
f 3607//17 1893//17 3609//17
f 3609//17 1893//17 3610//17
f 3610//17 1893//17 2210//17
f 2210//17 1893//17 2211//17
f 2211//17 1893//17 3693//17
f 3693//17 1893//17 2212//17
f 2212//17 1893//17 2213//17
f 2213//17 1893//17 2214//17
f 2214//17 1893//17 3694//17
f 3694//17 1893//17 2206//17
f 1908//11 1907//11 1917//11
f 1907//11 1916//11 1917//11
f 1901//8 1900//8 1913//8
f 1900//8 3505//8 1913//8
f 1909//9 1908//9 1918//9
f 1908//9 1917//9 1918//9
f 1902//5 1901//5 1914//5
f 1901//5 1913//5 1914//5
f 1895//4 1894//4 1910//4
f 1894//4 3695//4 1910//4
f 1894//7 1909//7 3695//7
f 1909//7 1918//7 3695//7
f 1903//6 1902//6 3507//6
f 1902//6 1914//6 3507//6
f 1896//2 1895//2 1911//2
f 1895//2 1910//2 1911//2
f 1904//3 1903//3 3506//3
f 1903//3 3507//3 3506//3
f 1897//16 1896//16 1912//16
f 1896//16 1911//16 1912//16
f 1905//1 1904//1 1915//1
f 1904//1 3506//1 1915//1
f 1898//14 1897//14 3504//14
f 1897//14 1912//14 3504//14
f 1906//15 1905//15 3697//15
f 1905//15 1915//15 3697//15
f 1899//12 1898//12 3503//12
f 1898//12 3504//12 3503//12
f 1907//13 1906//13 1916//13
f 1906//13 3697//13 1916//13
f 1900//10 1899//10 3505//10
f 1899//10 3503//10 3505//10
f 2215//17 1919//17 3612//17
f 3612//17 1919//17 3611//17
f 3611//17 1919//17 3613//17
f 3613//17 1919//17 2216//17
f 2216//17 1919//17 2217//17
f 2217//17 1919//17 2218//17
f 2218//17 1919//17 3615//17
f 3615//17 1919//17 3614//17
f 3614//17 1919//17 2219//17
f 2219//17 1919//17 2220//17
f 2220//17 1919//17 3696//17
f 3696//17 1919//17 2221//17
f 2221//17 1919//17 3617//17
f 3617//17 1919//17 3616//17
f 3616//17 1919//17 3618//17
f 3618//17 1919//17 2215//17
f 1934//11 1933//11 3512//11
f 1933//11 3513//11 3512//11
f 1927//8 1926//8 1939//8
f 1926//8 3700//8 1939//8
f 1935//9 1934//9 1943//9
f 1934//9 3512//9 1943//9
f 1928//5 1927//5 3511//5
f 1927//5 1939//5 3511//5
f 1921//4 1920//4 1936//4
f 1920//4 3698//4 1936//4
f 1920//7 1935//7 3698//7
f 1935//7 1943//7 3698//7
f 1929//6 1928//6 3510//6
f 1928//6 3511//6 3510//6
f 1922//2 1921//2 1937//2
f 1921//2 1936//2 1937//2
f 1930//3 1929//3 1940//3
f 1929//3 3510//3 1940//3
f 1923//16 1922//16 3509//16
f 1922//16 1937//16 3509//16
f 1931//1 1930//1 1941//1
f 1930//1 1940//1 1941//1
f 1924//14 1923//14 3508//14
f 1923//14 3509//14 3508//14
f 1932//15 1931//15 1942//15
f 1931//15 1941//15 1942//15
f 1925//12 1924//12 1938//12
f 1924//12 3508//12 1938//12
f 1933//13 1932//13 3513//13
f 1932//13 1942//13 3513//13
f 1926//10 1925//10 3700//10
f 1925//10 1938//10 3700//10
f 2222//17 1944//17 3620//17
f 3620//17 1944//17 3619//17
f 3619//17 1944//17 2223//17
f 2223//17 1944//17 2224//17
f 2224//17 1944//17 3699//17
f 3699//17 1944//17 2225//17
f 2225//17 1944//17 3701//17
f 3701//17 1944//17 2226//17
f 2226//17 1944//17 2227//17
f 2227//17 1944//17 3622//17
f 3622//17 1944//17 3621//17
f 3621//17 1944//17 3623//17
f 3623//17 1944//17 2228//17
f 2228//17 1944//17 2229//17
f 2229//17 1944//17 3702//17
f 3702//17 1944//17 2222//17
f 1959//11 1958//11 1967//11
f 1958//11 3709//11 1967//11
f 1952//8 1951//8 3514//8
f 1951//8 3515//8 3514//8
f 1960//9 1959//9 3519//9
f 1959//9 1967//9 3519//9
f 1953//5 1952//5 1964//5
f 1952//5 3514//5 1964//5
f 1946//4 1945//4 1961//4
f 1945//4 3518//4 1961//4
f 1945//7 1960//7 3518//7
f 1960//7 3519//7 3518//7
f 1954//6 1953//6 1965//6
f 1953//6 1964//6 1965//6
f 1947//2 1946//2 3704//2
f 1946//2 1961//2 3704//2
f 1955//3 1954//3 3517//3
f 1954//3 1965//3 3517//3
f 1948//16 1947//16 1962//16
f 1947//16 3704//16 1962//16
f 1956//1 1955//1 3516//1
f 1955//1 3517//1 3516//1
f 1949//14 1948//14 3706//14
f 1948//14 1962//14 3706//14
f 1957//15 1956//15 1966//15
f 1956//15 3516//15 1966//15
f 1950//12 1949//12 1963//12
f 1949//12 3706//12 1963//12
f 1958//13 1957//13 3709//13
f 1957//13 1966//13 3709//13
f 1951//10 1950//10 3515//10
f 1950//10 1963//10 3515//10
f 2230//17 1968//17 3703//17
f 3703//17 1968//17 2231//17
f 2231//17 1968//17 3705//17
f 3705//17 1968//17 2232//17
f 2232//17 1968//17 3707//17
f 3707//17 1968//17 2233//17
f 2233//17 1968//17 2234//17
f 2234//17 1968//17 3625//17
f 3625//17 1968//17 3624//17
f 3624//17 1968//17 2235//17
f 2235//17 1968//17 2236//17
f 2236//17 1968//17 3708//17
f 3708//17 1968//17 2237//17
f 2237//17 1968//17 3710//17
f 3710//17 1968//17 2238//17
f 2238//17 1968//17 2230//17
f 1983//11 1982//11 1991//11
f 1982//11 3525//11 1991//11
f 1976//8 1975//8 1990//8
f 1975//8 1989//8 1990//8
f 1984//9 1983//9 3527//9
f 1983//9 1991//9 3527//9
f 1977//5 1976//5 3521//5
f 1976//5 1990//5 3521//5
f 1970//4 1969//4 1985//4
f 1969//4 3526//4 1985//4
f 1969//7 1984//7 3526//7
f 1984//7 3527//7 3526//7
f 1978//6 1977//6 3520//6
f 1977//6 3521//6 3520//6
f 1971//2 1970//2 1986//2
f 1970//2 1985//2 1986//2
f 1979//3 1978//3 3522//3
f 1978//3 3520//3 3522//3
f 1972//16 1971//16 1987//16
f 1971//16 1986//16 1987//16
f 1980//1 1979//1 3523//1
f 1979//1 3522//1 3523//1
f 1973//14 1972//14 1988//14
f 1972//14 1987//14 1988//14
f 1981//15 1980//15 3524//15
f 1980//15 3523//15 3524//15
f 1974//12 1973//12 3711//12
f 1973//12 1988//12 3711//12
f 1982//13 1981//13 3525//13
f 1981//13 3524//13 3525//13
f 1975//10 1974//10 1989//10
f 1974//10 3711//10 1989//10
f 2239//17 1992//17 3627//17
f 3627//17 1992//17 3626//17
f 3626//17 1992//17 3628//17
f 3628//17 1992//17 3629//17
f 3629//17 1992//17 2240//17
f 2240//17 1992//17 3631//17
f 3631//17 1992//17 3630//17
f 3630//17 1992//17 2241//17
f 2241//17 1992//17 2242//17
f 2242//17 1992//17 2243//17
f 2243//17 1992//17 2244//17
f 2244//17 1992//17 2245//17
f 2245//17 1992//17 2246//17
f 2246//17 1992//17 3712//17
f 3712//17 1992//17 2247//17
f 2247//17 1992//17 2239//17
f 2007//11 2006//11 3530//11
f 2006//11 3531//11 3530//11
f 2000//8 1999//8 3713//8
f 1999//8 2013//8 3713//8
f 2008//9 2007//9 3532//9
f 2007//9 3530//9 3532//9
f 2001//5 2000//5 2014//5
f 2000//5 3713//5 2014//5
f 1994//4 1993//4 3528//4
f 1993//4 3529//4 3528//4
f 1993//7 2008//7 3529//7
f 2008//7 3532//7 3529//7
f 2002//6 2001//6 3715//6
f 2001//6 2014//6 3715//6
f 1995//2 1994//2 2009//2
f 1994//2 3528//2 2009//2
f 2003//3 2002//3 2015//3
f 2002//3 3715//3 2015//3
f 1996//16 1995//16 2010//16
f 1995//16 2009//16 2010//16
f 2004//1 2003//1 2016//1
f 2003//1 2015//1 2016//1
f 1997//14 1996//14 2011//14
f 1996//14 2010//14 2011//14
f 2005//15 2004//15 2017//15
f 2004//15 2016//15 2017//15
f 1998//12 1997//12 2012//12
f 1997//12 2011//12 2012//12
f 2006//13 2005//13 3531//13
f 2005//13 2017//13 3531//13
f 1999//10 1998//10 2013//10
f 1998//10 2012//10 2013//10
f 2249//17 2018//17 2248//17
f 2248//17 2018//17 3633//17
f 3633//17 2018//17 3632//17
f 3632//17 2018//17 3634//17
f 3634//17 2018//17 3635//17
f 3635//17 2018//17 3636//17
f 3636//17 2018//17 2250//17
f 2250//17 2018//17 3714//17
f 3714//17 2018//17 2251//17
f 2251//17 2018//17 3638//17
f 3638//17 2018//17 3637//17
f 3637//17 2018//17 3639//17
f 3639//17 2018//17 2252//17
f 2252//17 2018//17 2253//17
f 2253//17 2018//17 2254//17
f 2254//17 2018//17 2249//17
f 2033//11 2032//11 3718//11
f 2032//11 2046//11 3718//11
f 2026//8 2025//8 2040//8
f 2025//8 3717//8 2040//8
f 2034//9 2033//9 2047//9
f 2033//9 3718//9 2047//9
f 2027//5 2026//5 2041//5
f 2026//5 2040//5 2041//5
f 2020//4 2019//4 2035//4
f 2019//4 3716//4 2035//4
f 2019//7 2034//7 3716//7
f 2034//7 2047//7 3716//7
f 2028//6 2027//6 2042//6
f 2027//6 2041//6 2042//6
f 2021//2 2020//2 2036//2
f 2020//2 2035//2 2036//2
f 2029//3 2028//3 2043//3
f 2028//3 2042//3 2043//3
f 2022//16 2021//16 2037//16
f 2021//16 2036//16 2037//16
f 2030//1 2029//1 2044//1
f 2029//1 2043//1 2044//1
f 2023//14 2022//14 2038//14
f 2022//14 2037//14 2038//14
f 2031//15 2030//15 2045//15
f 2030//15 2044//15 2045//15
f 2024//12 2023//12 2039//12
f 2023//12 2038//12 2039//12
f 2032//13 2031//13 2046//13
f 2031//13 2045//13 2046//13
f 2025//10 2024//10 3717//10
f 2024//10 2039//10 3717//10
f 2255//17 2048//17 3641//17
f 3641//17 2048//17 3640//17
f 3640//17 2048//17 3642//17
f 3642//17 2048//17 3643//17
f 3643//17 2048//17 3644//17
f 3644//17 2048//17 2256//17
f 2256//17 2048//17 3646//17
f 3646//17 2048//17 3645//17
f 3645//17 2048//17 3647//17
f 3647//17 2048//17 3648//17
f 3648//17 2048//17 3649//17
f 3649//17 2048//17 3650//17
f 3650//17 2048//17 3651//17
f 3651//17 2048//17 2257//17
f 2257//17 2048//17 3719//17
f 3719//17 2048//17 2255//17
f 3652//25 2050//25 2059//25
f 2050//25 2058//25 2059//25
f 1504//86 3652//86 1512//86
f 3652//86 2059//86 1512//86
f 3534//87 1503//87 2053//87
f 1503//87 2052//87 2053//87
f 3533//18 3534//18 2054//18
f 3534//18 2053//18 2054//18
f 2049//47 3533//47 2055//47
f 3533//47 2054//47 2055//47
f 3536//75 2049//75 2056//75
f 2049//75 2055//75 2056//75
f 3535//78 3536//78 2057//78
f 3536//78 2056//78 2057//78
f 2050//54 3535//54 2058//54
f 3535//54 2057//54 2058//54
f 3658//51 3721//51 2069//51
f 2069//51 3721//51 2068//51
f 2064//40 3658//40 2070//40
f 2070//40 3658//40 2069//40
f 3722//1 2064//1 2071//1
f 2071//1 2064//1 2070//1
f 1517//88 3722//88 1524//88
f 1524//88 3722//88 2071//88
f 3655//89 1516//89 2065//89
f 2065//89 1516//89 1523//89
f 3654//10 3655//10 2066//10
f 2066//10 3655//10 2065//10
f 2062//35 3654//35 2067//35
f 2067//35 3654//35 2066//35
f 3721//50 2062//50 2068//50
f 2068//50 2062//50 2067//50
f 3653//17 3657//17 2051//17
f 2051//17 3657//17 2263//17
f 2261//17 2063//17 3653//17
f 3653//17 2063//17 3657//17
f 2260//17 2262//17 2261//17
f 2261//17 2262//17 2063//17
f 3720//17 3656//17 2260//17
f 2260//17 3656//17 2262//17
f 2259//17 2061//17 3720//17
f 3720//17 2061//17 3656//17
f 2258//17 2060//17 2259//17
f 2259//17 2060//17 2061//17
f 3306//17 3412//17 2258//17
f 2258//17 3412//17 2060//17
f 2051//17 2263//17 3308//17
f 3308//17 2263//17 3312//17
f 3661//79 3659//79 2083//79
f 3659//79 2082//79 2083//79
f 2075//22 3661//22 2084//22
f 3661//22 2083//22 2084//22
f 2077//21 2076//21 2086//21
f 2076//21 2085//21 2086//21
f 3663//80 2077//80 2087//80
f 2077//80 2086//80 2087//80
f 3664//67 3663//67 2088//67
f 3663//67 2087//67 2088//67
f 3660//76 3723//76 2081//76
f 3723//76 2080//76 2081//76
f 3723//77 3664//77 2080//77
f 3664//77 2088//77 2080//77
f 3659//65 3660//65 2082//65
f 3660//65 2081//65 2082//65
f 3538//7 3541//7 2092//7
f 2092//7 3541//7 2100//7
f 3539//2 3537//2 2094//2
f 2094//2 3537//2 2093//2
f 3540//16 3539//16 2095//16
f 2095//16 3539//16 2094//16
f 2089//14 3540//14 2096//14
f 2096//14 3540//14 2095//14
f 2091//13 2090//13 2098//13
f 2098//13 2090//13 2097//13
f 3542//11 2091//11 2099//11
f 2099//11 2091//11 2098//11
f 3541//9 3542//9 2100//9
f 2100//9 3542//9 2099//9
f 3537//4 3538//4 2093//4
f 2093//4 3538//4 2092//4
f 2074//17 2268//17 2939//17
f 2939//17 2268//17 3005//17
f 2073//17 2267//17 2074//17
f 2074//17 2267//17 2268//17
f 2072//17 2265//17 2073//17
f 2073//17 2265//17 2267//17
f 2264//17 2266//17 2072//17
f 2072//17 2266//17 2265//17
f 2079//17 2270//17 2264//17
f 2264//17 2270//17 2266//17
f 2078//17 2269//17 2079//17
f 2079//17 2269//17 2270//17
f 3662//17 3665//17 2078//17
f 2078//17 3665//17 2269//17
f 2941//17 2945//17 3662//17
f 3662//17 2945//17 3665//17
f 2102//79 3543//79 2106//79
f 3543//79 2105//79 2106//79
f 3008//22 2102//22 2107//22
f 2102//22 2106//22 2107//22
f 3545//21 2822//21 2109//21
f 2822//21 2108//21 2109//21
f 3546//80 3545//80 2110//80
f 3545//80 2109//80 2110//80
f 3547//67 3546//67 2111//67
f 3546//67 2110//67 2111//67
f 3544//76 3724//76 2104//76
f 3724//76 2103//76 2104//76
f 3724//77 3547//77 2103//77
f 3547//77 2111//77 2103//77
f 3543//65 3544//65 2105//65
f 3544//65 2104//65 2105//65
f 3549//7 3551//7 2115//7
f 2115//7 3551//7 2123//7
f 3550//2 3548//2 2117//2
f 2117//2 3548//2 2116//2
f 2112//16 3550//16 2118//16
f 2118//16 3550//16 2117//16
f 3010//14 2112//14 2119//14
f 2119//14 2112//14 2118//14
f 3666//13 2947//13 2121//13
f 2121//13 2947//13 2120//13
f 3552//11 3666//11 2122//11
f 2122//11 3666//11 2121//11
f 3551//9 3552//9 2123//9
f 2123//9 3552//9 2122//9
f 3548//4 3549//4 2116//4
f 2116//4 3549//4 2115//4
f 3725//17 3726//17 2273//17
f 2273//17 3726//17 2281//17
f 2272//17 2280//17 3725//17
f 3725//17 2280//17 3726//17
f 2271//17 2278//17 2272//17
f 2272//17 2278//17 2280//17
f 2101//17 2279//17 2271//17
f 2271//17 2279//17 2278//17
f 2277//17 2283//17 2101//17
f 2101//17 2283//17 2279//17
f 2276//17 2282//17 2277//17
f 2277//17 2282//17 2283//17
f 2275//17 2114//17 2276//17
f 2276//17 2114//17 2282//17
f 2274//17 2113//17 2275//17
f 2275//17 2113//17 2114//17
f 3669//25 3667//25 2133//25
f 3667//25 2132//25 2133//25
f 3140//86 3669//86 1535//86
f 3669//86 2133//86 1535//86
f 3554//87 3415//87 2127//87
f 3415//87 1534//87 2127//87
f 3553//18 3554//18 2128//18
f 3554//18 2127//18 2128//18
f 3555//47 3553//47 2129//47
f 3553//47 2128//47 2129//47
f 3556//75 3555//75 2130//75
f 3555//75 2129//75 2130//75
f 2124//78 3556//78 2131//78
f 3556//78 2130//78 2131//78
f 3667//54 2124//54 2132//54
f 2124//54 2131//54 2132//54
f 2136//51 3671//51 2142//51
f 2142//51 3671//51 2141//51
f 3558//40 2136//40 2143//40
f 2143//40 2136//40 2142//40
f 3557//1 3558//1 2144//1
f 2144//1 3558//1 2143//1
f 3314//88 3557//88 1546//88
f 1546//88 3557//88 2144//88
f 3728//89 3417//89 2138//89
f 2138//89 3417//89 2137//89
f 3727//10 3728//10 2139//10
f 2139//10 3728//10 2138//10
f 3729//35 3727//35 2140//35
f 2140//35 3727//35 2139//35
f 3671//50 3729//50 2141//50
f 2141//50 3729//50 2140//50
f 2125//17 2290//17 2126//17
f 2126//17 2290//17 2291//17
f 3668//17 3670//17 2125//17
f 2125//17 3670//17 2290//17
f 2287//17 2135//17 3668//17
f 3668//17 2135//17 3670//17
f 2286//17 2289//17 2287//17
f 2287//17 2289//17 2135//17
f 2285//17 2134//17 2286//17
f 2286//17 2134//17 2289//17
f 2284//17 2288//17 2285//17
f 2285//17 2288//17 2134//17
f 1776//17 1784//17 2284//17
f 2284//17 1784//17 2288//17
f 2126//17 2291//17 1777//17
f 1777//17 2291//17 1540//17
f 2149//18 2148//18 3562//18
f 2148//18 3563//18 3562//18
f 2152//19 3735//19 3568//19
f 3735//19 3569//19 3568//19
f 3731//32 2149//32 3564//32
f 2149//32 3562//32 3564//32
f 3732//90 3731//90 3736//90
f 3731//90 3564//90 3736//90
f 2173//17 2150//17 2297//17
f 2297//17 2150//17 3744//17
f 3673//26 3730//26 2154//26
f 3730//26 2153//26 2154//26
f 3676//27 3677//27 3565//27
f 3677//27 3566//27 3565//27
f 2147//24 3673//24 3561//24
f 3673//24 2154//24 3561//24
f 3597//25 3676//25 3567//25
f 3676//25 3565//25 3567//25
f 3573//1 3571//1 3586//1
f 3586//1 3571//1 3585//1
f 3680//14 2168//14 3579//14
f 3579//14 2168//14 3578//14
f 3574//38 3573//38 3587//38
f 3587//38 3573//38 3586//38
f 2170//37 3680//37 3580//37
f 3580//37 3680//37 3579//37
f 3687//13 3574//13 3588//13
f 3588//13 3574//13 3587//13
f 2171//10 2170//10 3581//10
f 3581//10 2170//10 3580//10
f 2175//11 3687//11 3589//11
f 3589//11 3687//11 3588//11
f 3684//35 2171//35 3582//35
f 3582//35 2171//35 3581//35
f 3739//36 2175//36 3590//36
f 3590//36 2175//36 3589//36
f 3685//5 3684//5 3583//5
f 3583//5 3684//5 3582//5
f 3678//41 3679//41 3575//41
f 3575//41 3679//41 3576//41
f 3679//34 3739//34 3576//34
f 3576//34 3739//34 3590//34
f 3572//6 3685//6 3584//6
f 3584//6 3685//6 3583//6
f 3738//39 3678//39 3577//39
f 3577//39 3678//39 3575//39
f 3571//40 3572//40 3585//40
f 3585//40 3572//40 3584//40
f 2168//16 3738//16 3578//16
f 3578//16 3738//16 3577//16
f 2295//17 2174//17 3734//17
f 3734//17 2174//17 3686//17
f 2151//17 2298//17 2294//17
f 2294//17 2298//17 2299//17
f 2150//17 2173//17 2151//17
f 2151//17 2173//17 2298//17
f 3674//17 3683//17 2292//17
f 2292//17 3683//17 2172//17
f 3675//17 3682//17 3674//17
f 3674//17 3682//17 3683//17
f 2146//17 2296//17 3672//17
f 3672//17 2296//17 3681//17
f 2145//17 2167//17 2146//17
f 2146//17 2167//17 2296//17
f 3744//17 3733//17 2297//17
f 2292//17 2172//17 3733//17
f 3733//17 2172//17 2297//17
f 2301//17 2166//17 2192//17
f 2192//17 2166//17 3435//17
f 3435//17 2166//17 3483//17
f 2166//17 2167//17 3483//17
f 3483//17 2167//17 2145//17
f 3028//52 3046//52 3745//52
f 3046//52 3741//52 3745//52
f 3048//17 3733//17 2315//17
f 2315//17 3733//17 3744//17
f 3677//91 2302//91 3566//91
f 2302//91 3740//91 3566//91
f 3746//33 2152//33 3570//33
f 2152//33 3568//33 3570//33
f 3734//17 3686//17 2192//17
f 2192//17 3686//17 2301//17
f 1839//83 1840//83 3570//83
f 1840//83 3746//83 3570//83
f 2153//4 3730//4 1841//4
f 3730//92 1842//92 1841//92
f 3689//17 3472//17 3751//17
f 3751//17 3472//17 3747//17
f 3690//84 3688//84 3753//84
f 3753//84 3688//84 3752//84
f 1834//84 3748//84 1844//84
f 3748//84 3592//84 1844//84
f 2148//59 2304//59 3563//59
f 2304//59 3754//59 3563//59
f 2305//70 2147//70 3591//70
f 2147//70 3561//70 3591//70
f 3747//17 2169//17 3751//17
f 2169//17 3682//17 3751//17
f 3751//17 3682//17 3675//17
f 2169//17 3747//17 3681//17
f 3681//17 3747//17 3672//17
f 2307//17 3742//17 3594//17
f 3594//17 3742//17 3446//17
f 3593//84 3595//84 3599//84
f 3599//84 3595//84 3755//84
f 1843//84 3749//84 1836//84
f 3749//84 3743//84 1836//84
f 3567//58 3756//58 3597//58
f 3756//58 3598//58 3597//58
f 3043//52 3596//52 3040//52
f 3040//52 3596//52 2310//52
f 3569//71 3735//71 3750//71
f 3735//71 2309//71 3750//71
f 2300//17 2174//17 3742//17
f 3742//17 2174//17 2295//17
f 2300//17 2307//17 2299//17
f 2299//17 2307//17 2294//17
f 2307//17 2300//17 3742//17
f 3691//56 3045//56 2194//56
f 2194//56 3045//56 3044//56
f 3737//56 3047//56 2293//56
f 3047//93 2317//93 2293//93
f 2156//17 2195//17 2306//17
f 2156//17 2319//17 2195//17
f 2157//17 2319//17 2156//17
f 2158//17 2316//17 2157//17
f 2159//17 2316//17 2158//17
f 2316//17 2319//17 2157//17
f 2162//17 2196//17 2311//17
f 2162//17 2311//17 2318//17
f 2161//17 2162//17 2318//17
f 2318//17 2314//17 2161//17
f 2314//17 2160//17 2161//17
f 2314//17 2303//17 2160//17
f 2155//17 3474//17 3559//17
f 2193//17 3474//17 2155//17
f 2184//17 2183//17 2320//17
f 2163//17 2164//17 3448//17
f 2308//17 2163//17 3448//17
f 2177//17 2176//17 2320//17
f 2176//17 2191//17 2320//17
f 2185//17 2184//17 2320//17
f 2178//17 2177//17 2320//17
f 2186//17 2185//17 2320//17
f 2179//17 2178//17 2320//17
f 2187//17 2186//17 2320//17
f 2180//17 2179//17 2320//17
f 2188//17 2187//17 2320//17
f 2181//17 2180//17 2320//17
f 2189//17 2188//17 2320//17
f 2182//17 2181//17 2320//17
f 2190//17 2189//17 2320//17
f 2183//17 2182//17 2320//17
f 2191//17 2190//17 2320//17
f 3482//17 3560//17 1612//17
f 2165//17 3480//17 1616//17
f 2164//17 2165//17 1616//17
f 3448//17 2164//17 1616//17
f 3469//17 3455//17 3475//17
f 2312//17 1835//17 3689//17
f 3465//17 1828//17 3359//17
f 3455//17 3353//17 3475//17
f 3689//17 1835//17 3472//17
f 3353//17 1835//17 3475//17
f 1835//17 3353//17 3472//17
f 3446//17 1837//17 3594//17
f 1837//17 1825//17 3359//17
f 1837//17 3446//17 1825//17
f 1837//17 2313//17 3594//17
f 1825//17 3465//17 3359//17
