# Blender 4.3.2
# www.blender.org
mtllib wheel.mtl
o Part.1
v 0.530000 -1.446000 2.779000
v 0.571000 -3.063000 4.453000
v 0.375000 -2.077000 3.432000
v 0.761000 -1.740000 6.559000
v 0.761000 0.017001 6.790000
v 0.761000 5.898000 3.395000
v 0.761000 6.576000 1.756999
v 0.761000 6.807000 -0.000001
v 0.761000 6.576000 -1.757000
v 0.761000 -4.793000 4.793001
v 0.000000 1.035000 3.864000
v 0.000000 2.000000 3.464000
v 1.000000 5.158999 -5.159000
v 1.000000 6.323999 -3.641001
v 0.761000 6.162000 -2.892000
v 1.000000 7.300000 -0.000001
v 1.000000 6.324000 3.641000
v 0.761000 4.819000 4.801000
v 1.000000 3.654001 6.314000
v 0.761000 3.412000 5.880000
v 1.000000 1.896001 7.043000
v 0.761000 1.775000 6.559000
v 0.761000 -3.378000 5.880001
v 1.000000 -5.151000 5.151000
v 1.000000 1.626000 1.626000
v 0.375000 3.915000 -0.647000
v 1.000000 6.493000 -3.231000
v 0.000000 -0.880000 2.125000
v 0.000000 0.000000 2.300000
v 1.000000 5.164001 5.155000
v 1.000000 7.051000 1.885000
v 1.000000 7.051000 -1.885000
v 0.000000 -2.113000 2.113000
v 0.000000 2.828000 2.828000
v 1.000000 -3.637000 6.314001
v 1.000000 -1.878000 7.043000
v 1.000000 0.009001 7.300000
v 0.000000 3.464000 2.000000
v 0.000000 3.864000 1.035000
v 0.000000 3.915000 -0.647000
v 0.000000 4.000000 -0.000000
v 0.000000 -1.446000 2.779000
v 0.000000 -1.035000 3.864000
v 0.530000 -2.113000 2.113000
v 0.573000 -3.829000 3.829000
v 1.000000 0.000000 1.600000
v 1.000000 0.601000 1.478000
v 1.000000 0.000000 2.300000
v 1.000000 -0.880000 2.125000
v 0.000000 1.626000 1.626000
v 1.000000 0.880000 2.125000
v 0.000000 0.880000 2.125000
v 0.375000 0.000000 4.000000
v 0.375000 -1.035000 3.864000
v 0.000000 -2.077000 3.432000
v 0.000000 0.000000 4.000000
v 0.375000 4.000000 -0.000000
v 0.375000 3.864000 1.035000
v 0.375000 3.464000 2.000000
v 0.375000 2.828000 2.828000
v 0.375000 2.000000 3.464000
v 0.375000 1.035000 3.864000
v 1.000000 2.266000 0.989000
v 0.000000 2.266000 0.991000
v 0.568000 5.284000 -0.911000
v 0.568000 5.220000 1.396000
v 0.568000 5.404000 -0.000000
v 0.568000 4.681000 2.697000
v 0.568000 3.823000 3.815000
v 0.568000 2.706000 4.672000
v 0.568000 1.405000 5.211000
v 0.568000 0.009000 5.395000
v 0.568000 -1.388000 5.211000
v 2.000000 6.322999 -3.643000
v 2.000000 7.051000 -1.885000
v 4.960000 6.321000 -3.649000
v 1.300000 2.100000 -0.601000
v 1.500000 5.490000 -0.000000
v 2.291000 6.318000 -0.000000
v 2.291000 6.025000 -1.822001
v 4.600000 6.308000 -0.000000
v 4.600000 6.013000 -1.827000
v 4.960000 6.708000 -0.000001
v 1.500000 3.517000 -0.261000
v 1.500000 5.337000 -1.403000
v 4.052000 3.517000 -0.261000
v 4.960000 6.356000 -2.042001
v 2.291000 5.472000 -3.159000
v 2.000000 5.190000 -2.997000
v 3.995000 2.608000 -1.506000
v 2.000000 5.448000 -2.348001
v 4.960000 6.078000 -2.712000
v 2.294000 5.740000 -2.511000
v 4.600000 5.729000 -2.510000
v 4.001000 2.793000 -1.257000
v 4.003000 2.850000 -1.207000
v 4.011000 2.925000 -1.192000
v 2.000000 2.793000 -1.257000
v 2.000000 2.850000 -1.207000
v 2.000000 2.925000 -1.192000
v 4.960000 7.051000 -1.887000
v 4.034000 3.434000 -0.146000
v 4.029000 3.407000 -0.000000
v 1.500000 3.434000 -0.146000
v 1.500000 3.407000 -0.000000
v 1.500000 3.517000 -0.000000
v 4.960000 2.100000 -0.000000
v 1.300000 1.130000 -1.130000
v 4.960000 2.900000 -0.000000
v 4.960000 2.801000 -0.751000
v 4.000000 2.900000 -0.000000
v 2.000000 2.949000 -1.705000
v 1.300000 1.483000 -0.601000
v 1.000000 0.596000 -1.478000
v 4.065000 3.310000 -1.164000
v 4.090000 3.422000 -1.189000
v 2.000000 3.310000 -1.164000
v 2.000000 3.424000 -1.190000
v 2.262000 3.424000 -1.190000
v 2.262000 2.850000 -1.207000
v 2.262000 3.310000 -1.164000
v 2.262000 2.925000 -1.192000
v 2.262000 2.793000 -1.257000
v 2.291000 3.517000 -0.261000
v 2.291000 3.434000 -0.146000
v 2.291000 3.407000 -0.000000
v 2.291000 6.101000 -1.642000
v 4.600000 6.092000 -1.640000
v 4.960000 6.478000 -1.743001
v 4.600000 5.463000 -3.154001
v 4.960000 5.809999 -3.354001
v 4.124000 3.741000 -0.402000
v 1.500000 3.741000 -0.000000
v 2.291000 3.741000 -0.402000
v 1.500000 3.741000 -0.402000
v 4.090000 3.635000 -0.336000
v 1.500000 3.635000 -0.000000
v 1.500000 3.635000 -0.336000
v 2.291000 3.635000 -0.336000
v 4.011000 3.008000 -0.677000
v 4.014000 3.151000 -0.000000
v 4.036000 3.099000 -1.179000
v 2.262000 3.090000 -1.180000
v 2.000000 3.088000 -1.180000
v -2.200000 2.883000 -0.000000
v -4.960000 2.883000 -0.000000
v -1.300000 1.600000 -0.000000
v -2.200000 2.137000 -1.586000
v -4.960000 2.503000 -1.427000
v -4.960000 1.478000 -0.601000
v -2.200000 2.786000 -0.735000
v -2.200000 2.503000 -1.427000
v -1.300000 2.100000 -0.601000
v -4.960000 2.100000 -0.601000
v -1.300000 1.478000 -0.601000
v -4.960000 2.137000 -1.586000
v -4.960000 2.786000 -0.735000
v -1.000000 6.323999 -3.641001
v -1.000000 7.051000 -1.885000
v -2.200000 5.295000 -1.416000
v -2.567000 5.297000 -3.061001
v -2.200000 4.746000 -2.743001
v -4.960000 5.407000 -3.125000
v -4.960000 6.318999 -3.651000
v -2.567000 5.910000 -1.581000
v -4.960000 6.033000 -1.614000
v -4.960000 7.050000 -1.887000
v -2.200000 5.483000 -0.000000
v -2.567000 6.119000 -0.000000
v -4.960000 6.246000 -0.000000
v -1.300000 2.100000 -0.000000
v -4.960000 2.100000 -0.000000
v -1.300000 1.131000 -1.131000
v -4.960000 1.131000 -1.131000
v -4.960000 1.827000 -1.827000
v -2.200000 2.039000 -2.039000
v -2.567000 4.326000 -4.326001
v -4.960000 4.415999 -4.416000
v -4.960000 5.160999 -5.161000
v -1.000000 5.155000 -5.164001
v -2.000000 7.050000 -1.887000
v -2.000000 6.318999 -3.651000
v -2.000000 5.160999 -5.161000
v -1.000000 6.493000 -3.231000
v -0.530000 -1.446000 2.779000
v -0.571000 -3.063000 4.453000
v -0.375000 -2.077000 3.432000
v -0.761000 -1.740000 6.559000
v -0.761000 0.017001 6.790000
v -0.761000 5.898000 3.395000
v -0.761000 6.576000 1.756999
v -0.761000 6.807000 -0.000001
v -0.761000 6.576000 -1.757000
v -0.761000 -4.793000 4.793001
v -0.761000 6.162000 -2.892000
v -1.000000 6.321001 3.647000
v -0.761000 4.819000 4.801000
v -1.000000 3.652000 6.315000
v -0.761000 3.412000 5.880000
v -1.000000 1.893000 7.043000
v -0.761000 1.775000 6.559000
v -0.761000 -3.378000 5.880001
v -1.000000 -5.140999 5.141000
v -1.000000 1.626000 1.626000
v -0.375000 3.915000 -0.647000
v -1.000000 -1.626000 1.626000
v -1.000000 5.162001 5.157000
v -1.000000 -3.624000 6.307001
v -1.000000 -1.878000 7.042000
v -1.000000 0.006001 7.299000
v -0.530000 -2.113000 2.113000
v -0.573000 -3.829000 3.829000
v -1.000000 0.000000 1.600000
v -1.000000 -0.596000 1.478000
v -1.000000 0.000000 2.300000
v -1.000000 -0.880000 2.125000
v -1.000000 0.880000 2.125000
v -0.375000 0.000000 4.000000
v -0.375000 -1.035000 3.864000
v -0.375000 4.000000 -0.000000
v -0.375000 3.864000 1.035000
v -0.375000 3.464000 2.000000
v -0.375000 2.828000 2.828000
v -0.375000 2.000000 3.464000
v -0.375000 1.035000 3.864000
v -1.000000 2.266000 0.989000
v -0.568000 5.284000 -0.911000
v -0.568000 5.220000 1.396000
v -0.568000 5.404000 -0.000000
v -0.568000 4.681000 2.697000
v -0.568000 3.823000 3.815000
v -0.568000 2.706000 4.672000
v -0.568000 1.405000 5.211000
v -0.568000 0.009000 5.395000
v -0.568000 -1.388000 5.211000
v -1.000000 1.478000 -0.601000
v -0.530000 -2.779000 1.446000
v -0.571000 -4.453000 3.063000
v -0.375000 -3.432000 2.077000
v -0.761000 -6.559000 1.740000
v -0.761000 -6.790000 -0.016999
v -0.761000 -3.395000 -5.897999
v -0.761000 -1.757000 -6.576000
v -0.761000 -0.000001 -6.807000
v -0.761000 1.756999 -6.576000
v 0.000000 -3.864000 -1.035000
v 0.000000 -3.464000 -2.000000
v -1.000000 3.641000 -6.324000
v -0.761000 2.891999 -6.162000
v -0.761000 -4.801001 -4.818999
v -1.000000 -6.314001 -3.654000
v -0.761000 -5.880001 -3.411999
v -1.000000 -7.042000 -1.896000
v -0.761000 -6.559000 -1.774999
v -0.761000 -5.880000 3.378000
v -1.000000 -1.626000 -1.626000
v -0.375000 0.647000 -3.915000
v -1.000000 3.230999 -6.493001
v 0.000000 -2.125000 0.880000
v 0.000000 -2.300000 0.000000
v -1.000000 -5.155001 -5.164000
v -1.000000 1.885000 -7.051000
v 0.000000 -2.828000 -2.828000
v -1.000000 -6.314000 3.637001
v -1.000000 -7.042000 1.878000
v -1.000000 -7.300000 -0.008999
v 0.000000 -2.000000 -3.464000
v 0.000000 -1.035000 -3.864000
v 0.000000 0.647000 -3.915000
v 0.000000 -0.000000 -4.000000
v 0.000000 -2.779000 1.446000
v 0.000000 -3.864000 1.035000
v -1.000000 -1.600000 0.000000
v -1.000000 -2.300000 0.000000
v -1.000000 -2.125000 0.880000
v 0.000000 -1.626000 -1.626000
v 0.000000 -1.626000 1.626000
v -1.000000 -2.125000 -0.880000
v 0.000000 -2.125000 -0.880000
v -0.375000 -4.000000 0.000000
v -0.375000 -3.864000 1.035000
v 0.000000 -3.432000 2.077000
v 0.000000 -4.000000 0.000000
v -0.375000 -0.000000 -4.000000
v -0.375000 -1.035000 -3.864000
v -0.375000 -2.000000 -3.464000
v -0.375000 -2.828000 -2.828000
v -0.375000 -3.464000 -2.000000
v -0.375000 -3.864000 -1.035000
v -1.000000 -0.989000 -2.266000
v 0.000000 -0.991000 -2.266000
v -0.568000 0.911000 -5.284000
v -0.568000 -1.396000 -5.220000
v -0.568000 -0.000000 -5.404000
v -0.568000 -2.697000 -4.681000
v -0.568000 -3.815000 -3.823000
v -0.568000 -4.672000 -2.706000
v -0.568000 -5.211000 -1.405000
v -0.568000 -5.395000 -0.009000
v -0.568000 -5.211000 1.388000
v -1.000000 0.596000 -1.478000
v 1.000000 1.885000 -7.051000
v 0.530000 -2.779000 1.446000
v 0.571000 -4.453000 3.063000
v 0.375000 -3.432000 2.077000
v 0.761000 -6.559000 1.740000
v 0.761000 -6.790000 -0.016999
v 0.761000 -3.395000 -5.897999
v 0.761000 -1.757000 -6.576000
v 0.761000 -0.000001 -6.807000
v 0.761000 1.756999 -6.576000
v 0.761000 2.891999 -6.162000
v 1.000000 -3.647001 -6.321000
v 0.761000 -4.801001 -4.818999
v 1.000000 -6.314001 -3.654000
v 0.761000 -5.880001 -3.411999
v 1.000000 -7.043000 -1.893000
v 0.761000 -6.559000 -1.774999
v 0.761000 -5.880000 3.378000
v 1.000000 -1.626000 -1.626000
v 0.375000 0.647000 -3.915000
v 1.000000 -1.626000 1.626000
v 1.000000 -5.155001 -5.164000
v 1.000000 -6.314000 3.637001
v 1.000000 -7.043000 1.878000
v 1.000000 -7.300000 -0.008999
v 1.000000 -1.478000 0.601000
v 1.000000 -0.601000 -1.478000
v 1.000000 -2.300000 0.000000
v 1.000000 -2.125000 0.880000
v 1.000000 -2.125000 -0.880000
v 0.375000 -4.000000 0.000000
v 0.375000 -3.864000 1.035000
v 0.375000 -0.000000 -4.000000
v 0.375000 -1.035000 -3.864000
v 0.375000 -2.000000 -3.464000
v 0.375000 -2.828000 -2.828000
v 0.375000 -3.464000 -2.000000
v 0.375000 -3.864000 -1.035000
v 1.000000 -0.989000 -2.266000
v 0.568000 0.911000 -5.284000
v 0.568000 -1.396000 -5.220000
v 0.568000 -0.000000 -5.404000
v 0.568000 -2.697000 -4.681000
v 0.568000 -3.815000 -3.823000
v 0.568000 -4.672000 -2.706000
v 0.568000 -5.211000 -1.405000
v 0.568000 -5.395000 -0.009000
v 0.568000 -5.211000 1.388000
v -2.200000 2.137000 1.586000
v -4.960000 2.503000 1.427000
v -4.960000 1.478000 0.596000
v -2.200000 2.786000 0.735000
v -2.200000 2.503000 1.427000
v -1.300000 2.100000 0.596000
v -4.960000 2.100000 0.596000
v -1.300000 1.478000 0.596000
v -4.960000 2.137000 1.586000
v -4.960000 2.786000 0.735000
v -2.200000 5.295000 1.416000
v -2.567000 5.297000 3.061000
v -2.200000 4.746000 2.743000
v -4.960000 5.407000 3.125000
v -2.567000 5.910000 1.580999
v -4.960000 6.033000 1.613999
v -1.000000 1.600000 -0.000000
v -4.960000 1.131000 1.131000
v -4.960000 1.827000 1.827000
v -2.200000 2.039000 2.039000
v -2.567000 4.326001 4.326000
v -4.960000 4.416000 4.415999
v -1.000000 1.131000 1.131000
v -1.000000 1.478000 0.596000
v -2.200000 -2.137000 1.586000
v -4.960000 -2.503000 1.427000
v -4.960000 -1.478000 0.601000
v -2.200000 -2.786000 0.735000
v -2.200000 -2.503000 1.427000
v -1.300000 -2.100000 0.601000
v -4.960000 -2.100000 0.601000
v -1.300000 -1.478000 0.601000
v -4.960000 -2.137000 1.586000
v -4.960000 -2.786000 0.735000
v -2.200000 -5.295000 1.416000
v -2.567000 -5.297000 3.061001
v -2.200000 -4.746000 2.743001
v -4.960000 -5.407000 3.125000
v -2.567000 -5.910000 1.581000
v -4.960000 -6.033000 1.614000
v -4.960000 -1.131000 1.131000
v -4.960000 -1.827000 1.827000
v -2.200000 -1.827000 1.827000
v -2.200000 -2.039000 2.039000
v -2.200000 -3.876000 3.876000
v -4.960000 -4.415999 4.416000
v -1.000000 -1.131000 1.131000
v -1.000000 -1.478000 0.601000
v -2.200000 -2.883000 0.000000
v -4.960000 -2.883000 0.000000
v -1.300000 -1.600000 0.000000
v -2.200000 -2.137000 -1.586000
v -4.960000 -2.503000 -1.427000
v -4.960000 -1.478000 -0.596000
v -2.200000 -2.786000 -0.735000
v -2.200000 -2.503000 -1.427000
v -1.300000 -2.100000 -0.596000
v -4.960000 -2.100000 -0.596000
v -1.300000 -1.478000 -0.596000
v -4.960000 -2.137000 -1.586000
v -4.960000 -2.786000 -0.735000
v -2.200000 -5.295000 -1.416000
v -2.567000 -5.297000 -3.061000
v -2.200000 -4.746000 -2.743000
v -4.960000 -5.407000 -3.125000
v -2.567000 -5.910000 -1.580999
v -4.960000 -6.033000 -1.613999
v -4.960000 -7.050000 -1.886999
v -2.200000 -5.483000 0.000000
v -2.567000 -6.119000 0.000000
v -4.960000 -6.246000 0.000000
v -1.300000 -2.100000 0.000000
v -4.960000 -2.100000 0.000000
v -1.300000 -1.131000 -1.131000
v -4.960000 -1.131000 -1.131000
v -4.960000 -1.827000 -1.827000
v -2.200000 -1.827000 -1.827000
v -2.200000 -2.039000 -2.039000
v -2.567000 -4.326001 -4.326000
v -4.960000 -4.416000 -4.415999
v -1.000000 -1.131000 -1.131000
v -1.000000 -1.478000 -0.596000
v -2.200000 -1.586000 -2.137000
v -4.960000 -1.427000 -2.503000
v -4.960000 -0.601000 -1.478000
v -2.200000 -0.735000 -2.786000
v -2.200000 -1.427000 -2.503000
v -1.300000 -0.601000 -2.100000
v -4.960000 -0.601000 -2.100000
v -1.300000 -0.601000 -1.478000
v -4.960000 -1.586000 -2.137000
v -4.960000 -0.735000 -2.786000
v -2.200000 -1.416000 -5.295000
v -2.567000 -3.061001 -5.297000
v -2.200000 -2.743001 -4.746000
v -4.960000 -3.125000 -5.407000
v -4.960000 -3.651000 -6.318999
v -2.567000 -1.581000 -5.910000
v -4.960000 -1.614000 -6.033000
v -1.300000 -0.000000 -2.100000
v -4.960000 -0.000000 -2.100000
v -2.200000 -3.876000 -3.876000
v -1.000000 -0.601000 -1.478000
v -2.200000 -0.000000 -2.883000
v -4.960000 -0.000000 -2.883000
v -1.300000 -0.000000 -1.600000
v -2.200000 1.586000 -2.137000
v -4.960000 1.427000 -2.503000
v -4.960000 0.596000 -1.478000
v -2.200000 0.735000 -2.786000
v -2.200000 1.427000 -2.503000
v -1.300000 0.596000 -2.100000
v -4.960000 0.596000 -2.100000
v -1.300000 0.596000 -1.478000
v -4.960000 1.586000 -2.137000
v -4.960000 0.735000 -2.786000
v -2.200000 1.416000 -5.295000
v -2.567000 3.061000 -5.297000
v -2.200000 2.743000 -4.746000
v -4.960000 3.125000 -5.407000
v -2.567000 1.580999 -5.910000
v -4.960000 1.613999 -6.033000
v -4.960000 1.886999 -7.050000
v -2.200000 -0.000000 -5.483000
v -2.567000 -0.000000 -6.119000
v -4.960000 -0.000000 -6.246000
v -1.000000 -0.000000 -1.600000
v -2.200000 1.827000 -1.827000
v -2.200000 3.876000 -3.876000
v -1.000000 1.131000 -1.131000
v -2.200000 0.000000 2.883000
v -4.960000 0.000000 2.883000
v -1.300000 0.000000 1.600000
v -2.200000 1.586000 2.137000
v -4.960000 1.427000 2.503000
v -4.960000 0.601000 1.478000
v -2.200000 0.735000 2.786000
v -2.200000 1.427000 2.503000
v -1.300000 0.601000 2.100000
v -4.960000 0.601000 2.100000
v -1.300000 0.601000 1.478000
v -4.960000 1.586000 2.137000
v -4.960000 0.735000 2.786000
v -2.200000 1.416000 5.295000
v -2.567000 3.061001 5.297000
v -2.200000 2.743001 4.746000
v -4.960000 3.125000 5.407000
v -2.567000 1.581000 5.910000
v -4.960000 1.614000 6.033000
v -2.200000 0.000000 5.483000
v -2.567000 0.000000 6.119000
v -4.960000 0.000000 6.246000
v -1.300000 1.131000 1.131000
v -2.200000 1.827000 1.827000
v -2.200000 3.876000 3.876000
v -1.000000 0.601000 1.478000
v -2.200000 -1.586000 2.137000
v -4.960000 -1.427000 2.503000
v -4.960000 -0.596000 1.478000
v -2.200000 -0.735000 2.786000
v -2.200000 -1.427000 2.503000
v -1.300000 -0.596000 2.100000
v -4.960000 -0.596000 2.100000
v -1.300000 -0.596000 1.478000
v -4.960000 -1.586000 2.137000
v -4.960000 -0.735000 2.786000
v -2.200000 -1.416000 5.295000
v -2.567000 -3.061000 5.297000
v -2.200000 -2.743000 4.746000
v -4.960000 -3.125000 5.407000
v -2.567000 -1.580999 5.910000
v -4.960000 -1.613999 6.033000
v -1.300000 0.000000 2.100000
v -4.960000 0.000000 2.100000
v -1.300000 -1.131000 1.131000
v -2.567000 -4.326000 4.326001
v -1.000000 7.299000 0.003999
v -4.960000 7.298000 0.001999
v -2.000000 7.298000 0.001999
v -1.000000 7.049000 1.893000
v -4.960000 7.049000 1.891000
v -2.000000 7.049000 1.891000
v -2.000000 6.321001 3.650000
v -4.960000 6.319000 3.651000
v -4.960000 5.159000 5.162000
v -2.000000 5.159000 5.162000
v -4.960000 3.647001 6.322000
v -2.000000 3.647001 6.322000
v -2.000000 1.889001 7.051000
v -4.960000 1.887000 7.050000
v -4.960000 -0.001999 7.298000
v -4.960000 -1.889000 7.051000
v -2.000000 -0.001999 7.298000
v -2.000000 -1.891000 7.049000
v -1.000000 -3.653000 6.319000
v -4.960000 -3.651000 6.319000
v -4.960000 -5.160999 5.161000
v -2.000000 -3.651000 6.319000
v -2.000000 -5.160999 5.161000
v -1.000000 -5.164000 5.158000
v -4.960000 -6.321000 3.650001
v -2.000000 -6.321000 3.650001
v -4.960000 -7.051000 1.889001
v -2.000000 -7.051000 1.889001
v -2.000000 -7.299000 0.000001
v -4.960000 -7.298000 -0.001999
v -2.000000 -7.051000 -1.889000
v -4.960000 -6.321001 -3.650000
v -2.000000 -6.321001 -3.650000
v -4.960000 -5.161000 -5.160999
v -2.000000 -5.161000 -5.160999
v -1.000000 -3.650001 -6.321000
v -2.000000 -3.650001 -6.321000
v -4.960000 -1.889001 -7.051000
v -1.000000 -1.889001 -7.051000
v -2.000000 -1.889001 -7.051000
v -2.000000 -0.000001 -7.299000
v -1.000000 0.003999 -7.299000
v -4.960000 0.001999 -7.298000
v -2.000000 1.889000 -7.051000
v -4.960000 3.651000 -6.319000
v -1.000000 5.164000 -5.155001
v -2.000000 3.651000 -6.319000
v 1.500000 2.744999 -4.754000
v 2.291000 3.158999 -5.472001
v 2.291000 4.590000 -4.307001
v 4.600000 3.154000 -5.463000
v 4.600000 4.589000 -4.294001
v 1.500000 1.985000 -2.915000
v 1.500000 3.884000 -3.921000
v 4.052000 1.985000 -2.915000
v 4.960000 4.947000 -4.483000
v 2.000000 4.756999 -3.544000
v 4.960000 5.388000 -3.908000
v 2.294000 5.045000 -3.715000
v 4.600000 5.038000 -3.706001
v 4.001000 2.485000 -1.790000
v 4.003000 2.470000 -1.865000
v 4.011000 2.494000 -1.937000
v 2.000000 2.608000 -1.506000
v 2.000000 2.485000 -1.790000
v 2.000000 2.470000 -1.865000
v 2.000000 2.494000 -1.937000
v 4.034000 1.843000 -2.901000
v 1.500000 1.843000 -2.901000
v 1.500000 1.758000 -3.046000
v 2.000000 3.064000 -1.766000
v 4.065000 2.663000 -2.284000
v 4.090000 2.741000 -2.369000
v 2.000000 2.663000 -2.284000
v 2.000000 2.743000 -2.370000
v 2.262000 2.743000 -2.370000
v 2.262000 2.470000 -1.865000
v 2.262000 2.608000 -1.506000
v 2.262000 2.663000 -2.284000
v 2.262000 2.494000 -1.937000
v 2.262000 2.485000 -1.790000
v 2.291000 1.985000 -2.915000
v 2.291000 1.843000 -2.901000
v 2.291000 1.703000 -2.950000
v 2.291000 4.473000 -4.463000
v 4.600000 4.466000 -4.456000
v 4.960000 4.749000 -4.738000
v 4.124000 2.219000 -3.039000
v 2.291000 2.219000 -3.039000
v 1.500000 2.219000 -3.039000
v 4.090000 2.108000 -2.980000
v 1.500000 1.818000 -3.148000
v 1.500000 2.108000 -2.980000
v 2.291000 2.108000 -2.980000
v 2.000000 2.782000 -1.605000
v 4.011000 2.091000 -2.266000
v 4.036000 2.571000 -2.094000
v 2.262000 2.567000 -2.086000
v 2.000000 2.566000 -2.084000
v 2.291000 1.434999 -6.129000
v 4.600000 1.424000 -6.121000
v 4.960000 3.354000 -5.810000
v 1.500000 1.532000 -3.176000
v 1.500000 1.453000 -5.324000
v 4.052000 1.532000 -3.176000
v 4.960000 1.409999 -6.526000
v 2.291000 -0.000000 -6.318000
v 2.000000 -0.000000 -5.993000
v 3.995000 -0.000000 -3.011000
v 2.000000 0.690000 -5.892000
v 4.960000 0.690000 -6.620000
v 2.294000 0.695000 -6.226000
v 4.600000 0.690000 -6.216000
v 4.001000 0.308000 -3.047000
v 4.003000 0.380000 -3.071000
v 4.011000 0.430000 -3.129000
v 2.000000 0.308000 -3.047000
v 2.000000 0.380000 -3.071000
v 2.000000 0.430000 -3.129000
v 4.034000 1.591000 -3.047000
v 4.029000 1.703000 -2.950000
v 1.500000 1.591000 -3.047000
v 1.500000 1.703000 -2.950000
v 2.000000 -0.002000 -3.406000
v 4.065000 0.647000 -3.448000
v 4.090000 0.681000 -3.558000
v 2.000000 0.647000 -3.448000
v 2.000000 0.681000 -3.560000
v 2.262000 0.681000 -3.560000
v 2.262000 0.380000 -3.071000
v 2.262000 0.647000 -3.448000
v 2.262000 0.430000 -3.129000
v 2.262000 0.308000 -3.047000
v 2.291000 1.532000 -3.176000
v 2.291000 1.591000 -3.047000
v 2.291000 1.628000 -6.105000
v 4.600000 1.626000 -6.095000
v 4.960000 1.728999 -6.482000
v 4.600000 -0.000000 -6.308000
v 4.960000 -0.000001 -6.708000
v 4.124000 1.522000 -3.441000
v 1.500000 1.871000 -3.240000
v 2.291000 1.522000 -3.441000
v 1.500000 1.522000 -3.441000
v 4.090000 1.527000 -3.316000
v 1.500000 1.527000 -3.316000
v 2.291000 1.527000 -3.316000
v 4.011000 0.917000 -2.944000
v 4.014000 1.575000 -2.729000
v 4.036000 0.528000 -3.274000
v 2.262000 0.523000 -3.266000
v 2.000000 0.522000 -3.264000
v 4.960000 -3.650001 -6.322000
v 2.291000 -3.159000 -5.472000
v 2.291000 -1.435000 -6.129000
v 4.600000 -1.424001 -6.121000
v 1.500000 -1.532000 -3.176000
v 1.500000 -1.453000 -5.324000
v 4.052000 -1.532000 -3.176000
v 4.960000 -1.410000 -6.526000
v 2.000000 -0.690000 -5.892000
v 4.960000 -0.690000 -6.620000
v 2.294000 -0.695000 -6.226000
v 4.600000 -0.690000 -6.216000
v 4.001000 -0.308000 -3.047000
v 4.003000 -0.380000 -3.071000
v 4.011000 -0.430000 -3.129000
v 2.000000 -0.000000 -3.011000
v 2.000000 -0.308000 -3.047000
v 2.000000 -0.380000 -3.071000
v 2.000000 -0.430000 -3.129000
v 4.960000 -1.891001 -7.049000
v 4.034000 -1.591000 -3.047000
v 1.500000 -1.591000 -3.047000
v 2.000000 0.003000 -3.536000
v 4.065000 -0.647000 -3.448000
v 4.090000 -0.681000 -3.558000
v 2.000000 -0.647000 -3.448000
v 2.000000 -0.681000 -3.560000
v 2.262000 -0.681000 -3.560000
v 2.262000 -0.380000 -3.071000
v 2.262000 -0.000000 -3.011000
v 2.262000 -0.647000 -3.448000
v 2.262000 -0.430000 -3.129000
v 2.262000 -0.308000 -3.047000
v 2.291000 -1.532000 -3.176000
v 2.291000 -1.591000 -3.047000
v 2.291000 -1.628000 -6.105000
v 4.600000 -1.626001 -6.095000
v 4.960000 -1.729000 -6.482000
v 4.124000 -1.522000 -3.441000
v 2.291000 -1.522000 -3.441000
v 1.500000 -1.522000 -3.441000
v 4.090000 -1.527000 -3.316000
v 1.500000 -1.527000 -3.316000
v 2.291000 -1.527000 -3.316000
v 2.000000 0.001000 -3.212000
v 4.011000 -0.917000 -2.944000
v 4.014000 -1.575000 -2.729000
v 4.036000 -0.528000 -3.274000
v 2.262000 -0.523000 -3.266000
v 2.000000 -0.522000 -3.264000
v 1.500000 -2.745000 -4.754000
v 2.291000 -4.590001 -4.307000
v 4.600000 -3.154001 -5.463000
v 4.600000 -4.589001 -4.294000
v 4.960000 -3.354001 -5.809999
v 1.500000 -1.985000 -2.915000
v 1.500000 -3.884000 -3.921000
v 4.052000 -1.985000 -2.915000
v 4.960000 -4.947001 -4.482999
v 2.291000 -5.472001 -3.158999
v 2.000000 -5.190000 -2.997000
v 3.995000 -2.608000 -1.506000
v 2.000000 -4.757000 -3.543999
v 4.960000 -5.388000 -3.908000
v 2.294000 -5.045001 -3.714999
v 4.600000 -5.038001 -3.706000
v 4.001000 -2.485000 -1.790000
v 4.003000 -2.470000 -1.865000
v 4.011000 -2.494000 -1.937000
v 2.000000 -2.485000 -1.790000
v 2.000000 -2.470000 -1.865000
v 2.000000 -2.494000 -1.937000
v 4.034000 -1.843000 -2.901000
v 4.029000 -1.703000 -2.950000
v 1.500000 -1.843000 -2.901000
v 1.500000 -1.703000 -2.950000
v 1.500000 -1.758000 -3.046000
v 4.000000 -2.511000 -1.450000
v 2.000000 -2.951000 -1.701000
v 4.065000 -2.663000 -2.284000
v 4.090000 -2.741000 -2.369000
v 2.000000 -2.663000 -2.284000
v 2.000000 -2.743000 -2.370000
v 2.262000 -2.743000 -2.370000
v 2.262000 -2.470000 -1.865000
v 2.262000 -2.663000 -2.284000
v 2.262000 -2.494000 -1.937000
v 2.262000 -2.485000 -1.790000
v 2.291000 -1.985000 -2.915000
v 2.291000 -1.843000 -2.901000
v 2.291000 -1.703000 -2.950000
v 2.291000 -4.473001 -4.462999
v 4.600000 -4.466001 -4.455999
v 4.960000 -4.749001 -4.737999
v 4.600000 -5.463000 -3.154000
v 4.960000 -5.810000 -3.354000
v 4.124000 -2.219000 -3.039000
v 1.500000 -1.871000 -3.240000
v 2.291000 -2.219000 -3.039000
v 1.500000 -2.219000 -3.039000
v 4.090000 -2.108000 -2.980000
v 1.500000 -1.818000 -3.148000
v 1.500000 -2.108000 -2.980000
v 2.291000 -2.108000 -2.980000
v 4.011000 -2.091000 -2.266000
v 4.036000 -2.571000 -2.094000
v 2.262000 -2.567000 -2.086000
v 2.000000 -2.566000 -2.084000
v 2.291000 -6.318000 0.000000
v 2.291000 -6.025000 -1.822000
v 4.600000 -6.308000 0.000000
v 4.600000 -6.013000 -1.827000
v 4.960000 -6.708000 0.000001
v 1.500000 -3.517000 -0.261000
v 1.500000 -5.337000 -1.403000
v 4.052000 -3.517000 -0.261000
v 4.960000 -6.356000 -2.042000
v 2.000000 -5.448000 -2.348000
v 4.960000 -6.078000 -2.711999
v 2.294000 -5.740000 -2.510999
v 4.600000 -5.729000 -2.510000
v 4.001000 -2.793000 -1.257000
v 4.003000 -2.850000 -1.207000
v 4.011000 -2.925000 -1.192000
v 2.000000 -2.608000 -1.506000
v 2.000000 -2.793000 -1.257000
v 2.000000 -2.850000 -1.207000
v 2.000000 -2.925000 -1.192000
v 4.960000 -7.051000 -1.886999
v 4.034000 -3.434000 -0.146000
v 4.029000 -3.407000 0.000000
v 1.500000 -3.434000 -0.146000
v 2.000000 -3.061000 -1.770000
v 4.065000 -3.310000 -1.164000
v 4.090000 -3.422000 -1.189000
v 2.000000 -3.310000 -1.164000
v 2.000000 -3.424000 -1.190000
v 2.262000 -3.424000 -1.190000
v 2.262000 -2.850000 -1.207000
v 2.262000 -2.608000 -1.506000
v 2.262000 -3.310000 -1.164000
v 2.262000 -2.925000 -1.192000
v 2.262000 -2.793000 -1.257000
v 2.291000 -3.517000 -0.261000
v 2.291000 -3.434000 -0.146000
v 2.291000 -6.101000 -1.641999
v 4.600000 -6.092000 -1.640000
v 4.960000 -6.478000 -1.743000
v 4.124000 -3.741000 -0.402000
v 2.291000 -3.741000 -0.402000
v 1.500000 -3.741000 -0.402000
v 4.090000 -3.635000 -0.336000
v 1.500000 -3.635000 -0.336000
v 2.291000 -3.635000 -0.336000
v 2.000000 -2.781000 -1.607000
v 4.011000 -3.008000 -0.677000
v 4.014000 -3.151000 0.000000
v 4.036000 -3.099000 -1.179000
v 2.262000 -3.090000 -1.180000
v 2.000000 -3.088000 -1.180000
v 4.960000 -7.300000 0.000001
v 1.500000 -5.490000 0.000000
v 2.291000 -6.025000 1.822001
v 4.600000 -6.013000 1.827000
v 1.500000 -3.517000 0.261000
v 1.500000 -5.337000 1.403000
v 4.052000 -3.517000 0.261000
v 4.960000 -6.356000 2.042001
v 2.291000 -5.472000 3.159000
v 2.000000 -5.190000 2.997000
v 3.995000 -2.608000 1.506000
v 2.000000 -5.448000 2.348001
v 4.960000 -6.078000 2.712000
v 2.294000 -5.740000 2.511000
v 4.600000 -5.729000 2.510000
v 4.001000 -2.793000 1.257000
v 4.003000 -2.850000 1.207000
v 4.011000 -2.925000 1.192000
v 2.000000 -2.793000 1.257000
v 2.000000 -2.850000 1.207000
v 2.000000 -2.925000 1.192000
v 4.034000 -3.434000 0.146000
v 1.500000 -3.434000 0.146000
v 1.500000 -3.407000 0.000000
v 1.500000 -3.517000 0.000000
v 2.000000 -2.949000 1.705000
v 4.065000 -3.310000 1.164000
v 4.090000 -3.422000 1.189000
v 2.000000 -3.310000 1.164000
v 2.000000 -3.424000 1.190000
v 2.262000 -3.424000 1.190000
v 2.262000 -2.850000 1.207000
v 2.262000 -3.310000 1.164000
v 2.262000 -2.925000 1.192000
v 2.262000 -2.793000 1.257000
v 2.291000 -3.517000 0.261000
v 2.291000 -3.434000 0.146000
v 2.291000 -3.407000 0.000000
v 2.291000 -6.101000 1.642000
v 4.600000 -6.092000 1.640000
v 4.960000 -6.478000 1.743001
v 4.600000 -5.463000 3.154001
v 4.960000 -5.809999 3.354001
v 4.124000 -3.741000 0.402000
v 1.500000 -3.741000 0.000000
v 2.291000 -3.741000 0.402000
v 1.500000 -3.741000 0.402000
v 4.090000 -3.635000 0.336000
v 1.500000 -3.635000 0.000000
v 1.500000 -3.635000 0.336000
v 2.291000 -3.635000 0.336000
v 4.011000 -3.008000 0.677000
v 4.036000 -3.099000 1.179000
v 2.262000 -3.090000 1.180000
v 2.000000 -3.088000 1.180000
v 1.500000 -2.744999 4.754000
v 2.291000 -3.158999 5.472001
v 2.291000 -4.590000 4.307001
v 4.600000 -3.154000 5.463000
v 4.600000 -4.589000 4.294001
v 4.960000 -3.354000 5.810000
v 1.500000 -1.985000 2.915000
v 1.500000 -3.884000 3.921000
v 4.052000 -1.985000 2.915000
v 4.960000 -4.947000 4.483000
v 2.000000 -4.756999 3.544000
v 4.960000 -5.388000 3.908000
v 2.294000 -5.045000 3.715000
v 4.600000 -5.038000 3.706001
v 4.001000 -2.485000 1.790000
v 4.003000 -2.470000 1.865000
v 4.011000 -2.494000 1.937000
v 2.000000 -2.608000 1.506000
v 2.000000 -2.485000 1.790000
v 2.000000 -2.470000 1.865000
v 2.000000 -2.494000 1.937000
v 4.960000 -5.158999 5.163001
v 4.034000 -1.843000 2.901000
v 1.500000 -1.843000 2.901000
v 1.500000 -1.703000 2.950000
v 1.500000 -1.758000 3.046000
v 2.000000 -3.064000 1.766000
v 4.065000 -2.663000 2.284000
v 4.090000 -2.741000 2.369000
v 2.000000 -2.663000 2.284000
v 2.000000 -2.743000 2.370000
v 2.262000 -2.743000 2.370000
v 2.262000 -2.470000 1.865000
v 2.262000 -2.608000 1.506000
v 2.262000 -2.663000 2.284000
v 2.262000 -2.494000 1.937000
v 2.262000 -2.485000 1.790000
v 2.291000 -1.985000 2.915000
v 2.291000 -1.843000 2.901000
v 2.291000 -1.703000 2.950000
v 2.291000 -4.473000 4.463000
v 4.600000 -4.466000 4.456000
v 4.960000 -4.749000 4.738000
v 4.124000 -2.219000 3.039000
v 1.500000 -1.871000 3.240000
v 2.291000 -2.219000 3.039000
v 1.500000 -2.219000 3.039000
v 4.090000 -2.108000 2.980000
v 1.500000 -2.108000 2.980000
v 2.291000 -2.108000 2.980000
v 2.000000 -2.782000 1.605000
v 4.011000 -2.091000 2.266000
v 4.036000 -2.571000 2.094000
v 2.262000 -2.567000 2.086000
v 2.000000 -2.566000 2.084000
v 4.960000 -3.650000 6.322001
v 4.960000 0.000001 7.299000
v 2.291000 -1.434999 6.129000
v 4.600000 -1.424000 6.121000
v 1.500000 -1.532000 3.176000
v 1.500000 -1.453000 5.324000
v 4.052000 -1.532000 3.176000
v 4.960000 -1.409999 6.526000
v 2.291000 0.000000 6.318000
v 2.000000 0.000000 5.993000
v 3.995000 0.000000 3.011000
v 2.000000 -0.690000 5.892000
v 4.960000 -0.690000 6.620000
v 2.294000 -0.695000 6.226000
v 4.600000 -0.690000 6.216000
v 4.001000 -0.308000 3.047000
v 4.003000 -0.380000 3.071000
v 4.011000 -0.430000 3.129000
v 2.000000 -0.308000 3.047000
v 2.000000 -0.380000 3.071000
v 2.000000 -0.430000 3.129000
v 4.034000 -1.591000 3.047000
v 4.029000 -1.703000 2.950000
v 1.500000 -1.591000 3.047000
v 2.000000 0.002000 3.406000
v 4.065000 -0.647000 3.448000
v 4.090000 -0.681000 3.558000
v 2.000000 -0.647000 3.448000
v 2.000000 -0.681000 3.560000
v 2.262000 -0.681000 3.560000
v 2.262000 -0.380000 3.071000
v 2.262000 -0.647000 3.448000
v 2.262000 -0.430000 3.129000
v 2.262000 -0.308000 3.047000
v 2.291000 -1.532000 3.176000
v 2.291000 -1.591000 3.047000
v 2.291000 -1.628000 6.105000
v 4.600000 -1.626000 6.095000
v 4.960000 -1.728999 6.482000
v 4.600000 0.000000 6.308000
v 4.960000 0.000001 6.708000
v 4.124000 -1.522000 3.441000
v 2.291000 -1.522000 3.441000
v 1.500000 -1.522000 3.441000
v 4.090000 -1.527000 3.316000
v 1.500000 -1.818000 3.148000
v 1.500000 -1.527000 3.316000
v 2.291000 -1.527000 3.316000
v 4.011000 -0.917000 2.944000
v 4.014000 -1.575000 2.729000
v 4.036000 -0.528000 3.274000
v 2.262000 -0.523000 3.266000
v 2.000000 -0.522000 3.264000
v 1.500000 2.745000 4.754000
v 2.291000 1.435000 6.129000
v 4.600000 1.424001 6.121000
v 4.960000 3.354001 5.809999
v 1.500000 1.532000 3.176000
v 1.500000 1.453000 5.324000
v 4.052000 1.532000 3.176000
v 4.960000 1.410000 6.526000
v 2.000000 0.690000 5.892000
v 4.960000 0.690000 6.620000
v 2.294000 0.695000 6.226000
v 4.600000 0.690000 6.216000
v 4.001000 0.308000 3.047000
v 4.003000 0.380000 3.071000
v 4.011000 0.430000 3.129000
v 2.000000 0.000000 3.011000
v 2.000000 0.308000 3.047000
v 2.000000 0.380000 3.071000
v 2.000000 0.430000 3.129000
v 4.034000 1.591000 3.047000
v 1.500000 1.591000 3.047000
v 1.500000 1.703000 2.950000
v 2.000000 -0.003000 3.536000
v 4.065000 0.647000 3.448000
v 4.090000 0.681000 3.558000
v 2.000000 0.647000 3.448000
v 2.000000 0.681000 3.560000
v 2.262000 0.681000 3.560000
v 2.262000 0.380000 3.071000
v 2.262000 0.000000 3.011000
v 2.262000 0.647000 3.448000
v 2.262000 0.430000 3.129000
v 2.262000 0.308000 3.047000
v 2.291000 1.532000 3.176000
v 2.291000 1.591000 3.047000
v 2.291000 1.628000 6.105000
v 4.600000 1.626001 6.095000
v 4.960000 1.729000 6.482000
v 4.124000 1.522000 3.441000
v 1.500000 1.871000 3.240000
v 2.291000 1.522000 3.441000
v 1.500000 1.522000 3.441000
v 4.090000 1.527000 3.316000
v 1.500000 1.527000 3.316000
v 2.291000 1.527000 3.316000
v 2.000000 -0.001000 3.212000
v 4.011000 0.917000 2.944000
v 4.014000 1.575000 2.729000
v 4.036000 0.528000 3.274000
v 2.262000 0.523000 3.266000
v 2.000000 0.522000 3.264000
v 2.291000 3.159000 5.472000
v 2.291000 4.590001 4.307000
v 4.600000 3.154001 5.463000
v 4.600000 4.589001 4.294000
v 1.500000 1.985000 2.915000
v 1.500000 3.884000 3.921000
v 4.052000 1.985000 2.915000
v 4.960000 4.947001 4.482999
v 2.291000 5.472001 3.158999
v 2.000000 5.190000 2.997000
v 3.995000 2.608000 1.506000
v 2.000000 4.757000 3.543999
v 4.960000 5.388000 3.908000
v 2.294000 5.045001 3.714999
v 4.600000 5.038001 3.706000
v 4.001000 2.485000 1.790000
v 4.003000 2.470000 1.865000
v 4.011000 2.494000 1.937000
v 2.000000 2.485000 1.790000
v 2.000000 2.470000 1.865000
v 2.000000 2.494000 1.937000
v 4.960000 5.159000 5.163000
v 4.034000 1.843000 2.901000
v 4.029000 1.703000 2.950000
v 1.500000 1.843000 2.901000
v 1.500000 1.758000 3.046000
v 2.000000 2.951000 1.701000
v 4.065000 2.663000 2.284000
v 4.090000 2.741000 2.369000
v 2.000000 2.663000 2.284000
v 2.000000 2.743000 2.370000
v 2.262000 2.743000 2.370000
v 2.262000 2.470000 1.865000
v 2.262000 2.663000 2.284000
v 2.262000 2.494000 1.937000
v 2.262000 2.485000 1.790000
v 2.291000 1.985000 2.915000
v 2.291000 1.843000 2.901000
v 2.291000 1.703000 2.950000
v 2.291000 4.473001 4.462999
v 4.600000 4.466001 4.455999
v 4.960000 4.749001 4.737999
v 4.600000 5.463000 3.154000
v 4.960000 5.810000 3.354000
v 4.124000 2.219000 3.039000
v 2.291000 2.219000 3.039000
v 1.500000 2.219000 3.039000
v 4.090000 2.108000 2.980000
v 1.500000 1.818000 3.148000
v 1.500000 2.108000 2.980000
v 2.291000 2.108000 2.980000
v 4.011000 2.091000 2.266000
v 4.036000 2.571000 2.094000
v 2.262000 2.567000 2.086000
v 2.000000 2.566000 2.084000
v 2.291000 6.025000 1.822000
v 4.600000 6.013000 1.827000
v 1.500000 3.517000 0.261000
v 1.500000 5.337000 1.403000
v 4.052000 3.517000 0.261000
v 4.960000 6.356000 2.042000
v 2.000000 5.448000 2.348000
v 4.960000 6.078000 2.711999
v 2.294000 5.740000 2.510999
v 4.600000 5.729000 2.510000
v 4.001000 2.793000 1.257000
v 4.003000 2.850000 1.207000
v 4.011000 2.925000 1.192000
v 2.000000 2.608000 1.506000
v 2.000000 2.793000 1.257000
v 2.000000 2.850000 1.207000
v 2.000000 2.925000 1.192000
v 4.034000 3.434000 0.146000
v 1.500000 3.434000 0.146000
v 2.000000 3.061000 1.770000
v 4.065000 3.310000 1.164000
v 4.090000 3.422000 1.189000
v 2.000000 3.310000 1.164000
v 2.000000 3.424000 1.190000
v 2.262000 3.424000 1.190000
v 2.262000 2.850000 1.207000
v 2.262000 2.608000 1.506000
v 2.262000 3.310000 1.164000
v 2.262000 2.925000 1.192000
v 2.262000 2.793000 1.257000
v 2.291000 3.517000 0.261000
v 2.291000 3.434000 0.146000
v 2.291000 6.101000 1.641999
v 4.600000 6.092000 1.640000
v 4.960000 6.478000 1.743000
v 4.124000 3.741000 0.402000
v 2.291000 3.741000 0.402000
v 1.500000 3.741000 0.402000
v 4.090000 3.635000 0.336000
v 1.500000 3.635000 0.336000
v 2.291000 3.635000 0.336000
v 2.000000 2.781000 1.607000
v 4.011000 3.008000 0.677000
v 4.036000 3.099000 1.179000
v 2.262000 3.090000 1.180000
v 2.000000 3.088000 1.180000
v 1.000000 3.641000 -6.324000
v 1.000000 -0.000001 -7.300000
v 1.000000 3.230999 -6.493001
v 2.000000 3.648999 -6.320001
v 2.000000 1.885000 -7.051000
v 4.960000 3.648999 -6.321001
v 4.960000 1.886999 -7.051000
v 1.000000 -1.889001 -7.051000
v 2.000000 -0.004001 -7.299000
v 4.960000 -0.002001 -7.299000
v 2.000000 -3.650001 -6.322000
v 2.000000 -1.893000 -7.049000
v 2.000000 -6.322001 -3.650000
v 2.000000 -5.164001 -5.158000
v 4.960000 -5.163001 -5.158999
v 2.000000 -7.051000 -1.889000
v 4.960000 -6.322001 -3.647000
v 2.000000 -7.300000 0.000001
v 2.000000 -7.051000 1.889001
v 4.960000 -6.321000 3.649000
v 4.960000 -7.049000 1.891001
v 2.000000 -5.162000 5.162001
v 2.000000 -6.318999 3.653001
v 2.000000 -3.650000 6.322001
v 4.960000 -1.889000 7.050000
v 2.000000 -1.889000 7.051000
v 2.000000 0.000001 7.300000
v 4.960000 1.889001 7.050000
v 2.000000 1.889001 7.051000
v 4.960000 3.649000 6.321000
v 2.000000 3.650001 6.322000
v 2.000000 5.162001 5.162000
v 2.000000 6.322001 3.650000
v 4.960000 7.050000 1.889000
v 2.000000 7.051000 1.889000
v 4.960000 6.322001 3.647000
v 4.960000 7.299000 -0.000001
v 2.000000 7.300000 -0.000001
v 1.000000 -1.131000 -1.131000
v 1.300000 -2.100000 -0.596000
v 4.960000 -1.131000 -1.131000
v 4.960000 -0.601000 -1.483000
v 1.300000 -0.601000 -2.100000
v 4.960000 -0.601000 -2.100000
v 1.300000 -2.100000 0.000000
v 4.960000 -2.100000 0.000000
v 4.960000 -0.000000 -2.100000
v 1.300000 -0.000000 -2.100000
v 1.300000 -1.130000 -1.130000
v 4.960000 -0.000000 -2.900000
v 4.960000 -0.751000 -2.801000
v 4.960000 -1.450000 -2.511000
v 4.960000 -2.051000 -2.051000
v 4.960000 -2.511000 -1.450000
v 4.960000 -2.801000 -0.751000
v 4.960000 -2.900000 0.000000
v 4.000000 -0.751000 -2.801000
v 4.000000 -1.450000 -2.511000
v 1.300000 -1.483000 -0.596000
v 1.300000 -0.000000 -1.600000
v 1.300000 -0.601000 -1.483000
v 1.000000 -1.478000 -0.596000
v 4.000000 -2.051000 -2.051000
v 4.000000 -2.801000 -0.751000
v 4.000000 -2.900000 0.000000
v 1.000000 -1.131000 1.131000
v 4.960000 -1.131000 1.131000
v 4.960000 -1.483000 0.601000
v 1.300000 -2.100000 0.601000
v 4.960000 -2.100000 0.601000
v 1.300000 0.000000 2.100000
v 4.960000 0.000000 2.100000
v 1.300000 -1.130000 1.130000
v 4.960000 -2.801000 0.751000
v 4.960000 -2.511000 1.450000
v 4.960000 -2.051000 2.051000
v 4.960000 -1.450000 2.511000
v 4.960000 -0.751000 2.801000
v 4.000000 -2.801000 0.751000
v 4.000000 -2.511000 1.450000
v 1.300000 0.000000 1.600000
v 1.300000 -0.596000 1.483000
v 1.300000 -1.600000 0.000000
v 1.300000 -1.483000 0.601000
v 1.000000 -0.596000 1.478000
v 1.000000 -1.600000 0.000000
v 4.000000 -1.450000 2.511000
v 4.000000 -2.051000 2.051000
v 4.000000 -0.751000 2.801000
v 1.000000 1.131000 1.131000
v 1.300000 2.100000 0.596000
v 4.960000 1.131000 1.131000
v 4.960000 0.601000 1.483000
v 1.300000 0.601000 2.100000
v 4.960000 0.601000 2.100000
v 1.300000 2.100000 -0.000000
v 1.300000 1.130000 1.130000
v 4.960000 0.000000 2.900000
v 4.960000 0.751000 2.801000
v 4.960000 1.450000 2.511000
v 4.960000 2.051000 2.051000
v 4.960000 2.511000 1.450000
v 4.960000 2.801000 0.751000
v 4.000000 0.000000 2.900000
v 4.000000 0.751000 2.801000
v 4.000000 1.450000 2.511000
v 1.300000 1.600000 -0.000000
v 1.300000 1.483000 0.596000
v 1.300000 0.601000 1.483000
v 1.000000 1.478000 0.596000
v 1.000000 1.600000 -0.000000
v 4.000000 2.511000 1.450000
v 4.000000 2.051000 2.051000
v 4.000000 2.801000 0.751000
v 1.000000 1.131000 -1.131000
v 4.960000 0.596000 -2.100000
v 4.960000 0.596000 -1.483000
v 1.300000 0.596000 -2.100000
v 4.960000 1.131000 -1.131000
v 4.960000 1.483000 -0.601000
v 4.960000 2.100000 -0.601000
v 4.960000 2.511000 -1.450000
v 4.960000 2.051000 -2.051000
v 4.960000 1.450000 -2.511000
v 4.960000 0.751000 -2.801000
v 4.000000 2.801000 -0.751000
v 4.000000 2.511000 -1.450000
v 1.300000 0.596000 -1.483000
v 1.000000 1.478000 -0.601000
v 1.000000 -0.000000 -1.600000
v 4.000000 1.450000 -2.511000
v 4.000000 2.051000 -2.051000
v 4.000000 0.751000 -2.801000
v 4.000000 -0.000000 -2.900000
v 2.000000 5.164999 -5.156001
v 4.960000 5.163000 -5.159000
v 4.960000 1.483000 0.601000
v 4.960000 2.100000 0.601000
v 1.300000 -0.601000 2.100000
v 4.960000 -0.601000 1.483000
v 4.960000 -0.601000 2.100000
v 4.960000 -1.483000 -0.601000
v 4.960000 -2.100000 -0.601000
v 1.000000 5.158999 -5.159000
v 1.000000 6.323999 -3.641001
v 0.761000 6.807000 -0.000001
v 0.761000 6.576000 -1.757000
v 0.761000 6.576000 1.756999
v 0.761000 5.898000 3.395000
v 1.000000 -3.637000 6.314001
v 1.000000 -1.878000 7.043000
v 0.375000 4.000000 -0.000000
v 0.375000 3.915000 -0.647000
v 0.375000 3.915000 -0.647000
v 1.000000 0.009001 7.300000
v 0.000000 -1.446000 2.779000
v 0.530000 -1.446000 2.779000
v 0.530000 -1.446000 2.779000
v 0.761000 3.412000 5.880000
v 0.761000 1.775000 6.559000
v 0.761000 4.819000 4.801000
v 1.000000 3.654001 6.314000
v 1.000000 1.896001 7.043000
v 0.761000 -1.740000 6.559000
v 0.761000 0.017001 6.790000
v 1.000000 7.300000 -0.000001
v 1.000000 7.051000 -1.885000
v 1.000000 6.324000 3.641000
v 1.000000 7.051000 1.885000
v 1.000000 6.493000 -3.231000
v 1.000000 6.493000 -3.231000
v 1.000000 6.493000 -3.231000
v 1.000000 5.164001 5.155000
v 1.000000 1.626000 1.626000
v 1.000000 2.266000 0.989000
v 0.761000 6.162000 -2.892000
v 0.761000 6.162000 -2.892000
v 0.571000 -3.063000 4.453000
v 0.571000 -3.063000 4.453000
v 0.000000 3.915000 -0.647000
v 0.761000 -3.378000 5.880001
v 0.761000 -4.793000 4.793001
v 1.000000 -5.151000 5.151000
v 0.375000 -2.077000 3.432000
v 0.375000 -2.077000 3.432000
v 0.000000 -2.077000 3.432000
v 0.375000 -1.035000 3.864000
v 1.000000 0.880000 2.125000
v 0.530000 -2.113000 2.113000
v 1.000000 0.000000 1.600000
v 1.000000 0.601000 1.478000
v 1.000000 -0.880000 2.125000
v 1.000000 0.000000 2.300000
v 0.375000 0.000000 4.000000
v 0.375000 3.864000 1.035000
v 0.375000 3.464000 2.000000
v 0.375000 2.828000 2.828000
v 0.375000 2.000000 3.464000
v 0.375000 1.035000 3.864000
v 0.573000 -3.829000 3.829000
v 3.995000 2.608000 -1.506000
v 4.001000 2.793000 -1.257000
v 2.291000 6.025000 -1.822001
v 2.291000 6.025000 -1.822001
v 1.500000 5.337000 -1.403000
v 1.500000 5.337000 -1.403000
v 2.000000 2.850000 -1.207000
v 2.000000 2.925000 -1.192000
v 4.003000 2.850000 -1.207000
v 2.000000 2.793000 -1.257000
v 2.291000 5.472000 -3.159000
v 2.294000 5.740000 -2.511000
v 2.294000 5.740000 -2.511000
v 2.000000 5.190000 -2.997000
v 2.000000 5.448000 -2.348001
v 2.000000 5.448000 -2.348001
v 4.960000 6.078000 -2.712000
v 4.960000 6.078000 -2.712000
v 4.960000 6.078000 -2.712000
v 4.600000 5.729000 -2.510000
v 4.600000 5.729000 -2.510000
v 1.500000 3.407000 -0.000000
v 1.500000 3.434000 -0.146000
v 4.600000 6.013000 -1.827000
v 4.600000 6.013000 -1.827000
v 4.034000 3.434000 -0.146000
v 4.052000 3.517000 -0.261000
v 4.090000 3.635000 -0.336000
v 1.500000 3.517000 -0.261000
v 1.500000 3.635000 -0.336000
v 4.960000 6.356000 -2.042001
v 4.960000 6.356000 -2.042001
v 4.960000 6.356000 -2.042001
v 4.029000 3.407000 -0.000000
v 4.011000 2.925000 -1.192000
v 4.960000 2.801000 -0.751000
v 4.960000 2.900000 -0.000000
v 4.960000 6.321000 -3.649000
v 4.960000 7.051000 -1.887000
v 1.300000 1.483000 -0.601000
v 1.300000 1.483000 -0.601000
v 1.300000 2.100000 -0.601000
v 1.300000 2.100000 -0.601000
v 4.600000 6.092000 -1.640000
v 2.000000 3.310000 -1.164000
v 2.000000 3.424000 -1.190000
v 4.090000 3.422000 -1.189000
v 4.036000 3.099000 -1.179000
v 4.065000 3.310000 -1.164000
v 2.000000 3.088000 -1.180000
v 4.960000 6.478000 -1.743001
v 4.600000 5.463000 -3.154001
v 4.600000 6.308000 -0.000000
v 4.960000 6.708000 -0.000001
v 2.291000 6.101000 -1.642000
v 2.291000 6.318000 -0.000000
v 4.960000 5.809999 -3.354001
v 1.500000 5.490000 -0.000000
v 4.124000 3.741000 -0.402000
v 1.500000 3.741000 -0.402000
v -2.200000 2.883000 -0.000000
v -2.200000 2.786000 -0.735000
v -4.960000 2.883000 -0.000000
v -4.960000 2.786000 -0.735000
v -2.200000 2.503000 -1.427000
v -2.200000 2.503000 -1.427000
v -4.960000 5.407000 -3.125000
v -4.960000 6.033000 -1.614000
v -2.567000 5.297000 -3.061001
v -2.567000 4.326000 -4.326001
v -2.200000 5.295000 -1.416000
v -2.200000 5.483000 -0.000000
v -1.300000 2.100000 -0.601000
v -1.300000 2.100000 -0.601000
v -4.960000 2.100000 -0.601000
v -4.960000 2.100000 -0.601000
v -4.960000 2.100000 -0.000000
v -4.960000 6.318999 -3.651000
v -4.960000 7.050000 -1.887000
v -1.300000 2.100000 -0.000000
v -4.960000 2.503000 -1.427000
v -4.960000 2.503000 -1.427000
v -4.960000 1.478000 -0.601000
v -4.960000 1.478000 -0.601000
v -1.300000 1.478000 -0.601000
v -1.300000 1.478000 -0.601000
v -2.200000 4.746000 -2.743001
v -4.960000 1.131000 -1.131000
v -2.567000 5.910000 -1.581000
v -2.567000 6.119000 -0.000000
v -4.960000 4.415999 -4.416000
v -1.300000 1.600000 -0.000000
v -2.200000 2.137000 -1.586000
v -4.960000 2.137000 -1.586000
v -4.960000 6.246000 -0.000000
v -1.000000 6.323999 -3.641001
v -1.000000 5.155000 -5.164001
v -4.960000 1.827000 -1.827000
v -4.960000 5.160999 -5.161000
v -1.000000 6.493000 -3.231000
v -1.000000 6.493000 -3.231000
v -1.000000 6.493000 -3.231000
v -1.000000 7.051000 -1.885000
v -0.761000 6.807000 -0.000001
v -0.761000 6.576000 -1.757000
v -0.761000 6.576000 1.756999
v -0.761000 5.898000 3.395000
v -1.000000 -1.878000 7.042000
v -0.375000 4.000000 -0.000000
v -0.375000 3.915000 -0.647000
v -0.375000 3.915000 -0.647000
v -1.000000 0.006001 7.299000
v -0.761000 3.412000 5.880000
v -0.761000 1.775000 6.559000
v -0.761000 4.819000 4.801000
v -1.000000 3.652000 6.315000
v -1.000000 1.893000 7.043000
v -0.761000 -1.740000 6.559000
v -0.761000 0.017001 6.790000
v -1.000000 6.321001 3.647000
v -1.000000 5.162001 5.157000
v -1.000000 1.626000 1.626000
v -1.000000 2.266000 0.989000
v -0.761000 6.162000 -2.892000
v -0.761000 6.162000 -2.892000
v -0.571000 -3.063000 4.453000
v -0.571000 -3.063000 4.453000
v -0.530000 -1.446000 2.779000
v -0.530000 -1.446000 2.779000
v -0.761000 -3.378000 5.880001
v -0.761000 -4.793000 4.793001
v -0.375000 -2.077000 3.432000
v -0.375000 -2.077000 3.432000
v -0.375000 -1.035000 3.864000
v -1.000000 0.880000 2.125000
v -0.530000 -2.113000 2.113000
v -1.000000 -0.596000 1.478000
v -1.000000 0.000000 1.600000
v -1.000000 -0.880000 2.125000
v -1.000000 0.000000 2.300000
v -1.000000 -1.626000 1.626000
v -0.375000 0.000000 4.000000
v -0.375000 3.864000 1.035000
v -0.375000 3.464000 2.000000
v -0.375000 2.828000 2.828000
v -0.375000 2.000000 3.464000
v -0.375000 1.035000 3.864000
v -0.573000 -3.829000 3.829000
v -0.761000 -0.000001 -6.807000
v -0.761000 1.756999 -6.576000
v -0.761000 -1.757000 -6.576000
v -0.761000 -3.395000 -5.897999
v -1.000000 -7.042000 1.878000
v -1.000000 -6.314000 3.637001
v -0.375000 -0.000000 -4.000000
v -0.375000 0.647000 -3.915000
v -0.375000 0.647000 -3.915000
v -1.000000 -7.300000 -0.008999
v 0.000000 -2.779000 1.446000
v -0.530000 -2.779000 1.446000
v -0.530000 -2.779000 1.446000
v -0.761000 -5.880001 -3.411999
v -0.761000 -6.559000 -1.774999
v -0.761000 -4.801001 -4.818999
v -1.000000 -6.314001 -3.654000
v -1.000000 -7.042000 -1.896000
v -0.761000 -6.559000 1.740000
v -0.761000 -6.790000 -0.016999
v -1.000000 3.641000 -6.324000
v -1.000000 3.230999 -6.493001
v -1.000000 3.230999 -6.493001
v -1.000000 3.230999 -6.493001
v -1.000000 -5.155001 -5.164000
v -1.000000 -1.626000 -1.626000
v -1.000000 -0.989000 -2.266000
v -0.761000 2.891999 -6.162000
v -0.761000 2.891999 -6.162000
v -0.571000 -4.453000 3.063000
v -0.571000 -4.453000 3.063000
v 0.000000 0.647000 -3.915000
v -0.375000 -3.432000 2.077000
v -0.375000 -3.432000 2.077000
v 0.000000 -3.432000 2.077000
v -0.761000 -5.880000 3.378000
v -0.375000 -3.864000 1.035000
v -1.000000 -2.125000 -0.880000
v -1.000000 1.885000 -7.051000
v -1.000000 -2.125000 0.880000
v -1.000000 -2.300000 0.000000
v -0.375000 -4.000000 0.000000
v -0.375000 -1.035000 -3.864000
v -0.375000 -2.000000 -3.464000
v -0.375000 -2.828000 -2.828000
v -0.375000 -3.464000 -2.000000
v -0.375000 -3.864000 -1.035000
v 1.000000 -1.626000 1.626000
v 0.761000 -0.000001 -6.807000
v 0.761000 1.756999 -6.576000
v 0.761000 -1.757000 -6.576000
v 0.761000 -3.395000 -5.897999
v 1.000000 -6.314000 3.637001
v 1.000000 -7.043000 1.878000
v 0.375000 -0.000000 -4.000000
v 0.375000 0.647000 -3.915000
v 0.375000 0.647000 -3.915000
v 1.000000 -7.300000 -0.008999
v 0.761000 -5.880001 -3.411999
v 0.761000 -6.559000 -1.774999
v 0.761000 -4.801001 -4.818999
v 1.000000 -7.043000 -1.893000
v 1.000000 -6.314001 -3.654000
v 0.761000 -6.559000 1.740000
v 0.761000 -6.790000 -0.016999
v 1.000000 -5.155001 -5.164000
v 1.000000 -3.647001 -6.321000
v 1.000000 -1.626000 -1.626000
v 1.000000 -0.989000 -2.266000
v 0.761000 2.891999 -6.162000
v 0.761000 2.891999 -6.162000
v 0.571000 -4.453000 3.063000
v 0.571000 -4.453000 3.063000
v 0.530000 -2.779000 1.446000
v 0.530000 -2.779000 1.446000
v 0.375000 -3.432000 2.077000
v 0.375000 -3.432000 2.077000
v 0.761000 -5.880000 3.378000
v 0.375000 -3.864000 1.035000
v 1.000000 -2.125000 -0.880000
v 1.000000 -2.125000 0.880000
v 1.000000 -2.300000 0.000000
v 0.375000 -4.000000 0.000000
v 0.375000 -1.035000 -3.864000
v 0.375000 -2.000000 -3.464000
v 0.375000 -2.828000 -2.828000
v 0.375000 -3.464000 -2.000000
v 0.375000 -3.864000 -1.035000
v -2.200000 2.786000 0.735000
v -2.200000 2.503000 1.427000
v -2.200000 2.503000 1.427000
v -4.960000 5.407000 3.125000
v -4.960000 6.033000 1.613999
v -2.567000 5.297000 3.061000
v -2.567000 4.326001 4.326000
v -1.300000 2.100000 0.596000
v -1.300000 2.100000 0.596000
v -4.960000 2.100000 0.596000
v -4.960000 2.100000 0.596000
v -4.960000 2.503000 1.427000
v -4.960000 2.503000 1.427000
v -4.960000 2.786000 0.735000
v -4.960000 1.478000 0.596000
v -4.960000 1.478000 0.596000
v -1.300000 1.478000 0.596000
v -1.300000 1.478000 0.596000
v -2.200000 4.746000 2.743000
v -2.200000 5.295000 1.416000
v -4.960000 1.131000 1.131000
v -4.960000 4.416000 4.415999
v -2.567000 5.910000 1.580999
v -2.200000 2.137000 1.586000
v -4.960000 2.137000 1.586000
v -4.960000 1.827000 1.827000
v -1.000000 1.131000 1.131000
v -1.000000 1.478000 0.596000
v -1.000000 1.600000 -0.000000
v -2.200000 -2.786000 0.735000
v -2.200000 -2.503000 1.427000
v -2.200000 -2.503000 1.427000
v -4.960000 -5.407000 3.125000
v -4.960000 -6.033000 1.614000
v -2.200000 -2.137000 1.586000
v -2.200000 -1.827000 1.827000
v -1.300000 -2.100000 0.601000
v -1.300000 -2.100000 0.601000
v -4.960000 -2.100000 0.601000
v -4.960000 -2.100000 0.601000
v -4.960000 -2.503000 1.427000
v -4.960000 -2.503000 1.427000
v -4.960000 -2.786000 0.735000
v -4.960000 -1.478000 0.601000
v -4.960000 -1.478000 0.601000
v -1.300000 -1.478000 0.601000
v -1.300000 -1.478000 0.601000
v -2.200000 -4.746000 2.743001
v -2.200000 -5.295000 1.416000
v -4.960000 -1.131000 1.131000
v -4.960000 -4.415999 4.416000
v -2.567000 -5.297000 3.061001
v -2.567000 -5.910000 1.581000
v -2.200000 -3.876000 3.876000
v -4.960000 -2.137000 1.586000
v -4.960000 -1.827000 1.827000
v -1.000000 -1.478000 0.601000
v -1.000000 -1.131000 1.131000
v -2.200000 -2.883000 0.000000
v -2.200000 -2.786000 -0.735000
v -4.960000 -2.883000 0.000000
v -4.960000 -2.786000 -0.735000
v -2.200000 -2.503000 -1.427000
v -2.200000 -2.503000 -1.427000
v -4.960000 -5.407000 -3.125000
v -4.960000 -6.033000 -1.613999
v -2.567000 -5.297000 -3.061000
v -2.567000 -4.326001 -4.326000
v -2.200000 -2.137000 -1.586000
v -2.200000 -1.827000 -1.827000
v -2.200000 -5.295000 -1.416000
v -2.200000 -5.483000 0.000000
v -1.300000 -2.100000 -0.596000
v -1.300000 -2.100000 -0.596000
v -4.960000 -2.100000 -0.596000
v -4.960000 -2.100000 -0.596000
v -4.960000 -2.100000 0.000000
v -1.300000 -2.100000 0.000000
v -4.960000 -2.503000 -1.427000
v -4.960000 -2.503000 -1.427000
v -4.960000 -1.478000 -0.596000
v -4.960000 -1.478000 -0.596000
v -1.300000 -1.478000 -0.596000
v -1.300000 -1.478000 -0.596000
v -2.200000 -4.746000 -2.743000
v -4.960000 -1.131000 -1.131000
v -2.567000 -5.910000 -1.580999
v -2.567000 -6.119000 0.000000
v -4.960000 -4.416000 -4.415999
v -1.300000 -1.600000 0.000000
v -4.960000 -2.137000 -1.586000
v -4.960000 -6.246000 0.000000
v -4.960000 -1.827000 -1.827000
v -1.000000 -1.478000 -0.596000
v -1.000000 -1.131000 -1.131000
v -2.200000 -0.735000 -2.786000
v -2.200000 -1.427000 -2.503000
v -2.200000 -1.427000 -2.503000
v -4.960000 -3.125000 -5.407000
v -4.960000 -1.614000 -6.033000
v -1.300000 -0.601000 -2.100000
v -1.300000 -0.601000 -2.100000
v -4.960000 -0.601000 -2.100000
v -4.960000 -0.601000 -2.100000
v -4.960000 -0.000000 -2.100000
v -1.300000 -0.000000 -2.100000
v -4.960000 -1.427000 -2.503000
v -4.960000 -1.427000 -2.503000
v -4.960000 -0.735000 -2.786000
v -4.960000 -0.601000 -1.478000
v -4.960000 -0.601000 -1.478000
v -1.300000 -0.601000 -1.478000
v -1.300000 -0.601000 -1.478000
v -2.200000 -2.743001 -4.746000
v -2.200000 -1.416000 -5.295000
v -2.567000 -3.061001 -5.297000
v -2.567000 -1.581000 -5.910000
v -2.200000 -3.876000 -3.876000
v -2.200000 -1.586000 -2.137000
v -4.960000 -1.586000 -2.137000
v -2.200000 -0.000000 -2.883000
v -2.200000 0.735000 -2.786000
v -4.960000 -0.000000 -2.883000
v -4.960000 0.735000 -2.786000
v -2.200000 1.427000 -2.503000
v -2.200000 1.427000 -2.503000
v -4.960000 3.125000 -5.407000
v -4.960000 1.613999 -6.033000
v -2.200000 1.586000 -2.137000
v -2.200000 1.827000 -1.827000
v -2.200000 1.416000 -5.295000
v -2.200000 -0.000000 -5.483000
v -1.300000 0.596000 -2.100000
v -1.300000 0.596000 -2.100000
v -4.960000 0.596000 -2.100000
v -4.960000 0.596000 -2.100000
v -4.960000 1.427000 -2.503000
v -4.960000 1.427000 -2.503000
v -4.960000 0.596000 -1.478000
v -4.960000 0.596000 -1.478000
v -1.300000 0.596000 -1.478000
v -1.300000 0.596000 -1.478000
v -2.200000 2.743000 -4.746000
v -2.567000 1.580999 -5.910000
v -2.567000 -0.000000 -6.119000
v -2.567000 3.061000 -5.297000
v -2.200000 3.876000 -3.876000
v -1.300000 -0.000000 -1.600000
v -4.960000 1.586000 -2.137000
v -4.960000 -0.000000 -6.246000
v -2.200000 0.000000 2.883000
v -2.200000 0.735000 2.786000
v -4.960000 0.000000 2.883000
v -4.960000 0.735000 2.786000
v -2.200000 1.427000 2.503000
v -2.200000 1.427000 2.503000
v -4.960000 3.125000 5.407000
v -4.960000 1.614000 6.033000
v -2.200000 1.586000 2.137000
v -2.200000 1.827000 1.827000
v -2.200000 1.416000 5.295000
v -2.200000 0.000000 5.483000
v -1.300000 0.601000 2.100000
v -1.300000 0.601000 2.100000
v -4.960000 0.601000 2.100000
v -4.960000 0.601000 2.100000
v -4.960000 1.427000 2.503000
v -4.960000 1.427000 2.503000
v -4.960000 0.601000 1.478000
v -4.960000 0.601000 1.478000
v -1.300000 0.601000 1.478000
v -1.300000 0.601000 1.478000
v -2.200000 2.743001 4.746000
v -2.567000 1.581000 5.910000
v -2.567000 0.000000 6.119000
v -2.567000 3.061001 5.297000
v -2.200000 3.876000 3.876000
v -1.300000 0.000000 1.600000
v -4.960000 1.586000 2.137000
v -4.960000 0.000000 6.246000
v -2.200000 -0.735000 2.786000
v -2.200000 -1.427000 2.503000
v -2.200000 -1.427000 2.503000
v -4.960000 -3.125000 5.407000
v -4.960000 -1.613999 6.033000
v -2.567000 -3.061000 5.297000
v -2.567000 -4.326000 4.326001
v -1.300000 -0.596000 2.100000
v -1.300000 -0.596000 2.100000
v -4.960000 -0.596000 2.100000
v -4.960000 -0.596000 2.100000
v -4.960000 0.000000 2.100000
v -1.300000 0.000000 2.100000
v -4.960000 -1.427000 2.503000
v -4.960000 -1.427000 2.503000
v -4.960000 -0.735000 2.786000
v -4.960000 -0.596000 1.478000
v -4.960000 -0.596000 1.478000
v -1.300000 -0.596000 1.478000
v -1.300000 -0.596000 1.478000
v -2.200000 -2.743000 4.746000
v -2.200000 -1.416000 5.295000
v -2.567000 -1.580999 5.910000
v -2.200000 -1.586000 2.137000
v -4.960000 -1.586000 2.137000
v -1.000000 0.601000 1.478000
v -1.000000 1.131000 -1.131000
v -1.000000 1.478000 -0.601000
v -1.000000 -1.600000 0.000000
v -1.000000 -0.601000 -1.478000
v -1.000000 0.596000 -1.478000
v -1.000000 -0.000000 -1.600000
v -4.960000 -0.001999 7.298000
v -4.960000 -1.889000 7.051000
v -4.960000 -3.651000 6.319000
v -4.960000 -5.160999 5.161000
v -4.960000 3.651000 -6.319000
v -4.960000 1.886999 -7.050000
v -4.960000 7.298000 0.001999
v -1.000000 7.299000 0.003999
v -1.000000 7.049000 1.893000
v -1.000000 0.003999 -7.299000
v -1.000000 -3.650001 -6.321000
v -4.960000 -6.321000 3.650001
v -4.960000 -7.051000 1.889001
v -4.960000 -6.321001 -3.650000
v -4.960000 -7.050000 -1.886999
v -4.960000 -5.161000 -5.160999
v -4.960000 -3.651000 -6.318999
v -4.960000 0.001999 -7.298000
v -4.960000 7.049000 1.891000
v -4.960000 5.159000 5.162000
v -4.960000 3.647001 6.322000
v -4.960000 6.319000 3.651000
v -4.960000 1.887000 7.050000
v -4.960000 -7.298000 -0.001999
v -4.960000 -1.889001 -7.051000
v -1.000000 -1.889001 -7.051000
v 2.000000 2.608000 -1.506000
v 2.000000 2.485000 -1.790000
v 2.291000 4.590000 -4.307001
v 2.291000 4.590000 -4.307001
v 1.500000 3.884000 -3.921000
v 1.500000 3.884000 -3.921000
v 2.000000 2.470000 -1.865000
v 2.000000 2.494000 -1.937000
v 4.003000 2.470000 -1.865000
v 4.001000 2.485000 -1.790000
v 4.960000 5.388000 -3.908000
v 4.960000 5.388000 -3.908000
v 4.960000 5.388000 -3.908000
v 4.600000 5.038000 -3.706001
v 4.600000 5.038000 -3.706001
v 2.294000 5.045000 -3.715000
v 2.294000 5.045000 -3.715000
v 2.000000 4.756999 -3.544000
v 2.000000 4.756999 -3.544000
v 4.600000 4.589000 -4.294001
v 4.600000 4.589000 -4.294001
v 4.034000 1.843000 -2.901000
v 4.052000 1.985000 -2.915000
v 4.090000 2.108000 -2.980000
v 1.500000 1.843000 -2.901000
v 1.500000 1.985000 -2.915000
v 1.500000 2.108000 -2.980000
v 4.960000 4.947000 -4.483000
v 4.960000 4.947000 -4.483000
v 4.960000 4.947000 -4.483000
v 4.011000 2.494000 -1.937000
v 4.600000 4.466000 -4.456000
v 2.000000 2.663000 -2.284000
v 2.000000 2.743000 -2.370000
v 4.090000 2.741000 -2.369000
v 4.036000 2.571000 -2.094000
v 4.065000 2.663000 -2.284000
v 2.000000 2.566000 -2.084000
v 4.960000 4.749000 -4.738000
v 4.600000 3.154000 -5.463000
v 2.291000 4.473000 -4.463000
v 2.291000 3.158999 -5.472001
v 1.500000 2.744999 -4.754000
v 4.124000 2.219000 -3.039000
v 1.500000 2.219000 -3.039000
v 3.995000 -0.000000 -3.011000
v 4.001000 0.308000 -3.047000
v 2.291000 1.434999 -6.129000
v 2.291000 1.434999 -6.129000
v 1.500000 1.453000 -5.324000
v 1.500000 1.453000 -5.324000
v 2.000000 0.380000 -3.071000
v 2.000000 0.430000 -3.129000
v 4.003000 0.380000 -3.071000
v 2.000000 0.308000 -3.047000
v 2.291000 -0.000000 -6.318000
v 2.294000 0.695000 -6.226000
v 2.294000 0.695000 -6.226000
v 2.000000 -0.000000 -5.993000
v 2.000000 0.690000 -5.892000
v 2.000000 0.690000 -5.892000
v 4.960000 0.690000 -6.620000
v 4.960000 0.690000 -6.620000
v 4.960000 0.690000 -6.620000
v 4.600000 0.690000 -6.216000
v 4.600000 0.690000 -6.216000
v 1.500000 1.703000 -2.950000
v 1.500000 1.591000 -3.047000
v 4.600000 1.424000 -6.121000
v 4.600000 1.424000 -6.121000
v 4.034000 1.591000 -3.047000
v 4.052000 1.532000 -3.176000
v 4.090000 1.527000 -3.316000
v 1.500000 1.532000 -3.176000
v 1.500000 1.527000 -3.316000
v 4.960000 1.409999 -6.526000
v 4.960000 1.409999 -6.526000
v 4.960000 1.409999 -6.526000
v 4.029000 1.703000 -2.950000
v 4.011000 0.430000 -3.129000
v 4.600000 1.626000 -6.095000
v 2.000000 0.647000 -3.448000
v 2.000000 0.681000 -3.560000
v 4.090000 0.681000 -3.558000
v 4.036000 0.528000 -3.274000
v 4.065000 0.647000 -3.448000
v 2.000000 0.522000 -3.264000
v 4.960000 1.728999 -6.482000
v 4.600000 -0.000000 -6.308000
v 4.960000 3.354000 -5.810000
v 2.291000 1.628000 -6.105000
v 4.960000 -0.000001 -6.708000
v 4.124000 1.522000 -3.441000
v 1.500000 1.522000 -3.441000
v 2.000000 -0.000000 -3.011000
v 2.000000 -0.308000 -3.047000
v 2.291000 -1.435000 -6.129000
v 2.291000 -1.435000 -6.129000
v 1.500000 -1.453000 -5.324000
v 1.500000 -1.453000 -5.324000
v 2.000000 -0.380000 -3.071000
v 2.000000 -0.430000 -3.129000
v 4.003000 -0.380000 -3.071000
v 4.001000 -0.308000 -3.047000
v 4.960000 -0.690000 -6.620000
v 4.960000 -0.690000 -6.620000
v 4.960000 -0.690000 -6.620000
v 4.600000 -0.690000 -6.216000
v 4.600000 -0.690000 -6.216000
v 2.294000 -0.695000 -6.226000
v 2.294000 -0.695000 -6.226000
v 2.000000 -0.690000 -5.892000
v 2.000000 -0.690000 -5.892000
v 4.600000 -1.424001 -6.121000
v 4.600000 -1.424001 -6.121000
v 4.034000 -1.591000 -3.047000
v 4.052000 -1.532000 -3.176000
v 4.090000 -1.527000 -3.316000
v 1.500000 -1.591000 -3.047000
v 1.500000 -1.532000 -3.176000
v 1.500000 -1.527000 -3.316000
v 4.960000 -1.410000 -6.526000
v 4.960000 -1.410000 -6.526000
v 4.960000 -1.410000 -6.526000
v 4.011000 -0.430000 -3.129000
v 4.960000 -1.891001 -7.049000
v 4.960000 -3.650001 -6.322000
v 4.600000 -1.626001 -6.095000
v 2.000000 -0.647000 -3.448000
v 2.000000 -0.681000 -3.560000
v 4.090000 -0.681000 -3.558000
v 4.036000 -0.528000 -3.274000
v 4.065000 -0.647000 -3.448000
v 2.000000 -0.522000 -3.264000
v 4.960000 -1.729000 -6.482000
v 2.291000 -1.628000 -6.105000
v 2.291000 -3.159000 -5.472000
v 4.124000 -1.522000 -3.441000
v 1.500000 -1.522000 -3.441000
v 3.995000 -2.608000 -1.506000
v 4.001000 -2.485000 -1.790000
v 2.291000 -4.590001 -4.307000
v 2.291000 -4.590001 -4.307000
v 1.500000 -3.884000 -3.921000
v 1.500000 -3.884000 -3.921000
v 2.000000 -2.470000 -1.865000
v 2.000000 -2.494000 -1.937000
v 4.003000 -2.470000 -1.865000
v 2.000000 -2.485000 -1.790000
v 2.291000 -5.472001 -3.158999
v 2.294000 -5.045001 -3.714999
v 2.294000 -5.045001 -3.714999
v 2.000000 -5.190000 -2.997000
v 2.000000 -4.757000 -3.543999
v 2.000000 -4.757000 -3.543999
v 4.960000 -5.388000 -3.908000
v 4.960000 -5.388000 -3.908000
v 4.960000 -5.388000 -3.908000
v 4.600000 -5.038001 -3.706000
v 4.600000 -5.038001 -3.706000
v 1.500000 -1.703000 -2.950000
v 1.500000 -1.843000 -2.901000
v 4.600000 -4.589001 -4.294000
v 4.600000 -4.589001 -4.294000
v 4.034000 -1.843000 -2.901000
v 4.052000 -1.985000 -2.915000
v 4.090000 -2.108000 -2.980000
v 1.500000 -1.985000 -2.915000
v 1.500000 -2.108000 -2.980000
v 4.960000 -4.947001 -4.482999
v 4.960000 -4.947001 -4.482999
v 4.960000 -4.947001 -4.482999
v 4.029000 -1.703000 -2.950000
v 4.011000 -2.494000 -1.937000
v 4.600000 -4.466001 -4.455999
v 2.000000 -2.663000 -2.284000
v 2.000000 -2.743000 -2.370000
v 4.090000 -2.741000 -2.369000
v 4.036000 -2.571000 -2.094000
v 4.065000 -2.663000 -2.284000
v 2.000000 -2.566000 -2.084000
v 4.960000 -4.749001 -4.737999
v 4.600000 -5.463000 -3.154000
v 4.600000 -3.154001 -5.463000
v 4.960000 -3.354001 -5.809999
v 2.291000 -4.473001 -4.462999
v 4.960000 -5.810000 -3.354000
v 1.500000 -2.745000 -4.754000
v 4.124000 -2.219000 -3.039000
v 1.500000 -2.219000 -3.039000
v 2.000000 -2.608000 -1.506000
v 2.000000 -2.793000 -1.257000
v 2.291000 -6.025000 -1.822000
v 2.291000 -6.025000 -1.822000
v 1.500000 -5.337000 -1.403000
v 1.500000 -5.337000 -1.403000
v 2.000000 -2.850000 -1.207000
v 2.000000 -2.925000 -1.192000
v 4.003000 -2.850000 -1.207000
v 4.001000 -2.793000 -1.257000
v 4.960000 -6.078000 -2.711999
v 4.960000 -6.078000 -2.711999
v 4.960000 -6.078000 -2.711999
v 4.600000 -5.729000 -2.510000
v 4.600000 -5.729000 -2.510000
v 2.294000 -5.740000 -2.510999
v 2.294000 -5.740000 -2.510999
v 2.000000 -5.448000 -2.348000
v 2.000000 -5.448000 -2.348000
v 4.600000 -6.013000 -1.827000
v 4.600000 -6.013000 -1.827000
v 4.034000 -3.434000 -0.146000
v 4.052000 -3.517000 -0.261000
v 4.090000 -3.635000 -0.336000
v 1.500000 -3.434000 -0.146000
v 1.500000 -3.517000 -0.261000
v 1.500000 -3.635000 -0.336000
v 4.960000 -6.356000 -2.042000
v 4.960000 -6.356000 -2.042000
v 4.960000 -6.356000 -2.042000
v 4.029000 -3.407000 0.000000
v 4.011000 -2.925000 -1.192000
v 4.600000 -6.092000 -1.640000
v 2.000000 -3.310000 -1.164000
v 2.000000 -3.424000 -1.190000
v 4.090000 -3.422000 -1.189000
v 4.036000 -3.099000 -1.179000
v 4.065000 -3.310000 -1.164000
v 2.000000 -3.088000 -1.180000
v 4.960000 -6.478000 -1.743000
v 4.600000 -6.308000 0.000000
v 4.960000 -6.708000 0.000001
v 2.291000 -6.101000 -1.641999
v 2.291000 -6.318000 0.000000
v 4.124000 -3.741000 -0.402000
v 1.500000 -3.741000 -0.402000
v 3.995000 -2.608000 1.506000
v 4.001000 -2.793000 1.257000
v 2.291000 -6.025000 1.822001
v 2.291000 -6.025000 1.822001
v 1.500000 -5.337000 1.403000
v 1.500000 -5.337000 1.403000
v 2.000000 -2.850000 1.207000
v 2.000000 -2.925000 1.192000
v 4.003000 -2.850000 1.207000
v 2.000000 -2.793000 1.257000
v 2.291000 -5.472000 3.159000
v 2.294000 -5.740000 2.511000
v 2.294000 -5.740000 2.511000
v 2.000000 -5.190000 2.997000
v 2.000000 -5.448000 2.348001
v 2.000000 -5.448000 2.348001
v 4.960000 -6.078000 2.712000
v 4.960000 -6.078000 2.712000
v 4.960000 -6.078000 2.712000
v 4.600000 -5.729000 2.510000
v 4.600000 -5.729000 2.510000
v 1.500000 -3.407000 0.000000
v 1.500000 -3.434000 0.146000
v 4.600000 -6.013000 1.827000
v 4.600000 -6.013000 1.827000
v 4.034000 -3.434000 0.146000
v 4.052000 -3.517000 0.261000
v 4.090000 -3.635000 0.336000
v 1.500000 -3.517000 0.261000
v 1.500000 -3.635000 0.336000
v 4.960000 -6.356000 2.042001
v 4.960000 -6.356000 2.042001
v 4.960000 -6.356000 2.042001
v 4.011000 -2.925000 1.192000
v 4.600000 -6.092000 1.640000
v 2.000000 -3.310000 1.164000
v 2.000000 -3.424000 1.190000
v 4.090000 -3.422000 1.189000
v 4.036000 -3.099000 1.179000
v 4.065000 -3.310000 1.164000
v 2.000000 -3.088000 1.180000
v 4.960000 -6.478000 1.743001
v 4.600000 -5.463000 3.154001
v 2.291000 -6.101000 1.642000
v 4.960000 -5.809999 3.354001
v 1.500000 -5.490000 0.000000
v 4.124000 -3.741000 0.402000
v 1.500000 -3.741000 0.402000
v 2.000000 -2.608000 1.506000
v 2.000000 -2.485000 1.790000
v 2.291000 -4.590000 4.307001
v 2.291000 -4.590000 4.307001
v 1.500000 -3.884000 3.921000
v 1.500000 -3.884000 3.921000
v 2.000000 -2.470000 1.865000
v 2.000000 -2.494000 1.937000
v 4.003000 -2.470000 1.865000
v 4.001000 -2.485000 1.790000
v 4.960000 -5.388000 3.908000
v 4.960000 -5.388000 3.908000
v 4.960000 -5.388000 3.908000
v 4.600000 -5.038000 3.706001
v 4.600000 -5.038000 3.706001
v 2.294000 -5.045000 3.715000
v 2.294000 -5.045000 3.715000
v 2.000000 -4.756999 3.544000
v 2.000000 -4.756999 3.544000
v 1.500000 -1.703000 2.950000
v 1.500000 -1.843000 2.901000
v 4.600000 -4.589000 4.294001
v 4.600000 -4.589000 4.294001
v 4.034000 -1.843000 2.901000
v 4.052000 -1.985000 2.915000
v 4.090000 -2.108000 2.980000
v 1.500000 -1.985000 2.915000
v 1.500000 -2.108000 2.980000
v 4.960000 -4.947000 4.483000
v 4.960000 -4.947000 4.483000
v 4.960000 -4.947000 4.483000
v 4.011000 -2.494000 1.937000
v 4.600000 -4.466000 4.456000
v 2.000000 -2.663000 2.284000
v 2.000000 -2.743000 2.370000
v 4.090000 -2.741000 2.369000
v 4.036000 -2.571000 2.094000
v 4.065000 -2.663000 2.284000
v 2.000000 -2.566000 2.084000
v 4.960000 -4.749000 4.738000
v 4.600000 -3.154000 5.463000
v 4.960000 -3.354000 5.810000
v 2.291000 -4.473000 4.463000
v 2.291000 -3.158999 5.472001
v 1.500000 -2.744999 4.754000
v 4.124000 -2.219000 3.039000
v 1.500000 -2.219000 3.039000
v 3.995000 0.000000 3.011000
v 4.001000 -0.308000 3.047000
v 2.291000 -1.434999 6.129000
v 2.291000 -1.434999 6.129000
v 1.500000 -1.453000 5.324000
v 1.500000 -1.453000 5.324000
v 2.000000 -0.380000 3.071000
v 2.000000 -0.430000 3.129000
v 4.003000 -0.380000 3.071000
v 2.000000 -0.308000 3.047000
v 2.291000 0.000000 6.318000
v 2.294000 -0.695000 6.226000
v 2.294000 -0.695000 6.226000
v 2.000000 0.000000 5.993000
v 2.000000 -0.690000 5.892000
v 2.000000 -0.690000 5.892000
v 4.960000 -0.690000 6.620000
v 4.960000 -0.690000 6.620000
v 4.960000 -0.690000 6.620000
v 4.600000 -0.690000 6.216000
v 4.600000 -0.690000 6.216000
v 4.600000 -1.424000 6.121000
v 4.600000 -1.424000 6.121000
v 4.034000 -1.591000 3.047000
v 4.052000 -1.532000 3.176000
v 4.090000 -1.527000 3.316000
v 1.500000 -1.591000 3.047000
v 1.500000 -1.532000 3.176000
v 1.500000 -1.527000 3.316000
v 4.960000 -1.409999 6.526000
v 4.960000 -1.409999 6.526000
v 4.960000 -1.409999 6.526000
v 4.029000 -1.703000 2.950000
v 4.011000 -0.430000 3.129000
v 4.600000 -1.626000 6.095000
v 2.000000 -0.647000 3.448000
v 2.000000 -0.681000 3.560000
v 4.090000 -0.681000 3.558000
v 4.036000 -0.528000 3.274000
v 4.065000 -0.647000 3.448000
v 2.000000 -0.522000 3.264000
v 4.960000 -1.728999 6.482000
v 4.600000 0.000000 6.308000
v 2.291000 -1.628000 6.105000
v 4.960000 0.000001 6.708000
v 4.124000 -1.522000 3.441000
v 1.500000 -1.522000 3.441000
v 2.000000 0.000000 3.011000
v 2.000000 0.308000 3.047000
v 2.291000 1.435000 6.129000
v 2.291000 1.435000 6.129000
v 1.500000 1.453000 5.324000
v 1.500000 1.453000 5.324000
v 2.000000 0.380000 3.071000
v 2.000000 0.430000 3.129000
v 4.003000 0.380000 3.071000
v 4.001000 0.308000 3.047000
v 4.960000 0.690000 6.620000
v 4.960000 0.690000 6.620000
v 4.960000 0.690000 6.620000
v 4.600000 0.690000 6.216000
v 4.600000 0.690000 6.216000
v 2.294000 0.695000 6.226000
v 2.294000 0.695000 6.226000
v 2.000000 0.690000 5.892000
v 2.000000 0.690000 5.892000
v 1.500000 1.703000 2.950000
v 1.500000 1.591000 3.047000
v 4.600000 1.424001 6.121000
v 4.600000 1.424001 6.121000
v 4.034000 1.591000 3.047000
v 4.052000 1.532000 3.176000
v 4.090000 1.527000 3.316000
v 1.500000 1.532000 3.176000
v 1.500000 1.527000 3.316000
v 4.960000 1.410000 6.526000
v 4.960000 1.410000 6.526000
v 4.960000 1.410000 6.526000
v 4.011000 0.430000 3.129000
v 4.600000 1.626001 6.095000
v 2.000000 0.647000 3.448000
v 2.000000 0.681000 3.560000
v 4.090000 0.681000 3.558000
v 4.036000 0.528000 3.274000
v 4.065000 0.647000 3.448000
v 2.000000 0.522000 3.264000
v 4.960000 1.729000 6.482000
v 4.960000 3.354001 5.809999
v 2.291000 1.628000 6.105000
v 1.500000 2.745000 4.754000
v 4.124000 1.522000 3.441000
v 1.500000 1.522000 3.441000
v 3.995000 2.608000 1.506000
v 4.001000 2.485000 1.790000
v 2.291000 4.590001 4.307000
v 2.291000 4.590001 4.307000
v 1.500000 3.884000 3.921000
v 1.500000 3.884000 3.921000
v 2.000000 2.470000 1.865000
v 2.000000 2.494000 1.937000
v 4.003000 2.470000 1.865000
v 2.000000 2.485000 1.790000
v 2.291000 5.472001 3.158999
v 2.294000 5.045001 3.714999
v 2.294000 5.045001 3.714999
v 2.000000 5.190000 2.997000
v 2.000000 4.757000 3.543999
v 2.000000 4.757000 3.543999
v 4.960000 5.388000 3.908000
v 4.960000 5.388000 3.908000
v 4.960000 5.388000 3.908000
v 4.600000 5.038001 3.706000
v 4.600000 5.038001 3.706000
v 4.600000 4.589001 4.294000
v 4.600000 4.589001 4.294000
v 4.034000 1.843000 2.901000
v 4.052000 1.985000 2.915000
v 4.090000 2.108000 2.980000
v 1.500000 1.843000 2.901000
v 1.500000 1.985000 2.915000
v 1.500000 2.108000 2.980000
v 4.960000 4.947001 4.482999
v 4.960000 4.947001 4.482999
v 4.960000 4.947001 4.482999
v 4.029000 1.703000 2.950000
v 4.011000 2.494000 1.937000
v 4.600000 4.466001 4.455999
v 2.000000 2.663000 2.284000
v 2.000000 2.743000 2.370000
v 4.090000 2.741000 2.369000
v 4.036000 2.571000 2.094000
v 4.065000 2.663000 2.284000
v 2.000000 2.566000 2.084000
v 4.960000 4.749001 4.737999
v 4.600000 5.463000 3.154000
v 4.600000 3.154001 5.463000
v 2.291000 4.473001 4.462999
v 2.291000 3.159000 5.472000
v 4.960000 5.810000 3.354000
v 4.124000 2.219000 3.039000
v 1.500000 2.219000 3.039000
v 2.000000 2.608000 1.506000
v 2.000000 2.793000 1.257000
v 2.291000 6.025000 1.822000
v 2.291000 6.025000 1.822000
v 1.500000 5.337000 1.403000
v 1.500000 5.337000 1.403000
v 2.000000 2.850000 1.207000
v 2.000000 2.925000 1.192000
v 4.003000 2.850000 1.207000
v 4.001000 2.793000 1.257000
v 4.960000 6.078000 2.711999
v 4.960000 6.078000 2.711999
v 4.960000 6.078000 2.711999
v 4.600000 5.729000 2.510000
v 4.600000 5.729000 2.510000
v 2.294000 5.740000 2.510999
v 2.294000 5.740000 2.510999
v 2.000000 5.448000 2.348000
v 2.000000 5.448000 2.348000
v 4.600000 6.013000 1.827000
v 4.600000 6.013000 1.827000
v 4.034000 3.434000 0.146000
v 4.052000 3.517000 0.261000
v 4.090000 3.635000 0.336000
v 1.500000 3.434000 0.146000
v 1.500000 3.517000 0.261000
v 1.500000 3.635000 0.336000
v 4.960000 6.356000 2.042000
v 4.960000 6.356000 2.042000
v 4.960000 6.356000 2.042000
v 4.011000 2.925000 1.192000
v 4.600000 6.092000 1.640000
v 2.000000 3.310000 1.164000
v 2.000000 3.424000 1.190000
v 4.090000 3.422000 1.189000
v 4.036000 3.099000 1.179000
v 4.065000 3.310000 1.164000
v 2.000000 3.088000 1.180000
v 4.960000 6.478000 1.743000
v 2.291000 6.101000 1.641999
v 4.124000 3.741000 0.402000
v 1.500000 3.741000 0.402000
v 4.960000 -7.051000 -1.886999
v 4.960000 -7.300000 0.000001
v 4.960000 -5.158999 5.163001
v 4.960000 -3.650000 6.322001
v 1.000000 3.641000 -6.324000
v 1.000000 3.230999 -6.493001
v 1.000000 3.230999 -6.493001
v 1.000000 3.230999 -6.493001
v 4.960000 3.648999 -6.321001
v 4.960000 1.886999 -7.051000
v 1.000000 1.885000 -7.051000
v 1.000000 -0.000001 -7.300000
v 4.960000 -6.321000 3.649000
v 4.960000 -7.049000 1.891001
v 4.960000 7.050000 1.889000
v 4.960000 6.322001 3.647000
v 4.960000 7.299000 -0.000001
v 1.000000 -1.889001 -7.051000
v 4.960000 -0.002001 -7.299000
v 4.960000 -5.163001 -5.158999
v 4.960000 -6.322001 -3.647000
v 4.960000 -1.889000 7.050000
v 4.960000 0.000001 7.299000
v 4.960000 1.889001 7.050000
v 4.960000 3.649000 6.321000
v 4.960000 5.159000 5.163000
v 1.300000 -2.100000 0.000000
v 1.300000 -2.100000 -0.596000
v 1.300000 -2.100000 -0.596000
v 1.300000 -0.000000 -2.100000
v 1.300000 -0.601000 -2.100000
v 1.300000 -0.601000 -2.100000
v 4.960000 -0.601000 -2.100000
v 4.960000 -0.601000 -2.100000
v 4.960000 -0.601000 -1.483000
v 4.960000 -0.601000 -1.483000
v 4.960000 -1.131000 -1.131000
v 4.960000 -0.000000 -2.100000
v 4.000000 -1.450000 -2.511000
v 4.000000 -0.751000 -2.801000
v 4.960000 -0.751000 -2.801000
v 4.960000 -0.000000 -2.900000
v 4.960000 -1.450000 -2.511000
v 4.960000 -2.051000 -2.051000
v 4.960000 -2.511000 -1.450000
v 4.960000 -2.801000 -0.751000
v 4.960000 -2.900000 0.000000
v 1.300000 -0.000000 -1.600000
v 1.300000 -0.601000 -1.483000
v 1.300000 -0.601000 -1.483000
v 1.300000 -1.483000 -0.596000
v 1.300000 -1.483000 -0.596000
v 1.000000 -1.478000 -0.596000
v 1.000000 -1.131000 -1.131000
v 4.000000 -2.051000 -2.051000
v 4.000000 -2.900000 0.000000
v 4.000000 -2.801000 -0.751000
v 4.960000 -2.100000 0.601000
v 4.960000 -2.100000 0.601000
v 4.960000 -1.483000 0.601000
v 4.960000 -1.483000 0.601000
v 1.300000 -2.100000 0.601000
v 1.300000 -2.100000 0.601000
v 4.960000 -1.131000 1.131000
v 4.000000 -2.511000 1.450000
v 4.000000 -2.801000 0.751000
v 4.960000 -2.511000 1.450000
v 4.960000 -2.801000 0.751000
v 4.960000 -2.051000 2.051000
v 4.960000 -1.450000 2.511000
v 4.960000 -0.751000 2.801000
v 1.300000 0.000000 1.600000
v 1.300000 -0.596000 1.483000
v 1.300000 -0.596000 1.483000
v 1.300000 -1.600000 0.000000
v 1.300000 -1.483000 0.601000
v 1.300000 -1.483000 0.601000
v 1.000000 -0.596000 1.478000
v 1.000000 -1.131000 1.131000
v 4.000000 -2.051000 2.051000
v 4.000000 -1.450000 2.511000
v 4.000000 -0.751000 2.801000
v 1.300000 2.100000 -0.000000
v 1.300000 2.100000 0.596000
v 1.300000 2.100000 0.596000
v 4.960000 0.601000 2.100000
v 4.960000 0.601000 2.100000
v 4.960000 0.601000 1.483000
v 4.960000 0.601000 1.483000
v 1.300000 0.601000 2.100000
v 1.300000 0.601000 2.100000
v 4.960000 1.131000 1.131000
v 4.000000 1.450000 2.511000
v 4.000000 0.751000 2.801000
v 4.000000 0.000000 2.900000
v 1.300000 0.000000 2.100000
v 4.960000 0.751000 2.801000
v 4.960000 0.000000 2.900000
v 4.960000 1.450000 2.511000
v 4.960000 2.051000 2.051000
v 4.960000 2.511000 1.450000
v 4.960000 2.801000 0.751000
v 1.300000 1.600000 -0.000000
v 1.300000 1.483000 0.596000
v 1.300000 1.483000 0.596000
v 1.300000 0.601000 1.483000
v 1.300000 0.601000 1.483000
v 1.000000 1.478000 0.596000
v 1.000000 1.131000 1.131000
v 1.000000 1.600000 -0.000000
v 4.000000 2.051000 2.051000
v 4.000000 2.511000 1.450000
v 4.000000 2.801000 0.751000
v 1.300000 0.596000 -2.100000
v 1.300000 0.596000 -2.100000
v 4.960000 0.596000 -2.100000
v 4.960000 0.596000 -2.100000
v 4.960000 0.596000 -1.483000
v 4.960000 0.596000 -1.483000
v 4.960000 1.131000 -1.131000
v 4.960000 2.100000 -0.601000
v 4.960000 2.100000 -0.601000
v 4.960000 1.483000 -0.601000
v 4.960000 1.483000 -0.601000
v 4.000000 2.511000 -1.450000
v 4.000000 2.801000 -0.751000
v 4.960000 2.051000 -2.051000
v 4.960000 2.511000 -1.450000
v 4.960000 1.450000 -2.511000
v 4.960000 0.751000 -2.801000
v 1.300000 0.596000 -1.483000
v 1.300000 0.596000 -1.483000
v 1.000000 1.478000 -0.601000
v 1.000000 1.131000 -1.131000
v 4.000000 2.051000 -2.051000
v 4.000000 1.450000 -2.511000
v 4.000000 -0.000000 -2.900000
v 4.000000 0.751000 -2.801000
v 4.960000 2.100000 -0.000000
v 4.000000 2.900000 -0.000000
v 4.960000 0.000000 2.100000
v 4.960000 -2.100000 0.000000
v 1.000000 0.596000 -1.478000
v 1.000000 -1.600000 0.000000
v 1.000000 -1.478000 0.601000
v 1.000000 -0.601000 -1.478000
v 1.000000 -0.000000 -1.600000
v 4.000000 -2.511000 -1.450000
v 4.960000 5.163000 -5.159000
v 4.960000 2.100000 0.601000
v 4.960000 2.100000 0.601000
v 4.960000 1.483000 0.601000
v 4.960000 1.483000 0.601000
v 4.960000 -0.601000 2.100000
v 4.960000 -0.601000 2.100000
v 4.960000 -0.601000 1.483000
v 4.960000 -0.601000 1.483000
v 1.300000 -0.601000 2.100000
v 1.300000 -0.601000 2.100000
v 4.960000 -2.100000 -0.601000
v 4.960000 -2.100000 -0.601000
v 4.960000 -1.483000 -0.601000
v 4.960000 -1.483000 -0.601000
vn -0.9000 0.1669 0.4026
vn -0.9000 0.1670 0.4027
vn -0.0000 0.9915 0.1303
vn -0.0000 -0.7066 0.7076
vn -0.8767 0.4444 -0.1842
vn -0.8988 0.4118 -0.1502
vn -0.0000 -0.1303 0.9915
vn -0.0000 0.7931 0.6092
vn -0.8980 0.3493 0.2676
vn -0.8985 0.3482 0.2672
vn -0.9008 0.0586 0.4302
vn -0.9038 0.0558 0.4244
vn 0.9998 0.0125 -0.0125
vn 0.9998 0.0126 -0.0123
vn -0.0010 0.7192 0.6948
vn -0.0000 0.6092 0.7931
vn -0.9905 0.1323 -0.0378
vn -0.9919 0.1196 -0.0436
vn -0.8980 0.4363 -0.0576
vn -0.8984 0.4355 -0.0573
vn 1.0000 -0.0000 -0.0000
vn -0.0000 0.3829 0.9238
vn -0.0000 0.9238 0.3829
vn -0.8991 0.2665 0.3473
vn -0.8994 0.2660 0.3469
vn -0.9043 -0.0576 0.4229
vn -0.9015 -0.0564 0.4291
vn -0.9894 -0.0931 0.1112
vn -0.9905 -0.0839 0.1092
vn -0.0000 0.9915 -0.1303
vn -0.9029 -0.2619 0.3409
vn -0.8980 0.4065 0.1683
vn -0.8980 0.4066 0.1683
vn -0.0000 -0.3830 0.9238
vn -0.9022 -0.1651 0.3984
vn -0.9023 -0.1651 0.3983
vn -0.8983 0.4355 0.0575
vn -0.8979 0.4363 0.0574
vn -0.0000 0.5560 0.8312
vn -0.0000 -0.5560 0.8312
vn -0.0000 -0.1950 0.9808
vn -0.0000 0.1950 0.9808
vn -0.0000 0.1303 0.9915
vn -0.0000 0.7191 0.6949
vn -0.0000 0.7054 0.7088
vn 0.0014 0.7043 0.7099
vn -0.9905 0.1362 0.0179
vn -0.9905 0.1362 -0.0179
vn -0.9905 0.1270 0.0526
vn -0.9905 0.1269 0.0526
vn -0.9905 0.1091 0.0837
vn -0.9905 0.1090 0.0838
vn -0.9905 0.0838 0.1092
vn -0.9905 0.0839 0.1092
vn -0.9904 0.0528 0.1274
vn -0.9904 0.0181 0.1369
vn -0.9904 0.0180 0.1369
vn -0.9904 -0.0181 0.1371
vn -0.9904 -0.0180 0.1372
vn 0.0116 0.7065 0.7076
vn 0.0323 0.7036 0.7098
vn 0.0014 0.7046 0.7096
vn -0.0000 0.7047 0.7095
vn -0.9904 -0.0530 0.1279
vn -0.9912 -0.0559 0.1196
vn -0.9904 -0.0180 0.1371
vn -0.9905 0.0528 0.1273
vn -0.9905 0.0838 0.1093
vn -0.9905 0.1363 -0.0179
vn -0.9905 0.1363 0.0179
vn -0.9905 0.1362 0.0180
vn -0.9902 -0.0590 0.1264
vn -0.9892 -0.0562 0.1356
vn -0.0000 0.9914 -0.1310
vn -0.0002 0.9239 -0.3826
vn -0.0003 0.9239 -0.3828
vn -0.0000 -0.6594 0.7518
vn 0.0020 0.4954 0.8686
vn 0.0001 0.4969 0.8678
vn -0.0000 -0.0000 -1.0000
vn -0.0000 1.0000 -0.0000
vn 0.0066 0.4958 0.8684
vn -0.0002 -0.0709 0.9975
vn -0.0000 -0.0725 0.9974
vn -0.0000 -0.8027 0.5964
vn -0.0000 0.8318 -0.5551
vn -0.0004 0.8330 -0.5532
vn -0.7422 0.6205 -0.2532
vn -0.7482 0.6165 -0.2451
vn -0.0000 -0.1961 0.9806
vn -0.0000 0.9833 0.1818
vn -0.0004 0.5314 0.8471
vn -0.0000 0.8109 0.5852
vn -0.0134 0.5313 0.8471
vn -0.0000 0.5280 0.8492
vn -0.0000 0.9237 -0.3832
vn -0.0000 0.1307 -0.9914
vn -0.0000 0.9914 -0.1307
vn -0.0004 0.5496 -0.8354
vn -0.0000 0.5515 -0.8342
vn 0.0046 0.5514 -0.8342
vn -0.0140 0.5441 -0.8389
vn -0.0163 0.9799 -0.1989
vn -0.0000 0.9816 -0.1911
vn -0.0000 0.1926 -0.9813
vn -0.0163 0.2005 -0.9796
vn -0.0139 0.8317 -0.5550
vn 0.0046 0.8366 -0.5478
vn -0.0003 0.2179 0.9760
vn -0.0000 0.2224 0.9750
vn 0.0006 -0.0725 0.9974
vn -0.0000 -0.0719 0.9974
vn -0.0000 0.4955 0.8686
vn -0.0120 0.4966 0.8679
vn -0.0000 0.5364 0.8440
vn -0.7404 0.6664 -0.0879
vn -0.7401 0.6668 -0.0878
vn -0.7201 0.6879 -0.0909
vn -0.7046 0.7054 -0.0769
vn 0.0043 0.9914 -0.1310
vn 0.0040 0.9914 -0.1306
vn 0.0039 0.9212 -0.3892
vn 0.0039 0.9212 -0.3890
vn -0.7432 0.6174 -0.2577
vn -0.7408 0.6208 -0.2564
vn -0.7097 0.6490 -0.2740
vn 0.0046 0.9241 -0.3822
vn 0.0044 0.9243 -0.3818
vn -0.7430 0.6165 -0.2605
vn -0.7402 0.6226 -0.2540
vn 0.9591 -0.2742 0.0697
vn 0.9643 -0.2446 0.1015
vn -0.0000 0.5313 0.8472
vn 0.0046 0.5280 0.8492
vn -0.0000 0.5286 0.8489
vn 0.9987 0.0263 -0.0436
vn 1.0000 -0.0049 0.0021
vn 0.9771 -0.2066 0.0516
vn 0.9614 -0.2669 0.0666
vn 0.9980 -0.0585 0.0234
vn 0.9978 -0.0656 0.0094
vn 0.9993 -0.0373 0.0026
vn 0.9986 -0.0534 0.0008
vn 0.9892 -0.1392 0.0462
vn 0.9620 -0.2627 0.0741
vn 0.9984 -0.0557 0.0073
vn 0.0006 -0.0734 0.9973
vn -0.0000 -0.0745 0.9972
vn -0.0002 -0.0725 0.9974
vn 0.9984 -0.0559 0.0016
vn 0.9931 -0.1125 0.0329
vn 0.9881 -0.1460 0.0493
vn 0.9881 -0.1456 0.0491
vn 0.0002 0.9245 -0.3811
vn -0.0001 0.9915 -0.1303
vn 0.0003 0.9914 -0.1310
vn -0.0029 0.7941 -0.6078
vn -0.0004 0.7933 -0.6088
vn -0.0007 0.9238 -0.3830
vn -0.0000 0.9239 -0.3826
vn 0.0525 0.9900 -0.1307
vn 0.0527 0.9900 -0.1309
vn -0.0007 0.9915 -0.1302
vn -1.0000 -0.0000 -0.0000
vn -0.0000 0.9256 -0.3785
vn -0.0000 0.8366 -0.5478
vn -0.0000 0.7935 -0.6085
vn -0.0000 0.3985 -0.9172
vn -0.0000 0.6138 -0.7895
vn 0.8645 0.4644 -0.1921
vn 0.8643 0.4646 -0.1924
vn -0.0000 0.9914 -0.1308
vn 0.0527 0.9226 -0.3821
vn 0.0526 0.9226 -0.3822
vn -0.0000 0.9238 -0.3828
vn 0.8643 0.4987 -0.0659
vn 0.8646 0.4982 -0.0661
vn 0.8643 0.3990 -0.3062
vn 0.8644 0.3988 -0.3062
vn 0.0527 0.7922 -0.6080
vn 0.0527 0.7921 -0.6081
vn -0.0000 0.9800 -0.1989
vn -0.0008 0.9245 -0.3811
vn 0.0021 0.7933 -0.6089
vn 0.0029 0.7935 -0.6085
vn -0.0000 0.9915 -0.1302
vn 0.0001 0.9238 -0.3830
vn -0.0002 0.9238 -0.3828
vn 0.9001 0.1666 0.4026
vn 0.8996 0.1673 0.4034
vn 0.8767 0.4444 -0.1842
vn 0.8988 0.4118 -0.1502
vn 0.8984 0.3483 0.2674
vn 0.8984 0.3484 0.2674
vn 0.9007 0.0584 0.4305
vn 0.9033 0.0559 0.4254
vn -0.9998 0.0125 -0.0125
vn -0.9998 0.0126 -0.0123
vn 0.0010 0.7192 0.6948
vn 0.9905 0.1323 -0.0378
vn 0.9919 0.1196 -0.0436
vn 0.8979 0.4364 -0.0573
vn 0.8978 0.4366 -0.0574
vn 0.8992 0.2662 0.3472
vn 0.9042 -0.0577 0.4233
vn 0.9012 -0.0565 0.4298
vn 0.9894 -0.0931 0.1112
vn 0.9905 -0.0839 0.1092
vn 0.8982 -0.2678 0.3485
vn 0.8981 -0.2680 0.3488
vn 0.8984 0.4056 0.1683
vn 0.8978 0.4069 0.1684
vn 0.9018 -0.1677 0.3983
vn 0.8983 -0.1682 0.4059
vn 0.8982 0.4358 0.0577
vn 0.8976 0.4370 0.0575
vn -0.0014 0.7043 0.7099
vn 0.9905 0.1362 0.0179
vn 0.9905 0.1362 -0.0179
vn 0.9905 0.1270 0.0526
vn 0.9905 0.1269 0.0526
vn 0.9905 0.1091 0.0837
vn 0.9905 0.1090 0.0838
vn 0.9905 0.0838 0.1092
vn 0.9905 0.0839 0.1092
vn 0.9904 0.0528 0.1274
vn 0.9904 0.0181 0.1369
vn 0.9904 0.0180 0.1369
vn 0.9904 -0.0181 0.1371
vn 0.9904 -0.0180 0.1372
vn -0.0116 0.7065 0.7076
vn -0.0323 0.7036 0.7098
vn -0.0014 0.7046 0.7096
vn 0.9904 -0.0530 0.1279
vn 0.9912 -0.0559 0.1196
vn 0.9904 -0.0180 0.1371
vn 0.9905 0.0528 0.1273
vn 0.9905 0.0838 0.1093
vn 0.9905 0.1363 -0.0179
vn 0.9905 0.1363 0.0179
vn 0.9905 0.1362 0.0180
vn 0.9902 -0.0590 0.1264
vn 0.9892 -0.0562 0.1356
vn 0.9000 -0.4027 -0.1667
vn 0.8997 -0.4033 -0.1673
vn -0.0000 -0.1303 -0.9915
vn -0.0000 -0.7076 0.7066
vn 0.8767 0.1842 -0.4444
vn 0.8988 0.1502 -0.4118
vn -0.0000 -0.9915 0.1303
vn -0.0000 -0.6092 -0.7931
vn 0.8991 -0.2668 -0.3471
vn 0.8985 -0.2672 -0.3482
vn 0.9005 -0.4308 -0.0589
vn 0.9038 -0.4244 -0.0558
vn -0.9998 0.0123 -0.0126
vn 0.0010 -0.6948 -0.7192
vn -0.0000 -0.7931 -0.6092
vn 0.9905 0.0378 -0.1323
vn 0.9919 0.0436 -0.1196
vn 0.8980 0.0575 -0.4363
vn 0.8982 0.0573 -0.4359
vn -0.0000 -0.9238 -0.3829
vn -0.0000 -0.3829 -0.9238
vn 0.8991 -0.3473 -0.2665
vn 0.8994 -0.3469 -0.2660
vn 0.9043 -0.4229 0.0578
vn 0.9012 -0.4298 0.0565
vn 0.9894 -0.1112 0.0932
vn 0.9905 -0.1092 0.0839
vn -0.0000 0.1303 -0.9915
vn 0.9027 -0.3392 0.2646
vn 0.8981 -0.3488 0.2680
vn 0.8986 -0.1681 -0.4054
vn 0.8982 -0.1681 -0.4062
vn -0.0000 -0.9238 0.3830
vn 0.9019 -0.3991 0.1652
vn 0.9023 -0.3983 0.1651
vn 0.8978 -0.0572 -0.4366
vn 0.8981 -0.0573 -0.4360
vn -0.0000 -0.8312 -0.5560
vn -0.0000 -0.8312 0.5560
vn -0.0000 -0.9808 0.1950
vn -0.0000 -0.9808 -0.1950
vn -0.0000 -0.9915 -0.1303
vn -0.0000 -0.6949 -0.7191
vn -0.0000 -0.7088 -0.7054
vn -0.0014 -0.7099 -0.7043
vn 0.9905 -0.0179 -0.1362
vn 0.9905 0.0179 -0.1362
vn 0.9905 -0.0526 -0.1270
vn 0.9905 -0.0526 -0.1269
vn 0.9905 -0.0837 -0.1091
vn 0.9905 -0.0838 -0.1090
vn 0.9905 -0.1092 -0.0838
vn 0.9905 -0.1092 -0.0839
vn 0.9904 -0.1274 -0.0528
vn 0.9904 -0.1369 -0.0181
vn 0.9904 -0.1369 -0.0180
vn 0.9904 -0.1371 0.0181
vn 0.9904 -0.1372 0.0180
vn -0.0116 -0.7076 -0.7065
vn -0.0323 -0.7098 -0.7036
vn -0.0014 -0.7096 -0.7046
vn -0.0000 -0.7095 -0.7047
vn 0.9904 -0.1279 0.0530
vn 0.9912 -0.1196 0.0559
vn 0.9904 -0.1371 0.0180
vn 0.9905 -0.1273 -0.0528
vn 0.9905 -0.1093 -0.0838
vn 0.9905 0.0179 -0.1363
vn 0.9905 -0.0179 -0.1363
vn 0.9905 -0.0180 -0.1362
vn 0.9902 -0.1264 0.0590
vn 0.9892 -0.1356 0.0562
vn -0.9000 -0.4027 -0.1667
vn -0.8996 -0.4034 -0.1673
vn -0.8767 0.1842 -0.4444
vn -0.8988 0.1502 -0.4118
vn -0.8984 -0.2673 -0.3484
vn -0.8985 -0.2672 -0.3482
vn -0.9007 -0.4305 -0.0587
vn -0.9038 -0.4244 -0.0558
vn 0.9998 0.0123 -0.0126
vn -0.0010 -0.6948 -0.7192
vn -0.9905 0.0378 -0.1323
vn -0.9919 0.0436 -0.1196
vn -0.8980 0.0576 -0.4363
vn -0.8984 0.0573 -0.4355
vn -0.8991 -0.3473 -0.2665
vn -0.8994 -0.3469 -0.2660
vn -0.9043 -0.4229 0.0576
vn -0.9015 -0.4291 0.0564
vn -0.9894 -0.1112 0.0932
vn -0.9905 -0.1092 0.0839
vn -0.9029 -0.3409 0.2619
vn -0.8985 -0.1683 -0.4053
vn -0.8978 -0.1684 -0.4069
vn -0.9022 -0.3984 0.1651
vn -0.9023 -0.3983 0.1651
vn -0.8984 -0.0574 -0.4355
vn -0.8981 -0.0573 -0.4360
vn 0.0014 -0.7099 -0.7043
vn -0.9905 -0.0179 -0.1362
vn -0.9905 0.0179 -0.1362
vn -0.9905 -0.0526 -0.1270
vn -0.9905 -0.0526 -0.1269
vn -0.9905 -0.0837 -0.1091
vn -0.9905 -0.0838 -0.1090
vn -0.9905 -0.1092 -0.0838
vn -0.9905 -0.1092 -0.0839
vn -0.9904 -0.1274 -0.0528
vn -0.9904 -0.1369 -0.0181
vn -0.9904 -0.1369 -0.0180
vn -0.9904 -0.1371 0.0181
vn -0.9904 -0.1372 0.0180
vn 0.0116 -0.7076 -0.7065
vn 0.0323 -0.7098 -0.7036
vn 0.0014 -0.7096 -0.7046
vn -0.9904 -0.1279 0.0530
vn -0.9912 -0.1196 0.0559
vn -0.9904 -0.1371 0.0180
vn -0.9905 -0.1273 -0.0528
vn -0.9905 -0.1093 -0.0838
vn -0.9905 0.0179 -0.1363
vn -0.9905 -0.0179 -0.1363
vn -0.9905 -0.0180 -0.1362
vn -0.9902 -0.1264 0.0590
vn -0.9892 -0.1356 0.0562
vn 0.0525 0.9900 0.1307
vn 0.0527 0.9900 0.1309
vn -0.0000 0.9256 0.3785
vn -0.0000 0.8390 0.5442
vn -0.0000 -0.0000 1.0000
vn -0.0000 0.3985 0.9172
vn -0.0000 0.6138 0.7895
vn 0.8645 0.4644 0.1921
vn 0.8643 0.4646 0.1924
vn -0.0000 0.9914 0.1308
vn 0.0527 0.9226 0.3821
vn 0.0526 0.9226 0.3822
vn 0.8643 0.4987 0.0659
vn 0.8646 0.4982 0.0661
vn 0.8643 0.3990 0.3062
vn 0.8644 0.3988 0.3062
vn 0.0527 0.7922 0.6080
vn 0.0527 0.7921 0.6081
vn -0.0000 0.9797 0.2005
vn 0.0525 -0.9900 0.1307
vn 0.0527 -0.9900 0.1309
vn -0.0000 -1.0000 -0.0000
vn -0.0000 -0.9256 0.3785
vn -0.0000 -0.8366 0.5478
vn -0.0000 -0.3985 0.9172
vn -0.0000 -0.6138 0.7895
vn 0.8645 -0.4644 0.1921
vn 0.8643 -0.4646 0.1924
vn -0.0000 -0.9914 0.1308
vn 0.0527 -0.9226 0.3821
vn 0.0526 -0.9226 0.3822
vn 0.8643 -0.4987 0.0659
vn 0.8646 -0.4982 0.0661
vn 0.8643 -0.3990 0.3062
vn 0.8644 -0.3988 0.3062
vn 0.0527 -0.7922 0.6080
vn 0.0527 -0.7921 0.6081
vn -0.0000 -0.9800 0.1989
vn 0.0525 -0.9900 -0.1307
vn 0.0527 -0.9900 -0.1309
vn -0.0000 -0.9256 -0.3785
vn -0.0000 -0.8390 -0.5442
vn -0.0000 -0.3985 -0.9172
vn -0.0000 -0.6138 -0.7895
vn 0.8645 -0.4644 -0.1921
vn 0.8643 -0.4646 -0.1924
vn -0.0000 -0.9914 -0.1308
vn 0.0527 -0.9226 -0.3821
vn 0.0526 -0.9226 -0.3822
vn 0.8643 -0.4987 -0.0659
vn 0.8646 -0.4982 -0.0661
vn 0.8643 -0.3990 -0.3062
vn 0.8644 -0.3988 -0.3062
vn 0.0527 -0.7922 -0.6080
vn 0.0527 -0.7921 -0.6081
vn -0.0000 -0.9797 -0.2005
vn 0.0525 -0.1307 -0.9900
vn 0.0527 -0.1309 -0.9900
vn -0.0000 -0.3785 -0.9256
vn -0.0000 -0.5478 -0.8366
vn -0.0000 -0.9172 -0.3985
vn -0.0000 -0.7895 -0.6138
vn 0.8645 -0.1921 -0.4644
vn 0.8643 -0.1924 -0.4646
vn -0.0000 -0.1308 -0.9914
vn 0.0527 -0.3821 -0.9226
vn 0.0526 -0.3822 -0.9226
vn 0.8643 -0.0659 -0.4987
vn 0.8646 -0.0661 -0.4982
vn 0.8643 -0.3062 -0.3990
vn 0.8644 -0.3062 -0.3988
vn 0.0527 -0.6080 -0.7922
vn 0.0527 -0.6081 -0.7921
vn -0.0000 -0.1989 -0.9800
vn 0.0525 0.1307 -0.9900
vn 0.0527 0.1309 -0.9900
vn -0.0000 0.3785 -0.9256
vn -0.0000 0.5442 -0.8390
vn -0.0000 0.9172 -0.3985
vn -0.0000 0.7895 -0.6138
vn 0.8645 0.1921 -0.4644
vn 0.8643 0.1924 -0.4646
vn -0.0000 0.1308 -0.9914
vn 0.0527 0.3821 -0.9226
vn 0.0526 0.3822 -0.9226
vn 0.8643 0.0659 -0.4987
vn 0.8646 0.0661 -0.4982
vn 0.8643 0.3062 -0.3990
vn 0.8644 0.3062 -0.3988
vn 0.0527 0.6080 -0.7922
vn 0.0527 0.6081 -0.7921
vn -0.0000 0.2005 -0.9797
vn 0.0525 0.1307 0.9900
vn 0.0527 0.1309 0.9900
vn -0.0000 0.3785 0.9256
vn -0.0000 0.5478 0.8366
vn -0.0000 0.9172 0.3985
vn -0.0000 0.7895 0.6138
vn 0.8645 0.1921 0.4644
vn 0.8643 0.1924 0.4646
vn -0.0000 0.1308 0.9914
vn 0.0527 0.3821 0.9226
vn 0.0526 0.3822 0.9226
vn 0.8643 0.0659 0.4987
vn 0.8646 0.0661 0.4982
vn 0.8643 0.3062 0.3990
vn 0.8644 0.3062 0.3988
vn 0.0527 0.6080 0.7922
vn 0.0527 0.6081 0.7921
vn -0.0000 0.1989 0.9800
vn 0.0525 -0.1307 0.9900
vn 0.0527 -0.1309 0.9900
vn -0.0000 -0.3785 0.9256
vn -0.0000 -0.5442 0.8390
vn -0.0000 -0.9172 0.3985
vn -0.0000 -0.7895 0.6138
vn 0.8645 -0.1921 0.4644
vn 0.8643 -0.1924 0.4646
vn -0.0000 -0.1308 0.9914
vn 0.0527 -0.3821 0.9226
vn 0.0526 -0.3822 0.9226
vn 0.8643 -0.0659 0.4987
vn 0.8646 -0.0661 0.4982
vn 0.8643 -0.3062 0.3990
vn 0.8644 -0.3062 0.3988
vn 0.0527 -0.6080 0.7922
vn 0.0527 -0.6081 0.7921
vn -0.0000 -0.2005 0.9797
vn -0.0013 0.9914 0.1307
vn -0.0003 0.9914 0.1312
vn -0.0000 0.9914 0.1307
vn -0.0008 0.9240 0.3824
vn 0.0012 0.9236 0.3833
vn -0.0000 0.9237 0.3831
vn -0.0005 0.9240 0.3824
vn 0.0018 0.7929 0.6094
vn 0.0007 0.7933 0.6089
vn -0.0003 0.7932 0.6089
vn -0.0000 0.7929 0.6094
vn 0.0021 0.6087 0.7934
vn 0.0025 0.6085 0.7935
vn -0.0000 0.6087 0.7934
vn 0.0046 0.3830 0.9237
vn 0.0059 0.3824 0.9240
vn -0.0000 0.3822 0.9241
vn -0.0006 0.3830 0.9237
vn 0.0074 0.1295 0.9915
vn -0.0021 0.1344 0.9909
vn -0.0004 0.1302 0.9915
vn -0.0000 0.1295 0.9916
vn 0.0001 -0.1307 0.9914
vn 0.0087 -0.1352 0.9908
vn -0.0000 -0.1298 0.9915
vn 0.0006 -0.1307 0.9914
vn 0.0114 -0.3831 0.9236
vn -0.0008 -0.3772 0.9261
vn 0.0004 -0.3836 0.9235
vn -0.0000 -0.3831 0.9237
vn -0.0012 -0.6085 0.7935
vn 0.0006 -0.6093 0.7930
vn -0.0000 -0.6085 0.7935
vn -0.0006 -0.7932 0.6089
vn 0.0134 -0.7976 0.6030
vn -0.0000 -0.7932 0.6089
vn 0.0114 -0.9237 0.3829
vn 0.0125 -0.9239 0.3824
vn -0.0000 -0.9238 0.3829
vn 0.0104 -0.9914 0.1302
vn 0.0002 -0.9908 0.1355
vn -0.0000 -0.9916 0.1295
vn -0.0004 -0.9915 0.1302
vn -0.0022 -0.9915 -0.1302
vn 0.0080 -0.9908 -0.1355
vn -0.0002 -0.9915 -0.1304
vn -0.0004 -0.9915 -0.1302
vn 0.0056 -0.9238 -0.3829
vn 0.0049 -0.9239 -0.3826
vn -0.0006 -0.9241 -0.3821
vn 0.0031 -0.7932 -0.6089
vn 0.0029 -0.7933 -0.6089
vn -0.0000 -0.7932 -0.6089
vn 0.0013 -0.6089 -0.7932
vn -0.0000 -0.6095 -0.7928
vn -0.0000 -0.6085 -0.7935
vn -0.0003 -0.6089 -0.7932
vn -0.0005 -0.3836 -0.9235
vn -0.0000 -0.1302 -0.9915
vn 0.0005 -0.1299 -0.9915
vn -0.0000 -0.1295 -0.9916
vn -0.0004 -0.1302 -0.9915
vn -0.0005 0.1302 -0.9915
vn 0.0005 0.1307 -0.9914
vn -0.0002 0.1304 -0.9915
vn -0.0004 0.1302 -0.9915
vn -0.0000 0.6085 -0.7935
vn -0.0000 0.3836 -0.9235
vn -0.0006 0.3828 -0.9238
vn -0.0008 0.3811 -0.9245
vn 0.0021 0.6089 -0.7933
vn 0.0029 0.6085 -0.7935
vn 0.0001 0.3830 -0.9238
vn 0.0015 0.3836 -0.9235
vn -0.0000 -0.9806 0.1961
vn 0.0018 -0.5045 -0.8634
vn -0.0001 -0.5030 -0.8643
vn 0.0053 -0.5039 -0.8637
vn 0.0001 -0.9000 -0.4358
vn -0.0000 -0.8998 -0.4363
vn -0.0000 -0.9176 0.3974
vn -0.7420 0.5297 -0.4108
vn -0.7486 0.5199 -0.4115
vn -0.0000 -0.9487 -0.3162
vn -0.0000 0.3303 -0.9439
vn -0.0000 0.3304 -0.9439
vn 0.0018 -0.4682 -0.8836
vn -0.0000 -0.0981 -0.9952
vn -0.0134 -0.4681 -0.8836
vn -0.0000 -0.4716 -0.8818
vn -0.0004 -0.7367 -0.6762
vn -0.0000 -0.7322 -0.6811
vn 0.0001 -0.8998 -0.4363
vn -0.0000 -0.8998 -0.4364
vn -0.0000 -0.5045 -0.8634
vn -0.0092 -0.5036 -0.8639
vn -0.0000 -0.4672 -0.8841
vn -0.7408 0.4093 -0.5326
vn -0.7400 0.4096 -0.5336
vn -0.7204 0.4224 -0.5501
vn -0.7045 0.4190 -0.5729
vn 0.0044 0.6090 -0.7931
vn 0.0043 0.6089 -0.7933
vn 0.0037 0.7964 -0.6047
vn 0.0042 0.8000 -0.6000
vn -0.7440 0.5316 -0.4049
vn -0.7408 0.5323 -0.4098
vn -0.7095 0.5638 -0.4228
vn 0.0048 0.7931 -0.6091
vn 0.0044 0.7923 -0.6101
vn -0.7428 0.5332 -0.4049
vn -0.7403 0.5310 -0.4123
vn 0.9592 -0.1975 0.2025
vn 0.9643 -0.2102 0.1612
vn -0.0000 -0.4680 -0.8837
vn 0.0048 -0.4716 -0.8818
vn -0.0000 -0.4693 -0.8830
vn 0.9987 0.0509 -0.0010
vn 1.0000 -0.0043 0.0033
vn 0.9773 -0.1471 0.1524
vn 0.9619 -0.1900 0.1968
vn 0.9980 -0.0494 0.0392
vn 0.9978 -0.0410 0.0522
vn 0.9993 -0.0208 0.0308
vn 0.9986 -0.0276 0.0460
vn 0.9891 -0.1099 0.0977
vn 0.9618 -0.1962 0.1910
vn 0.9984 -0.0342 0.0445
vn 0.9984 -0.0342 0.0447
vn -0.0000 -0.8980 -0.4400
vn 0.0001 -0.8981 -0.4399
vn -0.0000 -0.8978 -0.4403
vn 0.9984 -0.0293 0.0476
vn 0.9929 -0.0859 0.0817
vn 0.9881 -0.1152 0.1015
vn 0.9882 -0.1148 0.1011
vn -0.0000 0.3162 0.9487
vn 0.0021 1.0000 0.0053
vn -0.0000 1.0000 0.0034
vn 0.0048 1.0000 0.0043
vn 0.0002 0.8254 0.5645
vn -0.0000 0.8264 0.5631
vn -0.0000 0.1161 0.9932
vn -0.7419 0.0911 -0.6643
vn -0.7479 0.0961 -0.6569
vn -0.0000 0.7574 0.6529
vn -0.0000 0.6547 -0.7559
vn -0.0028 0.9993 -0.0370
vn -0.0000 0.9094 -0.4159
vn -0.0145 0.9992 -0.0366
vn -0.0000 0.9995 -0.0323
vn -0.0003 0.9554 0.2952
vn -0.0000 0.9569 0.2905
vn 0.0011 0.8264 0.5631
vn -0.0000 0.8272 0.5619
vn -0.0000 1.0000 0.0053
vn -0.0126 0.9999 0.0039
vn -0.0000 0.9994 -0.0357
vn -0.7409 0.2567 -0.6207
vn -0.7408 0.2568 -0.6208
vn -0.7204 0.2650 -0.6409
vn -0.7045 0.2865 -0.6493
vn 0.0044 0.3821 -0.9241
vn 0.0043 0.3822 -0.9241
vn 0.0040 0.1277 -0.9918
vn 0.0044 0.1234 -0.9923
vn -0.7439 0.0845 -0.6629
vn -0.7404 0.0888 -0.6663
vn -0.7096 0.0869 -0.6992
vn 0.0046 0.1312 -0.9913
vn 0.0043 0.1322 -0.9912
vn -0.7432 0.0854 -0.6636
vn -0.7412 0.0917 -0.6650
vn 0.9592 -0.0767 0.2723
vn 0.9643 -0.0343 0.2626
vn -0.0000 0.9993 -0.0365
vn 0.0049 0.9995 -0.0323
vn -0.0000 0.9992 -0.0400
vn 0.9987 -0.0247 -0.0450
vn 1.0000 -0.0007 0.0053
vn 0.9772 -0.0584 0.2041
vn 0.9614 -0.0757 0.2645
vn 0.9980 -0.0094 0.0623
vn 0.9978 -0.0246 0.0615
vn 0.9993 -0.0165 0.0338
vn 0.9986 -0.0259 0.0467
vn 0.9891 -0.0299 0.1444
vn 0.9623 -0.0669 0.2636
vn 0.9984 -0.0215 0.0518
vn -0.0000 0.8274 0.5616
vn -0.0000 0.8285 0.5600
vn 0.0002 0.8274 0.5616
vn 0.9984 -0.0265 0.0493
vn 0.9932 -0.0277 0.1131
vn 0.9879 -0.0306 0.1518
vn 0.9882 -0.0302 0.1500
vn -0.0000 -0.3162 0.9487
vn 0.0021 -1.0000 0.0053
vn -0.0000 -1.0000 0.0034
vn 0.0048 -1.0000 0.0043
vn 0.0002 -0.8254 0.5645
vn -0.0000 -0.8264 0.5631
vn -0.0000 -0.1161 0.9932
vn -0.7419 -0.0911 -0.6643
vn -0.7479 -0.0961 -0.6569
vn -0.0000 -0.7574 0.6529
vn -0.0000 -0.6547 -0.7559
vn -0.0028 -0.9993 -0.0370
vn -0.0000 -0.9094 -0.4159
vn -0.0145 -0.9992 -0.0366
vn -0.0000 -0.9995 -0.0323
vn -0.0003 -0.9554 0.2952
vn -0.0000 -0.9569 0.2905
vn 0.0011 -0.8264 0.5631
vn -0.0000 -0.8272 0.5619
vn -0.0000 -1.0000 0.0053
vn -0.0126 -0.9999 0.0039
vn -0.0000 -0.9994 -0.0357
vn -0.7409 -0.2567 -0.6207
vn -0.7408 -0.2568 -0.6208
vn -0.7204 -0.2650 -0.6409
vn -0.7045 -0.2865 -0.6493
vn 0.0044 -0.3821 -0.9241
vn 0.0043 -0.3822 -0.9241
vn 0.0040 -0.1277 -0.9918
vn 0.0044 -0.1234 -0.9923
vn -0.7439 -0.0845 -0.6629
vn -0.7404 -0.0888 -0.6663
vn -0.7096 -0.0869 -0.6992
vn 0.0046 -0.1312 -0.9913
vn 0.0043 -0.1322 -0.9912
vn -0.7432 -0.0854 -0.6636
vn -0.7412 -0.0917 -0.6650
vn 0.9592 0.0767 0.2723
vn 0.9643 0.0343 0.2626
vn -0.0000 -0.9993 -0.0365
vn 0.0049 -0.9995 -0.0323
vn -0.0000 -0.9992 -0.0400
vn 0.9987 0.0247 -0.0450
vn 1.0000 0.0007 0.0053
vn 0.9772 0.0584 0.2041
vn 0.9614 0.0757 0.2645
vn 0.9980 0.0094 0.0623
vn 0.9978 0.0246 0.0615
vn 0.9993 0.0165 0.0338
vn 0.9986 0.0259 0.0467
vn 0.9891 0.0299 0.1444
vn 0.9623 0.0669 0.2636
vn 0.9984 0.0215 0.0518
vn -0.0000 -0.8274 0.5616
vn -0.0000 -0.8285 0.5600
vn 0.0002 -0.8274 0.5616
vn 0.9984 0.0265 0.0493
vn 0.9932 0.0277 0.1131
vn 0.9879 0.0306 0.1518
vn 0.9882 0.0302 0.1500
vn -0.0000 0.9806 0.1961
vn 0.0018 0.5045 -0.8634
vn -0.0001 0.5030 -0.8643
vn 0.0053 0.5039 -0.8637
vn 0.0001 0.9000 -0.4358
vn -0.0000 0.8998 -0.4363
vn -0.0000 0.9176 0.3974
vn -0.7420 -0.5297 -0.4108
vn -0.7486 -0.5199 -0.4115
vn -0.0000 0.9487 -0.3162
vn -0.0000 -0.3304 -0.9439
vn 0.0018 0.4682 -0.8836
vn -0.0000 0.0981 -0.9952
vn -0.0134 0.4681 -0.8836
vn -0.0000 0.4716 -0.8818
vn -0.0004 0.7367 -0.6762
vn -0.0000 0.7322 -0.6811
vn 0.0001 0.8998 -0.4363
vn -0.0000 0.8998 -0.4364
vn -0.0000 0.5045 -0.8634
vn -0.0092 0.5036 -0.8639
vn -0.0000 0.4672 -0.8841
vn -0.7408 -0.4093 -0.5326
vn -0.7400 -0.4096 -0.5336
vn -0.7204 -0.4224 -0.5501
vn -0.7045 -0.4190 -0.5729
vn 0.0044 -0.6090 -0.7931
vn 0.0043 -0.6089 -0.7933
vn 0.0037 -0.7964 -0.6047
vn 0.0042 -0.8000 -0.6000
vn -0.7440 -0.5316 -0.4049
vn -0.7408 -0.5323 -0.4098
vn -0.7095 -0.5638 -0.4228
vn 0.0048 -0.7931 -0.6091
vn 0.0044 -0.7924 -0.6101
vn -0.7428 -0.5332 -0.4049
vn -0.7403 -0.5310 -0.4123
vn 0.9592 0.1975 0.2025
vn 0.9643 0.2102 0.1612
vn -0.0000 0.4680 -0.8837
vn 0.0048 0.4716 -0.8818
vn -0.0000 0.4693 -0.8830
vn 0.9987 -0.0509 -0.0010
vn 1.0000 0.0043 0.0033
vn 0.9773 0.1471 0.1524
vn 0.9618 0.1900 0.1968
vn 0.9980 0.0494 0.0392
vn 0.9978 0.0410 0.0522
vn 0.9993 0.0208 0.0308
vn 0.9986 0.0276 0.0460
vn 0.9891 0.1099 0.0977
vn 0.9618 0.1962 0.1910
vn 0.9984 0.0342 0.0445
vn 0.9984 0.0342 0.0447
vn -0.0000 0.8980 -0.4400
vn 0.0001 0.8981 -0.4399
vn -0.0000 0.8978 -0.4403
vn 0.9984 0.0293 0.0476
vn 0.9929 0.0859 0.0817
vn 0.9881 0.1152 0.1015
vn 0.9882 0.1148 0.1011
vn -0.0000 0.6594 0.7518
vn 0.0020 -0.4954 0.8686
vn 0.0001 -0.4969 0.8678
vn 0.0066 -0.4958 0.8684
vn -0.0002 0.0709 0.9975
vn -0.0000 0.0725 0.9974
vn -0.0000 0.8027 0.5964
vn -0.7422 -0.6205 -0.2532
vn -0.7482 -0.6165 -0.2451
vn -0.0000 0.1961 0.9806
vn -0.0000 -0.9833 0.1818
vn -0.0000 -0.9833 0.1819
vn -0.0004 -0.5314 0.8471
vn -0.0000 -0.8109 0.5852
vn -0.0134 -0.5313 0.8471
vn -0.0000 -0.5280 0.8492
vn -0.0003 -0.2179 0.9760
vn -0.0000 -0.2224 0.9750
vn 0.0006 0.0725 0.9974
vn -0.0000 0.0719 0.9974
vn -0.0000 -0.4955 0.8686
vn -0.0120 -0.4966 0.8679
vn -0.0000 -0.5364 0.8440
vn -0.7404 -0.6664 -0.0879
vn -0.7401 -0.6668 -0.0878
vn -0.7201 -0.6879 -0.0909
vn -0.7046 -0.7054 -0.0769
vn 0.0043 -0.9914 -0.1310
vn 0.0040 -0.9914 -0.1306
vn 0.0039 -0.9212 -0.3892
vn 0.0039 -0.9212 -0.3890
vn -0.7432 -0.6174 -0.2577
vn -0.7408 -0.6208 -0.2564
vn -0.7097 -0.6490 -0.2740
vn 0.0046 -0.9241 -0.3822
vn 0.0044 -0.9243 -0.3818
vn -0.7430 -0.6165 -0.2605
vn -0.7402 -0.6226 -0.2540
vn 0.9591 0.2742 0.0697
vn 0.9643 0.2446 0.1015
vn -0.0000 -0.5313 0.8472
vn 0.0046 -0.5280 0.8492
vn -0.0000 -0.5286 0.8489
vn 0.9987 -0.0263 -0.0436
vn 1.0000 0.0050 0.0021
vn 0.9771 0.2066 0.0516
vn 0.9614 0.2669 0.0666
vn 0.9980 0.0585 0.0234
vn 0.9978 0.0656 0.0094
vn 0.9993 0.0373 0.0026
vn 0.9986 0.0534 0.0008
vn 0.9892 0.1392 0.0462
vn 0.9620 0.2627 0.0741
vn 0.9984 0.0557 0.0073
vn 0.0006 0.0734 0.9973
vn -0.0000 0.0745 0.9972
vn -0.0002 0.0725 0.9974
vn 0.9984 0.0559 0.0016
vn 0.9931 0.1125 0.0329
vn 0.9881 0.1460 0.0493
vn 0.9881 0.1456 0.0491
vn -0.0000 0.6594 -0.7518
vn 0.0020 -0.4954 -0.8686
vn 0.0001 -0.4969 -0.8678
vn 0.0066 -0.4958 -0.8684
vn -0.0002 0.0709 -0.9975
vn -0.0000 0.0725 -0.9974
vn -0.0000 0.8027 -0.5964
vn -0.7422 -0.6205 0.2532
vn -0.7482 -0.6165 0.2451
vn -0.0000 0.1961 -0.9806
vn -0.0000 -0.9833 -0.1818
vn -0.0004 -0.5314 -0.8471
vn -0.0000 -0.8109 -0.5852
vn -0.0134 -0.5313 -0.8471
vn -0.0000 -0.5280 -0.8492
vn -0.0003 -0.2179 -0.9760
vn -0.0000 -0.2224 -0.9750
vn 0.0006 0.0725 -0.9974
vn -0.0000 0.0719 -0.9974
vn -0.0000 -0.4955 -0.8686
vn -0.0120 -0.4966 -0.8679
vn -0.0000 -0.5364 -0.8440
vn -0.7404 -0.6664 0.0879
vn -0.7401 -0.6668 0.0878
vn -0.7201 -0.6879 0.0909
vn -0.7046 -0.7054 0.0769
vn 0.0043 -0.9914 0.1310
vn 0.0040 -0.9914 0.1306
vn 0.0039 -0.9212 0.3892
vn 0.0039 -0.9212 0.3890
vn -0.7432 -0.6174 0.2577
vn -0.7408 -0.6208 0.2564
vn -0.7097 -0.6490 0.2740
vn 0.0046 -0.9241 0.3822
vn 0.0044 -0.9243 0.3818
vn -0.7430 -0.6165 0.2605
vn -0.7402 -0.6226 0.2540
vn 0.9591 0.2742 -0.0697
vn 0.9643 0.2446 -0.1015
vn -0.0000 -0.5313 -0.8472
vn 0.0046 -0.5280 -0.8492
vn -0.0000 -0.5286 -0.8489
vn 0.9987 -0.0263 0.0436
vn 1.0000 0.0049 -0.0021
vn 0.9771 0.2066 -0.0516
vn 0.9614 0.2669 -0.0666
vn 0.9980 0.0585 -0.0234
vn 0.9978 0.0656 -0.0094
vn 0.9993 0.0373 -0.0026
vn 0.9986 0.0534 -0.0008
vn 0.9892 0.1392 -0.0462
vn 0.9620 0.2627 -0.0741
vn 0.9984 0.0557 -0.0073
vn 0.0006 0.0734 -0.9973
vn -0.0000 0.0745 -0.9972
vn -0.0002 0.0725 -0.9974
vn 0.9984 0.0559 -0.0016
vn 0.9931 0.1125 -0.0329
vn 0.9881 0.1460 -0.0493
vn 0.9881 0.1456 -0.0491
vn -0.0000 0.9806 -0.1961
vn 0.0018 0.5045 0.8634
vn -0.0001 0.5030 0.8643
vn 0.0053 0.5039 0.8637
vn 0.0001 0.9000 0.4358
vn -0.0000 0.8998 0.4363
vn -0.0000 0.9176 -0.3974
vn -0.7420 -0.5297 0.4108
vn -0.7486 -0.5199 0.4115
vn -0.0000 0.9487 0.3162
vn -0.0000 -0.3303 0.9439
vn -0.0000 -0.3304 0.9439
vn 0.0018 0.4682 0.8836
vn -0.0000 0.0981 0.9952
vn -0.0134 0.4681 0.8836
vn -0.0000 0.4716 0.8818
vn -0.0004 0.7367 0.6762
vn -0.0000 0.7322 0.6811
vn 0.0001 0.8998 0.4363
vn -0.0000 0.8998 0.4364
vn -0.0000 0.5045 0.8634
vn -0.0092 0.5036 0.8639
vn -0.0000 0.4672 0.8841
vn -0.7408 -0.4093 0.5326
vn -0.7400 -0.4096 0.5336
vn -0.7204 -0.4224 0.5501
vn -0.7045 -0.4190 0.5729
vn 0.0044 -0.6090 0.7931
vn 0.0043 -0.6089 0.7933
vn 0.0037 -0.7964 0.6047
vn 0.0042 -0.8000 0.6000
vn -0.7440 -0.5316 0.4049
vn -0.7408 -0.5323 0.4098
vn -0.7095 -0.5638 0.4228
vn 0.0048 -0.7931 0.6091
vn 0.0044 -0.7923 0.6101
vn -0.7428 -0.5332 0.4049
vn -0.7403 -0.5310 0.4123
vn 0.9592 0.1975 -0.2025
vn 0.9643 0.2102 -0.1612
vn -0.0000 0.4680 0.8837
vn 0.0048 0.4716 0.8818
vn -0.0000 0.4693 0.8830
vn 0.9987 -0.0509 0.0010
vn 1.0000 0.0043 -0.0033
vn 0.9773 0.1471 -0.1524
vn 0.9619 0.1900 -0.1968
vn 0.9980 0.0494 -0.0392
vn 0.9978 0.0410 -0.0522
vn 0.9993 0.0208 -0.0308
vn 0.9986 0.0276 -0.0460
vn 0.9891 0.1099 -0.0977
vn 0.9618 0.1962 -0.1910
vn 0.9984 0.0342 -0.0445
vn 0.9984 0.0342 -0.0447
vn -0.0000 0.8980 0.4400
vn 0.0001 0.8981 0.4399
vn -0.0000 0.8978 0.4403
vn 0.9984 0.0293 -0.0476
vn 0.9929 0.0859 -0.0817
vn 0.9881 0.1152 -0.1015
vn 0.9882 0.1148 -0.1011
vn -0.0000 -0.3162 -0.9487
vn 0.0021 -1.0000 -0.0053
vn -0.0000 -1.0000 -0.0034
vn 0.0048 -1.0000 -0.0043
vn 0.0002 -0.8254 -0.5645
vn -0.0000 -0.8264 -0.5631
vn -0.0000 -0.1161 -0.9932
vn -0.7419 -0.0911 0.6643
vn -0.7479 -0.0961 0.6569
vn -0.0000 -0.7574 -0.6529
vn -0.0000 -0.6547 0.7559
vn -0.0028 -0.9993 0.0370
vn -0.0000 -0.9094 0.4159
vn -0.0145 -0.9992 0.0366
vn -0.0000 -0.9995 0.0323
vn -0.0003 -0.9554 -0.2952
vn -0.0000 -0.9569 -0.2905
vn 0.0011 -0.8264 -0.5631
vn -0.0000 -0.8272 -0.5619
vn -0.0000 -1.0000 -0.0053
vn -0.0126 -0.9999 -0.0039
vn -0.0000 -0.9994 0.0357
vn -0.7409 -0.2567 0.6207
vn -0.7408 -0.2568 0.6208
vn -0.7204 -0.2650 0.6409
vn -0.7045 -0.2865 0.6493
vn 0.0044 -0.3821 0.9241
vn 0.0043 -0.3822 0.9241
vn 0.0040 -0.1277 0.9918
vn 0.0044 -0.1234 0.9923
vn -0.7439 -0.0845 0.6629
vn -0.7404 -0.0888 0.6663
vn -0.7096 -0.0869 0.6992
vn 0.0046 -0.1312 0.9913
vn 0.0043 -0.1322 0.9912
vn -0.7432 -0.0854 0.6636
vn -0.7412 -0.0917 0.6650
vn 0.9592 0.0767 -0.2723
vn 0.9643 0.0343 -0.2626
vn -0.0000 -0.9993 0.0365
vn 0.0049 -0.9995 0.0323
vn -0.0000 -0.9992 0.0400
vn 0.9987 0.0247 0.0450
vn 1.0000 0.0007 -0.0053
vn 0.9772 0.0584 -0.2041
vn 0.9614 0.0757 -0.2645
vn 0.9980 0.0094 -0.0623
vn 0.9978 0.0246 -0.0615
vn 0.9993 0.0165 -0.0338
vn 0.9986 0.0259 -0.0467
vn 0.9891 0.0299 -0.1444
vn 0.9623 0.0669 -0.2636
vn 0.9984 0.0215 -0.0518
vn -0.0000 -0.8274 -0.5616
vn -0.0000 -0.8285 -0.5600
vn 0.0002 -0.8274 -0.5616
vn 0.9984 0.0265 -0.0493
vn 0.9932 0.0277 -0.1131
vn 0.9879 0.0306 -0.1518
vn 0.9882 0.0302 -0.1500
vn -0.0000 0.3162 -0.9487
vn 0.0021 1.0000 -0.0053
vn -0.0000 1.0000 -0.0034
vn 0.0048 1.0000 -0.0043
vn 0.0002 0.8254 -0.5645
vn -0.0000 0.8264 -0.5631
vn -0.0000 0.1161 -0.9932
vn -0.7419 0.0911 0.6643
vn -0.7479 0.0961 0.6569
vn -0.0000 0.7574 -0.6529
vn -0.0000 0.6547 0.7559
vn -0.0028 0.9993 0.0370
vn -0.0000 0.9094 0.4159
vn -0.0145 0.9992 0.0366
vn -0.0000 0.9995 0.0323
vn -0.0003 0.9554 -0.2952
vn -0.0000 0.9569 -0.2905
vn 0.0011 0.8264 -0.5631
vn -0.0000 0.8272 -0.5619
vn -0.0000 1.0000 -0.0053
vn -0.0126 0.9999 -0.0039
vn -0.0000 0.9994 0.0357
vn -0.7409 0.2567 0.6207
vn -0.7408 0.2568 0.6208
vn -0.7204 0.2650 0.6409
vn -0.7045 0.2865 0.6493
vn 0.0044 0.3821 0.9241
vn 0.0043 0.3822 0.9241
vn 0.0040 0.1277 0.9918
vn 0.0044 0.1234 0.9923
vn -0.7439 0.0845 0.6629
vn -0.7404 0.0888 0.6663
vn -0.7096 0.0869 0.6992
vn 0.0046 0.1312 0.9913
vn 0.0043 0.1322 0.9912
vn -0.7432 0.0854 0.6636
vn -0.7412 0.0917 0.6650
vn 0.9592 -0.0767 -0.2723
vn 0.9643 -0.0343 -0.2626
vn -0.0000 0.9993 0.0365
vn 0.0049 0.9995 0.0323
vn -0.0000 0.9992 0.0400
vn 0.9987 -0.0247 0.0450
vn 1.0000 -0.0007 -0.0053
vn 0.9772 -0.0584 -0.2041
vn 0.9614 -0.0757 -0.2645
vn 0.9980 -0.0094 -0.0623
vn 0.9978 -0.0246 -0.0615
vn 0.9993 -0.0165 -0.0338
vn 0.9986 -0.0259 -0.0467
vn 0.9891 -0.0299 -0.1444
vn 0.9623 -0.0669 -0.2636
vn 0.9984 -0.0215 -0.0518
vn -0.0000 0.8274 -0.5616
vn -0.0000 0.8285 -0.5600
vn 0.0002 0.8274 -0.5616
vn 0.9984 -0.0265 -0.0493
vn 0.9932 -0.0277 -0.1131
vn 0.9879 -0.0306 -0.1518
vn 0.9882 -0.0302 -0.1500
vn -0.0000 -0.9806 -0.1961
vn 0.0018 -0.5045 0.8634
vn -0.0001 -0.5030 0.8643
vn 0.0053 -0.5039 0.8637
vn 0.0001 -0.9000 0.4358
vn -0.0000 -0.8998 0.4363
vn -0.0000 -0.9176 -0.3974
vn -0.7420 0.5297 0.4108
vn -0.7486 0.5199 0.4115
vn -0.0000 -0.9487 0.3162
vn -0.0000 0.3304 0.9439
vn 0.0018 -0.4682 0.8836
vn -0.0000 -0.0981 0.9952
vn -0.0134 -0.4681 0.8836
vn -0.0000 -0.4716 0.8818
vn -0.0004 -0.7367 0.6762
vn -0.0000 -0.7322 0.6811
vn 0.0001 -0.8998 0.4363
vn -0.0000 -0.8998 0.4364
vn -0.0000 -0.5045 0.8634
vn -0.0092 -0.5036 0.8639
vn -0.0000 -0.4672 0.8841
vn -0.7408 0.4093 0.5326
vn -0.7400 0.4096 0.5336
vn -0.7204 0.4224 0.5501
vn -0.7045 0.4190 0.5729
vn 0.0044 0.6090 0.7931
vn 0.0043 0.6089 0.7933
vn 0.0037 0.7964 0.6047
vn 0.0042 0.8000 0.6000
vn -0.7440 0.5316 0.4049
vn -0.7408 0.5323 0.4098
vn -0.7095 0.5638 0.4228
vn 0.0048 0.7931 0.6091
vn 0.0044 0.7923 0.6101
vn -0.7428 0.5332 0.4049
vn -0.7403 0.5310 0.4123
vn 0.9592 -0.1975 -0.2025
vn 0.9643 -0.2102 -0.1612
vn -0.0000 -0.4680 0.8837
vn 0.0048 -0.4716 0.8818
vn -0.0000 -0.4693 0.8830
vn 0.9987 0.0509 0.0010
vn 1.0000 -0.0043 -0.0033
vn 0.9773 -0.1471 -0.1524
vn 0.9618 -0.1900 -0.1968
vn 0.9980 -0.0494 -0.0392
vn 0.9978 -0.0410 -0.0522
vn 0.9993 -0.0208 -0.0308
vn 0.9986 -0.0276 -0.0460
vn 0.9891 -0.1099 -0.0977
vn 0.9618 -0.1962 -0.1910
vn 0.9984 -0.0342 -0.0445
vn 0.9984 -0.0342 -0.0447
vn -0.0000 -0.8980 0.4400
vn 0.0001 -0.8981 0.4399
vn -0.0000 -0.8978 0.4403
vn 0.9984 -0.0293 -0.0476
vn 0.9929 -0.0859 -0.0817
vn 0.9881 -0.1152 -0.1015
vn 0.9882 -0.1148 -0.1011
vn -0.0000 -0.6594 -0.7518
vn 0.0020 0.4954 -0.8686
vn 0.0001 0.4969 -0.8678
vn 0.0066 0.4958 -0.8684
vn -0.0002 -0.0709 -0.9975
vn -0.0000 -0.0725 -0.9974
vn -0.0000 -0.8027 -0.5964
vn -0.7422 0.6205 0.2532
vn -0.7482 0.6165 0.2451
vn -0.0000 -0.1961 -0.9806
vn -0.0000 0.9833 -0.1818
vn -0.0000 0.9833 -0.1819
vn -0.0004 0.5314 -0.8471
vn -0.0000 0.8109 -0.5852
vn -0.0134 0.5313 -0.8471
vn -0.0000 0.5280 -0.8492
vn -0.0003 0.2179 -0.9760
vn -0.0000 0.2224 -0.9750
vn 0.0006 -0.0725 -0.9974
vn -0.0000 -0.0719 -0.9974
vn -0.0000 0.4955 -0.8686
vn -0.0120 0.4966 -0.8679
vn -0.0000 0.5364 -0.8440
vn -0.7404 0.6664 0.0879
vn -0.7401 0.6668 0.0878
vn -0.7201 0.6879 0.0909
vn -0.7046 0.7054 0.0769
vn 0.0043 0.9914 0.1310
vn 0.0040 0.9914 0.1306
vn 0.0039 0.9212 0.3892
vn 0.0039 0.9212 0.3890
vn -0.7432 0.6174 0.2577
vn -0.7408 0.6208 0.2564
vn -0.7097 0.6490 0.2740
vn 0.0046 0.9241 0.3822
vn 0.0044 0.9243 0.3818
vn -0.7430 0.6165 0.2605
vn -0.7402 0.6226 0.2540
vn 0.9591 -0.2742 -0.0697
vn 0.9643 -0.2446 -0.1015
vn -0.0000 0.5313 -0.8472
vn 0.0046 0.5280 -0.8492
vn -0.0000 0.5286 -0.8489
vn 0.9987 0.0263 0.0436
vn 1.0000 -0.0050 -0.0021
vn 0.9771 -0.2066 -0.0516
vn 0.9614 -0.2669 -0.0666
vn 0.9980 -0.0585 -0.0234
vn 0.9978 -0.0656 -0.0094
vn 0.9993 -0.0373 -0.0026
vn 0.9986 -0.0534 -0.0008
vn 0.9892 -0.1392 -0.0462
vn 0.9620 -0.2627 -0.0741
vn 0.9984 -0.0557 -0.0073
vn 0.0006 -0.0734 -0.9973
vn -0.0000 -0.0745 -0.9972
vn -0.0002 -0.0725 -0.9974
vn 0.9984 -0.0559 -0.0016
vn 0.9931 -0.1125 -0.0329
vn 0.9881 -0.1460 -0.0493
vn 0.9881 -0.1456 -0.0491
vn -0.0000 0.1302 -0.9915
vn 0.0015 0.1310 -0.9914
vn -0.0003 0.3828 -0.9238
vn -0.0003 0.3828 -0.9239
vn 0.0006 0.3811 -0.9245
vn -0.0001 0.1302 -0.9915
vn -0.0013 0.6090 -0.7932
vn -0.0017 0.6088 -0.7933
vn -0.0003 0.3830 -0.9238
vn -0.0000 0.3828 -0.9238
vn 0.0005 -0.1312 -0.9914
vn 0.0015 -0.1307 -0.9914
vn 0.0001 -0.1312 -0.9914
vn 0.0003 -0.3823 -0.9240
vn -0.0021 -0.3835 -0.9235
vn 0.0003 -0.3820 -0.9242
vn -0.0000 -0.3823 -0.9240
vn -0.0026 -0.6095 -0.7928
vn -0.0007 -0.6087 -0.7934
vn -0.0000 -0.6094 -0.7928
vn -0.0001 -0.6095 -0.7928
vn -0.0035 -0.7931 -0.6090
vn -0.0039 -0.7933 -0.6089
vn 0.0001 -0.7937 -0.6084
vn 0.0006 -0.7931 -0.6090
vn -0.0059 -0.9239 -0.3825
vn 0.0004 -0.9239 -0.3827
vn 0.0003 -0.9240 -0.3825
vn -0.0074 -0.9914 -0.1307
vn 0.0012 -0.9908 -0.1352
vn 0.0001 -0.9914 -0.1308
vn -0.0000 -0.9914 -0.1307
vn -0.0012 -0.9914 0.1307
vn -0.0094 -0.9908 0.1349
vn -0.0000 -0.9913 0.1316
vn 0.0006 -0.9914 0.1307
vn -0.0116 -0.9236 0.3833
vn -0.0107 -0.9238 0.3828
vn 0.0004 -0.9239 0.3826
vn -0.0001 -0.9236 0.3833
vn -0.0137 -0.7935 0.6084
vn -0.0154 -0.7929 0.6091
vn 0.0003 -0.7933 0.6088
vn 0.0006 -0.7936 0.6085
vn -0.0154 -0.6086 0.7933
vn -0.0143 -0.6091 0.7930
vn 0.0003 -0.6091 0.7931
vn -0.0000 -0.6087 0.7934
vn -0.0124 -0.3825 0.9239
vn -0.0116 -0.3828 0.9237
vn -0.0000 -0.3820 0.9241
vn 0.0003 -0.3825 0.9240
vn -0.0094 -0.1307 0.9914
vn -0.0012 -0.1349 0.9909
vn 0.0003 -0.1307 0.9914
vn 0.0012 0.1307 0.9914
vn -0.0070 0.1349 0.9908
vn 0.0003 0.1307 0.9914
vn -0.0047 0.3825 0.9239
vn -0.0059 0.3830 0.9237
vn 0.0003 0.3827 0.9239
vn 0.0004 0.3825 0.9240
vn -0.0039 0.6087 0.7934
vn -0.0043 0.6089 0.7933
vn 0.0005 0.6085 0.7935
vn 0.0003 0.6087 0.7934
vn -0.0027 0.7934 0.6087
vn -0.0039 0.7938 0.6082
vn 0.0006 0.7934 0.6087
vn -0.0016 0.9240 0.3825
vn -0.0015 0.9239 0.3825
vn 0.0004 0.9239 0.3826
vn 0.0003 0.9240 0.3825
vn -0.0005 0.9914 0.1307
vn -0.0000 0.9914 0.1310
vn 0.0003 0.9914 0.1307
vn -0.0000 -0.5551 -0.8318
vn -0.0004 -0.5532 -0.8330
vn -0.0000 -0.3832 -0.9237
vn -0.0000 -0.7941 -0.6078
vn -0.0000 -0.9237 -0.3832
vn -0.0000 -0.1307 -0.9914
vn -0.0000 -0.6078 -0.7941
vn -0.0004 -0.8330 -0.5532
vn -0.0008 -0.8342 -0.5515
vn 0.0046 -0.8342 -0.5514
vn -0.0140 -0.8389 -0.5441
vn -0.0163 -0.1989 -0.9799
vn -0.0000 -0.1911 -0.9816
vn -0.0000 -0.9813 -0.1926
vn -0.0163 -0.9796 -0.2005
vn -0.0139 -0.5550 -0.8317
vn 0.0046 -0.5478 -0.8366
vn -0.0000 -0.8318 0.5551
vn -0.0004 -0.8330 0.5532
vn -0.0000 -0.9237 0.3832
vn -0.0000 -0.6078 0.7941
vn -0.0000 -0.1307 0.9914
vn -0.0000 -0.3832 0.9237
vn -0.0000 -0.9914 0.1307
vn -0.0000 -0.7941 0.6078
vn -0.0004 -0.5532 0.8330
vn -0.0008 -0.5515 0.8342
vn 0.0046 -0.5514 0.8342
vn -0.0140 -0.5441 0.8389
vn -0.0163 -0.9799 0.1989
vn -0.0000 -0.9816 0.1911
vn -0.0000 -0.1926 0.9813
vn -0.0163 -0.2005 0.9796
vn -0.0139 -0.8317 0.5550
vn 0.0046 -0.8366 0.5478
vn -0.0000 0.5551 0.8318
vn -0.0004 0.5532 0.8330
vn -0.0000 0.3832 0.9237
vn -0.0000 0.7941 0.6078
vn -0.0000 0.9237 0.3832
vn -0.0000 0.1307 0.9914
vn -0.0000 0.6078 0.7941
vn -0.0004 0.8330 0.5532
vn -0.0008 0.8342 0.5515
vn 0.0046 0.8342 0.5514
vn -0.0140 0.8389 0.5441
vn -0.0163 0.1989 0.9799
vn -0.0000 0.1911 0.9816
vn -0.0000 0.9813 0.1926
vn -0.0163 0.9796 0.2005
vn -0.0139 0.5550 0.8317
vn 0.0046 0.5478 0.8366
vn -0.0000 0.6078 -0.7941
vn -0.0000 0.3832 -0.9237
vn -0.0000 0.7941 -0.6078
vn -0.0001 0.7941 -0.6078
vn -0.0007 0.7935 -0.6085
vn -0.0003 0.6090 -0.7932
vn -0.0004 0.6088 -0.7933
vn -0.0014 -0.0000 1.0000
vn -0.0000 -1.0000 -0.0081
vn -0.0014 -1.0000 -0.0000
vn -0.0014 -0.0000 -1.0000
s 0
usemtl MB_5.005
f 1314//1 1311//1 1315//1
f 1311//2 1312//2 1315//2
f 1347//3 1304//3 39//3
f 1304//3 41//3 39//3
f 33//4 1341//4 1308//4
f 1341//4 1309//4 1308//4
f 1323//5 1329//5 1319//5
f 1329//6 1299//6 1319//6
f 1339//7 1346//7 43//7
f 1346//7 56//7 43//7
f 1349//8 1348//8 34//8
f 1348//8 38//8 34//8
f 1320//9 1301//9 1325//9
f 1301//10 1313//10 1325//10
f 1315//11 1312//11 1307//11
f 1312//12 1317//12 1307//12
f 44//13 1310//13 1352//13
f 1352//14 1310//14 1330//14
f 1336//15 1331//15 1//15
f 1350//16 1349//16 12//16
f 1349//16 34//16 12//16
f 1306//17 65//17 1328//17
f 65//18 9//18 1328//18
f 1319//19 1299//19 1318//19
f 1299//20 1298//20 1318//20
f 1322//21 1327//21 1263//21
f 1263//21 1327//21 1262//21
f 1351//22 1350//22 11//22
f 1350//22 12//22 11//22
f 1348//23 1347//23 38//23
f 1347//23 39//23 38//23
f 1325//24 1313//24 1314//24
f 1313//25 1311//25 1314//25
f 1307//26 1317//26 1303//26
f 1317//27 1316//27 1303//27
f 2//28 45//28 1333//28
f 45//29 1334//29 1333//29
f 1304//30 1305//30 41//30
f 1305//30 1332//30 41//30
f 1302//31 23//31 1335//31
f 23//31 10//31 1335//31
f 1321//32 1300//32 1320//32
f 1300//33 1301//33 1320//33
f 1337//34 1339//34 1338//34
f 1339//34 43//34 1338//34
f 1303//35 1316//35 1302//35
f 1316//36 23//36 1302//36
f 1318//37 1298//37 1321//37
f 1298//38 1300//38 1321//38
f 1340//39 25//39 52//39
f 52//39 25//39 50//39
f 1548//40 1344//40 277//40
f 277//40 1344//40 28//40
f 1344//41 1345//41 28//41
f 28//41 1345//41 29//41
f 1345//42 1340//42 29//42
f 29//42 1340//42 52//42
f 1237//21 49//21 2419//21
f 2419//21 49//21 322//21
f 1342//21 48//21 1237//21
f 1237//21 48//21 49//21
f 1343//21 51//21 1342//21
f 1342//21 51//21 48//21
f 1326//21 51//21 2449//21
f 2449//21 51//21 1343//21
f 1327//21 1326//21 1262//21
f 1262//21 1326//21 2449//21
f 1346//43 1351//43 56//43
f 1351//43 11//43 56//43
f 1//44 42//44 1336//44
f 1336//44 42//44 55//44
f 25//45 63//45 50//45
f 50//46 63//46 64//46
f 67//47 57//47 66//47
f 57//47 58//47 66//47
f 65//48 1306//48 67//48
f 1306//48 57//48 67//48
f 66//49 58//49 68//49
f 58//50 59//50 68//50
f 68//51 59//51 69//51
f 59//52 60//52 69//52
f 69//53 60//53 70//53
f 60//54 61//54 70//54
f 70//55 61//55 71//55
f 61//55 62//55 71//55
f 71//56 62//56 72//56
f 62//57 53//57 72//57
f 72//58 53//58 73//58
f 53//59 54//59 73//59
f 2473//21 1297//21 1263//21
f 1263//21 1297//21 1322//21
f 63//60 27//60 26//60
f 26//61 27//61 15//61
f 63//62 26//62 64//62
f 64//63 26//63 40//63
f 4//64 73//64 1333//64
f 73//65 2//65 1333//65
f 5//66 72//66 4//66
f 72//58 73//58 4//58
f 22//57 71//57 5//57
f 71//57 72//57 5//57
f 20//55 70//55 22//55
f 70//67 71//67 22//67
f 18//53 69//53 20//53
f 69//68 70//68 20//68
f 6//51 68//51 18//51
f 68//51 69//51 18//51
f 7//49 66//49 6//49
f 66//50 68//50 6//50
f 9//48 65//48 8//48
f 65//69 67//69 8//69
f 8//70 67//70 7//70
f 67//71 66//71 7//71
f 73//72 54//72 2//72
f 54//73 3//73 2//73
f 1296//21 1297//21 2474//21
f 2474//21 1297//21 2473//21
f 75//74 32//74 1190//74
f 32//74 16//74 1190//74
f 74//75 75//75 1390//75
f 75//76 1391//76 1390//76
f 1354//77 1361//77 123//77
f 123//77 1361//77 120//77
f 1365//78 119//78 1372//78
f 1372//79 119//79 1399//79
f 1397//21 144//21 112//21
f 144//21 620//21 112//21
f 1392//21 1394//21 2443//21
f 1394//21 2423//21 2443//21
f 2463//21 2468//21 2461//21
f 2468//21 1388//21 2461//21
f 1395//80 2462//80 113//80
f 113//80 2462//80 1272//80
f 112//21 596//21 1397//21
f 596//21 1398//21 1397//21
f 107//81 1273//81 1248//81
f 1248//81 1273//81 77//81
f 1369//82 1372//82 1399//82
f 1400//83 1401//83 143//83
f 143//84 1401//84 121//84
f 2459//81 2457//81 2471//81
f 2471//81 2457//81 2454//81
f 1354//85 123//85 1353//85
f 1353//85 123//85 603//85
f 1393//86 2464//86 108//86
f 108//87 2464//87 2460//87
f 1363//88 1366//88 1364//88
f 1364//89 1366//89 1367//89
f 1361//90 1387//90 120//90
f 120//90 1387//90 122//90
f 2455//21 2472//21 2370//21
f 2472//21 2388//21 2370//21
f 1378//91 125//91 1386//91
f 125//91 126//91 1386//91
f 1383//92 1377//92 1411//92
f 1379//93 124//93 1378//93
f 124//93 125//93 1378//93
f 1357//94 1412//94 1355//94
f 1412//95 134//95 1355//95
f 1409//21 76//21 1370//21
f 1274//96 2465//96 110//96
f 2465//96 2466//96 110//96
f 1388//21 1389//21 2461//21
f 1389//21 2479//21 2461//21
f 1202//97 2477//97 1277//97
f 2477//97 2478//97 1277//97
f 1398//21 596//21 1368//21
f 596//21 89//21 1368//21
f 110//98 2466//98 109//98
f 2466//98 2480//98 109//98
f 1375//21 1381//21 1374//21
f 1381//21 106//21 1374//21
f 2456//21 1199//21 2470//21
f 1199//21 2382//21 2470//21
f 2460//99 2458//99 108//99
f 108//100 2458//100 1280//100
f 108//101 1280//101 1267//101
f 1267//102 1280//102 114//102
f 1281//103 2450//103 1393//103
f 1393//104 2450//104 1259//104
f 1212//105 2487//105 1280//105
f 1280//106 2487//106 114//106
f 1393//107 108//107 1281//107
f 1281//108 108//108 1267//108
f 1399//109 119//109 1401//109
f 1401//110 119//110 121//110
f 120//90 122//90 1359//90
f 1359//90 122//90 1360//90
f 124//93 84//93 125//93
f 84//93 104//93 125//93
f 143//111 121//111 1402//111
f 1402//112 121//112 117//112
f 121//110 119//110 117//110
f 117//110 119//110 118//110
f 119//113 1365//113 118//113
f 118//114 1365//114 91//114
f 123//77 120//77 1362//77
f 1362//77 120//77 1359//77
f 603//85 123//85 1827//85
f 1827//85 123//85 1362//85
f 125//91 104//91 126//91
f 104//91 105//91 126//91
f 124//115 1379//115 139//115
f 1379//115 1380//115 139//115
f 1384//21 1370//21 101//21
f 1370//21 76//21 101//21
f 1406//116 129//116 1405//116
f 1405//117 129//117 128//117
f 1408//118 127//118 1410//118
f 1410//119 127//119 1358//119
f 79//120 81//120 1407//120
f 1407//121 81//121 1396//121
f 1189//21 83//21 101//21
f 83//21 1403//21 101//21
f 1376//122 1356//122 1396//122
f 1396//123 1356//123 1407//123
f 1403//21 1384//21 101//21
f 1371//124 131//124 1373//124
f 1373//125 131//125 130//125
f 1358//126 127//126 80//126
f 93//127 94//127 88//127
f 88//128 94//128 1404//128
f 82//129 128//129 87//129
f 87//130 128//130 129//130
f 1381//21 1382//21 106//21
f 1382//21 137//21 106//21
f 116//131 92//131 132//131
f 92//132 1385//132 132//132
f 1411//133 1377//133 134//133
f 1377//134 1355//134 134//134
f 1412//135 138//135 134//135
f 138//135 139//135 134//135
f 90//136 95//136 1279//136
f 95//137 1278//137 1279//137
f 135//21 85//21 133//21
f 85//21 78//21 133//21
f 115//138 116//138 136//138
f 116//139 132//139 136//139
f 1382//21 135//21 137//21
f 135//21 133//21 137//21
f 1380//135 1411//135 139//135
f 1411//135 134//135 139//135
f 138//115 84//115 139//115
f 84//115 124//115 139//115
f 103//140 141//140 102//140
f 141//141 140//141 102//141
f 95//142 96//142 1278//142
f 96//143 140//143 1278//143
f 142//144 115//144 86//144
f 115//145 136//145 86//145
f 141//146 111//146 140//146
f 111//146 1278//146 140//146
f 144//21 98//21 620//21
f 98//21 589//21 620//21
f 122//84 143//84 1360//84
f 1360//147 143//147 1402//147
f 1387//148 1400//148 122//148
f 122//149 1400//149 143//149
f 100//21 99//21 144//21
f 99//21 98//21 144//21
f 140//150 96//150 102//150
f 96//151 97//151 102//151
f 86//152 102//152 142//152
f 102//153 97//153 142//153
f 14//154 1324//154 74//154
f 1391//155 75//155 2357//155
f 75//156 1190//156 2357//156
f 1287//157 13//157 74//157
f 13//158 14//158 74//158
f 1324//159 32//159 74//159
f 32//160 75//160 74//160
f 1447//161 169//161 166//161
f 166//162 169//162 165//162
f 181//163 528//163 1455//163
f 528//163 1808//163 1455//163
f 1432//81 1425//81 1429//81
f 1429//81 1425//81 1427//81
f 1420//164 1431//164 1419//164
f 1431//164 1430//164 1419//164
f 1433//165 1416//165 1417//165
f 1416//165 1414//165 1417//165
f 1426//164 1438//164 171//164
f 1438//164 1444//164 171//164
f 154//164 157//164 1434//164
f 1436//166 1437//166 1440//166
f 1440//166 1437//166 173//166
f 182//167 183//167 164//167
f 183//167 1451//167 164//167
f 1435//80 1428//80 155//80
f 155//80 1428//80 153//80
f 1446//168 149//168 1445//168
f 149//168 152//168 1445//168
f 1718//169 1450//169 1445//169
f 1450//169 1446//169 1445//169
f 1423//170 1439//170 1441//170
f 1441//171 1439//171 1421//171
f 1443//164 1419//164 179//164
f 1419//164 1430//164 179//164
f 1416//172 1415//172 1414//172
f 1415//172 1413//172 1414//172
f 236//166 1795//166 1437//166
f 1437//166 1795//166 173//166
f 156//164 150//164 1434//164
f 150//164 154//164 1434//164
f 165//173 161//173 166//173
f 166//174 161//174 163//174
f 182//175 164//175 181//175
f 164//175 167//175 181//175
f 1442//176 1424//176 1441//176
f 1441//177 1424//177 1423//177
f 174//164 150//164 175//164
f 150//164 156//164 175//164
f 527//164 1431//164 170//164
f 1431//164 1420//164 170//164
f 1421//178 1439//178 1422//178
f 1422//179 1439//179 1735//179
f 154//164 172//164 157//164
f 172//164 146//164 157//164
f 145//164 168//164 151//164
f 168//164 160//164 151//164
f 151//164 160//164 1418//164
f 160//164 162//164 1418//164
f 177//180 178//180 161//180
f 161//181 178//181 163//181
f 176//164 1418//164 478//164
f 1418//164 162//164 478//164
f 477//164 148//164 176//164
f 148//164 1418//164 176//164
f 236//182 1437//182 366//182
f 366//182 1437//182 147//182
f 1448//183 182//183 1452//183
f 1448//184 1449//184 182//184
f 1449//185 183//185 182//185
f 167//186 1807//186 181//186
f 1807//186 528//186 181//186
f 1452//187 182//187 1455//187
f 182//188 181//188 1455//188
f 1468//189 1469//189 1465//189
f 1469//190 1466//190 1465//190
f 1495//3 39//3 1461//3
f 39//3 41//3 1461//3
f 33//4 1308//4 1488//4
f 1308//4 185//4 1488//4
f 1453//191 159//191 1477//191
f 159//192 1457//192 1477//192
f 1486//7 43//7 1494//7
f 43//7 56//7 1494//7
f 1497//8 34//8 1496//8
f 34//8 38//8 1496//8
f 1472//193 1473//193 1459//193
f 1473//194 1467//194 1459//194
f 1469//195 1464//195 1466//195
f 1464//196 1471//196 1466//196
f 211//197 1500//197 1480//197
f 1480//198 1500//198 1478//198
f 1484//199 1481//199 1479//199
f 1498//16 12//16 1497//16
f 12//16 34//16 1497//16
f 1463//200 1476//200 227//200
f 1476//201 193//201 227//201
f 159//202 526//202 1457//202
f 526//203 1456//203 1457//203
f 1454//164 1617//164 1475//164
f 1475//164 1617//164 1616//164
f 1499//22 11//22 1498//22
f 11//22 12//22 1498//22
f 1496//23 38//23 1495//23
f 38//23 39//23 1495//23
f 1473//204 1468//204 1467//204
f 1468//204 1465//204 1467//204
f 1464//205 1460//205 1471//205
f 1460//206 1470//206 1471//206
f 186//207 1482//207 212//207
f 1482//208 1483//208 212//208
f 1461//30 41//30 1462//30
f 41//30 1332//30 1462//30
f 208//209 203//209 202//209
f 203//210 194//210 202//210
f 529//211 1472//211 1458//211
f 1472//212 1459//212 1458//212
f 1485//34 1338//34 1486//34
f 1338//34 43//34 1486//34
f 1460//213 208//213 1470//213
f 208//214 202//214 1470//214
f 526//215 529//215 1456//215
f 529//216 1458//216 1456//216
f 1487//39 52//39 204//39
f 204//39 52//39 50//39
f 1493//40 277//40 1491//40
f 1491//40 277//40 28//40
f 1491//41 28//41 1492//41
f 1492//41 28//41 29//41
f 1492//42 29//42 1487//42
f 1487//42 29//42 52//42
f 1489//164 1646//164 216//164
f 216//164 1646//164 206//164
f 1490//164 1489//164 215//164
f 215//164 1489//164 216//164
f 505//164 1490//164 217//164
f 217//164 1490//164 215//164
f 1474//164 1615//164 217//164
f 217//164 1615//164 505//164
f 1475//164 1616//164 1474//164
f 1474//164 1616//164 1615//164
f 1494//43 56//43 1499//43
f 56//43 11//43 1499//43
f 1481//44 1484//44 42//44
f 42//44 1484//44 55//44
f 204//45 50//45 226//45
f 226//217 50//217 64//217
f 229//218 228//218 220//218
f 228//218 221//218 220//218
f 227//219 229//219 1463//219
f 229//219 220//219 1463//219
f 228//220 230//220 221//220
f 230//221 222//221 221//221
f 230//222 231//222 222//222
f 231//223 223//223 222//223
f 231//224 232//224 223//224
f 232//225 224//225 223//225
f 232//226 233//226 224//226
f 233//226 225//226 224//226
f 233//227 234//227 225//227
f 234//228 218//228 225//228
f 234//229 235//229 218//229
f 235//230 219//230 218//230
f 1796//164 1617//164 158//164
f 158//164 1617//164 1454//164
f 226//231 205//231 184//231
f 184//232 205//232 195//232
f 226//233 64//233 205//233
f 205//63 64//63 40//63
f 188//234 1482//234 235//234
f 1482//235 186//235 235//235
f 189//236 188//236 234//236
f 188//229 235//229 234//229
f 201//228 189//228 233//228
f 189//228 234//228 233//228
f 199//226 201//226 232//226
f 201//237 233//237 232//237
f 197//224 199//224 231//224
f 199//238 232//238 231//238
f 190//222 197//222 230//222
f 197//222 231//222 230//222
f 191//220 190//220 228//220
f 190//221 230//221 228//221
f 193//219 192//219 227//219
f 192//239 229//239 227//239
f 192//240 191//240 229//240
f 191//241 228//241 229//241
f 235//242 186//242 219//242
f 186//243 187//243 219//243
f 180//164 479//164 158//164
f 158//164 479//164 1796//164
f 1517//244 1514//244 1518//244
f 1514//245 1515//245 1518//245
f 1543//246 1507//246 268//246
f 1507//246 270//246 268//246
f 33//247 1488//247 1511//247
f 1488//247 1512//247 1511//247
f 1523//248 1529//248 1539//248
f 1529//249 1502//249 1539//249
f 1537//250 1542//250 272//250
f 1542//250 283//250 272//250
f 1545//251 1544//251 263//251
f 1544//251 267//251 263//251
f 561//252 1504//252 1525//252
f 1504//253 1516//253 1525//253
f 1518//254 1515//254 1510//254
f 1515//255 1520//255 1510//255
f 211//197 1513//197 1500//197
f 1500//256 1513//256 1530//256
f 1533//257 1531//257 237//257
f 1546//258 1545//258 247//258
f 1545//258 263//258 247//258
f 1509//259 292//259 1528//259
f 292//260 245//260 1528//260
f 1539//261 1502//261 1810//261
f 1502//262 1501//262 1810//262
f 1522//164 1527//164 476//164
f 476//164 1527//164 452//164
f 1547//263 1546//263 246//263
f 1546//263 247//263 246//263
f 1544//264 1543//264 267//264
f 1543//264 268//264 267//264
f 1525//265 1516//265 1517//265
f 1516//266 1514//266 1517//266
f 1510//267 1520//267 1505//267
f 1520//268 1519//268 1505//268
f 238//269 212//269 255//269
f 212//270 1483//270 255//270
f 1507//271 1508//271 270//271
f 1508//271 1532//271 270//271
f 1506//272 1536//272 203//272
f 1536//273 194//273 203//273
f 564//274 1503//274 561//274
f 1503//275 1504//275 561//275
f 1534//276 1537//276 1535//276
f 1537//276 272//276 1535//276
f 1505//277 1519//277 1506//277
f 1519//278 1536//278 1506//278
f 1810//279 1501//279 564//279
f 1501//280 1503//280 564//280
f 1538//281 256//281 279//281
f 279//281 256//281 276//281
f 1493//282 1540//282 277//282
f 277//282 1540//282 259//282
f 1540//283 1541//283 259//283
f 259//283 1541//283 260//283
f 1541//284 1538//284 260//284
f 260//284 1538//284 279//284
f 1645//164 275//164 1646//164
f 1646//164 275//164 206//164
f 1797//164 274//164 1645//164
f 1645//164 274//164 275//164
f 1682//164 278//164 1797//164
f 1797//164 278//164 274//164
f 1526//164 278//164 1683//164
f 1683//164 278//164 1682//164
f 1527//164 1526//164 452//164
f 452//164 1526//164 1683//164
f 1542//285 1547//285 283//285
f 1547//285 246//285 283//285
f 237//286 271//286 1533//286
f 1533//286 271//286 282//286
f 256//287 290//287 276//287
f 276//288 290//288 291//288
f 294//289 284//289 293//289
f 284//289 285//289 293//289
f 292//290 1509//290 294//290
f 1509//290 284//290 294//290
f 293//291 285//291 295//291
f 285//292 286//292 295//292
f 295//293 286//293 296//293
f 286//294 287//294 296//294
f 296//295 287//295 297//295
f 287//296 288//296 297//296
f 297//297 288//297 298//297
f 288//297 289//297 298//297
f 298//298 289//298 299//298
f 289//299 280//299 299//299
f 299//300 280//300 300//300
f 280//301 281//301 300//301
f 1799//164 1521//164 476//164
f 476//164 1521//164 1522//164
f 290//302 258//302 257//302
f 257//303 258//303 249//303
f 290//304 257//304 291//304
f 291//305 257//305 269//305
f 240//306 300//306 255//306
f 300//307 238//307 255//307
f 241//308 299//308 240//308
f 299//300 300//300 240//300
f 254//299 298//299 241//299
f 298//299 299//299 241//299
f 252//297 297//297 254//297
f 297//309 298//309 254//309
f 250//295 296//295 252//295
f 296//310 297//310 252//310
f 242//293 295//293 250//293
f 295//293 296//293 250//293
f 243//291 293//291 242//291
f 293//292 295//292 242//292
f 245//290 292//290 244//290
f 292//311 294//311 244//311
f 244//312 294//312 243//312
f 294//313 293//313 243//313
f 300//314 281//314 238//314
f 281//315 239//315 238//315
f 180//164 1521//164 479//164
f 479//164 1521//164 1799//164
f 1563//316 1562//316 1559//316
f 1562//317 1560//317 1559//317
f 1584//246 268//246 1555//246
f 268//246 270//246 1555//246
f 33//247 1511//247 1341//247
f 1511//247 303//247 1341//247
f 2348//318 2351//318 1571//318
f 2351//319 1550//319 1571//319
f 1579//250 272//250 1583//250
f 272//250 283//250 1583//250
f 1586//251 263//251 1585//251
f 263//251 267//251 1585//251
f 1567//320 1566//320 1552//320
f 1566//321 1561//321 1552//321
f 1562//322 1558//322 1560//322
f 1558//323 1565//323 1560//323
f 44//13 1352//13 1574//13
f 1574//324 1352//324 1572//324
f 1576//325 1575//325 1573//325
f 1587//258 247//258 1586//258
f 247//258 263//258 1586//258
f 1557//326 1570//326 341//326
f 1570//327 311//327 341//327
f 2351//328 2352//328 1550//328
f 2352//329 1549//329 1550//329
f 2346//21 1282//21 1569//21
f 1569//21 1282//21 2486//21
f 1588//263 246//263 1587//263
f 246//263 247//263 1587//263
f 1585//264 267//264 1584//264
f 267//264 268//264 1584//264
f 1566//330 1563//330 1561//330
f 1563//331 1559//331 1561//331
f 1558//332 1554//332 1565//332
f 1554//333 1564//333 1565//333
f 304//334 319//334 45//334
f 319//335 1334//335 45//335
f 1555//271 270//271 1556//271
f 270//271 1532//271 1556//271
f 1553//336 1335//336 1578//336
f 1335//336 10//336 1578//336
f 2358//337 1567//337 1551//337
f 1567//338 1552//338 1551//338
f 1577//276 1535//276 1579//276
f 1535//276 272//276 1579//276
f 1554//339 1553//339 1564//339
f 1553//340 1578//340 1564//340
f 2352//341 2358//341 1549//341
f 2358//342 1551//342 1549//342
f 1580//281 279//281 320//281
f 320//281 279//281 276//281
f 1548//282 277//282 1581//282
f 1581//282 277//282 259//282
f 1581//283 259//283 1582//283
f 1582//283 259//283 260//283
f 1582//284 260//284 1580//284
f 1580//284 260//284 279//284
f 2485//21 2419//21 330//21
f 330//21 2419//21 322//21
f 1238//21 2485//21 329//21
f 329//21 2485//21 330//21
f 1214//21 1238//21 331//21
f 331//21 1238//21 329//21
f 1568//21 2394//21 331//21
f 331//21 2394//21 1214//21
f 1569//21 2486//21 1568//21
f 1568//21 2486//21 2394//21
f 1583//285 283//285 1588//285
f 283//285 246//285 1588//285
f 1575//286 1576//286 271//286
f 271//286 1576//286 282//286
f 320//287 276//287 340//287
f 340//343 276//343 291//343
f 343//344 342//344 334//344
f 342//344 335//344 334//344
f 341//345 343//345 1557//345
f 343//345 334//345 1557//345
f 342//346 344//346 335//346
f 344//347 336//347 335//347
f 344//348 345//348 336//348
f 345//349 337//349 336//349
f 345//350 346//350 337//350
f 346//351 338//351 337//351
f 346//352 347//352 338//352
f 347//352 339//352 338//352
f 347//353 348//353 339//353
f 348//354 332//354 339//354
f 348//355 349//355 332//355
f 349//356 333//356 332//356
f 2483//21 1282//21 2345//21
f 2345//21 1282//21 2346//21
f 340//357 321//357 1155//357
f 1155//358 321//358 312//358
f 340//359 291//359 321//359
f 321//305 291//305 269//305
f 306//360 319//360 349//360
f 319//361 304//361 349//361
f 307//362 306//362 348//362
f 306//355 349//355 348//355
f 318//354 307//354 347//354
f 307//354 348//354 347//354
f 316//352 318//352 346//352
f 318//363 347//363 346//363
f 314//350 316//350 345//350
f 316//364 346//364 345//364
f 308//348 314//348 344//348
f 314//348 345//348 344//348
f 309//346 308//346 342//346
f 308//347 344//347 342//347
f 311//345 310//345 341//345
f 310//365 343//365 341//365
f 310//366 309//366 343//366
f 309//367 342//367 343//367
f 349//368 304//368 333//368
f 304//369 305//369 333//369
f 1296//21 2474//21 2345//21
f 2345//21 2474//21 2483//21
f 1447//370 365//370 169//370
f 169//371 365//371 364//371
f 1432//81 1429//81 1596//81
f 1596//81 1429//81 1598//81
f 1593//164 1592//164 530//164
f 1592//164 1822//164 530//164
f 1600//372 1590//372 1602//372
f 1590//372 1589//372 1602//372
f 1597//164 171//164 1606//164
f 171//164 1444//164 1606//164
f 356//164 1601//164 359//164
f 1604//373 1609//373 1605//373
f 1605//373 1609//373 502//373
f 1603//374 357//374 1599//374
f 1599//374 357//374 355//374
f 1613//375 1612//375 351//375
f 1612//375 354//375 351//375
f 1748//376 1612//376 1614//376
f 1612//376 1613//376 1614//376
f 1608//377 1611//377 1607//377
f 1607//378 1611//378 1594//378
f 1610//164 534//164 1592//164
f 534//164 1822//164 1592//164
f 1602//379 1589//379 1415//379
f 1589//379 1413//379 1415//379
f 373//373 1605//373 372//373
f 372//373 1605//373 502//373
f 358//164 1601//164 352//164
f 1601//164 356//164 352//164
f 364//380 365//380 361//380
f 361//381 365//381 363//381
f 1442//382 1611//382 1424//382
f 1424//383 1611//383 1608//383
f 367//164 368//164 352//164
f 368//164 358//164 352//164
f 527//164 170//164 530//164
f 170//164 1593//164 530//164
f 1594//384 1595//384 1607//384
f 1607//385 1595//385 1765//385
f 356//164 359//164 172//164
f 359//164 146//164 172//164
f 145//164 353//164 168//164
f 353//164 360//164 168//164
f 353//164 1591//164 360//164
f 1591//164 362//164 360//164
f 370//386 361//386 371//386
f 371//387 361//387 363//387
f 369//164 504//164 1591//164
f 504//164 362//164 1591//164
f 503//164 369//164 350//164
f 369//164 1591//164 350//164
f 373//388 366//388 1605//388
f 1605//388 366//388 147//388
f 1680//389 419//389 389//389
f 389//390 419//390 388//390
f 1666//391 1625//391 1665//391
f 1665//391 1625//391 1627//391
f 1622//164 552//164 1621//164
f 552//164 550//164 1621//164
f 1629//392 1631//392 1619//392
f 1631//392 1618//392 1619//392
f 1626//164 1635//164 421//164
f 1635//164 1678//164 421//164
f 380//164 383//164 1630//164
f 1633//393 1634//393 1638//393
f 1638//393 1634//393 524//393
f 1632//374 1628//374 381//374
f 381//374 1628//374 379//374
f 1643//394 375//394 1623//394
f 375//394 378//394 1623//394
f 1624//395 1644//395 1623//395
f 1644//395 1643//395 1623//395
f 1637//396 1636//396 1641//396
f 1641//397 1636//397 1640//397
f 1639//164 1621//164 1804//164
f 1621//164 550//164 1804//164
f 1631//398 1649//398 1618//398
f 1649//398 1647//398 1618//398
f 397//393 396//393 1634//393
f 1634//393 396//393 524//393
f 382//164 376//164 1630//164
f 376//164 380//164 1630//164
f 388//399 385//399 389//399
f 389//400 385//400 387//400
f 1676//401 1660//401 1641//401
f 1641//402 1660//402 1637//402
f 390//164 376//164 391//164
f 376//164 382//164 391//164
f 555//164 552//164 420//164
f 552//164 1622//164 420//164
f 1640//403 1636//403 1775//403
f 1775//404 1636//404 1642//404
f 380//164 422//164 383//164
f 422//164 399//164 383//164
f 398//164 418//164 377//164
f 418//164 384//164 377//164
f 377//164 384//164 1620//164
f 384//164 386//164 1620//164
f 525//405 395//405 385//405
f 385//406 395//406 387//406
f 393//164 1620//164 394//164
f 1620//164 386//164 394//164
f 392//164 374//164 393//164
f 374//164 1620//164 393//164
f 397//407 1634//407 273//407
f 273//407 1634//407 400//407
f 1680//408 416//408 419//408
f 419//409 416//409 415//409
f 1666//391 1665//391 1661//391
f 1661//391 1665//391 1663//391
f 1654//164 1653//164 1815//164
f 1653//164 557//164 1815//164
f 1667//410 1651//410 1650//410
f 1651//410 1648//410 1650//410
f 1662//164 421//164 1672//164
f 421//164 1678//164 1672//164
f 407//164 1668//164 410//164
f 1670//411 1674//411 1671//411
f 1671//411 1674//411 423//411
f 1669//80 408//80 1664//80
f 1664//80 408//80 406//80
f 1679//412 1657//412 402//412
f 1657//412 405//412 402//412
f 1658//413 1657//413 1681//413
f 1657//413 1679//413 1681//413
f 1659//414 1675//414 1673//414
f 1673//415 1675//415 1655//415
f 1677//164 559//164 1653//164
f 559//164 557//164 1653//164
f 1650//416 1648//416 1649//416
f 1648//416 1647//416 1649//416
f 431//411 1671//411 430//411
f 430//411 1671//411 423//411
f 409//164 1668//164 403//164
f 1668//164 407//164 403//164
f 415//417 416//417 412//417
f 412//418 416//418 414//418
f 1676//419 1675//419 1660//419
f 1660//420 1675//420 1659//420
f 424//164 425//164 403//164
f 425//164 409//164 403//164
f 555//164 420//164 1815//164
f 420//164 1654//164 1815//164
f 1655//421 1656//421 1673//421
f 1673//422 1656//422 1706//422
f 407//164 410//164 422//164
f 410//164 399//164 422//164
f 398//164 404//164 418//164
f 404//164 411//164 418//164
f 404//164 1652//164 411//164
f 1652//164 413//164 411//164
f 428//423 412//423 429//423
f 429//424 412//424 414//424
f 427//164 451//164 1652//164
f 451//164 413//164 1652//164
f 426//164 427//164 401//164
f 427//164 1652//164 401//164
f 431//425 273//425 1671//425
f 1671//425 273//425 400//425
f 1738//426 474//426 448//426
f 448//427 474//427 447//427
f 1694//80 1689//80 1693//80
f 1693//80 1689//80 1691//80
f 1688//164 563//164 1687//164
f 563//164 1817//164 1687//164
f 1695//428 1697//428 1685//428
f 1697//428 1684//428 1685//428
f 1690//164 1701//164 449//164
f 1701//164 1736//164 449//164
f 438//164 441//164 1696//164
f 1699//429 1700//429 1674//429
f 1674//429 1700//429 423//429
f 1698//391 1692//391 439//391
f 439//391 1692//391 437//391
f 1708//430 433//430 1707//430
f 433//430 1686//430 1707//430
f 1658//431 1681//431 1707//431
f 1681//431 1708//431 1707//431
f 1703//432 1702//432 1705//432
f 1705//433 1702//433 1704//433
f 1677//164 1687//164 559//164
f 1687//164 1817//164 559//164
f 1697//434 1711//434 1684//434
f 1711//434 1709//434 1684//434
f 1798//429 430//429 1700//429
f 1700//429 430//429 423//429
f 440//164 434//164 1696//164
f 434//164 438//164 1696//164
f 447//435 443//435 448//435
f 448//436 443//436 445//436
f 1733//437 1720//437 1705//437
f 1705//438 1720//438 1703//438
f 424//164 434//164 425//164
f 434//164 440//164 425//164
f 1818//164 563//164 475//164
f 563//164 1688//164 475//164
f 1704//439 1702//439 1656//439
f 1656//440 1702//440 1706//440
f 438//164 450//164 441//164
f 450//164 454//164 441//164
f 453//164 473//164 435//164
f 473//164 442//164 435//164
f 435//164 442//164 436//164
f 442//164 444//164 436//164
f 428//441 429//441 443//441
f 443//442 429//442 445//442
f 427//164 436//164 451//164
f 436//164 444//164 451//164
f 426//164 432//164 427//164
f 432//164 436//164 427//164
f 1798//443 1700//443 1800//443
f 1800//443 1700//443 455//443
f 1738//444 471//444 474//444
f 474//445 471//445 470//445
f 1694//80 1693//80 1721//80
f 1721//80 1693//80 1723//80
f 1716//164 1715//164 1806//164
f 1715//164 1805//164 1806//164
f 1725//446 1713//446 1712//446
f 1713//446 1710//446 1712//446
f 1722//164 449//164 1730//164
f 449//164 1736//164 1730//164
f 462//164 1726//164 465//164
f 1728//447 1440//447 1729//447
f 1729//447 1440//447 173//447
f 1727//81 463//81 1724//81
f 1724//81 463//81 461//81
f 1737//448 1717//448 457//448
f 1717//448 1714//448 457//448
f 1718//449 1717//449 1450//449
f 1717//449 1737//449 1450//449
f 1719//450 1732//450 1731//450
f 1731//451 1732//451 1734//451
f 1443//164 179//164 1715//164
f 179//164 1805//164 1715//164
f 1712//452 1710//452 1711//452
f 1710//452 1709//452 1711//452
f 301//447 1729//447 1795//447
f 1795//447 1729//447 173//447
f 464//164 1726//164 458//164
f 1726//164 462//164 458//164
f 470//453 471//453 467//453
f 467//454 471//454 469//454
f 1733//455 1732//455 1720//455
f 1720//456 1732//456 1719//456
f 174//164 175//164 458//164
f 175//164 464//164 458//164
f 1818//164 475//164 1806//164
f 475//164 1716//164 1806//164
f 1734//457 1422//457 1731//457
f 1731//458 1422//458 1735//458
f 462//164 465//164 450//164
f 465//164 454//164 450//164
f 453//164 459//164 473//164
f 459//164 466//164 473//164
f 459//164 460//164 466//164
f 460//164 468//164 466//164
f 177//459 467//459 178//459
f 178//460 467//460 469//460
f 176//164 478//164 460//164
f 478//164 468//164 460//164
f 477//164 176//164 456//164
f 176//164 460//164 456//164
f 301//461 1800//461 1729//461
f 1729//461 1800//461 455//461
f 1768//462 500//462 498//462
f 498//463 500//463 497//463
f 1781//374 1751//374 1780//374
f 1780//374 1751//374 1753//374
f 1746//164 1823//164 1745//164
f 1823//164 536//164 1745//164
f 1755//464 1742//464 1743//464
f 1742//464 1740//464 1743//464
f 1752//164 1760//164 522//164
f 1760//164 1766//164 522//164
f 489//164 492//164 1756//164
f 1758//465 1759//465 1609//465
f 1609//465 1759//465 502//465
f 1757//81 1754//81 490//81
f 490//81 1754//81 488//81
f 1767//466 484//466 1747//466
f 484//466 1744//466 1747//466
f 1748//467 1614//467 1747//467
f 1614//467 1767//467 1747//467
f 1749//468 1761//468 1762//468
f 1762//469 1761//469 1764//469
f 1610//164 1745//164 534//164
f 1745//164 536//164 534//164
f 1742//470 1741//470 1740//470
f 1741//470 1739//470 1740//470
f 1794//465 372//465 1759//465
f 1759//465 372//465 502//465
f 491//164 485//164 1756//164
f 485//164 489//164 1756//164
f 497//471 494//471 498//471
f 498//472 494//472 496//472
f 1763//473 1750//473 1762//473
f 1762//474 1750//474 1749//474
f 367//164 485//164 368//164
f 485//164 491//164 368//164
f 1801//164 1823//164 501//164
f 1823//164 1746//164 501//164
f 1764//475 1761//475 1595//475
f 1595//476 1761//476 1765//476
f 489//164 523//164 492//164
f 523//164 481//164 492//164
f 480//164 499//164 486//164
f 499//164 493//164 486//164
f 486//164 493//164 487//164
f 493//164 495//164 487//164
f 370//477 371//477 494//477
f 494//478 371//478 496//478
f 369//164 487//164 504//164
f 487//164 495//164 504//164
f 503//164 483//164 369//164
f 483//164 487//164 369//164
f 1794//479 1759//479 213//479
f 213//479 1759//479 482//479
f 1768//480 521//480 500//480
f 500//481 521//481 520//481
f 1781//374 1780//374 1776//374
f 1776//374 1780//374 1778//374
f 1773//164 1772//164 1802//164
f 1772//164 1803//164 1802//164
f 1782//482 1770//482 1784//482
f 1770//482 1769//482 1784//482
f 1777//164 522//164 1788//164
f 522//164 1766//164 1788//164
f 512//164 1783//164 515//164
f 1786//483 1638//483 1787//483
f 1787//483 1638//483 524//483
f 1785//391 513//391 1779//391
f 1779//391 513//391 511//391
f 1793//484 1792//484 507//484
f 1792//484 1771//484 507//484
f 1624//485 1792//485 1644//485
f 1792//485 1793//485 1644//485
f 1790//486 1791//486 1789//486
f 1789//487 1791//487 1774//487
f 1639//164 1804//164 1772//164
f 1804//164 1803//164 1772//164
f 1784//488 1769//488 1741//488
f 1769//488 1739//488 1741//488
f 214//483 1787//483 396//483
f 396//483 1787//483 524//483
f 514//164 1783//164 508//164
f 1783//164 512//164 508//164
f 520//489 521//489 517//489
f 517//490 521//490 519//490
f 1763//491 1791//491 1750//491
f 1750//492 1791//492 1790//492
f 390//164 391//164 508//164
f 391//164 514//164 508//164
f 1801//164 501//164 1802//164
f 501//164 1773//164 1802//164
f 1774//493 1775//493 1789//493
f 1789//494 1775//494 1642//494
f 512//164 515//164 523//164
f 515//164 481//164 523//164
f 480//164 509//164 499//164
f 509//164 516//164 499//164
f 509//164 510//164 516//164
f 510//164 518//164 516//164
f 525//495 517//495 395//495
f 395//496 517//496 519//496
f 393//164 394//164 510//164
f 394//164 518//164 510//164
f 392//164 393//164 506//164
f 393//164 510//164 506//164
f 214//497 213//497 1787//497
f 1787//497 213//497 482//497
f 528//498 531//498 1808//498
f 531//499 1809//499 1808//499
f 1807//500 1819//500 528//500
f 1819//500 531//500 528//500
f 531//501 532//501 1809//501
f 532//502 196//502 1809//502
f 1819//503 533//503 531//503
f 533//504 532//504 531//504
f 532//505 535//505 196//505
f 535//506 207//506 196//506
f 533//507 1820//507 532//507
f 1820//508 535//508 532//508
f 535//509 537//509 207//509
f 537//510 198//510 207//510
f 1820//511 1821//511 535//511
f 1821//511 537//511 535//511
f 537//512 538//512 198//512
f 538//513 200//513 198//513
f 1821//514 539//514 537//514
f 539//515 538//515 537//515
f 538//516 542//516 200//516
f 542//517 210//517 200//517
f 539//518 540//518 538//518
f 540//519 542//519 538//519
f 542//520 543//520 210//520
f 543//521 209//521 210//521
f 540//522 541//522 542//522
f 541//523 543//523 542//523
f 543//524 547//524 209//524
f 547//525 544//525 209//525
f 541//526 545//526 543//526
f 545//527 547//527 543//527
f 547//528 548//528 544//528
f 548//529 549//529 544//529
f 545//530 546//530 547//530
f 546//530 548//530 547//530
f 548//531 551//531 549//531
f 551//532 264//532 549//532
f 546//533 1812//533 548//533
f 1812//533 551//533 548//533
f 551//534 553//534 264//534
f 553//535 265//535 264//535
f 1812//536 1813//536 551//536
f 1813//536 553//536 551//536
f 553//537 554//537 265//537
f 554//538 266//538 265//538
f 1813//539 1824//539 553//539
f 1824//540 554//540 553//540
f 554//541 556//541 266//541
f 556//542 253//542 266//542
f 1824//543 417//543 554//543
f 417//544 556//544 554//544
f 556//545 558//545 253//545
f 558//546 251//546 253//546
f 417//547 1814//547 556//547
f 1814//263 558//263 556//263
f 558//548 560//548 251//548
f 560//549 261//549 251//549
f 1814//550 1816//550 558//550
f 1816//550 560//550 558//550
f 560//551 562//551 261//551
f 562//552 1811//552 261//552
f 1816//553 446//553 560//553
f 446//554 562//554 560//554
f 562//264 565//264 1811//264
f 565//264 1826//264 1811//264
f 446//555 1825//555 562//555
f 1825//264 565//264 562//264
f 565//556 566//556 1826//556
f 566//557 567//557 1826//557
f 1825//558 568//558 565//558
f 568//559 566//559 565//559
f 566//560 569//560 567//560
f 569//561 262//561 567//561
f 568//562 472//562 566//562
f 472//563 569//563 566//563
f 572//564 570//564 183//564
f 570//564 1451//564 183//564
f 572//565 569//565 570//565
f 569//566 472//566 570//566
f 248//567 1524//567 572//567
f 248//568 572//568 571//568
f 572//569 183//569 571//569
f 1524//570 262//570 572//570
f 262//571 569//571 572//571
f 1836//572 606//572 1835//572
f 1835//572 606//572 602//572
f 1843//573 1840//573 601//573
f 601//574 1840//574 1861//574
f 1859//21 112//21 624//21
f 112//21 620//21 624//21
f 112//21 1859//21 596//21
f 1859//21 1860//21 596//21
f 1837//575 1861//575 1840//575
f 1862//576 623//576 1863//576
f 1863//577 623//577 604//577
f 1836//578 1353//578 606//578
f 606//578 1353//578 603//578
f 1363//579 1842//579 1366//579
f 1366//580 1842//580 1844//580
f 1835//581 602//581 1857//581
f 1857//581 602//581 605//581
f 1848//582 1905//582 608//582
f 1905//583 609//583 608//583
f 1854//584 1870//584 1847//584
f 1849//585 1848//585 607//585
f 1848//585 608//585 607//585
f 1831//586 1829//586 1871//586
f 1829//587 614//587 1871//587
f 1409//21 1838//21 76//21
f 1860//21 1845//21 596//21
f 1845//21 89//21 596//21
f 1851//21 1893//21 1852//21
f 1893//21 595//21 1852//21
f 1861//588 1863//588 601//588
f 601//589 1863//589 604//589
f 602//581 1833//581 605//581
f 605//581 1833//581 1834//581
f 607//585 608//585 578//585
f 608//585 594//585 578//585
f 623//590 1864//590 604//590
f 604//591 1864//591 599//591
f 604//589 599//589 601//589
f 601//589 599//589 600//589
f 601//592 600//592 1843//592
f 1843//593 600//593 582//593
f 606//572 1828//572 602//572
f 602//572 1828//572 1833//572
f 603//578 1827//578 606//578
f 606//578 1827//578 1828//578
f 608//583 609//583 594//583
f 609//582 648//582 594//582
f 607//594 619//594 1849//594
f 619//594 1850//594 1849//594
f 1855//21 2489//21 1838//21
f 2489//21 76//21 1838//21
f 1916//595 576//595 612//595
f 612//596 576//596 611//596
f 1868//597 1869//597 610//597
f 610//598 1869//598 1832//598
f 574//599 1867//599 1866//599
f 1866//600 1867//600 1858//600
f 2349//21 2489//21 627//21
f 2489//21 1865//21 627//21
f 1846//601 1858//601 1830//601
f 1830//602 1858//602 1867//602
f 1865//21 2489//21 1855//21
f 1839//603 1841//603 131//603
f 131//604 1841//604 130//604
f 1832//605 575//605 610//605
f 584//606 88//606 585//606
f 585//607 88//607 1404//607
f 577//608 581//608 611//608
f 611//609 581//609 612//609
f 1852//21 595//21 1853//21
f 595//21 617//21 1853//21
f 598//610 613//610 583//610
f 613//611 1856//611 583//611
f 1870//612 614//612 1847//612
f 614//613 1829//613 1847//613
f 1871//614 614//614 618//614
f 614//614 619//614 618//614
f 90//615 1279//615 586//615
f 1279//616 1284//616 586//616
f 615//21 667//21 579//21
f 667//21 573//21 579//21
f 597//617 616//617 598//617
f 616//618 613//618 598//618
f 1853//21 617//21 615//21
f 617//21 667//21 615//21
f 1850//614 619//614 1870//614
f 619//614 614//614 1870//614
f 618//594 619//594 578//594
f 619//594 607//594 578//594
f 646//619 593//619 674//619
f 593//620 621//620 674//620
f 586//621 1284//621 587//621
f 1284//622 621//622 587//622
f 622//623 580//623 597//623
f 580//624 616//624 597//624
f 674//625 621//625 2476//625
f 621//626 1284//626 2476//626
f 624//21 620//21 590//21
f 620//21 589//21 590//21
f 605//627 1834//627 623//627
f 623//628 1834//628 1864//628
f 1857//629 605//629 1862//629
f 1862//627 605//627 623//627
f 592//21 624//21 591//21
f 624//21 590//21 591//21
f 621//630 593//630 587//630
f 593//631 588//631 587//631
f 580//632 622//632 593//632
f 622//633 588//633 593//633
f 1873//634 1880//634 658//634
f 658//634 1880//634 655//634
f 1884//635 654//635 1891//635
f 1891//636 654//636 1910//636
f 1908//21 677//21 649//21
f 677//21 722//21 649//21
f 649//21 700//21 1908//21
f 700//21 1909//21 1908//21
f 1888//637 1891//637 1910//637
f 1911//638 1912//638 676//638
f 676//639 1912//639 656//639
f 1873//640 658//640 1872//640
f 1872//640 658//640 707//640
f 1882//641 1885//641 1883//641
f 1883//642 1885//642 1886//642
f 1880//643 1906//643 655//643
f 655//643 1906//643 657//643
f 1897//644 660//644 1905//644
f 660//644 609//644 1905//644
f 1902//645 1896//645 1919//645
f 1898//646 659//646 1897//646
f 659//646 660//646 1897//646
f 1876//647 1920//647 1874//647
f 1920//648 668//648 1874//648
f 665//21 1162//21 1889//21
f 1909//21 700//21 1887//21
f 700//21 633//21 1887//21
f 1894//21 1900//21 1893//21
f 1900//21 595//21 1893//21
f 1910//649 654//649 1912//649
f 1912//650 654//650 656//650
f 655//643 657//643 1878//643
f 1878//643 657//643 1879//643
f 659//646 628//646 660//646
f 628//646 647//646 660//646
f 676//651 656//651 1913//651
f 1913//652 656//652 652//652
f 656//650 654//650 652//650
f 652//650 654//650 653//650
f 654//653 1884//653 653//653
f 653//654 1884//654 635//654
f 658//634 655//634 1881//634
f 1881//634 655//634 1878//634
f 707//640 658//640 1921//640
f 1921//640 658//640 1881//640
f 660//644 647//644 609//644
f 647//644 648//644 609//644
f 659//655 1898//655 672//655
f 1898//655 1899//655 672//655
f 1903//21 1889//21 1159//21
f 1889//21 1162//21 1159//21
f 1916//656 663//656 576//656
f 576//657 663//657 662//657
f 1868//658 661//658 1869//658
f 1869//659 661//659 1877//659
f 574//660 1866//660 1917//660
f 1917//661 1866//661 1907//661
f 2349//21 627//21 1159//21
f 627//21 1914//21 1159//21
f 1895//662 1875//662 1907//662
f 1907//663 1875//663 1917//663
f 1914//21 1903//21 1159//21
f 1890//664 1918//664 1892//664
f 1892//665 1918//665 664//665
f 1877//666 661//666 625//666
f 637//667 638//667 632//667
f 632//668 638//668 1915//668
f 626//669 662//669 631//669
f 631//670 662//670 663//670
f 1900//21 1901//21 595//21
f 1901//21 617//21 595//21
f 651//671 636//671 666//671
f 636//672 1904//672 666//672
f 1919//673 1896//673 668//673
f 1896//674 1874//674 668//674
f 1920//675 671//675 668//675
f 671//675 672//675 668//675
f 634//676 639//676 1286//676
f 639//677 1285//677 1286//677
f 669//21 629//21 667//21
f 629//21 573//21 667//21
f 650//678 651//678 670//678
f 651//679 666//679 670//679
f 1901//21 669//21 617//21
f 669//21 667//21 617//21
f 1899//675 1919//675 672//675
f 1919//675 668//675 672//675
f 671//655 628//655 672//655
f 628//655 659//655 672//655
f 646//680 674//680 645//680
f 674//681 673//681 645//681
f 639//682 640//682 1285//682
f 640//683 673//683 1285//683
f 675//684 650//684 630//684
f 650//685 670//685 630//685
f 674//686 2476//686 673//686
f 2476//686 1285//686 673//686
f 677//21 642//21 722//21
f 642//21 693//21 722//21
f 657//687 676//687 1879//687
f 1879//651 676//651 1913//651
f 1906//688 1911//688 657//688
f 657//689 1911//689 676//689
f 644//21 643//21 677//21
f 643//21 642//21 677//21
f 673//690 640//690 645//690
f 640//691 641//691 645//691
f 630//692 645//692 675//692
f 645//693 641//693 675//693
f 1930//694 710//694 1929//694
f 1929//694 710//694 706//694
f 1937//695 1934//695 705//695
f 705//696 1934//696 1957//696
f 1955//21 649//21 727//21
f 649//21 722//21 727//21
f 649//21 1955//21 700//21
f 1955//21 1956//21 700//21
f 1931//697 1957//697 1934//697
f 1958//698 726//698 1959//698
f 1959//699 726//699 708//699
f 1930//700 1872//700 710//700
f 710//700 1872//700 707//700
f 1882//701 1936//701 1885//701
f 1885//702 1936//702 1938//702
f 1929//703 706//703 1951//703
f 1951//703 706//703 709//703
f 1942//704 1999//704 712//704
f 1999//704 768//704 712//704
f 1948//705 1964//705 1941//705
f 1943//706 1942//706 711//706
f 1942//706 712//706 711//706
f 1925//707 1923//707 1965//707
f 1923//708 717//708 1965//708
f 665//21 1932//21 1162//21
f 1956//21 1939//21 700//21
f 1939//21 633//21 700//21
f 1945//21 1987//21 1946//21
f 1987//21 754//21 1946//21
f 1957//709 1959//709 705//709
f 705//710 1959//710 708//710
f 706//703 1927//703 709//703
f 709//703 1927//703 1928//703
f 711//706 712//706 682//706
f 712//706 699//706 682//706
f 726//711 1960//711 708//711
f 708//712 1960//712 703//712
f 708//710 703//710 705//710
f 705//710 703//710 704//710
f 705//713 704//713 1937//713
f 1937//714 704//714 686//714
f 710//694 1922//694 706//694
f 706//694 1922//694 1927//694
f 707//700 1921//700 710//700
f 710//700 1921//700 1922//700
f 712//704 768//704 699//704
f 768//704 753//704 699//704
f 711//715 721//715 1943//715
f 721//715 1944//715 1943//715
f 1949//21 1952//21 1932//21
f 1952//21 1162//21 1932//21
f 2011//716 2010//716 715//716
f 715//717 2010//717 714//717
f 1963//718 2014//718 713//718
f 713//719 2014//719 1926//719
f 679//720 1962//720 730//720
f 730//721 1962//721 1954//721
f 1953//21 1952//21 732//21
f 1952//21 1961//21 732//21
f 1940//722 1954//722 1924//722
f 1924//723 1954//723 1962//723
f 1961//21 1952//21 1949//21
f 1933//724 1935//724 1918//724
f 1918//725 1935//725 664//725
f 1926//726 680//726 713//726
f 688//727 632//727 689//727
f 689//728 632//728 1915//728
f 681//729 685//729 714//729
f 714//730 685//730 715//730
f 1946//21 754//21 1947//21
f 754//21 779//21 1947//21
f 702//731 716//731 687//731
f 716//732 1950//732 687//732
f 1964//733 717//733 1941//733
f 717//734 1923//734 1941//734
f 1965//735 717//735 720//735
f 717//735 721//735 720//735
f 634//736 1286//736 690//736
f 1286//737 2380//737 690//737
f 718//21 775//21 683//21
f 775//21 728//21 683//21
f 701//738 719//738 702//738
f 719//739 716//739 702//739
f 1947//21 779//21 718//21
f 779//21 775//21 718//21
f 1944//735 721//735 1964//735
f 721//735 717//735 1964//735
f 720//715 721//715 682//715
f 721//715 711//715 682//715
f 751//740 698//740 724//740
f 698//741 723//741 724//741
f 690//742 2380//742 691//742
f 2380//743 723//743 691//743
f 725//744 684//744 701//744
f 684//745 719//745 701//745
f 724//746 723//746 1210//746
f 723//746 2380//746 1210//746
f 727//21 722//21 694//21
f 722//21 693//21 694//21
f 709//747 1928//747 726//747
f 726//711 1928//711 1960//711
f 1951//748 709//748 1958//748
f 1958//749 709//749 726//749
f 696//21 727//21 695//21
f 727//21 694//21 695//21
f 723//750 698//750 691//750
f 698//751 692//751 691//751
f 684//752 725//752 698//752
f 725//753 692//753 698//753
f 1967//754 1974//754 765//754
f 765//754 1974//754 762//754
f 1978//755 761//755 1985//755
f 1985//756 761//756 2004//756
f 2002//21 785//21 756//21
f 785//21 832//21 756//21
f 756//21 810//21 2002//21
f 810//21 2003//21 2002//21
f 1982//757 1985//757 2004//757
f 2005//758 2006//758 784//758
f 784//759 2006//759 763//759
f 1967//760 765//760 1966//760
f 1966//760 765//760 817//760
f 1976//761 1979//761 1977//761
f 1977//762 1979//762 1980//762
f 1974//763 2000//763 762//763
f 762//763 2000//763 764//763
f 1991//764 767//764 1999//764
f 767//764 768//764 1999//764
f 1996//765 1990//765 2015//765
f 1992//766 766//766 1991//766
f 766//766 767//766 1991//766
f 1970//767 2016//767 1968//767
f 2016//768 776//768 1968//768
f 773//21 2361//21 1983//21
f 2003//21 810//21 1981//21
f 810//21 738//21 1981//21
f 1988//21 1994//21 1987//21
f 1994//21 754//21 1987//21
f 2004//769 761//769 2006//769
f 2006//770 761//770 763//770
f 762//763 764//763 1972//763
f 1972//763 764//763 1973//763
f 766//766 733//766 767//766
f 733//766 752//766 767//766
f 784//771 763//771 2007//771
f 2007//772 763//772 759//772
f 763//770 761//770 759//770
f 759//770 761//770 760//770
f 761//773 1978//773 760//773
f 760//774 1978//774 740//774
f 765//754 762//754 1975//754
f 1975//754 762//754 1972//754
f 817//760 765//760 2017//760
f 2017//760 765//760 1975//760
f 767//764 752//764 768//764
f 752//764 753//764 768//764
f 766//775 1992//775 781//775
f 1992//775 1993//775 781//775
f 1997//21 1983//21 1167//21
f 1983//21 2361//21 1167//21
f 2011//776 771//776 2010//776
f 2010//777 771//777 770//777
f 1963//778 769//778 2014//778
f 2014//779 769//779 1971//779
f 679//780 730//780 2012//780
f 2012//781 730//781 2001//781
f 1953//21 732//21 1167//21
f 732//21 2008//21 1167//21
f 1989//782 1969//782 2001//782
f 2001//783 1969//783 2012//783
f 2008//21 1997//21 1167//21
f 1984//784 2013//784 1986//784
f 1986//785 2013//785 772//785
f 1971//786 769//786 729//786
f 742//787 743//787 737//787
f 737//788 743//788 2009//788
f 731//789 770//789 736//789
f 736//790 770//790 771//790
f 1994//21 1995//21 754//21
f 1995//21 779//21 754//21
f 758//791 741//791 774//791
f 741//792 1998//792 774//792
f 2015//793 1990//793 776//793
f 1990//794 1968//794 776//794
f 2016//795 780//795 776//795
f 780//795 781//795 776//795
f 739//796 744//796 2488//796
f 744//797 1215//797 2488//797
f 777//21 734//21 775//21
f 734//21 728//21 775//21
f 757//798 758//798 778//798
f 758//799 774//799 778//799
f 1995//21 777//21 779//21
f 777//21 775//21 779//21
f 1993//795 2015//795 781//795
f 2015//795 776//795 781//795
f 780//775 733//775 781//775
f 733//775 766//775 781//775
f 751//800 724//800 750//800
f 724//801 782//801 750//801
f 744//802 745//802 1215//802
f 745//803 782//803 1215//803
f 783//804 757//804 735//804
f 757//805 778//805 735//805
f 724//806 1210//806 782//806
f 1210//807 1215//807 782//807
f 785//21 747//21 832//21
f 747//21 802//21 832//21
f 764//808 784//808 1973//808
f 1973//809 784//809 2007//809
f 2000//810 2005//810 764//810
f 764//808 2005//808 784//808
f 749//21 748//21 785//21
f 748//21 747//21 785//21
f 782//811 745//811 750//811
f 745//812 746//812 750//812
f 735//813 750//813 783//813
f 750//814 746//814 783//814
f 2026//815 820//815 2025//815
f 2025//815 820//815 816//815
f 2033//816 2030//816 815//816
f 815//817 2030//817 2052//817
f 2050//21 756//21 837//21
f 756//21 832//21 837//21
f 756//21 2050//21 810//21
f 2050//21 2051//21 810//21
f 2027//818 2052//818 2030//818
f 2053//819 836//819 2054//819
f 2054//820 836//820 818//820
f 2026//821 1966//821 820//821
f 820//821 1966//821 817//821
f 1976//822 2032//822 1979//822
f 1979//823 2032//823 2034//823
f 2025//824 816//824 2048//824
f 2048//824 816//824 819//824
f 2038//825 2047//825 822//825
f 2047//826 875//826 822//826
f 2044//827 2061//827 2037//827
f 2039//828 2038//828 821//828
f 2038//828 822//828 821//828
f 2021//829 2019//829 2062//829
f 2019//830 827//830 2062//830
f 773//21 2028//21 2361//21
f 2051//21 2035//21 810//21
f 2035//21 738//21 810//21
f 2041//21 2084//21 2042//21
f 2084//21 862//21 2042//21
f 2052//831 2054//831 815//831
f 815//832 2054//832 818//832
f 816//824 2023//824 819//824
f 819//824 2023//824 2024//824
f 821//828 822//828 791//828
f 822//828 809//828 791//828
f 836//833 2055//833 818//833
f 818//834 2055//834 813//834
f 818//832 813//832 815//832
f 815//832 813//832 814//832
f 815//835 814//835 2033//835
f 2033//836 814//836 795//836
f 820//815 2018//815 816//815
f 816//815 2018//815 2023//815
f 817//821 2017//821 820//821
f 820//821 2017//821 2018//821
f 822//825 875//825 809//825
f 875//825 861//825 809//825
f 821//837 831//837 2039//837
f 831//837 2040//837 2039//837
f 2045//21 2341//21 2028//21
f 2341//21 2361//21 2028//21
f 2058//838 2057//838 825//838
f 825//839 2057//839 824//839
f 786//840 2108//840 823//840
f 823//841 2108//841 2022//841
f 2060//842 2059//842 788//842
f 788//843 2059//843 2049//843
f 2342//21 2341//21 790//21
f 2341//21 2056//21 790//21
f 2036//844 2049//844 2020//844
f 2020//845 2049//845 2059//845
f 2056//21 2341//21 2045//21
f 2029//846 2031//846 2013//846
f 2013//847 2031//847 772//847
f 2022//848 787//848 823//848
f 797//849 737//849 798//849
f 798//850 737//850 2009//850
f 789//851 794//851 824//851
f 824//852 794//852 825//852
f 2042//21 862//21 2043//21
f 862//21 886//21 2043//21
f 812//853 826//853 796//853
f 826//854 2046//854 796//854
f 2061//855 827//855 2037//855
f 827//856 2019//856 2037//856
f 2062//857 827//857 830//857
f 827//857 831//857 830//857
f 739//858 2488//858 799//858
f 2488//859 2397//859 799//859
f 828//21 882//21 792//21
f 882//21 839//21 792//21
f 811//860 829//860 812//860
f 829//861 826//861 812//861
f 2043//21 886//21 828//21
f 886//21 882//21 828//21
f 2040//857 831//857 2061//857
f 831//857 827//857 2061//857
f 830//837 831//837 791//837
f 831//837 821//837 791//837
f 808//862 807//862 834//862
f 807//863 833//863 834//863
f 799//864 2397//864 800//864
f 2397//865 833//865 800//865
f 835//866 793//866 811//866
f 793//867 829//867 811//867
f 834//868 833//868 2396//868
f 833//868 2397//868 2396//868
f 837//21 832//21 803//21
f 832//21 802//21 803//21
f 819//820 2024//820 836//820
f 836//869 2024//869 2055//869
f 2048//870 819//870 2053//870
f 2053//871 819//871 836//871
f 805//21 837//21 804//21
f 837//21 803//21 804//21
f 833//872 807//872 800//872
f 807//873 801//873 800//873
f 793//874 835//874 807//874
f 835//875 801//875 807//875
f 2064//876 2071//876 872//876
f 872//876 2071//876 869//876
f 2075//877 868//877 2082//877
f 2082//878 868//878 2100//878
f 2098//21 892//21 863//21
f 892//21 943//21 863//21
f 863//21 919//21 2098//21
f 919//21 2099//21 2098//21
f 2079//879 2082//879 2100//879
f 2101//880 2102//880 891//880
f 891//881 2102//881 870//881
f 2064//882 872//882 2063//882
f 2063//882 872//882 926//882
f 2073//883 2076//883 2074//883
f 2074//884 2076//884 2077//884
f 2071//885 2096//885 869//885
f 869//885 2096//885 871//885
f 2088//886 874//886 2047//886
f 874//886 875//886 2047//886
f 2093//887 2087//887 2109//887
f 2089//888 873//888 2088//888
f 873//888 874//888 2088//888
f 2067//889 2110//889 2065//889
f 2110//890 883//890 2065//890
f 880//21 2353//21 2080//21
f 2099//21 919//21 2078//21
f 919//21 847//21 2078//21
f 2085//21 2091//21 2084//21
f 2091//21 862//21 2084//21
f 2100//891 868//891 2102//891
f 2102//892 868//892 870//892
f 869//885 871//885 2069//885
f 2069//885 871//885 2070//885
f 873//888 842//888 874//888
f 842//888 860//888 874//888
f 891//893 870//893 2103//893
f 2103//894 870//894 866//894
f 870//892 868//892 866//892
f 866//892 868//892 867//892
f 868//895 2075//895 867//895
f 867//896 2075//896 849//896
f 872//876 869//876 2072//876
f 2072//876 869//876 2069//876
f 926//882 872//882 2111//882
f 2111//882 872//882 2072//882
f 874//886 860//886 875//886
f 860//886 861//886 875//886
f 873//897 2089//897 888//897
f 2089//897 2090//897 888//897
f 2094//21 2080//21 2354//21
f 2080//21 2353//21 2354//21
f 2058//898 878//898 2057//898
f 2057//899 878//899 877//899
f 786//900 876//900 2108//900
f 2108//901 876//901 2068//901
f 2060//902 788//902 2106//902
f 2106//903 788//903 2097//903
f 2342//21 790//21 2354//21
f 790//21 2104//21 2354//21
f 2086//904 2066//904 2097//904
f 2097//905 2066//905 2106//905
f 2104//21 2094//21 2354//21
f 2081//906 2107//906 2083//906
f 2083//907 2107//907 879//907
f 2068//908 876//908 840//908
f 851//909 852//909 846//909
f 846//910 852//910 2105//910
f 841//911 877//911 845//911
f 845//912 877//912 878//912
f 2091//21 2092//21 862//21
f 2092//21 886//21 862//21
f 865//913 850//913 881//913
f 850//914 2095//914 881//914
f 2109//915 2087//915 883//915
f 2087//916 2065//916 883//916
f 2110//917 887//917 883//917
f 887//917 888//917 883//917
f 848//918 853//918 1232//918
f 853//919 2406//919 1232//919
f 884//21 843//21 882//21
f 843//21 839//21 882//21
f 864//920 865//920 885//920
f 865//921 881//921 885//921
f 2092//21 884//21 886//21
f 884//21 882//21 886//21
f 2090//917 2109//917 888//917
f 2109//917 883//917 888//917
f 887//897 842//897 888//897
f 842//897 873//897 888//897
f 808//922 834//922 859//922
f 834//923 889//923 859//923
f 853//924 854//924 2406//924
f 854//925 889//925 2406//925
f 890//926 864//926 844//926
f 864//927 885//927 844//927
f 834//928 2396//928 889//928
f 2396//928 2406//928 889//928
f 892//21 856//21 943//21
f 856//21 910//21 943//21
f 871//881 891//881 2070//881
f 2070//929 891//929 2103//929
f 2096//930 2101//930 871//930
f 871//931 2101//931 891//931
f 858//21 857//21 892//21
f 857//21 856//21 892//21
f 889//932 854//932 859//932
f 854//933 855//933 859//933
f 844//934 859//934 890//934
f 859//935 855//935 890//935
f 2120//936 929//936 2119//936
f 2119//936 929//936 925//936
f 2127//937 2124//937 924//937
f 924//938 2124//938 2146//938
f 2144//21 863//21 947//21
f 863//21 943//21 947//21
f 863//21 2144//21 919//21
f 2144//21 2145//21 919//21
f 2121//939 2146//939 2124//939
f 2147//940 946//940 2148//940
f 2148//941 946//941 927//941
f 2120//942 2063//942 929//942
f 929//942 2063//942 926//942
f 2073//943 2126//943 2076//943
f 2076//944 2126//944 2128//944
f 2119//945 925//945 2142//945
f 2142//945 925//945 928//945
f 2134//946 2190//946 931//946
f 2190//947 932//947 931//947
f 2139//948 2156//948 2133//948
f 2135//949 2134//949 930//949
f 2134//949 931//949 930//949
f 2115//950 2113//950 2157//950
f 2113//951 938//951 2157//951
f 880//21 2122//21 2353//21
f 2145//21 2129//21 919//21
f 2129//21 847//21 919//21
f 2131//21 2130//21 2137//21
f 2130//21 918//21 2137//21
f 2146//952 2148//952 924//952
f 924//953 2148//953 927//953
f 925//945 2117//945 928//945
f 928//945 2117//945 2118//945
f 930//949 931//949 899//949
f 931//949 916//949 899//949
f 946//954 2149//954 927//954
f 927//955 2149//955 922//955
f 927//953 922//953 924//953
f 924//953 922//953 923//953
f 924//956 923//956 2127//956
f 2127//957 923//957 903//957
f 929//936 2112//936 925//936
f 925//936 2112//936 2117//936
f 926//942 2111//942 929//942
f 929//942 2111//942 2112//942
f 931//947 932//947 916//947
f 932//946 917//946 916//946
f 930//958 942//958 2135//958
f 942//958 2136//958 2135//958
f 2140//21 2343//21 2122//21
f 2343//21 2353//21 2122//21
f 2152//959 2151//959 935//959
f 935//960 2151//960 934//960
f 2154//961 2155//961 933//961
f 933//962 2155//962 2116//962
f 894//963 2153//963 896//963
f 896//964 2153//964 2143//964
f 2344//21 2343//21 898//21
f 2343//21 2150//21 898//21
f 2132//965 2143//965 2114//965
f 2114//966 2143//966 2153//966
f 2150//21 2343//21 2140//21
f 2123//967 2125//967 2107//967
f 2107//968 2125//968 879//968
f 2116//969 895//969 933//969
f 905//970 846//970 906//970
f 906//971 846//971 2105//971
f 897//972 902//972 934//972
f 934//973 902//973 935//973
f 2137//21 918//21 2138//21
f 918//21 993//21 2138//21
f 921//974 936//974 904//974
f 936//975 2141//975 904//975
f 2156//976 938//976 2133//976
f 938//977 2113//977 2133//977
f 2157//978 938//978 941//978
f 938//978 942//978 941//978
f 848//979 1232//979 907//979
f 1232//980 1240//980 907//980
f 939//21 937//21 900//21
f 937//21 893//21 900//21
f 920//981 940//981 921//981
f 940//982 936//982 921//982
f 2138//21 993//21 939//21
f 993//21 937//21 939//21
f 2136//978 942//978 2156//978
f 942//978 938//978 2156//978
f 941//958 942//958 899//958
f 942//958 930//958 899//958
f 970//983 915//983 997//983
f 915//984 944//984 997//984
f 907//985 1240//985 908//985
f 1240//986 944//986 908//986
f 945//987 901//987 920//987
f 901//988 940//988 920//988
f 997//989 944//989 2421//989
f 944//990 1240//990 2421//990
f 947//21 943//21 911//21
f 943//21 910//21 911//21
f 928//991 2118//991 946//991
f 946//992 2118//992 2149//992
f 2142//993 928//993 2147//993
f 2147//991 928//991 946//991
f 913//21 947//21 912//21
f 947//21 911//21 912//21
f 944//994 915//994 908//994
f 915//995 909//995 908//995
f 901//996 945//996 915//996
f 945//997 909//997 915//997
f 2159//998 2166//998 981//998
f 981//998 2166//998 978//998
f 2170//999 977//999 2177//999
f 2177//1000 977//1000 2195//1000
f 2193//21 1000//21 972//21
f 1000//21 1046//21 972//21
f 972//21 1023//21 2193//21
f 1023//21 2194//21 2193//21
f 2174//1001 2177//1001 2195//1001
f 2196//1002 2197//1002 999//1002
f 999//1003 2197//1003 979//1003
f 2159//1004 981//1004 2158//1004
f 2158//1004 981//1004 1030//1004
f 2168//1005 2171//1005 2169//1005
f 2169//1006 2171//1006 2172//1006
f 2166//1007 2191//1007 978//1007
f 978//1007 2191//1007 980//1007
f 2181//1008 983//1008 2190//1008
f 983//1008 932//1008 2190//1008
f 2187//1009 2180//1009 2203//1009
f 2182//1010 982//1010 2181//1010
f 982//1010 983//1010 2181//1010
f 2162//1011 2204//1011 2160//1011
f 2204//1012 990//1012 2160//1012
f 2202//21 2363//21 2175//21
f 2194//21 1023//21 2173//21
f 1023//21 957//21 2173//21
f 2184//21 2185//21 2130//21
f 2185//21 918//21 2130//21
f 2195//1013 977//1013 2197//1013
f 2197//1014 977//1014 979//1014
f 978//1007 980//1007 2164//1007
f 2164//1007 980//1007 2165//1007
f 982//1010 952//1010 983//1010
f 952//1010 971//1010 983//1010
f 999//1015 979//1015 2198//1015
f 2198//1016 979//1016 975//1016
f 979//1014 977//1014 975//1014
f 975//1014 977//1014 976//1014
f 977//1017 2170//1017 976//1017
f 976//1018 2170//1018 959//1018
f 981//998 978//998 2167//998
f 2167//998 978//998 2164//998
f 1030//1004 981//1004 2205//1004
f 2205//1004 981//1004 2167//1004
f 983//1008 971//1008 932//1008
f 971//1008 917//1008 932//1008
f 982//1019 2182//1019 995//1019
f 2182//1019 2183//1019 995//1019
f 2188//21 2175//21 1177//21
f 2175//21 2363//21 1177//21
f 2152//1020 986//1020 2151//1020
f 2151//1021 986//1021 985//1021
f 2154//1022 984//1022 2155//1022
f 2155//1023 984//1023 2163//1023
f 894//1024 896//1024 2201//1024
f 2201//1025 896//1025 2192//1025
f 2344//21 898//21 1177//21
f 898//21 2199//21 1177//21
f 2179//1026 2161//1026 2192//1026
f 2192//1027 2161//1027 2201//1027
f 2199//21 2188//21 1177//21
f 2176//1028 988//1028 2178//1028
f 2178//1029 988//1029 987//1029
f 2163//1030 984//1030 950//1030
f 961//1031 962//1031 956//1031
f 956//1032 962//1032 2200//1032
f 951//1033 985//1033 955//1033
f 955//1034 985//1034 986//1034
f 2185//21 2186//21 918//21
f 2186//21 993//21 918//21
f 974//1035 960//1035 989//1035
f 960//1036 2189//1036 989//1036
f 2203//1037 2180//1037 990//1037
f 2180//1038 2160//1038 990//1038
f 2204//1039 994//1039 990//1039
f 994//1039 995//1039 990//1039
f 958//1040 963//1040 2435//1040
f 963//1041 1241//1041 2435//1041
f 991//21 953//21 937//21
f 953//21 893//21 937//21
f 973//1042 974//1042 992//1042
f 974//1043 989//1043 992//1043
f 2186//21 991//21 993//21
f 991//21 937//21 993//21
f 2183//1039 2203//1039 995//1039
f 2203//1039 990//1039 995//1039
f 994//1019 952//1019 995//1019
f 952//1019 982//1019 995//1019
f 970//1044 997//1044 969//1044
f 997//1045 996//1045 969//1045
f 963//1046 964//1046 1241//1046
f 964//1047 996//1047 1241//1047
f 998//1048 973//1048 954//1048
f 973//1049 992//1049 954//1049
f 997//1050 2421//1050 996//1050
f 2421//1050 1241//1050 996//1050
f 1000//21 966//21 1046//21
f 966//21 1016//21 1046//21
f 980//1051 999//1051 2165//1051
f 2165//1015 999//1015 2198//1015
f 2191//1052 2196//1052 980//1052
f 980//1053 2196//1053 999//1053
f 968//21 967//21 1000//21
f 967//21 966//21 1000//21
f 996//1054 964//1054 969//1054
f 964//1055 965//1055 969//1055
f 954//1056 969//1056 998//1056
f 969//1057 965//1057 998//1057
f 2214//1058 1033//1058 2213//1058
f 2213//1058 1033//1058 1029//1058
f 2221//1059 2218//1059 1028//1059
f 1028//1060 2218//1060 2240//1060
f 2238//21 972//21 1051//21
f 972//21 1046//21 1051//21
f 972//21 2238//21 1023//21
f 2238//21 2239//21 1023//21
f 2215//1061 2240//1061 2218//1061
f 2241//1062 1050//1062 2242//1062
f 2242//1063 1050//1063 1031//1063
f 2214//1064 2158//1064 1033//1064
f 1033//1064 2158//1064 1030//1064
f 2168//1065 2220//1065 2171//1065
f 2171//1066 2220//1066 2222//1066
f 2213//1067 1029//1067 2236//1067
f 2236//1067 1029//1067 1032//1067
f 2228//1068 2282//1068 1035//1068
f 2282//1068 1090//1068 1035//1068
f 2233//1069 2248//1069 2227//1069
f 2229//1070 2228//1070 1034//1070
f 2228//1070 1035//1070 1034//1070
f 2209//1071 2207//1071 2249//1071
f 2207//1072 1041//1072 2249//1072
f 2202//21 2216//21 2363//21
f 2239//21 2223//21 1023//21
f 2223//21 957//21 1023//21
f 2225//21 2224//21 2231//21
f 2224//21 1077//21 2231//21
f 2240//1073 2242//1073 1028//1073
f 1028//1074 2242//1074 1031//1074
f 1029//1067 2211//1067 1032//1067
f 1032//1067 2211//1067 2212//1067
f 1034//1070 1035//1070 1005//1070
f 1035//1070 1021//1070 1005//1070
f 1050//1075 2243//1075 1031//1075
f 1031//1076 2243//1076 1026//1076
f 1031//1074 1026//1074 1028//1074
f 1028//1074 1026//1074 1027//1074
f 1028//1077 1027//1077 2221//1077
f 2221//1078 1027//1078 1009//1078
f 1033//1058 2206//1058 1029//1058
f 1029//1058 2206//1058 2211//1058
f 1030//1064 2205//1064 1033//1064
f 1033//1064 2205//1064 2206//1064
f 1035//1068 1090//1068 1021//1068
f 1090//1068 1022//1068 1021//1068
f 1034//1079 1045//1079 2229//1079
f 1045//1079 2230//1079 2229//1079
f 2234//21 1180//21 2216//21
f 1180//21 2363//21 2216//21
f 2245//1080 1054//1080 1038//1080
f 1038//1081 1054//1081 1037//1081
f 1052//1082 2247//1082 1036//1082
f 1036//1083 2247//1083 2210//1083
f 2295//1084 2246//1084 2293//1084
f 2293//1085 2246//1085 2237//1085
f 1182//21 1180//21 1004//21
f 1180//21 2244//21 1004//21
f 2226//1086 2237//1086 2208//1086
f 2208//1087 2237//1087 2246//1087
f 2244//21 1180//21 2234//21
f 2217//1088 2219//1088 988//1088
f 988//1089 2219//1089 987//1089
f 2210//1090 1002//1090 1036//1090
f 1011//1091 956//1091 1012//1091
f 1012//1092 956//1092 2200//1092
f 1003//1093 1008//1093 1037//1093
f 1037//1094 1008//1094 1038//1094
f 2231//21 1077//21 2232//21
f 1077//21 1100//21 2232//21
f 1025//1095 1039//1095 1010//1095
f 1039//1096 2235//1096 1010//1096
f 2248//1097 1041//1097 2227//1097
f 1041//1098 2207//1098 2227//1098
f 2249//1099 1041//1099 1044//1099
f 1041//1099 1045//1099 1044//1099
f 958//1100 2435//1100 1013//1100
f 2435//1101 2434//1101 1013//1101
f 1042//21 1040//21 1006//21
f 1040//21 1001//21 1006//21
f 1024//1102 1043//1102 1025//1102
f 1043//1103 1039//1103 1025//1103
f 2232//21 1100//21 1042//21
f 1100//21 1040//21 1042//21
f 2230//1099 1045//1099 2248//1099
f 1045//1099 1041//1099 2248//1099
f 1044//1079 1045//1079 1005//1079
f 1045//1079 1034//1079 1005//1079
f 1075//1104 1020//1104 1048//1104
f 1020//1105 1047//1105 1048//1105
f 1013//1106 2434//1106 1014//1106
f 2434//1107 1047//1107 1014//1107
f 1049//1108 1007//1108 1024//1108
f 1007//1109 1043//1109 1024//1109
f 1048//1110 1047//1110 1258//1110
f 1047//1110 2434//1110 1258//1110
f 1051//21 1046//21 1017//21
f 1046//21 1016//21 1017//21
f 1032//1111 2212//1111 1050//1111
f 1050//1075 2212//1075 2243//1075
f 2236//1112 1032//1112 2241//1112
f 2241//1113 1032//1113 1050//1113
f 1019//21 1051//21 1018//21
f 1051//21 1017//21 1018//21
f 1047//1114 1020//1114 1014//1114
f 1020//1115 1015//1115 1014//1115
f 1007//1116 1049//1116 1020//1116
f 1049//1117 1015//1117 1020//1117
f 2251//1118 2258//1118 1087//1118
f 1087//1118 2258//1118 1084//1118
f 2262//1119 1083//1119 2269//1119
f 2269//1120 1083//1120 2287//1120
f 2285//21 1106//21 1078//21
f 1106//21 1148//21 1078//21
f 1078//21 1126//21 2285//21
f 1126//21 2286//21 2285//21
f 2266//1121 2269//1121 2287//1121
f 2288//1122 2289//1122 1105//1122
f 1105//1123 2289//1123 1085//1123
f 2251//1124 1087//1124 2250//1124
f 2250//1124 1087//1124 1133//1124
f 2260//1125 2263//1125 2261//1125
f 2261//1126 2263//1126 2264//1126
f 2258//1127 2283//1127 1084//1127
f 1084//1127 2283//1127 1086//1127
f 2273//1128 1089//1128 2282//1128
f 1089//1128 1090//1128 2282//1128
f 2279//1129 2272//1129 2297//1129
f 2274//1130 1088//1130 2273//1130
f 1088//1130 1089//1130 2273//1130
f 2254//1131 2298//1131 2252//1131
f 2298//1132 1097//1132 2252//1132
f 1095//21 2356//21 2267//21
f 2286//21 1126//21 2265//21
f 1126//21 1061//21 2265//21
f 2276//21 2277//21 2224//21
f 2277//21 1077//21 2224//21
f 2287//1133 1083//1133 2289//1133
f 2289//1134 1083//1134 1085//1134
f 1084//1127 1086//1127 2256//1127
f 2256//1127 1086//1127 2257//1127
f 1088//1130 1056//1130 1089//1130
f 1056//1130 1076//1130 1089//1130
f 1105//1135 1085//1135 2290//1135
f 2290//1136 1085//1136 1081//1136
f 1085//1134 1083//1134 1081//1134
f 1081//1134 1083//1134 1082//1134
f 1083//1137 2262//1137 1082//1137
f 1082//1138 2262//1138 1063//1138
f 1087//1118 1084//1118 2259//1118
f 2259//1118 1084//1118 2256//1118
f 1133//1124 1087//1124 2299//1124
f 2299//1124 1087//1124 2259//1124
f 1089//1128 1076//1128 1090//1128
f 1076//1128 1022//1128 1090//1128
f 1088//1139 2274//1139 1102//1139
f 2274//1139 2275//1139 1102//1139
f 2280//21 2267//21 2366//21
f 2267//21 2356//21 2366//21
f 2245//1140 1093//1140 1054//1140
f 1054//1141 1093//1141 1092//1141
f 1052//1142 1091//1142 2247//1142
f 2247//1143 1091//1143 2255//1143
f 2295//1144 2293//1144 2294//1144
f 2294//1145 2293//1145 2284//1145
f 1182//21 1004//21 2366//21
f 1004//21 2291//21 2366//21
f 2271//1146 2253//1146 2284//1146
f 2284//1147 2253//1147 2294//1147
f 2291//21 2280//21 2366//21
f 2268//1148 2296//1148 2270//1148
f 2270//1149 2296//1149 1094//1149
f 2255//1150 1091//1150 1053//1150
f 1065//1151 1066//1151 1060//1151
f 1060//1152 1066//1152 2292//1152
f 1055//1153 1092//1153 1059//1153
f 1059//1154 1092//1154 1093//1154
f 2277//21 2278//21 1077//21
f 2278//21 1100//21 1077//21
f 1080//1155 1064//1155 1096//1155
f 1064//1156 2281//1156 1096//1156
f 2297//1157 2272//1157 1097//1157
f 2272//1158 2252//1158 1097//1158
f 2298//1159 1101//1159 1097//1159
f 1101//1159 1102//1159 1097//1159
f 1062//1160 1067//1160 2452//1160
f 1067//1161 1265//1161 2452//1161
f 1098//21 1057//21 1040//21
f 1057//21 1001//21 1040//21
f 1079//1162 1080//1162 1099//1162
f 1080//1163 1096//1163 1099//1163
f 2278//21 1098//21 1100//21
f 1098//21 1040//21 1100//21
f 2275//1159 2297//1159 1102//1159
f 2297//1159 1097//1159 1102//1159
f 1101//1139 1056//1139 1102//1139
f 1056//1139 1088//1139 1102//1139
f 1075//1164 1048//1164 1074//1164
f 1048//1165 1103//1165 1074//1165
f 1067//1166 1068//1166 1265//1166
f 1068//1167 1103//1167 1265//1167
f 1104//1168 1079//1168 1058//1168
f 1079//1169 1099//1169 1058//1169
f 1048//1170 1258//1170 1103//1170
f 1258//1171 1265//1171 1103//1171
f 1106//21 1070//21 1148//21
f 1070//21 1120//21 1148//21
f 1086//1172 1105//1172 2257//1172
f 2257//1173 1105//1173 2290//1173
f 2283//1174 2288//1174 1086//1174
f 1086//1172 2288//1172 1105//1172
f 1072//21 1071//21 1106//21
f 1071//21 1070//21 1106//21
f 1103//1175 1068//1175 1074//1175
f 1068//1176 1069//1176 1074//1176
f 1058//1177 1074//1177 1104//1177
f 1074//1178 1069//1178 1104//1178
f 2308//1179 1136//1179 2307//1179
f 2307//1179 1136//1179 1132//1179
f 2315//1180 2312//1180 1131//1180
f 1131//1181 2312//1181 2333//1181
f 2331//21 1078//21 1152//21
f 1078//21 1148//21 1152//21
f 1078//21 2331//21 1126//21
f 2331//21 2332//21 1126//21
f 2309//1182 2333//1182 2312//1182
f 2334//1183 1151//1183 2335//1183
f 2335//1184 1151//1184 1134//1184
f 2308//1185 2250//1185 1136//1185
f 1136//1185 2250//1185 1133//1185
f 2260//1186 2314//1186 2263//1186
f 2263//1187 2314//1187 2316//1187
f 2307//1188 1132//1188 2329//1188
f 2329//1188 1132//1188 1135//1188
f 2320//1189 1386//1189 1138//1189
f 1386//1190 126//1190 1138//1190
f 2326//1191 2339//1191 2319//1191
f 2321//1192 2320//1192 1137//1192
f 2320//1192 1138//1192 1137//1192
f 2303//1193 2301//1193 2340//1193
f 2301//1194 1143//1194 2340//1194
f 1095//21 2310//21 2356//21
f 2332//21 2317//21 1126//21
f 2317//21 1061//21 1126//21
f 2323//21 1374//21 2324//21
f 1374//21 106//21 2324//21
f 2333//1195 2335//1195 1131//1195
f 1131//1196 2335//1196 1134//1196
f 1132//1188 2305//1188 1135//1188
f 1135//1188 2305//1188 2306//1188
f 1137//1192 1138//1192 1109//1192
f 1138//1192 1125//1192 1109//1192
f 1151//1197 2336//1197 1134//1197
f 1134//1198 2336//1198 1129//1198
f 1134//1196 1129//1196 1131//1196
f 1131//1196 1129//1196 1130//1196
f 1131//1199 1130//1199 2315//1199
f 2315//1200 1130//1200 1113//1200
f 1136//1179 2300//1179 1132//1179
f 1132//1179 2300//1179 2305//1179
f 1133//1185 2299//1185 1136//1185
f 1136//1185 2299//1185 2300//1185
f 1138//1189 126//1189 1125//1189
f 126//1189 105//1189 1125//1189
f 1137//1201 1147//1201 2321//1201
f 1147//1201 2322//1201 2321//1201
f 2327//21 2355//21 2310//21
f 2355//21 2356//21 2310//21
f 1406//1202 1405//1202 1141//1202
f 1141//1203 1405//1203 1140//1203
f 1408//1204 1410//1204 1139//1204
f 1139//1205 1410//1205 2304//1205
f 79//1206 2338//1206 81//1206
f 81//1207 2338//1207 2330//1207
f 1189//21 2355//21 83//21
f 2355//21 2337//21 83//21
f 2318//1208 2330//1208 2302//1208
f 2302//1209 2330//1209 2338//1209
f 2337//21 2355//21 2327//21
f 2311//1210 2313//1210 2296//1210
f 2296//1211 2313//1211 1094//1211
f 2304//1212 1107//1212 1139//1212
f 1115//1213 1060//1213 1116//1213
f 1116//1214 1060//1214 2292//1214
f 1108//1215 1112//1215 1140//1215
f 1140//1216 1112//1216 1141//1216
f 2324//21 106//21 2325//21
f 106//21 137//21 2325//21
f 1128//1217 1142//1217 1114//1217
f 1142//1218 2328//1218 1114//1218
f 2339//1219 1143//1219 2319//1219
f 1143//1220 2301//1220 2319//1220
f 2340//1221 1143//1221 1146//1221
f 1143//1221 1147//1221 1146//1221
f 1062//1222 2452//1222 1117//1222
f 2452//1223 1266//1223 1117//1223
f 1144//21 133//21 1110//21
f 133//21 78//21 1110//21
f 1127//1224 1145//1224 1128//1224
f 1145//1225 1142//1225 1128//1225
f 2325//21 137//21 1144//21
f 137//21 133//21 1144//21
f 2322//1221 1147//1221 2339//1221
f 1147//1221 1143//1221 2339//1221
f 1146//1201 1147//1201 1109//1201
f 1147//1201 1137//1201 1109//1201
f 103//1226 1124//1226 141//1226
f 1124//1227 1149//1227 141//1227
f 1117//1228 1266//1228 1118//1228
f 1266//1229 1149//1229 1118//1229
f 1150//1230 1111//1230 1127//1230
f 1111//1231 1145//1231 1127//1231
f 141//1232 1149//1232 111//1232
f 1149//1232 1266//1232 111//1232
f 1152//21 1148//21 1121//21
f 1148//21 1120//21 1121//21
f 1135//1184 2306//1184 1151//1184
f 1151//1233 2306//1233 2336//1233
f 2329//1234 1135//1234 2334//1234
f 2334//1235 1135//1235 1151//1235
f 1123//21 1152//21 1122//21
f 1152//21 1121//21 1122//21
f 1149//1236 1124//1236 1118//1236
f 1124//1237 1119//1237 1118//1237
f 1111//1238 1150//1238 1124//1238
f 1150//1239 1119//1239 1124//1239
f 1157//1240 1161//1240 302//1240
f 1161//1241 1154//1241 302//1241
f 1156//1242 1158//1242 1157//1242
f 1158//1243 2350//1243 1157//1243
f 1153//1244 1156//1244 2347//1244
f 2350//1245 2359//1245 1157//1245
f 2359//1245 1161//1245 1157//1245
f 1287//1246 1156//1246 13//1246
f 1156//1247 1153//1247 13//1247
f 2347//1248 1156//1248 302//1248
f 1156//1249 1157//1249 302//1249
f 1161//1250 1164//1250 1154//1250
f 1164//1251 1160//1251 1154//1251
f 2359//1252 697//1252 1161//1252
f 697//1252 1164//1252 1161//1252
f 1164//1253 1163//1253 1160//1253
f 1163//1254 313//1254 1160//1254
f 697//1255 678//1255 1164//1255
f 678//1256 1163//1256 1164//1256
f 1163//1257 1166//1257 313//1257
f 1166//1258 323//1258 313//1258
f 678//1259 2360//1259 1163//1259
f 2360//1260 1166//1260 1163//1260
f 1166//1261 1165//1261 323//1261
f 1165//1262 315//1262 323//1262
f 2360//1263 1169//1263 1166//1263
f 1169//1264 1165//1264 1166//1264
f 1165//1265 1168//1265 315//1265
f 1168//1265 317//1265 315//1265
f 1169//1266 806//1266 1165//1266
f 806//1267 1168//1267 1165//1267
f 1168//1268 1170//1268 317//1268
f 1170//1269 326//1269 317//1269
f 806//1270 838//1270 1168//1270
f 838//1271 1170//1271 1168//1271
f 1170//1272 1171//1272 326//1272
f 1171//1273 325//1273 326//1273
f 838//1274 1173//1274 1170//1274
f 1173//1275 1171//1275 1170//1275
f 1171//1276 1175//1276 325//1276
f 1175//1277 324//1277 325//1277
f 1173//1278 1172//1278 1171//1278
f 1172//1279 1175//1279 1171//1279
f 1175//1280 1174//1280 324//1280
f 1174//1281 24//1281 324//1281
f 1172//1282 914//1282 1175//1282
f 914//1283 1174//1283 1175//1283
f 1174//1284 1176//1284 24//1284
f 1176//1285 35//1285 24//1285
f 914//1286 948//1286 1174//1286
f 948//1287 1176//1287 1174//1287
f 1176//1288 1178//1288 35//1288
f 1178//1289 36//1289 35//1289
f 948//1290 2362//1290 1176//1290
f 2362//1291 1178//1291 1176//1291
f 1178//1292 1179//1292 36//1292
f 1179//1293 37//1293 36//1293
f 2362//1294 949//1294 1178//1294
f 949//1294 1179//1294 1178//1294
f 1179//1295 1181//1295 37//1295
f 1181//1296 21//1296 37//1296
f 949//1297 2364//1297 1179//1297
f 2364//1297 1181//1297 1179//1297
f 1181//1298 1183//1298 21//1298
f 1183//1299 19//1299 21//1299
f 2364//1300 2365//1300 1181//1300
f 2365//1301 1183//1301 1181//1301
f 1183//1302 1184//1302 19//1302
f 1184//1303 30//1303 19//1303
f 2365//1304 1073//1304 1183//1304
f 1073//1305 1184//1305 1183//1305
f 1184//1306 1185//1306 30//1306
f 1185//1307 17//1307 30//1307
f 1073//1308 1188//1308 1184//1308
f 1188//1308 1185//1308 1184//1308
f 1185//1309 1187//1309 17//1309
f 1187//1310 31//1310 17//1310
f 1188//1311 1186//1311 1185//1311
f 1186//1312 1187//1312 1185//1312
f 1187//1313 1190//1313 31//1313
f 1190//1314 16//1314 31//1314
f 1186//1315 2357//1315 1187//1315
f 2357//1315 1190//1315 1187//1315
f 2389//21 2371//21 2388//21
f 2371//21 2370//21 2388//21
f 2375//21 2383//21 2373//21
f 2383//21 2381//21 2373//21
f 2372//391 2374//391 2390//391
f 2390//391 2374//391 1194//391
f 2378//80 1196//80 1200//80
f 1200//80 1196//80 1195//80
f 1213//1316 2376//1316 1201//1316
f 1201//1317 2376//1317 2377//1317
f 2368//21 2392//21 2367//21
f 2392//21 2415//21 2367//21
f 1204//1318 2379//1318 1203//1318
f 2379//1318 1209//1318 1203//1318
f 2381//21 2382//21 2373//21
f 2382//21 1199//21 2373//21
f 1193//21 2384//21 2375//21
f 2384//21 2383//21 2375//21
f 2502//21 2385//21 1193//21
f 2385//21 2384//21 1193//21
f 2500//21 2386//21 2502//21
f 2386//21 2385//21 2502//21
f 1206//1319 755//1319 1205//1319
f 755//1319 2395//1319 1205//1319
f 1208//1271 1217//1271 1207//1271
f 1217//1271 1216//1271 1207//1271
f 1207//1320 1216//1320 1206//1320
f 1216//1320 755//1320 1206//1320
f 1203//1321 1209//1321 1202//1321
f 1209//1321 2477//1321 1202//1321
f 1205//1322 2395//1322 1204//1322
f 2395//1322 2379//1322 1204//1322
f 2369//391 2501//391 1197//391
f 1197//391 2501//391 2482//391
f 2500//21 1198//21 2386//21
f 1198//21 2387//21 2386//21
f 2377//1323 2503//1323 1201//1323
f 1201//1324 2503//1324 2391//1324
f 1201//1325 2391//1325 1191//1325
f 1191//1326 2391//1326 2393//1326
f 328//1327 2487//1327 1213//1327
f 1213//1328 2487//1328 1212//1328
f 1235//1329 2484//1329 2391//1329
f 2391//1330 2484//1330 2393//1330
f 1213//1331 1201//1331 328//1331
f 328//1332 1201//1332 1191//1332
f 2416//21 2403//21 2415//21
f 2403//21 2367//21 2415//21
f 2400//21 2407//21 2398//21
f 2407//21 2408//21 2398//21
f 2402//374 2399//374 2417//374
f 2417//374 2399//374 1220//374
f 2482//391 1222//391 1197//391
f 1197//391 1222//391 1221//391
f 1236//1333 2401//1333 1225//1333
f 1225//1334 2401//1334 2404//1334
f 2499//21 2413//21 1223//21
f 2413//21 2412//21 1223//21
f 1227//1335 2405//1335 1226//1335
f 2405//1335 1231//1335 1226//1335
f 2408//21 2387//21 2398//21
f 2387//21 1198//21 2398//21
f 1219//21 2409//21 2400//21
f 2409//21 2407//21 2400//21
f 2496//21 2410//21 1219//21
f 2410//21 2409//21 1219//21
f 2494//21 2411//21 2496//21
f 2411//21 2410//21 2496//21
f 1229//1336 1239//1336 1228//1336
f 1239//1336 2420//1336 1228//1336
f 1250//1337 1256//1337 1230//1337
f 1256//1337 2422//1337 1230//1337
f 1230//1338 2422//1338 1229//1338
f 2422//1338 1239//1338 1229//1338
f 1226//1339 1231//1339 1208//1339
f 1231//1339 1217//1339 1208//1339
f 1228//1340 2420//1340 1227//1340
f 2420//1340 2405//1340 1227//1340
f 2498//374 2495//374 2436//374
f 2436//374 2495//374 2481//374
f 2494//21 1224//21 2411//21
f 1224//21 2438//21 2411//21
f 2404//1341 2497//1341 1225//1341
f 1225//1342 2497//1342 2414//1342
f 1225//1343 2414//1343 1218//1343
f 1218//1344 2414//1344 2418//1344
f 327//1345 2484//1345 1236//1345
f 1236//1346 2484//1346 1235//1346
f 1233//1347 46//1347 2414//1347
f 2414//1348 46//1348 2418//1348
f 1236//1349 1225//1349 327//1349
f 327//1350 1225//1350 1218//1350
f 2446//21 2431//21 2412//21
f 2431//21 1223//21 2412//21
f 2428//21 2439//21 2426//21
f 2439//21 2437//21 2426//21
f 2430//81 2427//81 2447//81
f 2447//81 2427//81 1245//81
f 2481//374 1247//374 2436//374
f 2436//374 1247//374 1246//374
f 1261//1351 2429//1351 1249//1351
f 1249//1352 2429//1352 2432//1352
f 2424//21 2444//21 2423//21
f 2444//21 2443//21 2423//21
f 1252//1353 2433//1353 1251//1353
f 2433//1353 1257//1353 1251//1353
f 2437//21 2438//21 2426//21
f 2438//21 1224//21 2426//21
f 1244//21 2440//21 2428//21
f 2440//21 2439//21 2428//21
f 2492//21 2441//21 1244//21
f 2441//21 2440//21 1244//21
f 2490//21 2442//21 2492//21
f 2442//21 2441//21 2492//21
f 1254//1354 1264//1354 1253//1354
f 1264//1354 2451//1354 1253//1354
f 109//500 2480//500 1255//500
f 2480//500 2453//500 1255//500
f 1255//1355 2453//1355 1254//1355
f 2453//1355 1264//1355 1254//1355
f 1251//1356 1257//1356 1250//1356
f 1257//1356 1256//1356 1250//1356
f 1253//1357 2451//1357 1252//1357
f 2451//1357 2433//1357 1252//1357
f 2425//81 2491//81 1248//81
f 1248//81 2491//81 107//81
f 2490//21 2479//21 2442//21
f 2479//21 1389//21 2442//21
f 2432//1358 2493//1358 1249//1358
f 1249//1359 2493//1359 2445//1359
f 1249//1360 2445//1360 1242//1360
f 1242//1361 2445//1361 2448//1361
f 47//1362 46//1362 1261//1362
f 1261//1363 46//1363 1233//1363
f 1259//1364 2450//1364 2445//1364
f 2445//1365 2450//1365 2448//1365
f 1261//1366 1249//1366 47//1366
f 47//1367 1249//1367 1242//1367
f 1271//21 2467//21 2463//21
f 2467//21 2468//21 2463//21
f 1269//21 2469//21 1271//21
f 2469//21 2467//21 1271//21
f 2456//21 2470//21 1269//21
f 2470//21 2469//21 1269//21
f 1276//1368 1283//1368 1275//1368
f 1283//1368 2475//1368 1275//1368
f 1277//1369 2478//1369 1276//1369
f 2478//1369 1283//1369 1276//1369
f 1275//1370 2475//1370 1274//1370
f 2475//1370 2465//1370 1274//1370
f 1270//80 1268//80 1200//80
f 1200//80 1268//80 2378//80
f 1287//1371 74//1371 1288//1371
f 74//1372 1390//1372 1288//1372
f 1156//1373 1287//1373 1158//1373
f 1287//1374 1288//1374 1158//1374
f 1243//1375 1260//1375 1290//1375
f 1290//1375 1260//1375 1289//1375
f 1291//1376 1234//1376 1293//1376
f 1293//1377 1234//1377 1292//1377
f 1192//1378 1211//1378 1295//1378
f 1295//1378 1211//1378 1294//1378
