# Blender 4.3.2
# www.blender.org
mtllib post.mtl
o Part.1
v -2.870000 25.841999 1.188998
v -3.106000 25.841999 -0.000002
v 0.000000 25.841999 3.105998
v 0.000000 25.841999 -3.106002
v 2.196000 25.841999 -2.196002
v -2.870000 25.841999 -1.189002
v 2.870000 25.841999 -1.189002
v 1.189000 25.841999 -2.870002
v -1.189000 25.841999 -2.870002
v -2.196000 25.841999 -2.196002
v -2.196000 25.841999 2.195998
v -1.189000 25.841999 2.869998
v 1.189000 25.841999 2.869998
v 2.196000 25.841999 2.195998
v 2.870000 25.841999 1.188998
v 3.106000 25.841999 -0.000002
v 0.000000 27.766001 -0.000002
v 2.800000 27.766001 -0.000002
v 2.587000 27.766001 -1.071002
v 1.980000 27.766001 -1.980002
v 1.072000 27.766001 -2.587002
v 0.000000 27.766001 -2.800002
v -2.587000 27.766001 -1.071002
v -2.800000 27.766001 -0.000002
v 0.000000 27.766001 2.799998
v 1.072000 27.766001 2.586998
v -1.378000 26.766001 3.325998
v -1.354000 26.384001 3.269998
v -1.288000 26.059000 3.109998
v -2.546000 26.766001 2.545998
v -2.502000 26.384001 2.501998
v -2.380000 26.059000 2.379998
v -0.854000 27.766001 -2.278002
v -1.546000 27.766001 -1.878002
v 0.000000 27.766001 -2.400002
v 1.546000 27.766001 -1.878002
v 0.853000 27.766001 -2.278002
v 2.078000 27.766001 -1.200002
v 2.400000 27.766001 -0.400002
v 2.400000 27.766001 0.399998
v 2.078000 27.766001 1.199998
v 1.546000 27.766001 1.877998
v 0.854000 27.766001 2.277998
v 0.000000 27.766001 2.399998
v -0.854000 27.766001 2.277998
v -1.546000 27.766001 1.877998
v -2.078000 27.766001 1.199998
v -2.400000 27.766001 0.399998
v -2.400000 27.766001 -0.400002
v -2.078000 27.766001 -1.200002
v -1.189000 27.690001 -2.870002
v -1.072000 27.766001 -2.587002
v 0.000000 27.690001 -3.106002
v -1.288000 27.474001 -3.110002
v 0.000000 27.474001 -3.366002
v -1.354000 27.149000 -3.270002
v 0.000000 27.149000 -3.539002
v -1.378000 26.766001 -3.326002
v 0.000000 26.766001 -3.600002
v -3.270000 26.384001 1.353998
v -3.110000 26.059000 1.287998
v -2.196000 27.690001 -2.196002
v -1.980000 27.766001 -1.980002
v -2.380000 27.474001 -2.380002
v -2.502000 27.149000 -2.502002
v -2.546000 26.766001 -2.546002
v -3.539000 26.384001 -0.000002
v -2.870000 27.690001 -1.189002
v -3.110000 27.474001 -1.288002
v -3.270000 27.149000 -1.354002
v -3.326000 26.766001 -1.378002
v -3.366000 26.059000 -0.000002
v -3.106000 27.690001 -0.000002
v -3.366000 27.474001 -0.000002
v -3.539000 27.149000 -0.000002
v -3.600000 26.766001 -0.000002
v -2.870000 27.690001 1.188998
v -2.587000 27.766001 1.071998
v -3.110000 27.474001 1.287998
v -3.270000 27.149000 1.353998
v -3.326000 26.766001 1.377998
v -2.196000 27.690001 2.195998
v -1.980000 27.766001 1.979998
v -2.380000 27.474001 2.379998
v -2.502000 27.149000 2.501998
v -3.270000 26.384001 -1.354002
v -1.189000 27.690001 2.869998
v -1.072000 27.766001 2.586998
v -1.288000 27.474001 3.109998
v -1.354000 27.149000 3.269998
v -3.110000 26.059000 -1.288002
v 0.000000 27.690001 3.105998
v 0.000000 27.474001 3.365998
v 0.000000 27.149000 3.538998
v 1.189000 27.690001 2.869998
v 1.288000 27.474001 3.109998
v 1.354000 27.149000 3.269998
v 2.196000 27.690001 2.195998
v 1.980000 27.766001 1.979998
v 2.380000 27.474001 2.379998
v 2.502000 27.149000 2.501998
v 2.546000 26.766001 2.545998
v -2.502000 26.384001 -2.502002
v -2.380000 26.059000 -2.380002
v 2.870000 27.690001 1.188998
v 2.587000 27.766001 1.071998
v 3.110000 27.474001 1.287998
v 3.270000 27.149000 1.353998
v 3.326000 26.766001 1.377998
v 3.106000 27.690001 -0.000002
v 3.366000 27.474001 -0.000002
v 3.539000 27.149000 -0.000002
v 3.600000 26.766001 -0.000002
v 2.870000 27.690001 -1.189002
v 3.110000 27.474001 -1.288002
v 3.270000 27.149000 -1.354002
v 3.326000 26.766001 -1.378002
v 0.000000 26.384001 -3.539002
v -1.354000 26.384001 -3.270002
v 2.196000 27.690001 -2.196002
v 2.380000 27.474001 -2.380002
v 2.502000 27.149000 -2.502002
v 0.000000 26.059000 -3.366002
v -1.288000 26.059000 -3.110002
v 1.189000 27.690001 -2.870002
v 1.288000 27.474001 -3.110002
v 1.354000 27.149000 -3.270002
v 1.378000 26.766001 -3.326002
v 0.000000 26.059000 3.365998
v 0.000000 26.384001 3.538998
v 0.000000 26.766001 3.599998
v 1.288000 26.059000 3.109998
v 1.354000 26.384001 3.269998
v 1.378000 26.766001 3.325998
v 2.380000 26.059000 2.379998
v 2.502000 26.384001 2.501998
v 3.110000 26.059000 1.287998
v 3.270000 26.384001 1.353998
v 3.366000 26.059000 -0.000002
v 3.539000 26.384001 -0.000002
v 3.110000 26.059000 -1.288002
v 3.270000 26.384001 -1.354002
v 2.380000 26.059000 -2.380002
v 2.502000 26.384001 -2.502002
v 2.546000 26.766001 -2.546002
v 1.288000 26.059000 -3.110002
v 1.354000 26.384001 -3.270002
v 0.000000 58.799999 2.399996
v 0.327000 58.709000 2.353996
v -0.327000 58.709000 2.353996
v 0.000000 58.448002 2.119995
v 0.604000 58.448002 2.313995
v 0.000000 57.599998 1.999996
v 0.446000 57.599998 2.081996
v 0.854000 57.599998 2.277996
v 0.789000 58.058998 2.287996
v -0.604000 58.448002 2.313995
v -0.446000 57.599998 2.081996
v -0.789000 58.058998 2.287996
v -0.854000 57.599998 2.277996
v 2.078000 58.799999 1.199996
v 2.202000 58.709000 0.893996
v 1.875000 58.709000 1.459996
v 1.836000 58.448002 1.059996
v 2.306000 58.448002 0.633996
v 1.732000 57.599998 0.999996
v 2.026000 57.599998 0.654996
v 2.400000 57.599998 0.399996
v 2.375000 58.058998 0.460996
v 1.702000 58.448002 1.679996
v 1.580000 57.599998 1.426996
v 1.587000 58.058998 1.826996
v 1.546000 57.599998 1.877996
v 2.078000 58.799999 -1.200004
v 1.875000 58.709000 -1.460004
v 2.202000 58.709000 -0.894004
v 1.836000 58.448002 -1.060004
v 1.702000 58.448002 -1.680004
v 1.732000 57.599998 -1.000004
v 1.580000 57.599998 -1.427004
v 1.546000 57.599998 -1.878004
v 1.587000 58.058998 -1.827004
v 2.306000 58.448002 -0.634004
v 2.026000 57.599998 -0.655004
v 2.375000 58.058998 -0.461004
v 2.400000 57.599998 -0.400004
v 0.000000 58.799999 -2.400005
v -0.327000 58.709000 -2.354005
v 0.327000 58.709000 -2.354005
v 0.000000 58.448002 -2.120004
v -0.604000 58.448002 -2.314004
v 0.000000 57.599998 -2.000004
v -0.446000 57.599998 -2.082004
v -0.854000 57.599998 -2.278004
v -0.789000 58.058998 -2.288004
v 0.604000 58.448002 -2.314004
v 0.446000 57.599998 -2.082004
v 0.789000 58.058998 -2.288004
v 0.854000 57.599998 -2.278004
v -2.078000 58.799999 -1.200004
v -2.202000 58.709000 -0.894004
v -1.875000 58.709000 -1.460004
v -1.836000 58.448002 -1.060004
v -2.306000 58.448002 -0.634004
v -1.732000 57.599998 -1.000004
v -2.026000 57.599998 -0.655004
v -2.400000 57.599998 -0.400004
v -2.375000 58.058998 -0.461004
v -1.702000 58.448002 -1.680004
v -1.580000 57.599998 -1.427004
v -1.587000 58.058998 -1.827004
v -1.546000 57.599998 -1.878004
v -2.078000 58.799999 1.199996
v -1.875000 58.709000 1.459996
v -2.202000 58.709000 0.893996
v -1.836000 58.448002 1.059996
v -1.702000 58.448002 1.679996
v -1.732000 57.599998 0.999996
v -1.580000 57.599998 1.426996
v -1.546000 57.599998 1.877996
v -1.587000 58.058998 1.826996
v -2.306000 58.448002 0.633996
v -2.026000 57.599998 0.654996
v -2.375000 58.058998 0.460996
v -2.400000 57.599998 0.399996
v 0.854000 58.799999 2.277996
v -0.854000 58.799999 2.277996
v 2.400000 58.799999 0.399996
v 1.546000 58.799999 1.877996
v 1.546000 58.799999 -1.878004
v 2.400000 58.799999 -0.400004
v -0.854000 58.799999 -2.278005
v 0.854000 58.799999 -2.278005
v -2.400000 58.799999 -0.400004
v -1.546000 58.799999 -1.878004
v -1.546000 58.799999 1.877996
v -2.400000 58.799999 0.399996
v -1.546000 58.709000 -1.878004
v -1.546000 58.448002 -1.878004
v -1.546000 58.058998 -1.878004
v 1.546000 58.709000 1.877996
v 0.854000 58.709000 2.277996
v -0.854000 58.709000 2.277996
v -2.400000 58.709000 -0.400004
v -1.546000 58.709000 1.877996
v -2.400000 58.709000 0.399996
v 2.400000 58.709000 0.399996
v 1.546000 58.709000 -1.878004
v 2.400000 58.709000 -0.400004
v -0.854000 58.709000 -2.278005
v 0.854000 58.709000 -2.278005
v 1.546000 58.448002 1.877996
v 0.854000 58.448002 2.277996
v -0.854000 58.448002 2.277996
v -2.400000 58.448002 -0.400004
v -1.546000 58.448002 1.877996
v -2.400000 58.448002 0.399996
v 2.400000 58.448002 0.399996
v 1.546000 58.448002 -1.878004
v 2.400000 58.448002 -0.400004
v -0.854000 58.448002 -2.278005
v 0.854000 58.448002 -2.278005
v 1.546000 58.058998 1.877996
v 0.854000 58.058998 2.277996
v -0.854000 58.058998 2.277996
v -2.400000 58.058998 -0.400004
v -1.546000 58.058998 1.877996
v -2.400000 58.058998 0.399996
v 2.400000 58.058998 0.399996
v 1.546000 58.058998 -1.878004
v 2.400000 58.058998 -0.400004
v -0.854000 58.058998 -2.278004
v 0.854000 58.058998 -2.278004
v 1.600000 67.000000 -0.000005
v 1.478000 67.000000 -0.612005
v 1.131000 67.000000 -1.131005
v 0.612000 67.000000 -1.478005
v 0.000000 67.000000 -1.600005
v -0.612000 67.000000 -1.478005
v -1.131000 67.000000 -1.131005
v -1.478000 67.000000 -0.612005
v -1.600000 67.000000 -0.000005
v -1.478000 67.000000 0.611995
v -1.131000 67.000000 1.130995
v -0.612000 67.000000 1.477995
v 0.000000 67.000000 1.599995
v 0.612000 67.000000 1.477995
v 1.131000 67.000000 1.130995
v 1.478000 67.000000 0.611995
v 3.000000 60.000000 -0.000005
v 2.772000 60.000000 1.147995
v 2.121000 60.000000 2.120996
v 1.148000 60.000000 2.771996
v 0.000000 60.000000 2.999995
v -1.148000 60.000000 2.771996
v -2.121000 60.000000 2.120996
v -2.772000 60.000000 1.147995
v -3.000000 60.000000 -0.000005
v -2.772000 60.000000 -1.148005
v -2.121000 60.000000 -2.121005
v -1.148000 60.000000 -2.772005
v 0.000000 60.000000 -3.000005
v 1.148000 60.000000 -2.772005
v 2.121000 60.000000 -2.121005
v 2.772000 60.000000 -1.148005
v 0.000000 29.341000 -2.400002
v 0.327000 29.433001 -2.354002
v -0.327000 29.433001 -2.354002
v 0.000000 29.693001 -2.120002
v 0.604000 29.693001 -2.314002
v 0.000000 30.541000 -2.000002
v 0.446000 30.541000 -2.082002
v 0.854000 30.541000 -2.278003
v 0.789000 30.082001 -2.288002
v -0.604000 29.693001 -2.314002
v -0.446000 30.541000 -2.082002
v -0.789000 30.082001 -2.288002
v -0.854000 30.541000 -2.278003
v 2.078000 29.341000 -1.200002
v 2.202000 29.433001 -0.894002
v 1.875000 29.433001 -1.460002
v 1.836000 29.693001 -1.060002
v 2.306000 29.693001 -0.634002
v 1.732000 30.541000 -1.000002
v 2.026000 30.541000 -0.655002
v 2.400000 30.541000 -0.400002
v 2.375000 30.082001 -0.461002
v 1.702000 29.693001 -1.680002
v 1.580000 30.541000 -1.427002
v 1.587000 30.082001 -1.827002
v 1.546000 30.541000 -1.878002
v 2.078000 29.341000 1.199998
v 1.875000 29.433001 1.459998
v 2.202000 29.433001 0.893998
v 1.836000 29.693001 1.059998
v 1.702000 29.693001 1.679998
v 1.732000 30.541000 0.999998
v 1.580000 30.541000 1.426998
v 1.546000 30.541000 1.877998
v 1.587000 30.082001 1.826998
v 2.306000 29.693001 0.633998
v 2.026000 30.541000 0.654998
v 2.375000 30.082001 0.460998
v 2.400000 30.541000 0.399998
v 0.000000 29.341000 2.399998
v -0.327000 29.433001 2.353998
v 0.327000 29.433001 2.353998
v 0.000000 29.693001 2.119998
v -0.604000 29.693001 2.313998
v 0.000000 30.541000 1.999998
v -0.446000 30.541000 2.081998
v -0.854000 30.541000 2.277998
v -0.789000 30.082001 2.287998
v 0.604000 29.693001 2.313998
v 0.446000 30.541000 2.081998
v 0.789000 30.082001 2.287998
v 0.854000 30.541000 2.277998
v -2.078000 29.341000 1.199998
v -2.202000 29.433001 0.893998
v -1.875000 29.433001 1.459998
v -1.836000 29.693001 1.059998
v -2.306000 29.693001 0.633998
v -1.732000 30.541000 0.999998
v -2.026000 30.541000 0.654998
v -2.400000 30.541000 0.399998
v -2.375000 30.082001 0.460998
v -1.702000 29.693001 1.679998
v -1.580000 30.541000 1.426998
v -1.587000 30.082001 1.826998
v -1.546000 30.541000 1.877998
v -2.078000 29.341000 -1.200002
v -1.875000 29.433001 -1.460002
v -2.202000 29.433001 -0.894002
v -1.836000 29.693001 -1.060002
v -1.702000 29.693001 -1.680002
v -1.732000 30.541000 -1.000002
v -1.580000 30.541000 -1.427002
v -1.546000 30.541000 -1.878002
v -1.587000 30.082001 -1.827002
v -2.306000 29.693001 -0.634002
v -2.026000 30.541000 -0.655002
v -2.375000 30.082001 -0.461002
v -2.400000 30.541000 -0.400002
v 2.906000 24.257999 1.677998
v 3.355000 24.257999 0.599998
v 3.018000 24.212999 1.476998
v 3.109000 24.083000 1.304998
v 3.182000 23.888000 1.196998
v 3.225000 23.658001 1.168998
v 3.422000 23.658001 0.599998
v 3.477000 22.058001 0.904998
v 3.600000 22.058001 0.599998
v 4.000000 17.658001 0.599999
v 3.154000 22.058001 1.040998
v 3.293000 17.658001 0.692999
v 2.740000 22.058001 1.581998
v 2.567000 17.658001 1.481999
v 2.900000 23.658001 1.183998
v 2.590000 23.658001 1.494998
v 2.682000 24.083000 1.548998
v 2.197000 24.257999 2.605998
v 2.788000 24.212999 1.874998
v 2.685000 24.083000 2.039998
v 2.627000 23.888000 2.156998
v 2.625000 23.658001 2.207998
v 2.230000 23.658001 2.663998
v 2.522000 22.058001 2.558998
v 2.319000 22.058001 2.817998
v 2.519000 17.658001 3.163999
v 2.246000 17.658001 2.505999
v 2.479000 22.058001 2.210998
v 2.476000 23.658001 1.918998
v 2.906000 7.058000 1.677999
v 2.771000 5.600000 1.600000
v 3.200000 5.600000 0.600000
v 3.355000 7.058000 0.599999
v 3.018000 7.104000 1.477000
v 3.109000 7.234000 1.304999
v 3.182000 7.429000 1.196999
v 3.225000 7.658000 1.168999
v 3.422000 7.658000 0.599999
v 3.477000 9.258000 0.904999
v 3.600000 9.258000 0.599999
v 4.000000 13.658000 0.599999
v 3.293000 13.658000 0.692999
v 3.154000 9.258000 1.040999
v 2.567000 13.658000 1.481999
v 2.740000 9.258000 1.581999
v 2.900000 7.658000 1.183999
v 2.590000 7.658000 1.494999
v 2.682000 7.234000 1.548999
v 2.119000 5.600000 2.470999
v 2.197000 7.058000 2.605999
v 2.788000 7.104000 1.875000
v 2.685000 7.234000 2.039999
v 2.627000 7.429000 2.157000
v 2.625000 7.658000 2.207999
v 2.230000 7.658000 2.664000
v 2.522000 9.258000 2.558999
v 2.319000 9.258000 2.817999
v 2.519000 13.658000 3.163999
v 2.479000 9.258000 2.210999
v 2.246000 13.658000 2.505999
v 2.476000 7.658000 1.918999
v 0.000000 24.257999 3.355998
v 1.158000 24.257999 3.205998
v 0.230000 24.212999 3.351998
v 0.424000 24.083000 3.344998
v 0.554000 23.888000 3.353998
v 0.600000 23.658001 3.376998
v 1.192000 23.658001 3.263998
v 0.955000 22.058001 3.463998
v 0.675000 22.058001 3.251998
v 1.047000 17.658001 3.197999
v 0.000000 22.058001 3.163998
v 0.000000 17.658001 2.963999
v 0.424000 23.658001 3.103998
v 0.000000 23.658001 2.989998
v 0.000000 24.083000 3.096998
v -1.158000 24.257999 3.205998
v -0.230000 24.212999 3.351998
v -0.424000 24.083000 3.344998
v -0.554000 23.888000 3.353998
v -0.600000 23.658001 3.376998
v -1.192000 23.658001 3.263998
v -0.955000 22.058001 3.463998
v -1.280000 22.058001 3.417998
v -1.480000 17.658001 3.763999
v -1.047000 17.658001 3.197999
v -0.675000 22.058001 3.251998
v -0.424000 23.658001 3.103998
v 0.000000 7.058001 3.355999
v 0.000000 5.600000 3.200000
v 1.158000 7.058001 3.206000
v 0.230000 7.104001 3.352000
v 0.424000 7.234001 3.345000
v 0.554000 7.429000 3.354000
v 0.600000 7.658000 3.377000
v 1.192000 7.658000 3.263999
v 0.955000 9.258000 3.463999
v 1.047000 13.658000 3.197999
v 0.675000 9.258000 3.251999
v 0.000000 13.658000 2.963999
v 0.000000 9.258000 3.163999
v 0.424000 7.658000 3.104000
v 0.000000 7.658000 2.990000
v 0.000000 7.234000 3.096999
v -1.080000 5.600000 3.071000
v -1.158000 7.058001 3.206000
v -0.230000 7.104001 3.352000
v -0.424000 7.234001 3.345000
v -0.554000 7.429000 3.354000
v -0.600000 7.658000 3.377000
v -1.192000 7.658000 3.263999
v -0.955000 9.258000 3.463999
v -1.280000 9.258000 3.417999
v -1.480000 13.658000 3.763999
v -0.675000 9.258000 3.251999
v -1.047000 13.658000 3.197999
v -0.424000 7.658000 3.104000
v -2.906000 24.257999 1.677998
v -2.197000 24.257999 2.605998
v -2.788000 24.212999 1.874998
v -2.685000 24.083000 2.039998
v -2.627000 23.888000 2.156998
v -2.625000 23.658001 2.207998
v -2.230000 23.658001 2.663998
v -2.522000 22.058001 2.558998
v -2.479000 22.058001 2.210998
v -2.246000 17.658001 2.505999
v -2.740000 22.058001 1.581998
v -2.567000 17.658001 1.481999
v -2.476000 23.658001 1.918998
v -2.590000 23.658001 1.494998
v -2.682000 24.083000 1.548998
v -3.355000 24.257999 0.599998
v -3.018000 24.212999 1.476998
v -3.109000 24.083000 1.304998
v -3.182000 23.888000 1.196998
v -3.225000 23.658001 1.168998
v -3.422000 23.658001 0.599998
v -3.477000 22.058001 0.904998
v -3.600000 22.058001 0.599998
v -4.000000 17.658001 0.599999
v -3.293000 17.658001 0.692999
v -3.154000 22.058001 1.040998
v -2.900000 23.658001 1.183998
v -2.906000 7.058000 1.677999
v -2.771000 5.600000 1.600000
v -2.197000 7.058000 2.605999
v -2.788000 7.104000 1.875000
v -2.685000 7.234000 2.039999
v -2.627000 7.429000 2.157000
v -2.625000 7.658000 2.207999
v -2.230000 7.658000 2.664000
v -2.522000 9.258000 2.558999
v -2.246000 13.658000 2.505999
v -2.479000 9.258000 2.210999
v -2.567000 13.658000 1.481999
v -2.740000 9.258000 1.581999
v -2.476000 7.658000 1.918999
v -2.590000 7.658000 1.494999
v -2.682000 7.234000 1.548999
v -3.200000 5.600000 0.600000
v -3.355000 7.058000 0.599999
v -3.018000 7.104000 1.477000
v -3.109000 7.234000 1.304999
v -3.182000 7.429000 1.196999
v -3.225000 7.658000 1.168999
v -3.422000 7.658000 0.599999
v -3.477000 9.258000 0.904999
v -3.600000 9.258000 0.599999
v -4.000000 13.658000 0.599999
v -3.154000 9.258000 1.040999
v -3.293000 13.658000 0.692999
v -2.900000 7.658000 1.183999
v -2.906000 24.257999 -1.678002
v -3.355000 24.257999 -0.600002
v -3.018000 24.212999 -1.477002
v -3.109000 24.083000 -1.305002
v -3.182000 23.888000 -1.197002
v -3.225000 23.658001 -1.169002
v -3.422000 23.658001 -0.600002
v -3.477000 22.058001 -0.905002
v -3.600000 22.058001 -0.600002
v -4.000000 17.658001 -0.600001
v -3.154000 22.058001 -1.041002
v -3.293000 17.658001 -0.693001
v -2.740000 22.058001 -1.582002
v -2.567000 17.658001 -1.482001
v -2.900000 23.658001 -1.184002
v -2.590000 23.658001 -1.495002
v -2.682000 24.083000 -1.549002
v -2.197000 24.257999 -2.606002
v -2.788000 24.212999 -1.875002
v -2.685000 24.083000 -2.040002
v -2.627000 23.888000 -2.157002
v -2.625000 23.658001 -2.208002
v -2.230000 23.658001 -2.664002
v -2.522000 22.058001 -2.559002
v -2.319000 22.058001 -2.818002
v -2.519000 17.658001 -3.164001
v -2.246000 17.658001 -2.506001
v -2.479000 22.058001 -2.211002
v -2.476000 23.658001 -1.919002
v -2.906000 7.058000 -1.678000
v -2.771000 5.600000 -1.600001
v -3.200000 5.600000 -0.600000
v -3.355000 7.058000 -0.600001
v -3.018000 7.104000 -1.477000
v -3.109000 7.234000 -1.305001
v -3.182000 7.429000 -1.197001
v -3.225000 7.658000 -1.169001
v -3.422000 7.658000 -0.600001
v -3.477000 9.258000 -0.905001
v -3.600000 9.258000 -0.600001
v -4.000000 13.658000 -0.600001
v -3.293000 13.658000 -0.693001
v -3.154000 9.258000 -1.041001
v -2.567000 13.658000 -1.482001
v -2.740000 9.258000 -1.582001
v -2.900000 7.658000 -1.184001
v -2.590000 7.658000 -1.495001
v -2.682000 7.234000 -1.549001
v -2.119000 5.600000 -2.471000
v -2.197000 7.058000 -2.606000
v -2.788000 7.104000 -1.875000
v -2.685000 7.234000 -2.040000
v -2.627000 7.429000 -2.157001
v -2.625000 7.658000 -2.208000
v -2.230000 7.658000 -2.664001
v -2.522000 9.258000 -2.559001
v -2.319000 9.258000 -2.818001
v -2.519000 13.658000 -3.164001
v -2.479000 9.258000 -2.211001
v -2.246000 13.658000 -2.506001
v -2.476000 7.658000 -1.919001
v 0.000000 24.257999 -3.356002
v -1.158000 24.257999 -3.206002
v -0.230000 24.212999 -3.352002
v -0.424000 24.083000 -3.345002
v -0.554000 23.888000 -3.354002
v -0.600000 23.658001 -3.377002
v -1.192000 23.658001 -3.264002
v -0.955000 22.058001 -3.464002
v -1.280000 22.058001 -3.418002
v -1.480000 17.658001 -3.764001
v -0.675000 22.058001 -3.252002
v -1.047000 17.658001 -3.198001
v 0.000000 22.058001 -3.164002
v 0.000000 17.658001 -2.964001
v -0.424000 23.658001 -3.104002
v 0.000000 23.658001 -2.990002
v 0.000000 24.083000 -3.097002
v 1.158000 24.257999 -3.206002
v 0.230000 24.212999 -3.352002
v 0.424000 24.083000 -3.345002
v 0.554000 23.888000 -3.354002
v 0.600000 23.658001 -3.377002
v 1.192000 23.658001 -3.264002
v 0.955000 22.058001 -3.464002
v 1.280000 22.058001 -3.418002
v 1.480000 17.658001 -3.764001
v 1.047000 17.658001 -3.198001
v 0.675000 22.058001 -3.252002
v 0.424000 23.658001 -3.104002
v 0.000000 7.058000 -3.356000
v 0.000000 5.599999 -3.200001
v -1.080000 5.600000 -3.071001
v -1.158000 7.058000 -3.206001
v -0.230000 7.104000 -3.352000
v -0.424000 7.234000 -3.345001
v -0.554000 7.428999 -3.354001
v -0.600000 7.658000 -3.377001
v -1.192000 7.658000 -3.264000
v -0.955000 9.258000 -3.464001
v -1.280000 9.258000 -3.418001
v -1.480000 13.658000 -3.764001
v -1.047000 13.658000 -3.198001
v -0.675000 9.258000 -3.252001
v 0.000000 13.658000 -2.964001
v 0.000000 9.258000 -3.164001
v -0.424000 7.658000 -3.104001
v 0.000000 7.658000 -2.990000
v 0.000000 7.234000 -3.097000
v 1.080000 5.600000 -3.071001
v 1.158000 7.058000 -3.206001
v 0.230000 7.104000 -3.352000
v 0.424000 7.234000 -3.345001
v 0.554000 7.428999 -3.354001
v 0.600000 7.658000 -3.377001
v 1.192000 7.658000 -3.264000
v 0.955000 9.258000 -3.464001
v 1.280000 9.258000 -3.418001
v 1.480000 13.658000 -3.764001
v 0.675000 9.258000 -3.252001
v 1.047000 13.658000 -3.198001
v 0.424000 7.658000 -3.104001
v 2.906000 24.257999 -1.678002
v 2.197000 24.257999 -2.606002
v 2.788000 24.212999 -1.875002
v 2.685000 24.083000 -2.040002
v 2.627000 23.888000 -2.157002
v 2.625000 23.658001 -2.208002
v 2.230000 23.658001 -2.664002
v 2.522000 22.058001 -2.559002
v 2.319000 22.058001 -2.818002
v 2.519000 17.658001 -3.164001
v 2.479000 22.058001 -2.211002
v 2.246000 17.658001 -2.506001
v 2.740000 22.058001 -1.582002
v 2.567000 17.658001 -1.482001
v 2.476000 23.658001 -1.919002
v 2.590000 23.658001 -1.495002
v 2.682000 24.083000 -1.549002
v 3.355000 24.257999 -0.600002
v 3.018000 24.212999 -1.477002
v 3.109000 24.083000 -1.305002
v 3.182000 23.888000 -1.197002
v 3.225000 23.658001 -1.169002
v 3.422000 23.658001 -0.600002
v 3.477000 22.058001 -0.905002
v 3.600000 22.058001 -0.600002
v 4.000000 17.658001 -0.600001
v 3.293000 17.658001 -0.693001
v 3.154000 22.058001 -1.041002
v 2.900000 23.658001 -1.184002
v 2.906000 7.058000 -1.678000
v 2.771000 5.600000 -1.600001
v 2.119000 5.600000 -2.471000
v 2.197000 7.058000 -2.606000
v 2.788000 7.104000 -1.875000
v 2.685000 7.234000 -2.040000
v 2.627000 7.429000 -2.157001
v 2.625000 7.658000 -2.208000
v 2.230000 7.658000 -2.664001
v 2.522000 9.258000 -2.559001
v 2.319000 9.258000 -2.818001
v 2.519000 13.658000 -3.164001
v 2.246000 13.658000 -2.506001
v 2.479000 9.258000 -2.211001
v 2.567000 13.658000 -1.482001
v 2.740000 9.258000 -1.582001
v 2.476000 7.658000 -1.919001
v 2.590000 7.658000 -1.495001
v 2.682000 7.234000 -1.549001
v 3.200000 5.600000 -0.600000
v 3.355000 7.058000 -0.600001
v 3.018000 7.104000 -1.477000
v 3.109000 7.234000 -1.305001
v 3.182000 7.429000 -1.197001
v 3.225000 7.658000 -1.169001
v 3.422000 7.658000 -0.600001
v 3.477000 9.258000 -0.905001
v 3.600000 9.258000 -0.600001
v 4.000000 13.658000 -0.600001
v 3.154000 9.258000 -1.041001
v 3.293000 13.658000 -0.693001
v 2.900000 7.658000 -1.184001
v 0.000000 3.200000 -4.000000
v 1.531000 3.200000 -3.695000
v 2.828000 3.200000 -2.828000
v 3.696000 3.200000 -1.531000
v 4.000000 3.200000 -0.000000
v -4.000000 3.200000 -0.000000
v -3.696000 3.200000 -1.531000
v -2.828000 3.200000 -2.828000
v -1.531000 3.200000 -3.695000
v 0.000000 3.200000 4.000000
v -1.531000 3.200000 3.696000
v -2.828000 3.200000 2.828000
v -3.696000 3.200000 1.531000
v 3.696000 3.200000 1.531000
v 2.828000 3.200000 2.828000
v 1.531000 3.200000 3.696000
v 4.800000 3.200000 -4.800001
v 7.200000 3.200000 -4.800001
v 7.017000 3.200000 -5.718000
v 6.497000 3.200000 -6.497001
v 5.718000 3.200000 -7.017001
v 4.800000 3.200000 -7.200000
v 4.800000 2.000000 -6.400000
v 5.412000 2.000000 -6.278000
v 4.800000 2.000000 -4.800000
v 5.931000 2.000000 -5.931000
v 6.278000 2.000000 -5.412000
v 6.400000 2.000000 -4.800000
v 4.800000 3.200001 4.800000
v 4.800000 3.200001 7.199999
v 5.718000 3.200001 7.017000
v 6.497000 3.200001 6.497000
v 7.017000 3.200001 5.717999
v 7.200000 3.200001 4.800000
v 6.400000 2.000000 4.800000
v 6.278000 2.000000 5.412000
v 4.800000 2.000000 4.800000
v 5.931000 2.000000 5.931000
v 5.412000 2.000000 6.278000
v 4.800000 2.000000 6.400000
v -4.800000 3.200001 4.800000
v -7.200000 3.200001 4.800000
v -7.017000 3.200001 5.717999
v -6.497000 3.200001 6.497000
v -5.718000 3.200001 7.017000
v -4.800000 3.200001 7.199999
v -4.800000 2.000000 6.400000
v -5.412000 2.000000 6.278000
v -4.800000 2.000000 4.800000
v -5.931000 2.000000 5.931000
v -6.278000 2.000000 5.412000
v -6.400000 2.000000 4.800000
v -4.800000 3.200000 -4.800001
v -4.800000 3.200000 -7.200000
v -5.718000 3.200000 -7.017001
v -6.497000 3.200000 -6.497001
v -7.017000 3.200000 -5.718000
v -7.200000 3.200000 -4.800001
v -6.400000 2.000000 -4.800000
v -6.278000 2.000000 -5.412000
v -4.800000 2.000000 -4.800000
v -5.931000 2.000000 -5.931000
v -5.412000 2.000000 -6.278000
v -4.800000 2.000000 -6.400000
v 0.000000 2.000000 3.200000
v 1.225000 2.000000 2.956000
v 2.263000 2.000000 2.263000
v 2.956000 2.000000 1.225000
v 3.200000 2.000000 -0.000000
v -3.200000 2.000000 -0.000000
v -2.956000 2.000000 1.225000
v -2.263000 2.000000 2.263000
v -1.225000 2.000000 2.956000
v 0.000000 2.000000 -3.200000
v -1.225000 2.000000 -2.956000
v -2.263000 2.000000 -2.263000
v -2.956000 2.000000 -1.225000
v 2.956000 2.000000 -1.225000
v 2.263000 2.000000 -2.263000
v 1.225000 2.000000 -2.956000
v 2.000000 24.000000 -0.000002
v 1.848000 24.000000 0.764998
v 0.000000 24.000000 -0.000002
v 1.414000 24.000000 1.413998
v 0.765000 24.000000 1.847998
v 0.000000 24.000000 1.999998
v -0.765000 24.000000 1.847998
v -1.414000 24.000000 1.413998
v -1.848000 24.000000 0.764998
v -2.000000 24.000000 -0.000002
v -1.848000 24.000000 -0.765002
v -1.414000 24.000000 -1.414002
v -0.765000 24.000000 -1.848002
v 0.000000 24.000000 -2.000002
v 0.765000 24.000000 -1.848002
v 1.414000 24.000000 -1.414002
v 1.848000 24.000000 -0.765002
v 1.600000 69.000000 -0.000005
v 1.478000 69.000000 0.611995
v 1.131000 69.000000 1.130995
v 0.612000 69.000000 1.477995
v 0.000000 69.000000 1.599995
v -0.612000 69.000000 1.477995
v -1.131000 69.000000 1.130995
v -1.478000 69.000000 0.611995
v -1.600000 69.000000 -0.000005
v -1.478000 69.000000 -0.612005
v -1.131000 69.000000 -1.131005
v -0.612000 69.000000 -1.478005
v 0.000000 69.000000 -1.600005
v 0.612000 69.000000 -1.478005
v 1.131000 69.000000 -1.131005
v 1.478000 69.000000 -0.612005
v 2.400000 69.000000 -0.000005
v 2.400000 67.180000 -0.000005
v 2.217000 67.180000 -0.918005
v 2.217000 69.000000 -0.918005
v 1.697000 67.180000 -1.697005
v 1.697000 69.000000 -1.697005
v 0.918000 67.180000 -2.217005
v 0.918000 69.000000 -2.217005
v 0.000000 67.180000 -2.400005
v 0.000000 69.000000 -2.400005
v -0.918000 67.180000 -2.217005
v -0.918000 69.000000 -2.217005
v -1.697000 67.180000 -1.697005
v -1.697000 69.000000 -1.697005
v -2.217000 67.180000 -0.918005
v -2.217000 69.000000 -0.918005
v -2.400000 67.180000 -0.000005
v -2.400000 69.000000 -0.000005
v -2.217000 67.180000 0.917995
v -2.217000 69.000000 0.917995
v -1.697000 67.180000 1.696995
v -1.697000 69.000000 1.696995
v -0.918000 67.180000 2.216995
v -0.918000 69.000000 2.216995
v 0.000000 67.180000 2.399995
v 0.000000 69.000000 2.399995
v 0.918000 67.180000 2.216995
v 0.918000 69.000000 2.216995
v 1.697000 67.180000 1.696995
v 1.697000 69.000000 1.696995
v 2.217000 67.180000 0.917995
v 2.217000 69.000000 0.917995
v 3.000000 67.180000 -0.000005
v 2.772000 67.180000 -1.148005
v 2.121000 67.180000 -2.121005
v 1.148000 67.180000 -2.772005
v 0.000000 67.180000 -3.000005
v -1.148000 67.180000 -2.772005
v -2.121000 67.180000 -2.121005
v -2.772000 67.180000 -1.148005
v -3.000000 67.180000 -0.000005
v -2.772000 67.180000 1.147995
v -2.121000 67.180000 2.120995
v -1.148000 67.180000 2.771995
v 0.000000 67.180000 2.999995
v 1.148000 67.180000 2.771995
v 2.121000 67.180000 2.120995
v 2.772000 67.180000 1.147995
v 3.696000 66.199997 -1.531005
v 4.000000 66.199997 -0.000005
v 3.924000 65.817001 -0.000005
v 3.625000 65.817001 -1.502005
v 3.707000 65.492996 -0.000005
v 3.425000 65.492996 -1.419005
v 3.383000 65.276001 -0.000005
v 3.125000 65.276001 -1.295005
v 3.000000 65.199997 -0.000005
v 2.772000 65.199997 -1.148005
v 2.828000 66.199997 -2.828005
v 2.775000 65.817001 -2.775005
v 2.621000 65.492996 -2.621005
v 2.392000 65.276001 -2.392005
v 2.121000 65.199997 -2.121005
v 1.531000 66.199997 -3.696005
v 1.502000 65.817001 -3.625005
v 1.419000 65.492996 -3.425005
v 1.294000 65.276001 -3.125005
v 1.148000 65.199997 -2.772005
v 0.000000 66.199997 -4.000005
v 0.000000 65.817001 -3.924005
v 0.000000 65.492996 -3.707005
v 0.000000 65.276001 -3.383005
v 0.000000 65.199997 -3.000005
v -1.148000 65.199997 -2.772005
v -1.294000 65.276001 -3.125005
v -1.419000 65.492996 -3.425005
v -1.502000 65.817001 -3.625005
v -1.531000 66.199997 -3.696005
v -2.121000 65.199997 -2.121005
v -2.392000 65.276001 -2.392005
v -2.621000 65.492996 -2.621005
v -2.775000 65.817001 -2.775005
v -2.828000 66.199997 -2.828005
v -2.772000 65.199997 -1.148005
v -3.125000 65.276001 -1.295005
v -3.425000 65.492996 -1.419005
v -3.625000 65.817001 -1.502005
v -3.696000 66.199997 -1.531005
v -3.000000 65.199997 -0.000005
v -3.383000 65.276001 -0.000005
v -3.707000 65.492996 -0.000005
v -3.924000 65.817001 -0.000005
v -4.000000 66.199997 -0.000005
v 0.000000 65.199997 2.999995
v 1.148000 65.199997 2.771995
v 1.294000 65.276001 3.124995
v 0.000000 65.276001 3.382995
v 1.419000 65.492996 3.424995
v 0.000000 65.492996 3.706995
v 1.502000 65.817001 3.624995
v 0.000000 65.817001 3.923995
v 1.531000 66.199997 3.695995
v 0.000000 66.199997 3.999995
v 2.121000 65.199997 2.120995
v 2.392000 65.276001 2.391995
v 2.621000 65.492996 2.620995
v 2.775000 65.817001 2.774995
v 2.828000 66.199997 2.827995
v 2.772000 65.199997 1.147995
v 3.125000 65.276001 1.293995
v 3.425000 65.492996 1.418995
v 3.625000 65.817001 1.501995
v 3.696000 66.199997 1.530995
v -3.696000 66.199997 1.530995
v -3.625000 65.817001 1.501995
v -3.425000 65.492996 1.418995
v -3.125000 65.276001 1.293995
v -2.772000 65.199997 1.147995
v -2.828000 66.199997 2.827995
v -2.775000 65.817001 2.774995
v -2.621000 65.492996 2.620995
v -2.392000 65.276001 2.391995
v -2.121000 65.199997 2.120995
v -1.531000 66.199997 3.695995
v -1.502000 65.817001 3.624995
v -1.419000 65.492996 3.424995
v -1.294000 65.276001 3.124995
v -1.148000 65.199997 2.771995
v 1.294000 67.103996 -3.125005
v 0.000000 67.103996 -3.383005
v 1.419000 66.906998 -3.425005
v 0.000000 66.906998 -3.707005
v 1.502000 66.583000 -3.625005
v 0.000000 66.583000 -3.924005
v 2.392000 67.103996 -2.392005
v 2.621000 66.906998 -2.621005
v 2.775000 66.583000 -2.775005
v 3.125000 67.103996 -1.295005
v 3.425000 66.906998 -1.419005
v 3.625000 66.583000 -1.502005
v 3.383000 67.103996 -0.000005
v 3.707000 66.906998 -0.000005
v 3.924000 66.583000 -0.000005
v -3.924000 66.583000 -0.000005
v -3.625000 66.583000 -1.502005
v -3.707000 66.906998 -0.000005
v -3.425000 66.906998 -1.419005
v -3.383000 67.103996 -0.000005
v -3.125000 67.103996 -1.295005
v -2.775000 66.583000 -2.775005
v -2.621000 66.906998 -2.621005
v -2.392000 67.103996 -2.392005
v -1.502000 66.583000 -3.625005
v -1.419000 66.906998 -3.425005
v -1.294000 67.103996 -3.125005
v 3.625000 66.583000 1.501995
v 3.425000 66.906998 1.418995
v 3.125000 67.103996 1.293995
v 2.775000 66.583000 2.774995
v 2.621000 66.906998 2.620995
v 2.392000 67.103996 2.391995
v 1.502000 66.583000 3.624995
v 1.419000 66.906998 3.424995
v 1.294000 67.103996 3.124995
v 0.000000 66.583000 3.923995
v 0.000000 66.906998 3.706995
v 0.000000 67.103996 3.382995
v -1.294000 67.103996 3.124995
v -1.419000 66.906998 3.424995
v -1.502000 66.583000 3.624995
v -2.392000 67.103996 2.391995
v -2.621000 66.906998 2.620995
v -2.775000 66.583000 2.774995
v -3.125000 67.103996 1.293995
v -3.425000 66.906998 1.418995
v -3.625000 66.583000 1.501995
v 2.400000 65.199997 -0.000005
v 2.217000 65.199997 0.917995
v 1.697000 65.199997 1.696995
v 0.918000 65.199997 2.216995
v 0.000000 65.199997 2.399995
v -0.918000 65.199997 2.216995
v -1.697000 65.199997 1.696995
v -2.217000 65.199997 0.917995
v -2.400000 65.199997 -0.000005
v -2.217000 65.199997 -0.918005
v -1.697000 65.199997 -1.697005
v -0.918000 65.199997 -2.217005
v 0.000000 65.199997 -2.400005
v 0.918000 65.199997 -2.217005
v 1.697000 65.199997 -1.697005
v 2.217000 65.199997 -0.918005
v 2.400000 62.000000 -0.000005
v 2.217000 62.000000 -0.918005
v 1.697000 62.000000 -1.697005
v 0.918000 62.000000 -2.217005
v 0.000000 62.000000 -2.400005
v -0.918000 62.000000 -2.217005
v -1.697000 62.000000 -1.697005
v -2.217000 62.000000 -0.918005
v -2.400000 62.000000 -0.000005
v -2.217000 62.000000 0.917995
v -1.697000 62.000000 1.696995
v -0.918000 62.000000 2.216995
v 0.000000 62.000000 2.399995
v 0.918000 62.000000 2.216995
v 1.697000 62.000000 1.696995
v 2.217000 62.000000 0.917995
v 3.000000 62.000000 -0.000005
v 2.772000 62.000000 -1.148005
v 2.121000 62.000000 -2.121005
v 1.148000 62.000000 -2.772005
v 0.000000 62.000000 -3.000005
v -1.148000 62.000000 -2.772005
v -2.121000 62.000000 -2.121005
v -2.772000 62.000000 -1.148005
v -3.000000 62.000000 -0.000005
v -2.772000 62.000000 1.147995
v -2.121000 62.000000 2.120995
v -1.148000 62.000000 2.771995
v 0.000000 62.000000 2.999995
v 1.148000 62.000000 2.771995
v 2.121000 62.000000 2.120995
v 2.772000 62.000000 1.147995
v 3.696000 61.000000 -1.531005
v 4.000000 61.000000 -0.000005
v 3.924000 60.617001 -0.000005
v 3.625000 60.617001 -1.502005
v 3.707000 60.292999 -0.000005
v 3.425000 60.292999 -1.419005
v 3.383000 60.076000 -0.000005
v 3.125000 60.076000 -1.294005
v 2.828000 61.000000 -2.828005
v 2.775000 60.617001 -2.775005
v 2.621000 60.292999 -2.621005
v 2.392000 60.076000 -2.392004
v 1.531000 61.000000 -3.696005
v 1.502000 60.617001 -3.625005
v 1.419000 60.292999 -3.425004
v 1.294000 60.076000 -3.125005
v 0.000000 61.000000 -4.000005
v 0.000000 60.617001 -3.924005
v 0.000000 60.292999 -3.707005
v 0.000000 60.076000 -3.383004
v -1.294000 60.076000 -3.125005
v -1.419000 60.292999 -3.425004
v -1.502000 60.617001 -3.625005
v -1.531000 61.000000 -3.696005
v -2.392000 60.076000 -2.392004
v -2.621000 60.292999 -2.621005
v -2.775000 60.617001 -2.775005
v -2.828000 61.000000 -2.828005
v -3.125000 60.076000 -1.294005
v -3.425000 60.292999 -1.419005
v -3.625000 60.617001 -1.502005
v -3.696000 61.000000 -1.531005
v -3.383000 60.076000 -0.000005
v -3.707000 60.292999 -0.000005
v -3.924000 60.617001 -0.000005
v -4.000000 61.000000 -0.000005
v 1.294000 60.076000 3.124995
v 0.000000 60.076000 3.382995
v 1.419000 60.292999 3.424995
v 0.000000 60.292999 3.706995
v 1.502000 60.617001 3.624995
v 0.000000 60.617001 3.923995
v 1.531000 61.000000 3.695996
v 0.000000 61.000000 3.999995
v 2.392000 60.076000 2.391995
v 2.621000 60.292999 2.620996
v 2.775000 60.617001 2.774996
v 2.828000 61.000000 2.827996
v 3.125000 60.076000 1.294995
v 3.425000 60.292999 1.418995
v 3.625000 60.617001 1.501995
v 3.696000 61.000000 1.530995
v -3.696000 61.000000 1.530995
v -3.625000 60.617001 1.501995
v -3.425000 60.292999 1.418995
v -3.125000 60.076000 1.294995
v -2.828000 61.000000 2.827996
v -2.775000 60.617001 2.774996
v -2.621000 60.292999 2.620996
v -2.392000 60.076000 2.391995
v -1.531000 61.000000 3.695996
v -1.502000 60.617001 3.624995
v -1.419000 60.292999 3.424995
v -1.294000 60.076000 3.124995
v 1.294000 61.924000 -3.125005
v 0.000000 61.924000 -3.383005
v 1.419000 61.707001 -3.425005
v 0.000000 61.707001 -3.707005
v 1.502000 61.382999 -3.625005
v 0.000000 61.382999 -3.924005
v 2.392000 61.924000 -2.392005
v 2.621000 61.707001 -2.621005
v 2.775000 61.382999 -2.775005
v 3.125000 61.924000 -1.294005
v 3.425000 61.707001 -1.419005
v 3.625000 61.382999 -1.502005
v 3.383000 61.924000 -0.000005
v 3.707000 61.707001 -0.000005
v 3.924000 61.382999 -0.000005
v -3.924000 61.382999 -0.000005
v -3.625000 61.382999 -1.502005
v -3.707000 61.707001 -0.000005
v -3.425000 61.707001 -1.419005
v -3.383000 61.924000 -0.000005
v -3.125000 61.924000 -1.294005
v -2.775000 61.382999 -2.775005
v -2.621000 61.707001 -2.621005
v -2.392000 61.924000 -2.392005
v -1.502000 61.382999 -3.625005
v -1.419000 61.707001 -3.425005
v -1.294000 61.924000 -3.125005
v 3.625000 61.382999 1.501995
v 3.425000 61.707001 1.418995
v 3.125000 61.924000 1.294995
v 2.775000 61.382999 2.774996
v 2.621000 61.707001 2.620995
v 2.392000 61.924000 2.391995
v 1.502000 61.382999 3.624995
v 1.419000 61.707001 3.424995
v 1.294000 61.924000 3.124995
v 0.000000 61.382999 3.923995
v 0.000000 61.707001 3.706995
v 0.000000 61.924000 3.382995
v -1.294000 61.924000 3.124995
v -1.419000 61.707001 3.424995
v -1.502000 61.382999 3.624995
v -2.392000 61.924000 2.391995
v -2.621000 61.707001 2.620995
v -2.775000 61.382999 2.774996
v -3.125000 61.924000 1.294995
v -3.425000 61.707001 1.418995
v -3.625000 61.382999 1.501995
v -2.400000 60.000000 0.399995
v -1.546000 60.000000 1.877995
v -1.546000 60.000000 -1.878005
v 0.854000 29.341000 -2.278002
v -0.854000 29.341000 -2.278002
v -2.400000 60.000000 -0.400005
v 0.854000 60.000000 -2.278005
v -0.854000 60.000000 -2.278005
v 2.400000 60.000000 -0.400005
v 2.400000 29.341000 -0.400002
v 1.546000 29.341000 -1.878002
v 1.546000 60.000000 -1.878005
v 1.546000 60.000000 1.877995
v 2.400000 60.000000 0.399995
v 1.546000 29.341000 1.877998
v 2.400000 29.341000 0.399998
v -0.854000 60.000000 2.277996
v 0.854000 60.000000 2.277996
v -2.078000 60.000000 1.199996
v -0.854000 29.341000 2.277998
v 0.854000 29.341000 2.277998
v -2.078000 60.000000 -1.200005
v 0.000000 60.000000 -2.400005
v 2.078000 60.000000 -1.200005
v -2.400000 29.341000 0.399998
v -1.546000 29.341000 1.877998
v 2.078000 60.000000 1.199996
v 0.000000 60.000000 2.399996
v -1.546000 29.341000 -1.878002
v -2.400000 29.341000 -0.400002
v -4.800000 0.019999 -7.960000
v -4.800000 2.399999 -7.960000
v 4.800000 2.399999 -7.960000
v 4.800000 0.019999 -7.960000
v 4.800000 0.020000 -6.400000
v -4.800000 0.020000 -6.400000
v 7.960000 0.020000 -4.800000
v 7.960000 2.400000 -4.800000
v 7.960000 2.400001 4.800000
v 7.960000 0.020000 4.800000
v 6.400000 0.020000 4.800000
v 6.400000 0.020000 -4.800000
v 4.800000 0.020001 7.960000
v 4.800000 2.400001 7.960000
v -4.800000 2.400001 7.960000
v -4.800000 0.020001 7.960000
v -4.800000 0.020000 6.400000
v 4.800000 0.020000 6.400000
v -7.960000 0.020000 4.800000
v -7.960000 2.400001 4.800000
v -7.960000 2.400000 -4.800000
v -7.960000 0.020000 -4.800000
v -6.400000 0.020000 -4.800000
v -6.400000 0.020000 4.800000
v 1.280000 22.058001 3.417998
v 1.480000 17.658001 3.763999
v 1.480000 13.658000 3.763999
v 1.280000 9.258000 3.417999
v 1.080000 5.600000 3.071000
v -2.320000 22.058001 2.817998
v -2.520000 17.658001 3.163999
v -2.520000 13.658000 3.163999
v -2.320000 9.258000 2.817999
v -2.120000 5.600000 2.470999
v 4.000000 5.600000 -0.000000
v 3.696000 5.600000 -1.531000
v 2.828000 5.600000 -2.828001
v 1.531000 5.599999 -3.695000
v 0.000000 5.599999 -4.000000
v -1.531000 5.599999 -3.695000
v -2.828000 5.600000 -2.828001
v -3.696000 5.600000 -1.531000
v -4.000000 5.600000 -0.000000
v -3.696000 5.600000 1.531000
v -2.828000 5.600000 2.828000
v -1.531000 5.600000 3.696000
v 0.000000 5.600000 4.000000
v 1.531000 5.600000 3.696000
v 2.828000 5.600000 2.828000
v 3.696000 5.600000 1.531000
v -4.800000 2.705999 -7.909000
v 4.800000 2.705999 -7.909000
v -4.800000 2.966000 -7.766000
v 4.800000 2.966000 -7.766000
v -4.800000 3.138999 -7.506000
v 4.800000 3.138999 -7.506000
v 5.836000 3.138999 -7.300000
v 5.935000 2.966000 -7.540000
v 6.001000 2.706000 -7.700000
v 6.025000 2.400000 -7.756000
v 6.714000 3.138999 -6.713000
v 6.897000 2.966000 -6.897000
v 7.020000 2.706000 -7.020000
v 7.063000 2.400000 -7.063000
v 7.300000 3.138999 -5.836000
v 7.540000 2.966000 -5.935000
v 7.700000 2.706000 -6.001000
v 7.756000 2.400000 -6.025000
v 7.506000 3.138999 -4.800000
v 7.766000 2.966000 -4.800000
v 7.909000 2.706000 -4.800000
v 7.756000 0.020000 -6.025000
v 7.063000 0.019999 -7.063000
v 6.025000 0.019999 -7.756000
v 5.412000 0.020000 -6.278000
v 5.931000 0.020000 -5.931000
v 6.278000 0.020000 -5.412000
v 7.909000 2.706001 4.800000
v 7.766000 2.966001 4.800000
v 7.506000 3.139000 4.800000
v 7.300000 3.139000 5.836000
v 7.540000 2.966001 5.935000
v 7.700000 2.706001 6.001000
v 7.756000 2.400001 6.025000
v 6.714000 3.139000 6.714000
v 6.897000 2.966001 6.897000
v 7.020000 2.706001 7.020000
v 7.063000 2.400001 7.063000
v 5.836000 3.139000 7.300000
v 5.935000 2.966001 7.540000
v 6.001000 2.706001 7.700000
v 6.025000 2.400001 7.756000
v 4.800000 3.139000 7.506000
v 4.800000 2.966001 7.766000
v 4.800000 2.706001 7.909000
v 6.025000 0.020001 7.756000
v 7.063000 0.020001 7.063000
v 7.756000 0.020000 6.025000
v 6.278000 0.020000 5.412000
v 5.931000 0.020000 5.931000
v 5.412000 0.020000 6.278000
v -4.800000 2.706001 7.909000
v -4.800000 2.966001 7.766000
v -4.800000 3.139000 7.506000
v -5.836000 3.139000 7.300000
v -5.935000 2.966001 7.540000
v -6.001000 2.706001 7.700000
v -6.025000 2.400001 7.756000
v -6.714000 3.139000 6.714000
v -6.897000 2.966001 6.897000
v -7.020000 2.706001 7.020000
v -7.063000 2.400001 7.063000
v -7.300000 3.139000 5.836000
v -7.540000 2.966001 5.935000
v -7.700000 2.706001 6.001000
v -7.756000 2.400001 6.025000
v -7.506000 3.139000 4.800000
v -7.766000 2.966001 4.800000
v -7.909000 2.706001 4.800000
v -7.756000 0.020000 6.025000
v -7.063000 0.020001 7.063000
v -6.025000 0.020001 7.756000
v -5.412000 0.020000 6.278000
v -5.931000 0.020000 5.931000
v -6.278000 0.020000 5.412000
v -7.909000 2.706000 -4.800000
v -7.766000 2.966000 -4.800000
v -7.506000 3.138999 -4.800000
v -7.300000 3.138999 -5.836000
v -7.540000 2.966000 -5.935000
v -7.700000 2.706000 -6.001000
v -7.756000 2.400000 -6.025000
v -6.714000 3.138999 -6.713000
v -6.897000 2.966000 -6.897000
v -7.020000 2.706000 -7.020000
v -7.063000 2.400000 -7.063000
v -5.836000 3.138999 -7.300000
v -5.935000 2.966000 -7.540000
v -6.001000 2.706000 -7.700000
v -6.025000 2.400000 -7.756000
v -6.025000 0.019999 -7.756000
v -7.063000 0.019999 -7.063000
v -7.756000 0.020000 -6.025000
v -6.278000 0.020000 -5.412000
v -5.931000 0.020000 -5.931000
v -5.412000 0.020000 -6.278000
v 2.400000 0.020000 -0.000000
v 2.400000 2.000000 -0.000000
v 2.217000 2.000000 -0.918000
v 2.217000 0.020000 -0.918000
v 1.697000 2.000000 -1.697000
v 1.697000 0.020000 -1.697000
v 0.918000 2.000000 -2.217000
v 0.918000 0.020000 -2.217000
v 0.000000 2.000000 -2.400000
v 0.000000 0.020000 -2.400000
v -0.918000 2.000000 -2.217000
v -0.918000 0.020000 -2.217000
v -1.697000 2.000000 -1.697000
v -1.697000 0.020000 -1.697000
v -2.217000 2.000000 -0.918000
v -2.217000 0.020000 -0.918000
v -2.400000 2.000000 -0.000000
v -2.400000 0.020000 -0.000000
v -2.217000 2.000000 0.918000
v -2.217000 0.020000 0.918000
v -1.697000 2.000000 1.697000
v -1.697000 0.020000 1.697000
v -0.918000 2.000000 2.217000
v -0.918000 0.020000 2.217000
v 0.000000 2.000000 2.400000
v 0.000000 0.020000 2.400000
v 0.918000 2.000000 2.217000
v 0.918000 0.020000 2.217000
v 1.697000 2.000000 1.697000
v 1.697000 0.020000 1.697000
v 2.217000 2.000000 0.918000
v 2.217000 0.020000 0.918000
v 3.200000 0.020000 -0.000000
v 2.956000 0.020000 1.225000
v 2.263000 0.020000 2.263000
v 1.225000 0.020000 2.956000
v 0.000000 0.020000 3.200000
v -1.225000 0.020000 2.956000
v -2.263000 0.020000 2.263000
v -2.956000 0.020000 1.225000
v -3.200000 0.020000 -0.000000
v -2.956000 0.020000 -1.225000
v -2.263000 0.020000 -2.263000
v -1.225000 0.020000 -2.956000
v 0.000000 0.020000 -3.200000
v 1.225000 0.020000 -2.956000
v 2.263000 0.020000 -2.263000
v 2.956000 0.020000 -1.225000
v 2.000000 2.000000 -0.000000
v 1.848000 2.000000 0.765000
v 1.414000 2.000000 1.414000
v 0.765000 2.000000 1.848000
v 0.000000 2.000000 2.000000
v -0.765000 2.000000 1.848000
v -1.414000 2.000000 1.414000
v -1.848000 2.000000 0.765000
v -2.000000 2.000000 -0.000000
v -1.848000 2.000000 -0.765000
v -1.414000 2.000000 -1.414000
v -0.765000 2.000000 -1.848000
v 0.000000 2.000000 -2.000000
v 0.765000 2.000000 -1.848000
v 1.414000 2.000000 -1.414000
v 1.848000 2.000000 -0.765000
v 0.000000 60.000000 -0.000005
v 0.000000 67.000000 -0.000005
v -1.546000 29.433001 1.877998
v -1.546000 29.693001 1.877998
v -1.546000 30.082001 1.877998
v 1.546000 29.433001 -1.878002
v 0.854000 29.433001 -2.278002
v -0.854000 29.433001 -2.278002
v -2.400000 29.433001 0.399998
v -1.546000 29.433001 -1.878002
v -2.400000 29.433001 -0.400002
v 2.400000 29.433001 -0.400002
v 1.546000 29.433001 1.877998
v 2.400000 29.433001 0.399998
v -0.854000 29.433001 2.277998
v 0.854000 29.433001 2.277998
v 1.546000 29.693001 -1.878002
v 0.854000 29.693001 -2.278002
v -0.854000 29.693001 -2.278002
v -2.400000 29.693001 0.399998
v -1.546000 29.693001 -1.878002
v -2.400000 29.693001 -0.400002
v 2.400000 29.693001 -0.400002
v 1.546000 29.693001 1.877998
v 2.400000 29.693001 0.399998
v -0.854000 29.693001 2.277998
v 0.854000 29.693001 2.277998
v 1.546000 30.082001 -1.878002
v 0.854000 30.082001 -2.278003
v -0.854000 30.082001 -2.278003
v -2.400000 30.082001 0.399998
v -1.546000 30.082001 -1.878002
v -2.400000 30.082001 -0.400002
v 2.400000 30.082001 -0.400002
v 1.546000 30.082001 1.877998
v 2.400000 30.082001 0.399998
v -0.854000 30.082001 2.277998
v 0.854000 30.082001 2.277998
v -2.196000 25.841999 2.195998
v -1.189000 25.841999 2.869998
v 2.870000 25.841999 -1.189002
v 3.106000 25.841999 -0.000002
v 2.870000 25.841999 1.188998
v -1.189000 25.841999 -2.870002
v -2.196000 25.841999 -2.196002
v -3.106000 25.841999 -0.000002
v -2.870000 25.841999 -1.189002
v 2.196000 25.841999 2.195998
v -2.870000 25.841999 1.188998
v 1.189000 25.841999 2.869998
v 2.196000 25.841999 -2.196002
v 0.000000 25.841999 3.105998
v 1.189000 25.841999 -2.870002
v 0.000000 25.841999 -3.106002
v -0.327000 58.709000 2.353996
v -0.604000 58.448002 2.313995
v -2.375000 58.058998 0.460996
v -2.400000 57.599998 0.399996
v 0.327000 58.709000 2.353996
v 0.604000 58.448002 2.313995
v 0.000000 58.799999 2.399996
v -0.604000 58.448002 -2.314004
v -0.789000 58.058998 -2.288004
v 0.000000 58.799999 -2.400005
v -0.327000 58.709000 -2.354005
v 2.375000 58.058998 -0.461004
v 2.400000 57.599998 -0.400004
v 0.327000 58.709000 -2.354005
v 2.306000 58.448002 -0.634004
v -0.854000 57.599998 -2.278004
v 0.604000 58.448002 -2.314004
v 0.789000 58.058998 -2.288004
v 1.875000 58.709000 -1.460004
v 1.702000 58.448002 -1.680004
v -2.078000 58.799999 -1.200004
v -1.875000 58.709000 -1.460004
v 2.078000 58.799999 -1.200004
v 2.202000 58.709000 -0.894004
v 1.587000 58.058998 1.826996
v 1.546000 57.599998 1.877996
v -2.202000 58.709000 -0.894004
v -1.702000 58.448002 -1.680004
v -1.587000 58.058998 -1.827004
v -1.546000 57.599998 -1.878004
v 0.854000 57.599998 -2.278004
v 2.078000 58.799999 1.199996
v 1.875000 58.709000 1.459996
v 2.202000 58.709000 0.893996
v -2.078000 58.799999 1.199996
v -2.202000 58.709000 0.893996
v 2.306000 58.448002 0.633996
v -1.875000 58.709000 1.459996
v 2.375000 58.058998 0.460996
v -1.702000 58.448002 1.679996
v -2.306000 58.448002 0.633996
v -1.587000 58.058998 1.826996
v 1.702000 58.448002 1.679996
v -0.789000 58.058998 2.287996
v -2.400000 57.599998 -0.400004
v -2.375000 58.058998 -0.461004
v -0.854000 57.599998 2.277996
v -1.546000 57.599998 1.877996
v -2.306000 58.448002 -0.634004
v 0.789000 58.058998 2.287996
v 1.546000 57.599998 -1.878004
v 1.587000 58.058998 -1.827004
v 2.400000 57.599998 0.399996
v 0.854000 57.599998 2.277996
v -1.848000 2.000000 -0.765000
v -1.414000 2.000000 -1.414000
v -1.697000 67.180000 1.696995
v -0.918000 67.180000 2.216995
v 0.230000 24.212999 -3.352002
v 0.424000 24.083000 -3.345002
v -0.424000 24.083000 -3.345002
v -0.554000 23.888000 -3.354002
v 0.612000 67.000000 -1.478005
v 0.000000 67.000000 -1.600005
v 1.131000 67.000000 -1.131005
v -2.217000 69.000000 0.917995
v -1.697000 69.000000 1.696995
v -0.600000 23.658001 -3.377002
v 1.697000 67.180000 1.696995
v 2.217000 67.180000 0.917995
v 1.478000 67.000000 -0.612005
v 2.000000 2.000000 -0.000000
v 1.848000 2.000000 0.765000
v -2.400000 69.000000 -0.000005
v 1.600000 67.000000 -0.000005
v -1.080000 5.600000 3.071000
v -2.120000 5.600000 2.470999
v 1.414000 2.000000 1.414000
v -2.217000 69.000000 -0.918005
v 0.918000 67.180000 2.216995
v 3.109000 24.083000 1.304998
v 3.182000 23.888000 1.196998
v -1.478000 67.000000 -0.612005
v -1.600000 67.000000 -0.000005
v 3.225000 23.658001 1.168998
v -0.612000 67.000000 -1.478005
v -1.131000 67.000000 -1.131005
v -0.955000 22.058001 -3.464002
v -1.480000 17.658001 -3.764001
v 0.000000 2.000000 -2.000000
v 0.765000 2.000000 -1.848000
v 1.225000 0.020000 -2.956000
v 2.263000 0.020000 -2.263000
v 2.788000 24.212999 1.874998
v 2.685000 24.083000 2.039998
v -2.000000 2.000000 -0.000000
v -0.612000 67.000000 1.477995
v 0.000000 67.000000 1.599995
v 0.612000 67.000000 1.477995
v 0.000000 24.257999 -3.356002
v -0.230000 24.212999 -3.352002
v 0.000000 7.058001 3.355999
v -0.230000 7.104001 3.352000
v 0.918000 69.000000 2.216995
v 1.697000 69.000000 1.696995
v 2.906000 7.058000 -1.678000
v 3.018000 7.104000 -1.477000
v -1.697000 67.180000 -1.697005
v -2.217000 67.180000 -0.918005
v 0.600000 23.658001 -3.377002
v 0.955000 22.058001 -3.464002
v -2.956000 0.020000 1.225000
v -3.200000 0.020000 -0.000000
v -2.263000 0.020000 2.263000
v 3.477000 22.058001 0.904998
v 4.000000 17.658001 0.599999
v 2.625000 23.658001 2.207998
v 2.522000 22.058001 2.558998
v -2.956000 0.020000 -1.225000
v -2.263000 0.020000 -2.263000
v -2.400000 67.180000 -0.000005
v -2.217000 67.180000 0.917995
v -1.478000 67.000000 0.611995
v -2.685000 7.234000 -2.040000
v -2.627000 7.429000 -2.157001
v 2.906000 24.257999 1.677998
v 3.018000 24.212999 1.476998
v 3.200000 5.600000 -0.600000
v 2.771000 5.600000 -1.600001
v 0.000000 69.000000 -2.400005
v -0.918000 69.000000 -2.217005
v 4.800000 2.000000 -6.400000
v -4.800000 2.000000 -6.400000
v 2.956000 0.020000 1.225000
v 2.263000 0.020000 2.263000
v -2.788000 7.104000 -1.875000
v -0.918000 67.180000 -2.217005
v 2.956000 0.020000 -1.225000
v -1.697000 69.000000 -1.697005
v 2.217000 67.180000 -0.918005
v 1.697000 67.180000 -1.697005
v 3.200000 0.020000 -0.000000
v 0.612000 69.000000 -1.478005
v 1.131000 69.000000 -1.131005
v 2.119000 5.600000 2.470999
v 1.080000 5.600000 3.071000
v 1.414000 2.000000 -1.414000
v 0.918000 67.180000 -2.217005
v 1.848000 2.000000 -0.765000
v -0.327000 29.433001 -2.354002
v -0.604000 29.693001 -2.314002
v 0.000000 69.000000 -1.600005
v 0.000000 7.058000 -3.356000
v -0.230000 7.104000 -3.352000
v 2.906000 7.058000 1.677999
v 3.018000 7.104000 1.477000
v 1.480000 17.658001 -3.764001
v 2.519000 17.658001 3.163999
v 2.217000 69.000000 -0.918005
v 1.697000 69.000000 -1.697005
v -1.131000 67.000000 1.130995
v 0.918000 2.000000 2.217000
v 1.697000 2.000000 1.697000
v 4.000000 5.600000 -0.000000
v 3.696000 5.600000 1.531000
v 2.217000 2.000000 0.918000
v 0.000000 69.000000 2.399995
v -0.612000 69.000000 1.477995
v -1.131000 69.000000 1.130995
v 0.918000 0.020000 2.217000
v 1.697000 0.020000 1.697000
v 0.000000 0.020000 2.400000
v -4.800000 0.020000 6.400000
v -5.412000 0.020000 6.278000
v 0.612000 69.000000 1.477995
v 0.000000 69.000000 1.599995
v 1.131000 69.000000 1.130995
v 1.478000 69.000000 0.611995
v 2.217000 0.020000 0.918000
v 1.600000 69.000000 -0.000005
v -3.018000 7.104000 -1.477000
v -3.109000 7.234000 -1.305001
v -3.182000 7.429000 -1.197001
v 4.800000 0.020000 6.400000
v 2.400000 69.000000 -0.000005
v 4.800000 0.020001 7.960000
v -4.800000 0.020001 7.960000
v -6.025000 0.020001 7.756000
v -0.955000 9.258000 -3.464001
v -1.480000 13.658000 -3.764001
v -2.217000 0.020000 -0.918000
v -2.400000 0.020000 -0.000000
v -4.000000 17.658001 0.599999
v -4.000000 13.658000 0.599999
v 3.225000 7.658000 1.168999
v 3.477000 9.258000 0.904999
v 2.788000 7.104000 1.875000
v 2.685000 7.234000 2.039999
v 3.182000 7.429000 1.196999
v -4.800000 0.019999 -7.960000
v 4.800000 0.019999 -7.960000
v 0.600000 7.658000 -3.377001
v 0.955000 9.258000 -3.464001
v -1.697000 2.000000 -1.697000
v -2.217000 2.000000 -0.918000
v -1.697000 0.020000 -1.697000
v 1.478000 69.000000 -0.612005
v 0.765000 24.000000 1.847998
v 0.000000 24.000000 1.999998
v -2.375000 30.082001 -0.461002
v -2.400000 30.541000 -0.400002
v 1.414000 24.000000 1.413998
v -6.400000 0.020000 -4.800000
v -6.278000 0.020000 -5.412000
v -2.400000 2.000000 -0.000000
v 0.327000 29.433001 -2.354002
v 0.604000 29.693001 -2.314002
v 3.200000 5.600000 0.600000
v 2.771000 5.600000 1.600000
v -0.765000 24.000000 1.847998
v 0.000000 0.020000 -3.200000
v -1.225000 0.020000 -2.956000
v 2.906000 24.257999 -1.678002
v 3.018000 24.212999 -1.477002
v -7.960000 0.020000 -4.800000
v -7.756000 0.020000 -6.025000
v -2.906000 24.257999 1.677998
v -3.018000 24.212999 1.476998
v -2.788000 24.212999 -1.875002
v -2.685000 24.083000 -2.040002
v 0.000000 24.257999 3.355998
v 0.230000 24.212999 3.351998
v 2.400000 67.180000 -0.000005
v 0.000000 29.341000 -2.400002
v 2.627000 23.888000 2.156998
v -0.765000 2.000000 -1.848000
v 2.217000 69.000000 0.917995
v -0.918000 62.000000 2.216995
v 0.000000 62.000000 2.399995
v 2.519000 17.658001 -3.164001
v 2.519000 13.658000 -3.164001
v 3.109000 7.234000 1.304999
v 1.480000 13.658000 -3.764001
v -2.263000 2.000000 2.263000
v -1.225000 2.000000 2.956000
v 1.478000 67.000000 0.611995
v -2.217000 62.000000 -0.918005
v -2.400000 62.000000 -0.000005
v -1.225000 2.000000 -2.956000
v -2.263000 2.000000 -2.263000
v 2.522000 22.058001 -2.559002
v 0.918000 62.000000 -2.217005
v 0.000000 62.000000 -2.400005
v -7.063000 0.019999 -7.063000
v 1.697000 62.000000 -1.697005
v -3.225000 23.658001 -1.169002
v -3.477000 22.058001 -0.905002
v 6.400000 0.020000 -4.800000
v 6.278000 0.020000 -5.412000
v 2.828000 5.600000 -2.828001
v 1.531000 5.599999 -3.695000
v -2.217000 62.000000 0.917995
v -5.931000 0.020000 -5.931000
v -5.412000 0.020000 -6.278000
v 2.217000 62.000000 -0.918005
v -1.697000 62.000000 1.696995
v -2.956000 2.000000 -1.225000
v 3.696000 5.600000 -1.531000
v -6.025000 0.019999 -7.756000
v 1.848000 24.000000 0.764998
v 0.000000 5.599999 -4.000000
v -1.531000 5.599999 -3.695000
v 2.625000 23.658001 -2.208002
v 2.788000 24.212999 -1.875002
v 2.685000 24.083000 -2.040002
v 2.788000 7.104000 -1.875000
v -0.955000 22.058001 3.463998
v -1.480000 17.658001 3.763999
v 0.000000 2.000000 -3.200000
v 3.477000 22.058001 -0.905002
v 4.000000 17.658001 -0.600001
v 2.263000 2.000000 -2.263000
v 1.225000 2.000000 -2.956000
v -7.960000 0.020000 4.800000
v -7.756000 0.020000 6.025000
v 0.000000 5.599999 -3.200001
v 1.080000 5.600000 -3.071001
v -0.424000 24.083000 3.344998
v -0.554000 23.888000 3.353998
v 1.480000 17.658001 3.763999
v 1.480000 13.658000 3.763999
v -2.217000 2.000000 0.918000
v -3.225000 7.658000 -1.169001
v -3.477000 9.258000 -0.905001
v -1.697000 2.000000 1.697000
v 2.627000 7.429000 2.157000
v 7.960000 0.020000 -4.800000
v 7.756000 0.020000 -6.025000
v -4.000000 17.658001 -0.600001
v -0.230000 24.212999 3.351998
v 2.627000 23.888000 -2.157002
v -2.217000 0.020000 0.918000
v 0.230000 7.104000 -3.352000
v -5.412000 2.000000 6.278000
v -5.931000 2.000000 5.931000
v 2.000000 24.000000 -0.000002
v 4.800000 0.020000 -6.400000
v 5.412000 0.020000 -6.278000
v 0.000000 2.000000 2.400000
v 2.119000 5.600000 -2.471000
v 2.625000 7.658000 2.207999
v -4.000000 13.658000 -0.600001
v -0.918000 2.000000 2.217000
v -0.918000 62.000000 -2.217005
v -1.697000 62.000000 -1.697005
v -1.478000 69.000000 0.611995
v -1.600000 69.000000 -0.000005
v -1.478000 69.000000 -0.612005
v 2.400000 62.000000 -0.000005
v 2.217000 62.000000 0.917995
v -6.278000 2.000000 5.412000
v -0.612000 69.000000 -1.478005
v -0.918000 0.020000 2.217000
v -0.600000 7.658000 -3.377001
v -1.131000 69.000000 -1.131005
v -6.400000 0.020000 4.800000
v 3.477000 9.258000 -0.905001
v 4.000000 13.658000 -0.600001
v -0.554000 7.428999 -3.354001
v -1.697000 0.020000 1.697000
v -4.800000 0.020000 -6.400000
v 2.522000 9.258000 2.558999
v -0.554000 7.429000 3.354000
v -0.600000 7.658000 3.377000
v -2.519000 17.658001 -3.164001
v -2.519000 13.658000 -3.164001
v -6.278000 0.020000 5.412000
v -6.400000 2.000000 4.800000
v -0.424000 7.234001 3.345000
v 0.765000 2.000000 1.848000
v -0.600000 23.658001 3.376998
v 1.131000 67.000000 1.130995
v -0.424000 7.234000 -3.345001
v 7.063000 0.019999 -7.063000
v 6.025000 0.019999 -7.756000
v 2.956000 2.000000 -1.225000
v 2.519000 13.658000 3.163999
v 5.412000 2.000000 -6.278000
v 5.931000 0.020000 -5.931000
v 0.000000 3.200000 4.000000
v -1.531000 3.200000 3.696000
v -2.828000 3.200000 -2.828000
v -1.531000 3.200000 -3.695000
v 6.400000 2.000000 -4.800000
v 6.400000 2.000000 4.800000
v -3.696000 3.200000 -1.531000
v 5.412000 0.020000 6.278000
v -2.906000 7.058000 -1.678000
v -2.828000 3.200000 2.828000
v -3.696000 3.200000 1.531000
v -0.604000 29.693001 2.313998
v -0.789000 30.082001 2.287998
v 4.800000 2.000000 6.400000
v -4.800000 2.000000 6.400000
v -2.119000 5.600000 -2.471000
v -2.771000 5.600000 -1.600001
v -2.906000 24.257999 -1.678002
v -2.685000 24.083000 2.039998
v -2.627000 23.888000 2.156998
v -3.109000 24.083000 1.304998
v 0.000000 29.341000 2.399998
v -0.327000 29.433001 2.353998
v 4.000000 13.658000 0.599999
v -2.625000 23.658001 2.207998
v 3.696000 3.200000 1.531000
v 2.828000 3.200000 2.828000
v 5.931000 2.000000 -5.931000
v -3.225000 23.658001 1.168998
v -3.477000 22.058001 0.904998
v 1.531000 3.200000 -3.695000
v 2.828000 3.200000 -2.828000
v 6.025000 0.020001 7.756000
v 2.375000 30.082001 0.460998
v 2.400000 30.541000 0.399998
v 0.327000 29.433001 2.353998
v 0.918000 65.199997 2.216995
v 0.000000 65.199997 2.399995
v 1.697000 65.199997 1.696995
v 1.848000 24.000000 -0.765002
v 6.278000 2.000000 -5.412000
v 2.217000 65.199997 0.917995
v 2.400000 65.199997 -0.000005
v 2.306000 29.693001 0.633998
v -6.400000 2.000000 -4.800000
v 6.278000 0.020000 5.412000
v 5.931000 0.020000 5.931000
v -0.854000 30.541000 2.277998
v 0.000000 3.200000 -4.000000
v 0.000000 65.199997 -2.400005
v 0.918000 65.199997 -2.217005
v 1.531000 3.200000 3.696000
v 0.604000 29.693001 2.313998
v 0.789000 30.082001 2.287998
v -3.182000 23.888000 1.196998
v -2.522000 22.058001 2.558998
v 1.531000 5.600000 3.696000
v 2.828000 5.600000 2.828000
v -4.000000 3.200000 -0.000000
v -2.788000 7.104000 1.875000
v -2.685000 7.234000 2.039999
v -2.627000 7.429000 2.157000
v 0.000000 5.600000 4.000000
v 3.225000 7.658000 -1.169001
v -0.955000 9.258000 3.463999
v 2.400000 2.000000 -0.000000
v -1.531000 5.600000 3.696000
v 7.960000 0.020000 4.800000
v 7.756000 0.020000 6.025000
v 1.875000 29.433001 1.459998
v 1.702000 29.693001 1.679998
v -3.200000 2.000000 -0.000000
v -3.018000 7.104000 1.477000
v -3.109000 7.234000 1.304999
v 1.697000 65.199997 -1.697005
v -3.225000 7.658000 1.168999
v -3.477000 9.258000 0.904999
v -2.078000 29.341000 1.199998
v -1.875000 29.433001 1.459998
v 2.522000 9.258000 -2.559001
v 2.685000 7.234000 -2.040000
v 0.918000 62.000000 2.216995
v 2.627000 7.429000 -2.157001
v -2.828000 5.600000 -2.828001
v -2.625000 7.658000 2.207999
v -2.522000 9.258000 2.558999
v 2.078000 29.341000 1.199998
v 2.202000 29.433001 0.893998
v 1.587000 30.082001 -1.827002
v 1.546000 30.541000 -1.878002
v 1.697000 62.000000 1.696995
v -1.480000 13.658000 3.763999
v -2.202000 29.433001 0.893998
v 2.217000 65.199997 -0.918005
v -1.702000 29.693001 1.679998
v -1.587000 30.082001 1.826998
v -6.278000 2.000000 -5.412000
v -5.931000 2.000000 -5.931000
v -3.182000 7.429000 1.196999
v 3.182000 7.429000 -1.197001
v 2.400000 0.020000 -0.000000
v -3.109000 24.083000 -1.305002
v -3.182000 23.888000 -1.197002
v -1.546000 30.541000 1.877998
v 3.696000 3.200000 -1.531000
v 3.109000 7.234000 -1.305001
v 3.182000 23.888000 -1.197002
v 3.225000 23.658001 -1.169002
v 4.000000 3.200000 -0.000000
v 0.854000 30.541000 2.277998
v 3.200000 2.000000 -0.000000
v 2.625000 7.658000 -2.208000
v -2.906000 7.058000 1.677999
v 2.217000 0.020000 -0.918000
v 2.078000 29.341000 -1.200002
v 1.875000 29.433001 -1.460002
v -2.956000 2.000000 1.225000
v -3.200000 5.600000 0.600000
v -2.771000 5.600000 1.600000
v 2.956000 2.000000 1.225000
v 2.202000 29.433001 -0.894002
v -3.018000 24.212999 -1.477002
v -2.522000 22.058001 -2.559002
v -2.078000 29.341000 -1.200002
v -2.202000 29.433001 -0.894002
v 2.306000 29.693001 -0.634002
v 1.697000 0.020000 -1.697000
v 0.918000 0.020000 -2.217000
v 0.000000 2.000000 3.200000
v 1.225000 2.000000 2.956000
v 1.697000 2.000000 -1.697000
v 0.918000 2.000000 -2.217000
v -2.627000 23.888000 -2.157002
v -0.918000 65.199997 -2.217005
v -1.875000 29.433001 -1.460002
v 2.375000 30.082001 -0.461002
v 2.263000 2.000000 2.263000
v 0.600000 23.658001 3.376998
v 0.955000 22.058001 3.463998
v 0.424000 24.083000 3.344998
v 0.230000 7.104001 3.352000
v -1.697000 65.199997 -1.697005
v 2.217000 2.000000 -0.918000
v -3.696000 5.600000 -1.531000
v 0.000000 2.000000 -2.400000
v -0.918000 2.000000 -2.217000
v -7.063000 0.020001 7.063000
v -1.702000 29.693001 -1.680002
v -2.306000 29.693001 -0.634002
v -4.000000 5.600000 -0.000000
v -1.080000 5.600000 -3.071001
v -0.918000 0.020000 -2.217000
v 0.000000 5.600000 3.200000
v 3.109000 24.083000 -1.305002
v -2.625000 23.658001 -2.208002
v -1.587000 30.082001 -1.827002
v -1.414000 24.000000 1.413998
v 0.000000 0.020000 -2.400000
v -5.412000 2.000000 -6.278000
v -2.520000 17.658001 3.163999
v -2.520000 13.658000 3.163999
v -1.697000 65.199997 1.696995
v -2.217000 65.199997 0.917995
v -2.400000 65.199997 -0.000005
v -2.217000 65.199997 -0.918005
v -1.848000 24.000000 0.764998
v -2.000000 24.000000 -0.000002
v 1.702000 29.693001 -1.680002
v -0.918000 65.199997 2.216995
v -0.789000 30.082001 -2.288002
v 0.424000 7.234000 -3.345001
v 0.554000 7.428999 -3.354001
v -2.400000 30.541000 0.399998
v -2.375000 30.082001 0.460998
v 0.765000 24.000000 -1.848002
v 1.414000 24.000000 -1.414002
v 6.400000 0.020000 4.800000
v 0.554000 23.888000 3.353998
v -0.854000 30.541000 -2.278003
v -2.828000 5.600000 2.828000
v 5.412000 2.000000 6.278000
v 5.931000 2.000000 5.931000
v -1.546000 30.541000 -1.878002
v -2.306000 29.693001 0.633998
v -2.522000 9.258000 -2.559001
v 6.278000 2.000000 5.412000
v -0.765000 24.000000 -1.848002
v 0.000000 24.000000 -2.000002
v 7.063000 0.020001 7.063000
v -2.625000 7.658000 -2.208000
v 0.424000 7.234001 3.345000
v 0.554000 7.429000 3.354000
v 0.789000 30.082001 -2.288002
v 1.225000 0.020000 2.956000
v -1.848000 24.000000 -0.765002
v -5.931000 0.020000 5.931000
v 0.918000 69.000000 -2.217005
v -3.696000 5.600000 1.531000
v 0.000000 67.180000 -2.400005
v 0.554000 23.888000 -3.354002
v -1.225000 0.020000 2.956000
v 0.955000 9.258000 3.463999
v 1.546000 30.541000 1.877998
v 1.587000 30.082001 1.826998
v 0.000000 0.020000 3.200000
v -2.788000 24.212999 1.874998
v -1.414000 24.000000 -1.414002
v 2.400000 30.541000 -0.400002
v 0.600000 7.658000 3.377000
v -1.848000 2.000000 0.765000
v -1.414000 2.000000 1.414000
v -0.765000 2.000000 1.848000
v -3.200000 5.600000 -0.600000
v 0.000000 2.000000 2.000000
v 0.854000 30.541000 -2.278003
v 0.000000 67.180000 2.399995
v -0.918000 69.000000 2.216995
vn 0.1728 -0.4628 0.8694
vn 0.1727 -0.4631 0.8693
vn -0.9692 0.1538 -0.1925
vn -0.9690 0.1543 -0.1927
vn -0.2408 0.9694 0.0478
vn -0.2406 0.9694 0.0478
vn -0.5494 0.1545 -0.8212
vn -0.5484 0.1574 -0.8213
vn -0.5392 -0.7610 0.3609
vn -0.5385 -0.7619 0.3600
vn -0.3603 -0.7619 0.5383
vn -0.3606 -0.7610 0.5393
vn 0.1728 0.4631 -0.8693
vn 0.1727 0.4628 -0.8695
vn -0.6339 0.7631 0.1258
vn -0.6344 0.7627 0.1261
vn -0.2045 0.9693 -0.1366
vn -0.2036 0.9695 -0.1363
vn -0.2040 0.9694 0.1363
vn -0.2043 0.9693 0.1368
vn 0.1366 0.9693 -0.2044
vn 0.1365 0.9694 -0.2039
vn 0.6356 -0.7616 -0.1262
vn 0.6361 -0.7612 -0.1264
vn -0.1728 -0.4631 0.8693
vn -0.1727 -0.4628 0.8695
vn -0.2404 0.9695 -0.0478
vn -0.2408 0.9694 -0.0478
vn 0.2406 0.9695 0.0478
vn 0.2408 0.9694 0.0478
vn 0.7369 0.4628 -0.4926
vn 0.7372 0.4619 -0.4932
vn -0.1925 0.1543 -0.9691
vn -0.1927 0.1538 -0.9691
vn 0.5494 0.1545 0.8212
vn 0.5484 0.1574 0.8213
vn -0.0000 1.0000 -0.0000
vn -0.9691 -0.1542 -0.1925
vn -0.9690 -0.1547 -0.1927
vn -0.0478 0.9694 -0.2408
vn -0.0478 0.9695 -0.2406
vn -0.5368 0.7634 -0.3593
vn -0.5379 0.7625 -0.3596
vn -0.5491 -0.1578 0.8207
vn -0.5487 -0.1549 0.8216
vn -0.1925 0.1538 0.9692
vn -0.1927 0.1543 0.9690
vn -0.3593 0.7634 0.5368
vn -0.3596 0.7625 0.5379
vn 0.3599 0.7624 0.5377
vn 0.3590 0.7633 0.5371
vn -0.6344 0.7626 -0.1259
vn -0.6339 0.7631 -0.1260
vn 0.5493 -0.1549 0.8211
vn 0.5484 -0.1578 0.8212
vn 0.9691 -0.1542 0.1925
vn 0.9690 -0.1547 0.1927
vn 0.2037 0.9695 -0.1360
vn 0.2043 0.9693 -0.1368
vn 0.5392 -0.7610 -0.3609
vn 0.5385 -0.7619 -0.3600
vn -0.1925 -0.1547 -0.9690
vn -0.1927 -0.1542 -0.9691
vn -0.1262 -0.7616 -0.6356
vn -0.1264 -0.7612 -0.6361
vn -0.8208 0.1574 -0.5491
vn -0.8216 0.1545 -0.5487
vn -0.5491 0.1574 0.8208
vn -0.5487 0.1545 0.8216
vn 0.4929 0.4618 -0.7374
vn 0.4929 0.4628 -0.7368
vn 0.6339 0.7631 -0.1258
vn 0.6344 0.7627 -0.1261
vn 0.1925 0.1543 0.9691
vn 0.1927 0.1538 0.9691
vn -0.3599 0.7624 -0.5377
vn -0.3590 0.7633 -0.5371
vn -0.8207 -0.1578 -0.5491
vn -0.8216 -0.1549 -0.5487
vn -0.1258 0.7631 -0.6339
vn -0.1261 0.7627 -0.6344
vn -0.7369 0.4628 0.4926
vn -0.7372 0.4619 0.4932
vn -0.9691 0.1543 0.1925
vn -0.9691 0.1538 0.1927
vn 0.5368 0.7634 0.3593
vn 0.5379 0.7625 0.3596
vn 0.1925 -0.1547 0.9690
vn 0.1927 -0.1542 0.9691
vn 0.9691 0.1543 -0.1925
vn 0.9691 0.1538 -0.1927
vn -0.1728 0.4631 0.8693
vn -0.1727 0.4628 0.8695
vn 0.3593 0.7634 -0.5368
vn 0.3596 0.7625 -0.5379
vn 0.5377 0.7624 -0.3599
vn 0.5371 0.7633 -0.3590
vn 0.1364 0.9694 0.2040
vn 0.1367 0.9693 0.2043
vn 0.0478 0.9694 0.2408
vn 0.0478 0.9695 0.2406
vn 0.4929 -0.4618 -0.7374
vn 0.4929 -0.4628 -0.7368
vn -0.4926 0.4628 -0.7369
vn -0.4932 0.4619 -0.7372
vn 0.1728 0.4628 0.8694
vn 0.1727 0.4631 0.8693
vn 0.8694 0.4628 -0.1728
vn 0.8693 0.4631 -0.1727
vn -0.6361 -0.7612 -0.1263
vn -0.6356 -0.7616 -0.1263
vn -0.5377 0.7624 0.3599
vn -0.5371 0.7633 0.3590
vn 0.9692 0.1538 0.1925
vn 0.9690 0.1543 0.1927
vn 0.0478 0.9694 -0.2406
vn 0.0478 0.9694 -0.2408
vn -0.4926 -0.4628 -0.7369
vn -0.4932 -0.4619 -0.7372
vn 0.8694 -0.4628 -0.1728
vn 0.8693 -0.4631 -0.1727
vn -0.1728 0.4628 -0.8694
vn -0.1727 0.4631 -0.8693
vn 0.1258 0.7631 0.6339
vn 0.1261 0.7627 0.6344
vn 0.8208 0.1574 0.5491
vn 0.8216 0.1545 0.5487
vn -0.7369 -0.4628 0.4926
vn -0.7372 -0.4619 0.4932
vn -0.8694 0.4628 0.1728
vn -0.8693 0.4631 0.1727
vn -0.3609 -0.7610 -0.5392
vn -0.3600 -0.7619 -0.5385
vn 0.4926 0.4628 0.7369
vn 0.4932 0.4619 0.7372
vn 0.8693 0.4631 0.1728
vn 0.8695 0.4628 0.1727
vn 0.9690 -0.1547 -0.1925
vn 0.9691 -0.1542 -0.1927
vn 0.2408 0.9694 -0.0479
vn 0.2405 0.9695 -0.0477
vn -0.1728 -0.4628 -0.8694
vn -0.1727 -0.4631 -0.8693
vn 0.5383 -0.7619 0.3603
vn 0.5393 -0.7610 0.3605
vn 0.3603 -0.7619 -0.5383
vn 0.3606 -0.7610 -0.5393
vn 0.1925 0.1538 -0.9692
vn 0.1927 0.1543 -0.9690
vn 0.8212 0.1545 -0.5494
vn 0.8213 0.1574 -0.5484
vn 0.7374 0.4618 0.4929
vn 0.7368 0.4628 0.4929
vn 0.1259 0.7626 -0.6344
vn 0.1260 0.7631 -0.6339
vn -0.5493 -0.1549 -0.8211
vn -0.5484 -0.1578 -0.8212
vn -0.7374 0.4618 -0.4929
vn -0.7368 0.4628 -0.4929
vn -0.9690 -0.1547 0.1925
vn -0.9691 -0.1542 0.1927
vn -0.1366 0.9693 0.2044
vn -0.1365 0.9694 0.2039
vn -0.8693 0.4631 -0.1728
vn -0.8695 0.4628 -0.1727
vn 0.2044 0.9693 0.1366
vn 0.2039 0.9694 0.1365
vn 0.7369 -0.4628 -0.4926
vn 0.7372 -0.4619 -0.4932
vn 0.3609 -0.7610 0.5392
vn 0.3600 -0.7619 0.5385
vn 0.5491 0.1574 -0.8208
vn 0.5487 0.1545 -0.8216
vn -0.5383 -0.7619 -0.3603
vn -0.5393 -0.7610 -0.3605
vn -0.0478 0.9694 0.2406
vn -0.0478 0.9694 0.2408
vn -0.1259 0.7626 0.6344
vn -0.1260 0.7631 0.6339
vn 0.1728 -0.4631 -0.8693
vn 0.1727 -0.4628 -0.8695
vn -0.8212 0.1545 0.5494
vn -0.8213 0.1574 0.5484
vn -0.6356 -0.7616 0.1262
vn -0.6361 -0.7612 0.1264
vn -0.1925 -0.1542 0.9691
vn -0.1927 -0.1547 0.9690
vn -0.4929 0.4618 0.7374
vn -0.4929 0.4628 0.7368
vn -0.1364 0.9694 -0.2040
vn -0.1367 0.9693 -0.2043
vn 0.6344 0.7626 0.1259
vn 0.6339 0.7631 0.1260
vn 0.1262 -0.7616 0.6356
vn 0.1264 -0.7612 0.6361
vn 0.8207 -0.1578 0.5491
vn 0.8216 -0.1549 0.5487
vn -0.8694 -0.4628 0.1728
vn -0.8693 -0.4631 0.1727
vn 0.4926 -0.4628 0.7369
vn 0.4932 -0.4619 0.7372
vn 0.8693 -0.4631 0.1728
vn 0.8695 -0.4628 0.1727
vn 0.1925 -0.1542 -0.9691
vn 0.1927 -0.1547 -0.9690
vn 0.8211 -0.1549 -0.5493
vn 0.8212 -0.1578 -0.5484
vn 0.7374 -0.4618 0.4929
vn 0.7368 -0.4628 0.4929
vn 0.1263 -0.7612 -0.6361
vn 0.1263 -0.7616 -0.6356
vn -0.7374 -0.4618 -0.4929
vn -0.7368 -0.4628 -0.4929
vn -0.8693 -0.4631 -0.1728
vn -0.8695 -0.4628 -0.1727
vn 0.5491 -0.1578 -0.8207
vn 0.5487 -0.1549 -0.8216
vn -0.1263 -0.7612 0.6361
vn -0.1263 -0.7616 0.6356
vn -0.8211 -0.1549 0.5493
vn -0.8212 -0.1578 0.5484
vn -0.4929 -0.4618 0.7374
vn -0.4929 -0.4628 0.7368
vn 0.6361 -0.7612 0.1263
vn 0.6356 -0.7616 0.1263
vn 0.2767 0.4257 -0.8615
vn 0.4316 0.0807 -0.8984
vn 0.2920 0.2014 -0.9350
vn -0.2767 0.4257 -0.8615
vn -0.4316 0.0807 -0.8984
vn -0.2920 0.2014 -0.9350
vn -0.6077 0.4257 -0.6704
vn -0.5616 0.0789 -0.8237
vn -0.6651 0.2018 -0.7190
vn -0.8847 0.4252 -0.1912
vn -0.9939 0.0805 -0.0749
vn -0.9557 0.2015 -0.2145
vn -0.8847 0.4252 0.1912
vn -0.9939 0.0805 0.0749
vn -0.9557 0.2015 0.2145
vn -0.6077 0.4257 0.6704
vn -0.5616 0.0789 0.8237
vn -0.6651 0.2018 0.7190
vn -0.2767 0.4257 0.8615
vn -0.4316 0.0807 0.8984
vn -0.2920 0.2014 0.9350
vn 0.2767 0.4257 0.8615
vn 0.4316 0.0807 0.8984
vn 0.2920 0.2014 0.9350
vn 0.6077 0.4257 0.6704
vn -0.6656 0.1336 0.7343
vn -0.7409 0.2290 0.6314
vn 0.5616 0.0789 0.8237
vn 0.6651 0.2018 0.7190
vn 0.8847 0.4252 0.1912
vn 0.9939 0.0805 0.0749
vn 0.9557 0.2015 0.2145
vn 0.8847 0.4252 -0.1912
vn 0.9939 0.0805 -0.0749
vn 0.9557 0.2015 -0.2145
vn 0.6077 0.4257 -0.6704
vn 0.5616 0.0789 -0.8237
vn 0.6651 0.2018 -0.7190
vn 0.6656 0.1336 -0.7343
vn 0.7409 0.2290 -0.6314
vn 0.9170 0.2293 -0.3264
vn 0.9687 0.1336 -0.2094
vn -0.7409 0.2290 -0.6314
vn -0.6656 0.1336 -0.7343
vn -0.9687 0.1336 -0.2094
vn -0.9170 0.2293 -0.3264
vn 0.7409 0.2290 0.6314
vn 0.6656 0.1336 0.7343
vn -0.9170 0.2293 0.3264
vn -0.9687 0.1336 0.2094
vn -0.1760 0.2291 0.9574
vn -0.3031 0.1335 0.9436
vn 0.1760 0.2291 -0.9574
vn 0.3031 0.1335 -0.9436
vn 0.7738 0.4489 -0.4470
vn 0.6449 0.6673 -0.3726
vn 0.9687 0.1336 0.2094
vn 0.9170 0.2293 0.3264
vn 0.7794 -0.0000 0.6266
vn 0.3031 0.1335 0.9436
vn 0.1760 0.2291 0.9574
vn -0.7738 0.4489 -0.4470
vn -0.6449 0.6673 -0.3726
vn -0.0000 0.4511 0.8925
vn -0.0000 0.6675 0.7446
vn 0.7738 0.4489 0.4470
vn 0.6449 0.6673 0.3726
vn -0.7738 0.4489 0.4470
vn -0.6449 0.6673 0.3726
vn -0.0000 0.4511 -0.8925
vn -0.0000 0.6675 -0.7446
vn -0.3031 0.1335 -0.9436
vn -0.1760 0.2291 -0.9574
vn -0.7794 -0.0000 -0.6266
vn -0.7855 0.0017 -0.6189
vn -0.7858 0.0005 -0.6185
vn -0.7855 -0.0000 -0.6189
vn -0.7867 0.0087 -0.6173
vn -0.7858 -0.0000 -0.6185
vn 0.7855 0.0017 0.6189
vn 0.7858 0.0005 0.6185
vn 0.7855 -0.0000 0.6189
vn 0.7857 0.0142 0.6185
vn 0.7867 -0.0000 0.6173
vn 0.5004 -0.0000 0.8658
vn 0.1521 -0.0000 0.9884
vn 0.1425 -0.0000 0.9898
vn 0.1521 0.0063 0.9884
vn 0.1427 -0.0000 0.9898
vn 0.1425 -0.0004 0.9898
vn 0.1414 -0.0000 0.9899
vn 0.1427 0.0126 0.9897
vn -0.1414 0.0078 0.9899
vn -0.1427 -0.0000 0.9898
vn -0.1427 -0.0002 0.9898
vn -0.1425 -0.0000 0.9898
vn -0.1425 0.0016 0.9898
vn -0.1520 -0.0000 0.9884
vn -0.1521 -0.0000 0.9884
vn -0.5004 -0.0000 0.8658
vn -0.7794 -0.0000 0.6266
vn -0.7855 -0.0000 0.6189
vn -0.7794 0.0064 0.6265
vn -0.7858 -0.0000 0.6185
vn -0.7855 0.0010 0.6189
vn -0.7867 -0.0000 0.6173
vn -0.7857 0.0142 0.6185
vn 0.9276 0.0085 0.3734
vn 0.9282 -0.0000 0.3721
vn 0.9279 -0.0016 0.3727
vn 0.9279 -0.0000 0.3728
vn 0.9253 -0.0045 0.3792
vn 0.9253 -0.0000 0.3792
vn 1.0000 -0.0000 -0.0000
vn 0.9253 -0.0000 -0.3792
vn 0.9279 -0.0012 -0.3728
vn 0.9282 -0.0008 -0.3720
vn 0.9279 -0.0000 -0.3728
vn 0.9281 0.0138 -0.3720
vn 0.9277 -0.0000 -0.3734
vn 0.7867 0.0087 -0.6173
vn 0.7858 -0.0000 -0.6185
vn 0.7855 0.0010 -0.6189
vn 0.7855 -0.0000 -0.6189
vn 0.7794 0.0064 -0.6265
vn 0.7794 -0.0000 -0.6266
vn 0.5004 -0.0000 -0.8658
vn 0.1521 -0.0000 -0.9884
vn 0.1425 0.0016 -0.9898
vn 0.1520 -0.0000 -0.9884
vn 0.1427 -0.0002 -0.9898
vn 0.1425 -0.0000 -0.9898
vn 0.1427 0.0126 -0.9897
vn 0.1414 -0.0000 -0.9899
vn -0.1414 0.0078 -0.9899
vn -0.1427 -0.0000 -0.9898
vn -0.1425 -0.0004 -0.9898
vn -0.1425 -0.0000 -0.9898
vn -0.1521 0.0063 -0.9884
vn -0.1521 -0.0000 -0.9884
vn -0.5004 -0.0000 -0.8658
vn -1.0000 -0.0000 -0.0000
vn -0.9253 -0.0000 -0.3792
vn -0.9279 -0.0000 -0.3728
vn -0.9253 -0.0045 -0.3792
vn -0.9282 -0.0000 -0.3721
vn -0.9279 -0.0016 -0.3727
vn -0.9277 -0.0000 -0.3734
vn -0.9281 0.0138 -0.3720
vn -0.9253 -0.0000 0.3792
vn -0.9279 -0.0012 0.3728
vn -0.9282 -0.0008 0.3720
vn -0.9279 -0.0000 0.3728
vn -0.9276 0.0085 0.3734
vn -0.9282 -0.0000 0.3721
vn -0.5558 -0.0000 0.8313
vn 0.1955 -0.0000 0.9807
vn 0.8317 -0.0000 0.5552
vn -0.1096 0.8275 -0.5506
vn -0.1096 0.8272 -0.5511
vn -0.9234 -0.0232 -0.3832
vn -0.9533 -0.0443 -0.2988
vn 0.8198 0.5490 0.1629
vn 0.8203 0.5482 0.1633
vn -0.9605 -0.1041 -0.2582
vn -0.9213 -0.0715 -0.3823
vn -0.1633 -0.5482 -0.8203
vn -0.1629 -0.5490 -0.8198
vn 0.8317 -0.0000 -0.5552
vn 0.1650 -0.9801 -0.1104
vn 0.1648 -0.9802 -0.1101
vn 0.5453 -0.1885 -0.8167
vn 0.5458 -0.1925 -0.8155
vn -0.6025 -0.0607 0.7958
vn -0.7931 -0.0533 0.6067
vn 0.9225 -0.1026 0.3720
vn 0.9407 -0.0944 0.3257
vn -0.8313 -0.0000 -0.5558
vn -0.4679 0.8268 -0.3124
vn -0.4689 0.8257 -0.3136
vn -0.1651 0.9801 0.1103
vn -0.1647 0.9802 0.1102
vn -0.9807 -0.0000 -0.1955
vn 0.2765 -0.4270 0.8609
vn 0.4316 -0.0807 0.8984
vn 0.2920 -0.2014 0.9350
vn -0.2765 -0.4270 0.8609
vn 0.1955 -0.0000 -0.9807
vn -0.4316 -0.0807 0.8984
vn -0.2920 -0.2014 0.9350
vn -0.1097 -0.8265 -0.5521
vn -0.1103 -0.8258 -0.5531
vn 0.1107 0.9800 -0.1656
vn 0.1103 0.9801 -0.1653
vn 0.5453 0.1885 0.8168
vn 0.5458 0.1925 0.8155
vn -0.6072 -0.4271 0.6700
vn -0.5616 -0.0789 0.8237
vn -0.6651 -0.2018 0.7190
vn -0.8840 -0.4266 0.1911
vn -0.9605 0.1041 0.2582
vn -0.9213 0.0715 0.3823
vn -0.9939 -0.0805 0.0749
vn -0.9557 -0.2015 0.2145
vn 0.4980 0.0905 0.8624
vn -0.9807 -0.0000 -0.1953
vn -0.8840 -0.4266 -0.1911
vn -0.9939 -0.0805 -0.0749
vn -0.9557 -0.2015 -0.2145
vn -0.6072 -0.4271 -0.6700
vn -0.3880 0.0178 -0.9215
vn -0.1301 0.0741 -0.9887
vn -0.5616 -0.0789 -0.8237
vn -0.6651 -0.2018 -0.7190
vn 0.9807 -0.0000 0.1953
vn -0.2765 -0.4270 -0.8609
vn -0.4369 0.8507 0.2922
vn -0.4384 0.8498 0.2927
vn -0.4316 -0.0807 -0.8984
vn -0.2920 -0.2014 -0.9350
vn 0.2765 -0.4270 -0.8609
vn 0.4316 -0.0807 -0.8984
vn 0.2920 -0.2014 -0.9350
vn -0.5531 -0.8258 0.1102
vn -0.5524 -0.8264 0.1098
vn -0.9397 0.1049 0.3254
vn -0.9276 0.1308 0.3499
vn 0.9241 -0.0841 -0.3727
vn 0.9398 -0.1046 -0.3254
vn 0.6072 -0.4271 -0.6700
vn -0.6656 -0.1336 -0.7343
vn -0.7409 -0.2290 -0.6314
vn 0.5616 -0.0789 -0.8237
vn 0.6651 -0.2018 -0.7190
vn 0.8840 -0.4266 -0.1911
vn 0.1653 0.9800 0.1106
vn 0.1648 0.9802 0.1100
vn 0.9939 -0.0805 -0.0749
vn 0.9557 -0.2015 -0.2145
vn 0.9774 -0.2113 0.0060
vn 0.8461 -0.4820 -0.2275
vn 0.1101 -0.8265 -0.5520
vn 0.1099 -0.8258 -0.5531
vn 0.8840 -0.4266 0.1911
vn 0.8976 -0.4409 -0.0055
vn 0.9385 -0.2358 0.2523
vn 0.9939 -0.0805 0.0749
vn 0.9557 -0.2015 0.2145
vn 0.6072 -0.4271 0.6700
vn 0.5616 -0.0789 0.8237
vn 0.6651 -0.2018 0.7190
vn 0.5558 -0.0000 -0.8313
vn 0.6955 0.5483 -0.4644
vn 0.6939 0.5505 -0.4642
vn 0.1613 0.1899 -0.9685
vn 0.1692 0.1620 -0.9722
vn -0.4642 0.5505 -0.6939
vn -0.4644 0.5483 -0.6955
vn -0.2927 0.8498 -0.4384
vn -0.2922 0.8507 -0.4369
vn 0.1507 0.4764 0.8662
vn 0.1635 0.5468 0.8211
vn 0.7933 -0.0450 0.6071
vn 0.7355 -0.0303 0.6768
vn -0.7044 0.1042 -0.7021
vn -0.7921 0.0716 -0.6062
vn -0.0389 0.9800 0.1949
vn -0.0386 0.9801 0.1945
vn -0.7074 -0.0493 -0.7051
vn -0.7896 -0.1069 -0.6042
vn 0.1865 -0.1050 0.9768
vn 0.1597 -0.1304 0.9785
vn 0.7359 -0.0000 -0.6771
vn -0.9627 0.1910 -0.1916
vn -0.9624 0.1929 -0.1911
vn 0.9179 0.1647 0.3612
vn 0.9220 0.1468 0.3582
vn -0.8198 -0.5490 0.1629
vn -0.8203 -0.5482 0.1633
vn 0.9241 0.0840 0.3727
vn 0.1911 -0.1929 0.9624
vn 0.1916 -0.1910 0.9627
vn 0.6025 -0.0607 -0.7958
vn 0.7931 -0.0533 -0.6067
vn -0.4970 -0.1114 -0.8606
vn -0.4974 -0.1105 -0.8605
vn -0.4042 0.8184 -0.4085
vn -0.3871 0.6254 -0.6775
vn -0.0458 0.1123 -0.9926
vn -0.2738 0.3855 -0.8811
vn 0.7717 0.1674 0.6136
vn 0.7710 0.1430 0.6206
vn -0.1103 0.9801 0.1652
vn -0.1103 0.9801 0.1653
vn 0.9362 0.1356 0.3241
vn 0.9360 0.1045 0.3360
vn 0.7843 0.0840 0.6147
vn 0.5553 -0.0000 -0.8317
vn -0.7939 -0.0230 0.6076
vn -0.7352 -0.0443 0.6765
vn -0.5556 0.8186 -0.1458
vn -0.7808 0.6247 0.0048
vn -0.2582 0.1044 0.9604
vn -0.1289 0.0713 0.9891
vn -0.8836 0.1087 0.4555
vn -0.9008 0.3866 0.1979
vn 0.8197 -0.5490 0.1632
vn 0.8203 -0.5481 0.1630
vn 0.9139 -0.1056 -0.3920
vn 0.8775 -0.1579 -0.4528
vn 0.9178 -0.1644 0.3613
vn 0.9220 -0.1467 0.3583
vn -0.9241 0.0841 -0.3727
vn -0.9398 0.1046 -0.3254
vn -0.0000 -1.0000 -0.0000
vn 0.9241 -0.0840 0.3727
vn 0.4682 -0.8263 0.3132
vn 0.4690 -0.8257 0.3134
vn -0.4974 -0.1102 -0.8605
vn -0.4970 -0.1105 -0.8607
vn -0.1396 0.0846 -0.9866
vn -0.1865 0.1043 -0.9769
vn -0.4042 -0.8165 -0.4121
vn -0.3871 -0.6254 -0.6775
vn -0.0458 -0.1128 -0.9926
vn -0.2728 -0.3860 -0.8813
vn 0.6656 -0.1336 0.7343
vn 0.7409 -0.2290 0.6314
vn 0.0485 -0.1569 0.9864
vn 0.1179 -0.1056 0.9874
vn 0.7718 -0.1671 0.6135
vn 0.7711 -0.1429 0.6204
vn 0.7843 -0.0840 0.6147
vn 0.1654 -0.9800 0.1104
vn 0.1647 -0.9802 0.1102
vn -0.0387 -0.9800 0.1950
vn -0.0388 -0.9801 0.1945
vn 0.1955 0.9807 -0.0000
vn -0.5588 -0.8167 -0.1440
vn -0.7808 -0.6247 0.0048
vn -0.6955 -0.5483 -0.4644
vn -0.6939 -0.5505 -0.4642
vn -0.8835 -0.1092 0.4555
vn -0.9004 -0.3871 0.1988
vn 0.1455 0.1646 0.9756
vn 0.1505 0.1455 0.9778
vn 0.5462 -0.1885 0.8162
vn 0.5449 -0.1925 0.8161
vn 0.9397 0.1049 -0.3254
vn 0.9276 0.1308 -0.3499
vn -0.8980 0.4400 -0.0055
vn -0.9386 0.2352 0.2524
vn -0.7942 -0.0000 -0.6076
vn 0.8197 0.5490 -0.1632
vn 0.8203 0.5481 -0.1630
vn 0.1506 0.8191 -0.5535
vn 0.3943 0.6247 -0.6741
vn 0.9170 -0.2293 0.3264
vn 0.9687 -0.1336 0.2094
vn 0.8351 0.1132 -0.5384
vn 0.6248 0.3852 -0.6792
vn 0.1396 0.0846 0.9866
vn 0.1865 0.1043 0.9769
vn -0.1455 0.1646 0.9756
vn -0.1505 0.1455 0.9778
vn -0.9397 -0.1049 -0.3254
vn -0.9274 -0.1313 -0.3503
vn -0.8317 -0.0000 -0.5552
vn -0.1396 0.0839 0.9866
vn 0.3873 -0.0605 0.9199
vn 0.1302 -0.0531 0.9901
vn -0.0000 0.4819 -0.8762
vn -0.1506 0.8191 -0.5535
vn -0.3943 0.6247 -0.6741
vn -0.8351 0.1132 -0.5384
vn -0.6248 0.3852 -0.6792
vn 0.1499 -0.0991 0.9837
vn 0.1453 -0.1644 0.9756
vn 0.1503 -0.1454 0.9779
vn 0.8377 -0.0815 -0.5400
vn 0.6012 -0.0902 -0.7940
vn 0.0387 -0.9800 -0.1950
vn 0.0388 -0.9801 -0.1945
vn -0.5559 -0.0000 -0.8313
vn -0.5510 0.8272 -0.1097
vn -0.5506 0.8275 -0.1095
vn -0.1650 0.9801 -0.1104
vn -0.1648 0.9802 -0.1101
vn 0.1538 -0.8173 -0.5554
vn 0.3943 -0.6247 -0.6741
vn 0.1653 0.9800 -0.1104
vn 0.1647 0.9802 -0.1102
vn 0.8350 -0.1137 -0.5383
vn 0.6254 -0.3856 -0.6784
vn -0.5453 -0.1885 0.8167
vn -0.5458 -0.1925 0.8155
vn -0.1453 -0.1644 0.9756
vn -0.1503 -0.1454 0.9779
vn 0.5553 -0.0000 0.8317
vn 0.1438 0.5449 -0.8261
vn 0.1719 0.4747 -0.8632
vn -0.1396 -0.0839 0.9866
vn 0.1096 0.8275 0.5506
vn 0.1096 0.8272 0.5511
vn -0.1538 -0.8173 -0.5554
vn -0.3943 -0.6247 -0.6741
vn -0.8350 -0.1137 -0.5383
vn -0.6254 -0.3856 -0.6784
vn -0.7717 0.1674 0.6136
vn -0.7710 0.1430 0.6206
vn 0.9807 -0.0000 0.1955
vn -0.1945 0.9801 0.0388
vn -0.1950 0.9800 0.0387
vn 0.0460 0.0817 -0.9956
vn 0.3865 0.0906 -0.9178
vn 0.1643 -0.0000 0.9864
vn 0.5556 0.8186 -0.1458
vn 0.7808 0.6247 0.0048
vn 0.5559 -0.0000 -0.8313
vn 0.8836 0.1087 0.4555
vn 0.9008 0.3866 0.1979
vn -0.1630 -0.5481 0.8203
vn -0.1632 -0.5490 0.8197
vn -0.9178 0.1647 0.3612
vn -0.9220 0.1468 0.3582
vn 0.1025 0.8506 -0.5158
vn 0.1030 0.8499 -0.5168
vn 0.4648 0.5466 0.6965
vn 0.4646 0.5486 0.6951
vn -0.9241 0.0840 0.3727
vn -0.8317 -0.0000 0.5552
vn 0.1653 -0.9800 -0.1106
vn 0.1648 -0.9802 -0.1100
vn 0.4042 0.8184 -0.4084
vn 0.3871 0.6254 -0.6775
vn -0.1102 0.9802 -0.1647
vn -0.1104 0.9800 -0.1654
vn 0.0458 0.1123 -0.9926
vn 0.2738 0.3855 -0.8811
vn -0.7769 -0.0986 0.6219
vn -0.7718 -0.1671 0.6135
vn -0.7711 -0.1429 0.6204
vn 0.9605 -0.1041 0.2582
vn 0.9213 -0.0715 0.3823
vn -0.8161 -0.1925 0.5449
vn -0.8162 -0.1885 0.5462
vn -0.9807 -0.0000 0.1955
vn 0.5588 -0.8167 -0.1440
vn 0.7808 -0.6247 0.0048
vn -0.5531 -0.8258 -0.1099
vn -0.5520 -0.8265 -0.1101
vn 0.8835 -0.1092 0.4555
vn 0.9004 -0.3871 0.1988
vn -0.9178 -0.1644 0.3613
vn -0.9220 -0.1467 0.3583
vn 0.7939 -0.0230 -0.6076
vn 0.7352 -0.0443 -0.6765
vn -0.9241 -0.0840 0.3727
vn 0.1100 -0.9802 0.1648
vn 0.1106 -0.9800 0.1653
vn -0.1438 0.5449 0.8261
vn -0.1719 0.4747 0.8632
vn 0.5506 0.8275 -0.1096
vn 0.5511 0.8272 -0.1096
vn -0.5553 -0.0000 -0.8317
vn 0.4042 -0.8165 -0.4121
vn 0.3871 -0.6254 -0.6775
vn 0.0458 -0.1128 -0.9926
vn 0.2728 -0.3860 -0.8813
vn -0.9179 0.1647 -0.3612
vn -0.9220 0.1468 -0.3582
vn -0.9241 0.0840 -0.3727
vn -0.4848 0.2127 0.8484
vn -0.6208 0.4814 0.6188
vn 0.8313 -0.0000 0.5559
vn -0.5462 -0.1885 -0.8162
vn -0.5449 -0.1925 -0.8161
vn 0.4042 0.8184 0.4085
vn 0.3871 0.6254 0.6775
vn 0.0458 0.1123 0.9926
vn 0.2738 0.3855 0.8811
vn -0.7717 0.1674 -0.6136
vn -0.7710 0.1430 -0.6206
vn 0.9362 -0.1362 -0.3241
vn 0.9360 -0.1045 -0.3362
vn 0.9807 -0.0000 -0.1955
vn -0.7843 0.0840 -0.6147
vn -0.1097 0.8272 0.5510
vn -0.1095 0.8275 0.5506
vn 0.5556 0.8186 0.1458
vn 0.7808 0.6247 -0.0048
vn 0.8836 0.1087 -0.4555
vn 0.9008 0.3866 -0.1979
vn -0.7409 -0.2290 0.6314
vn -0.6656 -0.1336 0.7343
vn -0.9139 -0.1056 0.3920
vn -0.8775 -0.1579 0.4528
vn -0.9178 -0.1644 -0.3613
vn -0.9220 -0.1467 -0.3583
vn -0.9241 -0.0840 -0.3727
vn -0.1028 0.8506 -0.5157
vn -0.1027 0.8499 -0.5168
vn 0.4042 -0.8165 0.4121
vn 0.3871 -0.6254 0.6775
vn -0.0000 -0.0000 1.0000
vn 0.0458 -0.1128 0.9926
vn 0.2728 -0.3860 0.8813
vn -0.2181 -0.0000 0.9759
vn -0.9939 -0.1106 -0.0000
vn -0.1951 0.9800 -0.0388
vn -0.1954 0.9800 -0.0389
vn -0.7843 -0.0840 -0.6147
vn 0.0455 -0.1556 -0.9868
vn 0.3880 -0.0208 -0.9214
vn 0.5588 -0.8167 0.1440
vn 0.7808 -0.6247 -0.0048
vn 0.8835 -0.1092 -0.4555
vn 0.9004 -0.3871 -0.1988
vn -0.9775 0.2108 0.0060
vn -0.8466 0.4811 -0.2276
vn -0.1455 0.1646 -0.9756
vn -0.1505 0.1455 -0.9778
vn -0.8303 0.1551 0.5353
vn -0.6035 0.0209 0.7971
vn -0.1396 0.0839 -0.9866
vn -0.9687 -0.1336 0.2094
vn -0.9170 -0.2293 0.3264
vn -0.1955 -0.0000 0.9807
vn 0.5462 0.1885 -0.8162
vn 0.5449 0.1925 -0.8161
vn 0.1954 0.9800 -0.0388
vn 0.1950 0.9800 -0.0389
vn -0.1506 0.8191 0.5535
vn -0.3943 0.6247 0.6741
vn 0.5531 0.8258 -0.1099
vn 0.5520 0.8265 -0.1101
vn -0.8351 0.1132 0.5384
vn -0.6248 0.3852 0.6792
vn 0.1455 0.1646 -0.9756
vn 0.1505 0.1455 -0.9778
vn -0.4683 -0.8263 0.3129
vn -0.4688 -0.8257 0.3136
vn 0.1396 0.0839 -0.9866
vn 0.1916 -0.1929 -0.9623
vn 0.1912 -0.1911 -0.9628
vn -0.9959 -0.0905 -0.0000
vn -0.7858 0.0839 0.6128
vn 0.1506 0.8191 0.5535
vn 0.3943 0.6247 0.6741
vn 0.8351 0.1132 0.5384
vn 0.6248 0.3852 0.6792
vn -0.0388 0.9800 0.1951
vn -0.0389 0.9800 0.1954
vn 0.4642 0.5505 0.6939
vn 0.4644 0.5483 0.6955
vn -0.1396 -0.0839 -0.9866
vn 0.4642 -0.5504 -0.6940
vn 0.4644 -0.5483 -0.6955
vn -0.6952 0.5482 -0.4650
vn -0.6943 0.5504 -0.4636
vn 0.9397 -0.1049 0.3254
vn 0.9274 -0.1313 0.3503
vn -0.1538 -0.8173 0.5554
vn -0.3943 -0.6247 0.6741
vn 0.1630 -0.5481 -0.8203
vn 0.1632 -0.5490 -0.8197
vn -0.8350 -0.1137 0.5383
vn -0.6254 -0.3856 0.6784
vn 0.0385 -0.1063 -0.9936
vn 0.1178 -0.1177 -0.9860
vn 0.1453 -0.1644 -0.9756
vn 0.1503 -0.1454 -0.9779
vn 0.9906 0.0607 -0.1224
vn 0.9223 0.0532 -0.3827
vn 0.1396 -0.0839 -0.9866
vn 0.4676 -0.8267 0.3128
vn 0.4692 -0.8257 0.3132
vn -0.4977 0.0905 0.8626
vn -0.9645 0.0491 -0.2593
vn -0.9184 0.1068 -0.3811
vn 0.1538 -0.8173 0.5554
vn 0.3943 -0.6247 0.6741
vn 0.4847 -0.2132 0.8483
vn 0.6204 -0.4823 0.6184
vn 0.8350 -0.1137 0.5383
vn 0.6254 -0.3856 0.6784
vn 0.1100 0.9802 -0.1648
vn 0.1106 0.9800 -0.1653
vn 0.7717 0.1674 -0.6136
vn 0.7710 0.1430 -0.6206
vn -0.0000 0.9807 0.1955
vn -0.1865 0.1050 0.9768
vn -0.1602 0.1299 0.9785
vn 0.7843 0.0840 -0.6147
vn 0.1633 -0.5482 0.8203
vn 0.1629 -0.5490 0.8198
vn 0.1292 0.0231 -0.9913
vn 0.2179 0.0443 -0.9750
vn 0.5454 -0.1885 -0.8167
vn -0.5552 -0.0000 -0.8317
vn -0.5556 0.8186 0.1458
vn -0.7808 0.6247 -0.0048
vn -0.8836 0.1087 -0.4555
vn -0.9008 0.3866 -0.1979
vn -0.1291 -0.0450 0.9906
vn -0.2180 -0.0304 0.9755
vn 0.9178 0.1647 -0.3612
vn 0.9220 0.1468 -0.3582
vn 0.9241 0.0840 -0.3727
vn 0.5531 -0.8258 0.1099
vn 0.5523 -0.8264 0.1100
vn 0.1396 -0.0846 -0.9866
vn 0.1865 -0.1043 -0.9769
vn -0.4042 0.8184 0.4084
vn -0.3871 0.6254 0.6775
vn 0.4453 0.4409 0.7793
vn 0.6882 0.2361 0.6860
vn -0.0458 0.1123 0.9926
vn -0.2738 0.3855 0.8811
vn 0.1499 -0.0991 -0.9837
vn 0.7718 -0.1671 -0.6135
vn 0.7711 -0.1429 -0.6204
vn 0.7843 -0.0840 -0.6147
vn -0.4535 0.4396 0.7753
vn -0.2523 0.2362 0.9384
vn 0.1394 -0.1025 0.9849
vn 0.1867 -0.0946 0.9779
vn -0.5588 -0.8167 0.1440
vn -0.7808 -0.6247 -0.0048
vn -0.4933 -0.2128 0.8434
vn -0.2276 -0.4812 0.8466
vn -0.8835 -0.1092 -0.4555
vn -0.9004 -0.3871 -0.1988
vn 0.8155 0.1925 -0.5458
vn 0.8167 0.1885 -0.5454
vn 0.9272 -0.0986 -0.3614
vn 0.9178 -0.1644 -0.3613
vn 0.9220 -0.1467 -0.3583
vn 0.1304 -0.0000 0.9915
vn -0.1396 -0.0846 0.9866
vn -0.1865 -0.1043 0.9769
vn 0.9241 -0.0840 -0.3727
vn -0.8197 0.5490 0.1632
vn -0.8203 0.5481 0.1630
vn -0.9864 0.1644 -0.0000
vn -0.4042 -0.8165 0.4121
vn -0.3871 -0.6254 0.6775
vn -0.0458 -0.1128 0.9926
vn -0.2728 -0.3860 0.8813
vn -0.9959 0.0905 -0.0000
vn -0.2181 -0.0000 -0.9759
vn 0.5520 -0.8265 0.1101
vn 0.4451 -0.4417 -0.7790
vn 0.6881 -0.2367 -0.6859
vn -0.6025 0.0607 -0.7958
vn -0.7931 0.0533 -0.6067
vn 0.1953 -0.0000 0.9807
vn -0.6955 0.5486 -0.4641
vn -0.6962 0.5466 -0.4653
vn -0.6035 -0.0177 -0.7971
vn -0.7920 -0.0744 -0.6059
vn 0.4933 -0.2128 -0.8434
vn 0.2276 -0.4812 -0.8466
vn 0.0455 0.1556 0.9868
vn 0.3880 0.0208 0.9214
vn -0.5552 -0.0000 0.8317
vn 0.4677 0.8267 -0.3128
vn 0.4692 0.8257 -0.3132
vn -0.4648 0.5466 -0.6965
vn -0.4646 0.5486 -0.6951
vn 0.9733 0.1622 -0.1621
vn 0.9672 0.1902 -0.1683
vn 0.6952 -0.5482 -0.4650
vn 0.6943 -0.5504 -0.4636
vn -0.0387 0.9800 -0.1950
vn -0.0388 0.9801 -0.1945
vn 0.3880 0.0178 0.9215
vn 0.1301 0.0741 0.9887
vn 0.6035 0.0177 -0.7971
vn 0.7920 0.0744 -0.6059
vn 0.3136 0.8257 -0.4689
vn 0.3123 0.8268 -0.4679
vn 0.1396 -0.0839 0.9866
vn -0.0455 0.1556 -0.9868
vn -0.3880 0.0208 -0.9214
vn -0.1651 -0.9801 -0.1103
vn -0.1647 -0.9802 -0.1102
vn 0.5552 -0.0000 0.8317
vn 0.3132 -0.8257 -0.4692
vn 0.3128 -0.8267 -0.4676
vn 0.1945 0.9801 0.0386
vn 0.1948 0.9801 0.0388
vn 0.5450 0.1913 -0.8163
vn 0.5447 0.1921 -0.8163
vn -0.1955 -0.0000 -0.9807
vn -0.9906 -0.0607 -0.1224
vn -0.9223 -0.0532 -0.3827
vn 0.5558 -0.0000 0.8313
vn -0.7517 0.1043 -0.6512
vn -0.7681 0.1323 -0.6266
vn 0.1621 0.1622 0.9733
vn 0.1683 0.1902 0.9672
vn 0.1651 0.9801 -0.1103
vn -0.1953 -0.0000 -0.9807
vn -0.8261 0.5449 -0.1438
vn -0.8632 0.4747 -0.1719
vn -0.1304 -0.0000 0.9915
vn -0.9627 -0.1910 0.1916
vn -0.9624 -0.1929 0.1911
vn -0.0455 -0.1556 0.9868
vn -0.3880 -0.0208 0.9214
vn -0.3132 0.8257 -0.4692
vn -0.3128 0.8267 -0.4677
vn -0.2582 -0.1044 -0.9604
vn -0.1289 -0.0713 -0.9891
vn 0.8313 -0.0000 0.5558
vn -0.1945 -0.9801 0.0386
vn -0.1949 -0.9800 0.0389
vn 0.4636 0.5504 -0.6944
vn 0.4650 0.5482 -0.6952
vn -0.1954 0.9800 0.0388
vn -0.1950 0.9800 0.0389
vn 0.1911 0.1929 -0.9624
vn 0.1916 0.1910 -0.9627
vn 0.9627 0.1910 0.1916
vn 0.9624 0.1929 0.1911
vn 0.6035 -0.0177 0.7971
vn 0.7920 -0.0744 0.6059
vn -0.5531 0.8258 -0.1103
vn -0.5521 0.8265 -0.1097
vn -0.4847 -0.2132 -0.8483
vn -0.6204 -0.4823 -0.6184
vn -0.5558 -0.0000 -0.8313
vn -0.9542 -0.0000 0.2991
vn 0.7939 0.0230 0.6076
vn 0.7352 0.0443 0.6765
vn 0.5510 0.8272 0.1097
vn 0.5506 0.8275 0.1095
vn -0.3873 0.0605 0.9199
vn -0.1302 0.0531 0.9901
vn 0.9272 -0.0986 0.3614
vn -0.1945 0.9801 -0.0386
vn -0.1949 0.9801 -0.0388
vn -0.1916 -0.1929 0.9623
vn -0.1912 -0.1911 0.9628
vn -0.1507 0.4764 -0.8662
vn -0.1635 0.5468 -0.8211
vn 0.1916 0.1929 0.9623
vn 0.1912 0.1911 0.9628
vn 0.1304 -0.0000 -0.9915
vn 0.8161 -0.1925 -0.5449
vn 0.8162 -0.1885 -0.5462
vn -0.4636 -0.5504 -0.6944
vn -0.4650 -0.5482 -0.6952
vn -0.8976 -0.4409 0.0055
vn -0.9385 -0.2358 -0.2523
vn -0.1858 0.1345 -0.9733
vn -0.1758 0.1046 -0.9789
vn 0.7829 -0.1026 -0.6136
vn 0.7525 -0.0946 -0.6518
vn 0.8161 0.1925 0.5449
vn 0.8162 0.1885 0.5462
vn -0.4642 -0.5504 0.6940
vn -0.4644 -0.5483 0.6955
vn -0.1630 0.5481 -0.8203
vn -0.1632 0.5490 -0.8197
vn -0.9809 -0.0000 -0.1948
vn -0.1101 -0.8265 0.5520
vn -0.1099 -0.8258 0.5531
vn 0.7409 -0.2290 -0.6314
vn 0.6656 -0.1336 -0.7343
vn -0.1394 -0.1025 -0.9849
vn -0.1867 -0.0946 -0.9779
vn 0.5168 0.8499 -0.1027
vn 0.5160 0.8504 -0.1028
vn -0.9864 -0.0000 0.1643
vn -0.4673 0.8271 0.3124
vn -0.4685 0.8263 0.3127
vn -0.9808 -0.0000 -0.1949
vn 0.8317 -0.0000 0.5553
vn 0.4974 -0.1102 0.8605
vn 0.4970 -0.1105 0.8607
vn -0.1613 0.1899 0.9685
vn -0.1692 0.1620 0.9722
vn 0.1949 0.9800 0.0389
vn -0.4375 0.8503 -0.2924
vn -0.4381 0.8498 -0.2930
vn -0.1955 0.9807 -0.0000
vn -0.5450 0.1913 0.8163
vn -0.5447 0.1921 0.8163
vn 0.1945 0.9801 -0.0387
vn 0.1949 0.9801 -0.0387
vn -0.9906 0.0607 0.1224
vn -0.9223 0.0532 0.3827
vn -0.4679 -0.8268 0.3123
vn -0.1949 0.9801 0.0387
vn 0.0389 -0.9800 0.1949
vn 0.0386 -0.9801 0.1945
vn 0.9685 0.1899 0.1613
vn 0.9722 0.1620 0.1692
vn -0.3880 -0.0178 0.9215
vn -0.1301 -0.0741 0.9887
vn 0.5552 -0.0000 -0.8317
vn 0.7044 0.1042 0.7021
vn 0.7921 0.0716 0.6062
vn 0.8155 -0.1925 0.5458
vn 0.8167 -0.1885 0.5453
vn -0.9944 -0.1057 -0.0000
vn 0.1630 0.5481 0.8203
vn 0.1632 0.5490 0.8197
vn -0.3130 0.8263 0.4682
vn -0.3120 0.8271 0.4675
vn -0.9170 -0.2293 -0.3264
vn -0.9687 -0.1336 -0.2094
vn 0.1949 -0.0000 -0.9808
vn -0.9923 0.0175 -0.1226
vn -0.9211 0.0744 -0.3822
vn 0.8198 -0.5490 -0.1629
vn 0.8203 -0.5482 -0.1633
vn -0.9808 -0.0000 0.1949
vn -0.9645 -0.0491 0.2593
vn -0.9184 -0.1068 0.3811
vn 0.8313 -0.0000 -0.5558
vn 0.8313 -0.0000 -0.5559
vn -0.0000 0.4819 0.8762
vn 0.9542 -0.0000 -0.2991
vn -0.4967 0.1102 0.8609
vn -0.4974 0.1108 0.8604
vn -0.1653 0.9801 0.1103
vn -0.1652 0.9801 0.1103
vn 0.9807 -0.0000 -0.1953
vn -0.4677 -0.8267 -0.3128
vn -0.4692 -0.8257 -0.3132
vn -0.9362 -0.1362 0.3241
vn -0.9360 -0.1045 0.3362
vn -0.5453 0.1885 -0.8167
vn -0.5458 0.1925 -0.8155
vn -0.1101 0.8265 -0.5520
vn -0.1099 0.8258 -0.5531
vn -0.1948 -0.0000 0.9809
vn 0.0389 0.9800 -0.1949
vn 0.0386 0.9801 -0.1945
vn -0.5506 0.8275 0.1096
vn -0.5511 0.8272 0.1096
vn 0.1101 0.8265 0.5520
vn 0.1099 0.8258 0.5531
vn -0.7044 -0.1042 0.7021
vn -0.7921 -0.0716 0.6062
vn -0.1653 -0.9800 0.1106
vn -0.1648 -0.9802 0.1100
vn -0.1953 -0.0000 0.9807
vn -0.4682 -0.8263 -0.3132
vn -0.4690 -0.8257 -0.3134
vn 0.1954 -0.0000 -0.9807
vn 0.3873 0.0605 -0.9199
vn 0.1302 0.0531 -0.9901
vn 0.8317 -0.0000 -0.5553
vn -0.1100 -0.9802 -0.1648
vn -0.1106 -0.9800 -0.1653
vn -0.5523 -0.8264 -0.1100
vn -0.2593 -0.0485 0.9646
vn -0.1285 -0.1072 0.9859
vn 0.1633 0.5482 -0.8203
vn 0.1629 0.5490 -0.8198
vn -0.1100 0.9802 0.1648
vn -0.1106 0.9800 0.1653
vn 0.7044 -0.1042 -0.7021
vn 0.7921 -0.0716 -0.6062
vn 0.9234 0.0232 -0.3832
vn 0.9533 0.0443 -0.2988
vn 0.1953 -0.0000 -0.9807
vn -0.0389 -0.9801 -0.1949
vn -0.0386 -0.9801 -0.1945
vn -0.8662 0.4764 0.1507
vn -0.8211 0.5468 0.1635
vn 0.2927 0.8498 0.4384
vn 0.2922 0.8507 0.4369
vn -0.1858 -0.1351 0.9733
vn -0.1756 -0.1046 0.9789
vn -0.0000 0.1644 0.9864
vn -0.0000 0.8325 0.5540
vn -0.1760 -0.2291 -0.9574
vn -0.3031 -0.1335 -0.9436
vn -0.1292 -0.0231 -0.9913
vn -0.2179 -0.0443 -0.9750
vn 0.1948 -0.0000 0.9809
vn -0.3124 0.8271 -0.4673
vn -0.3123 0.8272 -0.4671
vn 0.3124 0.8271 0.4673
vn 0.3127 0.8263 0.4685
vn 0.1760 -0.2291 0.9574
vn 0.3031 -0.1335 0.9436
vn -0.6952 -0.5482 0.4650
vn -0.6944 -0.5504 0.4636
vn 0.8762 0.4819 -0.0000
vn 0.7517 -0.1043 -0.6512
vn 0.7683 -0.1327 -0.6261
vn 0.2181 -0.0000 -0.9759
vn -0.4977 -0.0905 0.8626
vn -0.4453 0.4409 -0.7793
vn -0.6882 0.2361 -0.6860
vn 0.2582 -0.1044 0.9604
vn 0.1289 -0.0713 0.9891
vn -0.7858 -0.0839 0.6128
vn -0.9628 0.1910 0.1912
vn -0.9623 0.1929 0.1916
vn 0.9808 -0.0000 -0.1949
vn 0.7829 0.1026 0.6136
vn 0.7525 0.0946 0.6518
vn 0.1643 -0.0000 -0.9864
vn 0.7755 -0.4449 0.4480
vn 0.6438 -0.6688 0.3719
vn 0.9687 -0.1336 -0.2094
vn 0.9170 -0.2293 -0.3264
vn -0.8163 0.1913 -0.5450
vn -0.8163 0.1921 -0.5447
vn 0.6944 -0.5504 -0.4636
vn 0.1651 -0.9801 0.1103
vn -0.0000 -0.0000 -1.0000
vn 0.7942 -0.0000 -0.6076
vn -0.1643 -0.0000 0.9864
vn -0.8155 0.1925 0.5458
vn -0.8167 0.1885 0.5454
vn 0.9232 -0.0000 0.3844
vn -0.5454 -0.1885 0.8167
vn 0.5531 0.8258 0.1102
vn 0.5524 0.8264 0.1098
vn 0.1945 0.9801 -0.0388
vn 0.1950 0.9800 -0.0387
vn -0.9237 -0.0000 0.3832
vn -0.8317 -0.0000 -0.5553
vn 0.1396 0.0839 0.9866
vn 0.1858 0.1345 0.9733
vn 0.1758 0.1046 0.9789
vn -0.1621 0.1622 -0.9733
vn -0.1683 0.1902 -0.9672
vn -0.4970 0.1114 0.8606
vn -0.4974 0.1105 0.8605
vn 0.9923 -0.0175 -0.1226
vn 0.9211 -0.0744 -0.3822
vn -0.2930 0.8499 0.4381
vn -0.2918 0.8508 0.4371
vn 0.0388 0.9800 -0.1951
vn 0.0389 0.9800 -0.1954
vn -0.7487 0.1373 0.6485
vn -0.7597 0.1038 0.6420
vn 0.9605 0.1041 -0.2582
vn 0.9213 0.0715 -0.3823
vn -0.1911 -0.1929 -0.9624
vn -0.1916 -0.1910 -0.9627
vn 0.3136 -0.8257 0.4688
vn 0.3123 -0.8268 0.4679
vn 0.4636 -0.5504 0.6943
vn 0.4650 -0.5482 0.6952
vn -0.4636 -0.5504 -0.6943
vn -0.1025 0.8506 0.5158
vn -0.1030 0.8499 0.5168
vn 0.7933 0.0450 -0.6071
vn 0.7355 0.0303 -0.6768
vn 0.9906 -0.0607 0.1224
vn 0.9219 -0.0532 0.3839
vn -0.0000 0.8325 -0.5540
vn 0.4848 0.2127 -0.8484
vn 0.6208 0.4814 -0.6188
vn -0.9733 0.1622 0.1621
vn -0.9672 0.1902 0.1683
vn -0.9807 -0.0000 0.1953
vn 0.9542 -0.0000 0.2991
vn 0.4683 -0.8263 -0.3129
vn 0.4688 -0.8257 -0.3136
vn 0.6025 0.0607 0.7958
vn 0.7931 0.0533 0.6067
vn -0.1948 -0.9801 0.0388
vn -0.9234 0.0232 0.3832
vn -0.9533 0.0443 0.2988
vn -0.3873 -0.0605 -0.9199
vn -0.1302 -0.0531 -0.9901
vn -0.1633 0.5482 0.8203
vn -0.1629 0.5490 0.8198
vn -0.4636 0.5504 0.6944
vn -0.4650 0.5482 0.6952
vn 0.9923 0.0173 0.1226
vn 0.9206 0.0745 0.3833
vn 0.3031 -0.1335 -0.9436
vn 0.1760 -0.2291 -0.9574
vn 0.4980 -0.0905 -0.8624
vn 0.1097 0.8265 -0.5521
vn 0.1103 0.8258 -0.5531
vn -0.0000 0.1644 -0.9864
vn 0.4970 0.1105 0.8607
vn 0.4974 0.1102 0.8605
vn 0.2181 -0.0000 0.9759
vn -0.1945 -0.9801 -0.0388
vn -0.1949 -0.9801 -0.0387
vn 0.1291 0.0450 0.9906
vn 0.2180 0.0304 0.9755
vn 0.8261 0.5449 0.1438
vn 0.8632 0.4747 0.1719
vn 0.1394 0.1025 -0.9849
vn 0.1867 0.0946 -0.9779
vn 0.2593 0.0485 0.9646
vn 0.1285 0.1072 0.9859
vn -0.7074 0.0493 0.7051
vn -0.7896 0.1069 0.6042
vn -0.1654 0.9800 0.1104
vn 0.4641 0.5486 -0.6955
vn 0.4653 0.5466 -0.6962
vn 0.5531 -0.8258 -0.1103
vn 0.5521 -0.8265 -0.1097
vn 0.3880 -0.0178 -0.9215
vn 0.1301 -0.0741 -0.9887
vn -0.9227 -0.0450 0.3829
vn -0.9538 -0.0305 0.2990
vn -0.1304 -0.0000 -0.9915
vn 0.9864 0.1644 -0.0000
vn -0.8859 0.0817 0.4567
vn -0.9884 0.0904 0.1221
vn -0.1916 0.1929 -0.9623
vn -0.1912 0.1911 -0.9628
vn -0.9225 -0.1026 -0.3720
vn -0.9407 -0.0944 -0.3257
vn -0.8317 -0.0000 0.5553
vn -0.9272 -0.0986 0.3614
vn -0.9938 -0.1110 -0.0000
vn -0.7359 -0.0000 -0.6771
vn 0.4683 0.8263 0.3129
vn 0.4689 0.8257 0.3136
vn 0.4535 0.4396 -0.7753
vn 0.2523 0.2362 -0.9384
vn 0.0387 0.9800 0.1950
vn 0.0388 0.9801 0.1945
vn -0.7755 -0.4449 0.4480
vn -0.6438 -0.6688 0.3719
vn 0.9627 -0.1910 -0.1916
vn 0.9624 -0.1929 -0.1911
vn -0.0000 0.9807 -0.1955
vn -0.7843 -0.0844 -0.6147
vn -0.7517 -0.1045 -0.6512
vn -0.7517 0.1050 0.6511
vn -0.8311 -0.0000 0.5562
vn 0.0389 -0.9801 0.1949
vn 0.5168 0.8499 0.1030
vn 0.5158 0.8505 0.1025
vn -0.3136 0.8257 0.4689
vn -0.3123 0.8268 0.4679
vn 0.6955 -0.5483 0.4644
vn 0.6939 -0.5505 0.4642
vn 0.8419 -0.1063 0.5291
vn 0.7950 -0.1178 0.5951
vn -0.9362 0.1356 -0.3241
vn -0.9360 0.1045 -0.3360
vn 0.0460 -0.0817 0.9956
vn 0.3865 -0.0906 0.9178
vn 0.7842 0.0844 -0.6147
vn 0.7517 0.1045 -0.6512
vn -0.8197 -0.5490 -0.1632
vn -0.8203 -0.5481 -0.1630
vn -0.5168 0.8499 -0.1030
vn -0.5160 0.8504 -0.1026
vn 0.1865 0.1050 -0.9768
vn 0.1602 0.1299 -0.9785
vn 0.1097 -0.8265 0.5521
vn 0.1103 -0.8258 0.5531
vn -0.7942 -0.0000 0.6076
vn 0.1102 0.9802 0.1647
vn 0.1104 0.9800 0.1654
vn 0.4682 0.8263 0.3130
vn 0.4675 0.8271 0.3120
vn 0.1951 0.9800 0.0388
vn 0.1954 0.9800 0.0389
vn 0.5449 0.1921 0.8162
vn 0.5448 0.1913 0.8164
vn 0.9864 -0.0000 0.1643
vn 0.9645 -0.0491 -0.2593
vn 0.9184 -0.1068 -0.3811
vn -0.6965 0.5466 0.4648
vn -0.6951 0.5486 0.4646
vn 0.9628 0.1910 -0.1912
vn 0.9623 0.1929 -0.1916
vn -0.5453 0.1885 -0.8168
vn -0.1104 0.9801 -0.1652
vn -0.1106 0.9800 -0.1657
vn 0.9809 -0.0000 -0.1948
vn -0.7965 -0.1056 0.5953
vn -0.8306 -0.1572 0.5342
vn -0.5001 -0.0000 -0.8660
vn 0.2930 0.8499 -0.4381
vn 0.2918 0.8508 -0.4371
vn 0.8780 0.1558 0.4527
vn 0.9922 0.0205 0.1226
vn 0.1858 -0.1351 -0.9733
vn 0.1756 -0.1046 -0.9789
vn -0.8780 0.1558 -0.4527
vn -0.9922 0.0205 -0.1226
vn -0.4682 0.8263 0.3132
vn -0.4690 0.8257 0.3134
vn -0.9542 -0.0000 -0.2991
vn -0.4636 0.5504 0.6943
vn -0.4533 -0.4405 -0.7749
vn -0.2523 -0.2368 -0.9382
vn 0.7843 -0.0844 0.6147
vn 0.7517 -0.1045 0.6512
vn 0.7074 -0.0493 0.7051
vn 0.7896 -0.1069 0.6042
vn -0.4675 0.8269 -0.3125
vn -0.4674 0.8271 -0.3123
vn 0.4980 -0.0905 0.8624
vn 0.8662 0.4764 -0.1507
vn 0.8211 0.5468 -0.1635
vn 0.1292 -0.0231 0.9913
vn 0.2179 -0.0443 0.9750
vn 0.2593 -0.0485 -0.9646
vn 0.1285 -0.1072 -0.9859
vn -0.0460 -0.0817 -0.9956
vn -0.3865 -0.0906 -0.9178
vn -0.5553 -0.0000 0.8317
vn -0.5462 0.1885 0.8162
vn -0.5449 0.1925 0.8161
vn -0.1950 -0.9800 -0.0387
vn 0.1945 -0.9801 -0.0386
vn 0.1949 -0.9801 -0.0388
vn 0.5453 0.1885 0.8167
vn -0.1394 0.1025 0.9849
vn -0.1867 0.0946 0.9779
vn 0.1945 -0.9801 0.0388
vn 0.1950 -0.9800 0.0387
vn -0.3136 -0.8257 -0.4688
vn -0.3123 -0.8268 -0.4679
vn 0.9645 0.0491 0.2593
vn 0.9184 0.1068 0.3811
vn 0.9234 -0.0232 0.3832
vn 0.9533 -0.0443 0.2988
vn -0.8161 0.1925 -0.5449
vn -0.8162 0.1885 -0.5462
vn -0.8377 -0.0815 0.5400
vn -0.6012 -0.0902 0.7940
vn -0.1650 -0.9801 0.1104
vn -0.1648 -0.9802 0.1101
vn 0.9809 -0.0000 0.1948
vn -0.1949 -0.0000 0.9808
vn 0.9628 0.1911 -0.1912
vn 0.4636 -0.5504 0.6944
vn 0.8303 -0.1551 0.5353
vn 0.6035 -0.0209 0.7971
vn -0.7933 -0.0450 -0.6071
vn -0.7355 -0.0303 -0.6768
vn -0.1911 0.1929 0.9624
vn -0.1916 0.1910 0.9627
vn 0.8377 0.0815 0.5400
vn 0.6012 0.0902 0.7940
vn 0.6939 -0.5504 0.4642
vn -0.9628 -0.1911 -0.1912
vn -0.9623 -0.1929 -0.1916
vn 0.5531 -0.8258 -0.1102
vn 0.5523 -0.8264 -0.1098
vn -0.1292 0.0231 0.9913
vn -0.2179 0.0443 0.9750
vn 0.1945 -0.9801 0.0387
vn 0.1949 -0.9801 0.0387
vn 0.5540 0.8325 -0.0000
vn 0.7517 0.1043 0.6512
vn 0.7681 0.1323 0.6266
vn 0.7486 -0.1379 0.6485
vn 0.7598 -0.1038 0.6418
vn 0.9864 -0.0000 -0.1643
vn 0.9628 -0.1911 0.1912
vn 0.9623 -0.1929 0.1916
vn 0.3128 -0.8267 -0.4677
vn 0.1102 -0.9802 -0.1647
vn 0.1104 -0.9800 -0.1654
vn -0.5531 -0.8258 0.1103
vn -0.5521 -0.8265 0.1097
vn -0.8762 0.4819 -0.0000
vn -0.1654 0.9800 -0.1105
vn -0.1653 0.9801 -0.1103
vn -0.8780 -0.1558 0.4527
vn -0.9922 -0.0205 0.1226
vn 0.8780 -0.1558 -0.4527
vn 0.9922 -0.0205 -0.1226
vn -0.9809 -0.0000 0.1948
vn 0.9227 0.0450 0.3829
vn 0.9538 0.0305 0.2990
vn 0.9959 -0.0905 -0.0000
vn -0.5540 0.8325 -0.0000
vn 0.5001 -0.0000 0.8660
vn 0.7769 -0.0991 0.6218
vn -0.7939 0.0230 -0.6076
vn -0.7352 0.0443 -0.6765
vn -0.0389 -0.9800 -0.1949
vn -0.1102 -0.9802 0.1647
vn -0.1104 -0.9800 0.1654
vn -0.8198 0.5490 -0.1629
vn -0.8203 0.5482 -0.1633
vn -0.4980 0.0905 -0.8624
vn -0.5557 -0.0000 -0.8314
vn -0.8377 0.0815 -0.5400
vn -0.6012 0.0902 -0.7940
vn -0.9237 -0.0000 -0.3832
vn -0.0000 -0.4472 -0.8944
vn -0.0000 -0.6690 -0.7433
vn -0.1653 0.9800 -0.1106
vn -0.1648 0.9802 -0.1100
vn 0.1949 -0.9800 -0.0389
vn -0.3132 -0.8257 0.4692
vn -0.3128 -0.8267 0.4676
vn 0.4636 0.5504 -0.6943
vn -0.4934 0.2124 -0.8435
vn -0.2277 0.4803 -0.8470
vn -0.8155 -0.1925 -0.5458
vn -0.8167 -0.1885 -0.5453
vn -0.8313 -0.0000 -0.5559
vn -0.7829 0.1026 -0.6136
vn -0.7525 0.0946 -0.6518
vn -0.9774 -0.2113 -0.0060
vn -0.8461 -0.4820 0.2275
vn 0.7359 -0.0000 0.6771
vn 0.4973 0.1114 0.8604
vn 0.4673 0.8271 -0.3124
vn 0.4676 0.8269 -0.3124
vn -0.6955 0.5483 0.4644
vn -0.6939 0.5505 0.4642
vn 0.3123 0.8272 -0.4672
vn 0.3124 0.8271 -0.4673
vn -0.9225 0.1026 0.3720
vn -0.9407 0.0944 0.3257
vn 0.8163 0.1913 0.5450
vn 0.8163 0.1921 0.5447
vn 0.9237 -0.0000 -0.3832
vn 0.1949 -0.0000 0.9808
vn 0.9775 0.2108 -0.0060
vn 0.8466 0.4811 0.2276
vn 0.6952 0.5482 0.4650
vn 0.6943 0.5504 0.4636
vn 0.4934 0.2124 0.8435
vn 0.2277 0.4803 0.8470
vn 0.0388 0.9800 0.1954
vn 0.0389 0.9800 0.1950
vn 0.8311 -0.0000 0.5562
vn -0.9685 0.1899 -0.1613
vn -0.9722 0.1620 -0.1692
vn 0.9227 -0.0450 -0.3829
vn 0.9538 -0.0305 -0.2990
vn 0.9959 0.0905 -0.0000
vn -0.3128 -0.8267 0.4677
vn 0.3132 0.8257 0.4692
vn 0.3128 0.8267 0.4677
vn 0.6965 0.5466 -0.4648
vn 0.6951 0.5486 -0.4646
vn 0.9225 0.1026 -0.3720
vn 0.9407 0.0944 -0.3257
vn 0.8162 0.1921 -0.5449
vn 0.8164 0.1913 -0.5448
vn -0.9864 -0.0000 -0.1643
vn -0.9923 -0.0175 0.1226
vn -0.9211 -0.0744 0.3822
vn 0.1028 0.8506 0.5157
vn 0.1027 0.8499 0.5168
vn -0.7359 -0.0000 0.6771
vn -0.7933 0.0450 0.6071
vn -0.7355 0.0303 0.6768
vn -0.6035 0.0177 0.7971
vn -0.7920 0.0744 0.6059
vn -0.7843 -0.1030 0.6117
vn -0.7525 -0.0946 0.6518
vn -0.2593 0.0485 -0.9646
vn -0.1285 0.1072 -0.9859
vn 0.4374 0.8503 -0.2926
vn 0.4382 0.8498 -0.2928
vn -0.5562 -0.0000 0.8311
vn -0.1949 0.9800 -0.0389
vn 0.6955 0.5486 0.4641
vn 0.6962 0.5466 0.4653
vn 0.8859 -0.0817 0.4567
vn 0.9884 -0.0904 0.1221
vn 0.7074 0.0493 -0.7051
vn 0.7896 0.1069 -0.6042
vn 0.2582 0.1044 -0.9604
vn 0.1289 0.0713 -0.9891
vn -0.7867 -0.0000 -0.6173
vn 0.4980 0.0905 -0.8624
vn -0.6943 -0.5504 0.4636
vn 0.5001 -0.0000 -0.8660
vn -0.8311 -0.0000 -0.5562
vn 0.8980 0.4400 0.0055
vn 0.9386 0.2352 -0.2524
vn -0.8313 -0.0000 0.5559
vn 0.8775 -0.1579 0.4528
vn 0.9139 -0.1056 0.3920
vn -0.8303 -0.1551 -0.5353
vn -0.6035 -0.0209 -0.7971
vn 0.1291 -0.0450 -0.9906
vn 0.2180 -0.0304 -0.9755
vn 0.4371 0.8508 0.2918
vn 0.4381 0.8498 0.2930
vn -0.6939 -0.5504 -0.4642
vn -0.8313 -0.0000 0.5558
vn 0.8419 -0.1063 -0.5291
vn 0.7950 -0.1178 -0.5951
vn 0.7755 -0.4449 -0.4480
vn 0.6438 -0.6688 -0.3719
vn -0.1097 0.8265 0.5521
vn -0.1103 0.8258 0.5531
vn -0.1291 0.0450 -0.9906
vn -0.2180 0.0304 -0.9755
vn -0.8859 -0.0817 -0.4567
vn -0.9884 -0.0904 -0.1221
vn -0.7755 -0.4449 -0.4480
vn -0.6438 -0.6688 -0.3719
vn 0.9277 -0.0000 0.3734
vn 0.7942 -0.0000 0.6076
vn 0.7487 0.1373 -0.6485
vn 0.7597 0.1038 -0.6420
vn -0.5449 0.1921 -0.8162
vn -0.5448 0.1913 -0.8164
vn -0.4997 -0.0000 0.8662
vn -0.0388 0.9800 -0.1954
vn -0.0389 0.9800 -0.1950
vn 0.7867 -0.0000 -0.6173
vn -0.4641 0.5486 0.6955
vn -0.4653 0.5466 0.6962
vn 0.4679 -0.8268 -0.3124
vn -0.5168 0.8499 0.1027
vn -0.5157 0.8506 0.1028
vn -0.9628 0.1911 0.1912
vn 0.0389 0.9800 -0.1950
vn -0.0000 -0.4472 0.8944
vn -0.0000 -0.6690 0.7433
vn -0.4451 -0.4417 0.7790
vn -0.6881 -0.2367 0.6859
vn -0.0389 0.9800 0.1950
vn 0.8303 0.1551 -0.5353
vn 0.6035 0.0209 -0.7971
vn -0.9227 0.0450 -0.3829
vn -0.9538 0.0305 -0.2990
vn 0.1652 0.9801 0.1103
vn 0.1653 0.9801 0.1103
vn -0.0460 0.0817 0.9956
vn -0.3865 0.0906 0.9178
vn 0.4533 -0.4405 0.7749
vn 0.2523 -0.2368 0.9382
vn -0.8162 0.1921 0.5449
vn -0.8164 0.1913 0.5448
vn -0.5559 -0.0000 0.8313
vn 0.7769 -0.0991 -0.6218
vn -0.1949 -0.0000 -0.9808
vn -0.7517 -0.1043 0.6512
vn -0.7683 -0.1327 0.6261
vn 0.5559 -0.0000 0.8313
vn 0.9808 -0.0000 0.1949
vn 0.1103 0.9801 0.1653
vn 0.1103 0.9801 0.1652
vn -0.1653 -0.9800 -0.1104
vn 0.1650 0.9801 0.1104
vn 0.1648 0.9802 0.1101
vn 0.5557 -0.0000 -0.8314
vn 0.1097 0.8272 -0.5510
vn 0.1095 0.8275 -0.5506
vn -0.5531 0.8258 0.1099
vn -0.5523 0.8264 0.1100
vn -0.4980 -0.0905 -0.8624
vn 0.8859 0.0817 -0.4567
vn 0.9884 0.0904 -0.1221
vn -0.3031 -0.1335 0.9436
vn -0.1760 -0.2291 0.9574
vn 0.9241 0.0841 0.3727
vn 0.9398 0.1046 0.3254
vn 0.1652 0.9801 -0.1104
vn 0.1655 0.9800 -0.1105
vn -0.1954 -0.0000 -0.9807
vn 0.5562 -0.0000 0.8311
vn -0.9241 -0.0841 0.3727
vn -0.9398 -0.1046 0.3254
vn -0.1643 -0.0000 -0.9864
vn 0.8311 -0.0000 -0.5562
vn 0.4970 -0.1114 0.8606
vn 0.4974 -0.1105 0.8605
vn 0.4972 -0.1063 0.8611
vn -0.4972 -0.1063 -0.8611
vn 0.4972 -0.1063 -0.8611
vn 0.4970 -0.1105 -0.8607
vn 0.4973 -0.1114 -0.8604
vn 0.4974 -0.1105 -0.8605
vn 0.4970 -0.1102 -0.8607
vn 0.9939 -0.1106 -0.0000
vn 0.9938 -0.1110 -0.0000
vn 0.9944 -0.1057 -0.0000
vn -0.4974 -0.1102 0.8605
vn -0.4966 -0.1108 0.8609
vn -0.4970 -0.1114 0.8606
vn -0.4974 -0.1105 0.8605
vn -0.4969 -0.1063 0.8613
vn -0.4973 -0.1060 0.8611
vn -0.9938 0.1110 -0.0000
vn -0.9939 0.1106 -0.0000
vn -0.4970 0.1105 -0.8607
vn -0.4974 0.1102 -0.8605
vn -0.4970 0.1114 -0.8606
vn -0.4974 0.1105 -0.8605
vn 0.4970 0.1105 -0.8607
vn 0.4973 0.1114 -0.8604
vn 0.4974 0.1102 -0.8605
vn 0.9938 0.1110 -0.0000
vn 0.9939 0.1106 -0.0000
vn -0.7855 -0.0017 0.6189
vn -0.7858 -0.0005 0.6185
vn -0.7867 -0.0086 0.6173
vn 0.7855 -0.0017 -0.6189
vn 0.7858 -0.0005 -0.6185
vn 0.7857 -0.0140 -0.6184
vn 0.5005 -0.0000 -0.8658
vn 0.1521 -0.0063 -0.9884
vn 0.1427 -0.0000 -0.9898
vn 0.1425 0.0004 -0.9898
vn 0.1414 -0.0000 -0.9900
vn 0.1427 -0.0125 -0.9897
vn -0.1414 -0.0077 -0.9899
vn -0.1427 0.0002 -0.9898
vn -0.1425 -0.0016 -0.9898
vn -0.7794 -0.0064 -0.6265
vn -0.7855 -0.0010 -0.6189
vn -0.7857 -0.0140 -0.6184
vn -0.5005 -0.0000 -0.8658
vn 0.9276 -0.0084 -0.3734
vn 0.9282 -0.0000 -0.3720
vn 0.9279 0.0016 -0.3728
vn 0.9253 0.0045 -0.3792
vn 0.9279 0.0012 0.3728
vn 0.9282 0.0008 0.3720
vn 0.9281 -0.0136 0.3720
vn 0.7867 -0.0086 0.6173
vn 0.7858 -0.0000 0.6185
vn 0.7855 -0.0010 0.6189
vn 0.7794 -0.0064 0.6265
vn 0.1425 -0.0016 0.9898
vn 0.1427 0.0002 0.9898
vn 0.1427 -0.0125 0.9897
vn 0.1414 -0.0000 0.9900
vn -0.1414 -0.0077 0.9899
vn -0.1425 0.0004 0.9898
vn -0.1521 -0.0063 0.9884
vn -0.5005 -0.0000 0.8658
vn 0.5005 -0.0000 0.8658
vn -0.9253 0.0045 0.3792
vn -0.9282 -0.0000 0.3720
vn -0.9279 0.0016 0.3728
vn -0.9277 -0.0000 0.3734
vn -0.9281 -0.0136 0.3720
vn -0.9279 0.0012 -0.3728
vn -0.9282 0.0008 -0.3720
vn -0.9276 -0.0084 -0.3734
vn -0.9282 -0.0000 -0.3720
vn -0.1414 -0.0000 -0.9899
vn -0.1414 -0.0000 0.9899
vn -0.9972 -0.0000 0.0752
vn 0.7611 -0.0000 0.6486
vn -0.1808 -0.0000 0.9835
vn -0.9421 -0.0000 0.3354
vn 0.1808 -0.0000 -0.9835
vn -0.1808 -0.0000 -0.9835
vn -0.7611 -0.0000 0.6486
vn 0.9421 -0.0000 -0.3354
vn -0.7611 -0.0000 -0.6486
vn 0.9421 -0.0000 0.3354
vn -0.4330 -0.0000 -0.9014
vn 0.4330 -0.0000 0.9014
vn -0.5633 -0.0000 0.8262
vn 0.9972 -0.0000 0.0752
vn -0.9972 -0.0000 -0.0752
vn 0.4330 -0.0000 -0.9014
vn 0.5633 -0.0000 0.8262
vn -0.5633 -0.0000 -0.8262
vn 0.9972 -0.0000 -0.0752
vn -0.4330 -0.0000 0.9014
vn 0.1808 -0.0000 0.9835
vn 0.7611 -0.0000 -0.6486
vn 0.5633 -0.0000 -0.8262
vn -0.9421 -0.0000 -0.3354
vn -0.1597 -0.1304 -0.9785
vn -0.1865 -0.1050 -0.9768
vn -0.7769 -0.0991 -0.6218
vn -0.1453 -0.1644 -0.9756
vn -0.1503 -0.1454 -0.9779
vn -0.7598 -0.1038 -0.6418
vn -0.7486 -0.1379 -0.6485
vn -0.7711 -0.1429 -0.6204
vn -0.7718 -0.1671 -0.6135
vn -0.7950 -0.1178 -0.5951
vn -0.8419 -0.1063 -0.5291
vn -0.1499 -0.0991 0.9837
vn -0.1179 -0.1056 0.9874
vn -0.0485 -0.1569 0.9864
vn -0.1499 -0.0991 -0.9837
vn -0.0485 -0.1569 -0.9864
vn -0.1179 -0.1056 -0.9874
vn -0.8787 -0.1063 -0.4653
vn -0.9126 -0.1179 -0.3915
vn -0.9272 -0.0986 -0.3614
vn 0.4999 -0.0003 -0.8661
vn 0.1414 -0.0001 -0.9899
vn 0.1416 -0.0000 -0.9899
vn -0.5437 0.2106 0.8124
vn -0.4927 0.1713 0.8532
vn -0.9879 0.1553 -0.0000
vn -0.9735 0.1226 0.1932
vn -0.8925 0.2756 0.3571
vn -0.8188 0.1713 0.5480
vn -0.8686 0.2493 0.4282
vn -0.0476 0.1557 0.9867
vn -0.7725 0.1596 0.6147
vn -0.8217 0.1929 0.5363
vn -0.1918 0.1730 0.9661
vn -0.1426 0.2027 0.9688
vn 0.0476 0.1557 0.9867
vn 0.1918 0.1730 0.9661
vn 0.1426 0.2027 0.9688
vn 0.5488 0.1632 0.8199
vn 0.4879 0.2190 0.8450
vn 0.7725 0.1596 0.6147
vn 0.8161 0.1889 0.5462
vn 0.8241 0.1841 0.5357
vn 0.9735 0.1226 0.1932
vn 0.8771 0.1598 0.4530
vn 0.8925 0.2756 0.3571
vn 0.9563 0.2222 -0.1898
vn 0.9879 0.1553 -0.0000
vn 0.9207 0.1475 -0.3614
vn 0.8188 0.1713 -0.5480
vn 0.8686 0.2493 -0.4282
vn 0.8217 0.1929 -0.5363
vn 0.5558 0.0384 -0.8304
vn 0.7330 0.3715 -0.5698
vn 0.4927 0.1713 -0.8532
vn 0.1918 0.1730 -0.9661
vn 0.1426 0.2027 -0.9688
vn 0.0476 0.1557 -0.9867
vn -0.0476 0.1557 -0.9867
vn -0.1918 0.1730 -0.9661
vn -0.1426 0.2027 -0.9688
vn -0.5437 0.2106 -0.8124
vn -0.4927 0.1713 -0.8532
vn -0.7725 0.1596 -0.6147
vn -0.8161 0.1889 -0.5462
vn -0.8241 0.1841 -0.5357
vn -0.8771 0.1598 -0.4530
vn -0.9735 0.1226 -0.1932
vn -0.8925 0.2756 -0.3571
s 0
usemtl MB_194
f 129//1 132//1 130//1
f 132//2 133//2 130//2
f 70//3 71//3 75//3
f 71//4 76//4 75//4
f 24//5 73//5 78//5
f 73//6 77//6 78//6
f 56//7 58//7 65//7
f 58//8 66//8 65//8
f 1//9 11//9 61//9
f 11//10 32//10 61//10
f 11//11 12//11 32//11
f 12//12 29//12 32//12
f 126//13 127//13 55//13
f 127//14 57//14 55//14
f 73//15 74//15 77//15
f 74//16 79//16 77//16
f 63//17 62//17 23//17
f 62//18 68//18 23//18
f 78//19 77//19 83//19
f 77//20 82//20 83//20
f 20//21 120//21 21//21
f 120//22 125//22 21//22
f 16//23 7//23 139//23
f 7//24 141//24 139//24
f 29//25 129//25 28//25
f 129//26 130//26 28//26
f 23//27 68//27 24//27
f 68//28 73//28 24//28
f 106//29 105//29 18//29
f 105//30 110//30 18//30
f 115//31 116//31 121//31
f 116//32 122//32 121//32
f 57//33 59//33 56//33
f 59//34 58//34 56//34
f 97//35 134//35 101//35
f 134//36 102//36 101//36
f 22//37 52//37 21//37
f 52//37 17//37 21//37
f 86//38 67//38 71//38
f 67//39 76//39 71//39
f 22//40 53//40 52//40
f 53//41 51//41 52//41
f 83//37 88//37 78//37
f 88//37 17//37 78//37
f 62//42 64//42 68//42
f 64//43 69//43 68//43
f 31//44 28//44 30//44
f 28//45 27//45 30//45
f 90//46 27//46 94//46
f 27//47 131//47 94//47
f 82//48 84//48 87//48
f 84//49 89//49 87//49
f 95//50 96//50 98//50
f 96//51 100//51 98//51
f 68//52 69//52 73//52
f 69//53 74//53 73//53
f 133//54 136//54 134//54
f 136//55 102//55 134//55
f 138//56 140//56 109//56
f 140//57 113//57 109//57
f 19//58 114//58 20//58
f 114//59 120//59 20//59
f 7//60 5//60 141//60
f 5//61 143//61 141//61
f 118//62 119//62 59//62
f 119//63 58//63 59//63
f 4//64 9//64 123//64
f 9//65 124//65 123//65
f 65//66 66//66 70//66
f 66//67 71//67 70//67
f 85//68 30//68 90//68
f 30//69 27//69 90//69
f 121//70 122//70 126//70
f 122//71 127//71 126//71
f 17//37 106//37 19//37
f 106//37 18//37 19//37
f 110//72 111//72 114//72
f 111//73 115//73 114//73
f 94//74 131//74 97//74
f 131//75 134//75 97//75
f 51//76 54//76 62//76
f 54//77 64//77 62//77
f 103//78 86//78 66//78
f 86//79 71//79 66//79
f 53//80 55//80 51//80
f 55//81 54//81 51//81
f 79//82 80//82 84//82
f 80//83 85//83 84//83
f 75//84 76//84 80//84
f 76//85 81//85 80//85
f 98//86 100//86 105//86
f 100//87 107//87 105//87
f 130//88 133//88 131//88
f 133//89 134//89 131//89
f 25//37 26//37 88//37
f 26//37 17//37 88//37
f 112//90 113//90 116//90
f 113//91 117//91 116//91
f 89//92 90//92 93//92
f 90//93 94//93 93//93
f 120//94 121//94 125//94
f 121//95 126//95 125//95
f 114//96 115//96 120//96
f 115//97 121//97 120//97
f 26//98 95//98 99//98
f 95//99 98//99 99//99
f 25//100 92//100 26//100
f 92//101 95//101 26//101
f 143//102 146//102 144//102
f 146//103 147//103 144//103
f 54//104 56//104 64//104
f 56//105 65//105 64//105
f 93//106 94//106 96//106
f 94//107 97//107 96//107
f 111//108 112//108 115//108
f 112//109 116//109 115//109
f 6//110 2//110 91//110
f 2//111 72//111 91//111
f 77//112 79//112 82//112
f 79//113 84//113 82//113
f 108//114 109//114 112//114
f 109//115 113//115 112//115
f 21//116 125//116 22//116
f 125//117 53//117 22//117
f 124//118 104//118 119//118
f 104//119 103//119 119//119
f 139//120 141//120 140//120
f 141//121 142//121 140//121
f 55//122 57//122 54//122
f 57//123 56//123 54//123
f 92//124 93//124 95//124
f 93//125 96//125 95//125
f 101//126 102//126 108//126
f 102//127 109//127 108//127
f 61//128 32//128 60//128
f 32//129 31//129 60//129
f 74//130 75//130 79//130
f 75//131 80//131 79//131
f 9//132 10//132 124//132
f 10//133 104//133 124//133
f 96//134 97//134 100//134
f 97//135 101//135 100//135
f 20//37 21//37 19//37
f 21//37 17//37 19//37
f 107//136 108//136 111//136
f 108//137 112//137 111//137
f 140//138 142//138 113//138
f 142//139 117//139 113//139
f 18//140 110//140 19//140
f 110//141 114//141 19//141
f 123//142 124//142 118//142
f 124//143 119//143 118//143
f 14//144 15//144 135//144
f 15//145 137//145 135//145
f 5//146 8//146 143//146
f 8//147 146//147 143//147
f 127//148 128//148 57//148
f 128//149 59//149 57//149
f 116//150 117//150 122//150
f 117//151 145//151 122//151
f 100//152 101//152 107//152
f 101//153 108//153 107//153
f 125//154 126//154 53//154
f 126//155 55//155 53//155
f 119//156 103//156 58//156
f 103//157 66//157 58//157
f 99//37 106//37 26//37
f 106//37 17//37 26//37
f 64//158 65//158 69//158
f 65//159 70//159 69//159
f 67//160 60//160 76//160
f 60//161 81//161 76//161
f 83//162 82//162 88//162
f 82//163 87//163 88//163
f 69//164 70//164 74//164
f 70//165 75//165 74//165
f 99//166 98//166 106//166
f 98//167 105//167 106//167
f 141//168 143//168 142//168
f 143//169 144//169 142//169
f 13//170 14//170 132//170
f 14//171 135//171 132//171
f 122//172 145//172 127//172
f 145//173 128//173 127//173
f 10//174 6//174 104//174
f 6//175 91//175 104//175
f 88//176 87//176 25//176
f 87//177 92//177 25//177
f 87//178 89//178 92//178
f 89//179 93//179 92//179
f 146//180 123//180 147//180
f 123//181 118//181 147//181
f 80//182 81//182 85//182
f 81//183 30//183 85//183
f 2//184 1//184 72//184
f 1//185 61//185 72//185
f 28//186 130//186 27//186
f 130//187 131//187 27//187
f 84//188 85//188 89//188
f 85//189 90//189 89//189
f 52//190 51//190 63//190
f 51//191 62//191 63//191
f 63//37 23//37 52//37
f 23//37 17//37 52//37
f 105//192 107//192 110//192
f 107//193 111//193 110//193
f 24//37 78//37 23//37
f 78//37 17//37 23//37
f 3//194 13//194 129//194
f 13//195 132//195 129//195
f 136//196 138//196 102//196
f 138//197 109//197 102//197
f 72//198 61//198 67//198
f 61//199 60//199 67//199
f 132//200 135//200 133//200
f 135//201 136//201 133//201
f 137//202 139//202 138//202
f 139//203 140//203 138//203
f 147//204 118//204 128//204
f 118//205 59//205 128//205
f 142//206 144//206 117//206
f 144//207 145//207 117//207
f 135//208 137//208 136//208
f 137//209 138//209 136//209
f 8//210 4//210 146//210
f 4//211 123//211 146//211
f 104//212 91//212 103//212
f 91//213 86//213 103//213
f 91//214 72//214 86//214
f 72//215 67//215 86//215
f 144//216 147//216 145//216
f 147//217 128//217 145//217
f 12//218 3//218 29//218
f 3//219 129//219 29//219
f 60//220 31//220 81//220
f 31//221 30//221 81//221
f 32//222 29//222 31//222
f 29//223 28//223 31//223
f 15//224 16//224 137//224
f 16//225 139//225 137//225
f 151//226 149//226 152//226
f 154//227 156//227 155//227
f 154//228 152//228 156//228
f 150//229 151//229 157//229
f 159//230 158//230 160//230
f 157//231 158//231 159//231
f 164//232 162//232 165//232
f 167//233 169//233 1535//233
f 167//234 165//234 169//234
f 163//235 164//235 170//235
f 172//236 171//236 173//236
f 170//237 171//237 172//237
f 177//238 175//238 178//238
f 180//239 182//239 181//239
f 180//240 178//240 182//240
f 176//241 177//241 183//241
f 185//242 184//242 186//242
f 183//243 184//243 185//243
f 190//244 188//244 191//244
f 193//245 195//245 194//245
f 193//246 191//246 195//246
f 189//247 190//247 196//247
f 198//248 197//248 199//248
f 196//249 197//249 198//249
f 203//250 201//250 204//250
f 177//251 179//251 183//251
f 183//252 179//252 184//252
f 206//253 208//253 207//253
f 206//254 204//254 208//254
f 202//255 203//255 209//255
f 211//256 210//256 212//256
f 209//257 210//257 211//257
f 216//258 214//258 217//258
f 219//259 221//259 220//259
f 219//260 217//260 221//260
f 215//261 216//261 222//261
f 224//262 223//262 225//262
f 222//263 223//263 224//263
f 216//264 218//264 222//264
f 222//265 218//265 223//265
f 219//266 218//266 217//266
f 217//267 218//267 216//267
f 167//268 166//268 165//268
f 165//269 166//269 164//269
f 164//270 166//270 170//270
f 170//271 166//271 171//271
f 206//272 205//272 204//272
f 204//273 205//273 203//273
f 180//274 179//274 178//274
f 178//275 179//275 177//275
f 193//276 192//276 191//276
f 191//277 192//277 190//277
f 154//278 153//278 152//278
f 152//279 153//279 151//279
f 213//280 214//280 215//280
f 215//281 214//281 216//281
f 203//282 205//282 209//282
f 209//283 205//283 210//283
f 1508//284 1507//284 263//284
f 190//285 192//285 196//285
f 196//286 192//286 197//286
f 1514//287 162//287 163//287
f 163//288 162//288 164//288
f 1492//289 188//289 189//289
f 189//290 188//290 190//290
f 200//291 201//291 202//291
f 202//292 201//292 203//292
f 1505//293 175//293 176//293
f 176//294 175//294 177//294
f 148//295 149//295 150//295
f 150//296 149//296 151//296
f 151//297 153//297 157//297
f 157//298 153//298 158//298
f 1511//299 240//299 1512//299
f 1510//300 239//300 1511//300
f 239//299 240//299 1511//299
f 1504//301 238//301 1510//301
f 238//302 239//302 1510//302
f 1503//303 235//303 1504//303
f 235//304 238//304 1504//304
f 1525//305 252//305 1507//305
f 252//284 263//284 1507//284
f 1515//306 241//306 1525//306
f 241//307 252//307 1525//307
f 1515//308 161//308 241//308
f 161//309 229//309 241//309
f 229//310 226//310 241//310
f 226//310 242//310 241//310
f 241//310 242//310 252//310
f 242//310 253//310 252//310
f 252//310 253//310 263//310
f 253//310 264//310 263//310
f 263//310 264//310 1508//310
f 264//310 1536//310 1508//310
f 1536//311 264//311 1532//311
f 253//312 1488//312 264//312
f 1488//313 1532//313 264//313
f 242//314 1487//314 253//314
f 1487//315 1488//315 253//315
f 226//316 1489//316 242//316
f 1489//317 1487//317 242//317
f 1489//318 227//318 1483//318
f 227//319 243//319 1483//319
f 1483//320 243//320 1484//320
f 243//321 254//321 1484//321
f 1484//322 254//322 1526//322
f 254//323 265//323 1526//323
f 1526//324 265//324 1529//324
f 1530//325 1529//325 267//325
f 1529//325 265//325 267//325
f 1530//326 267//326 1524//326
f 256//327 1522//327 267//327
f 1522//328 1524//328 267//328
f 245//329 1520//329 256//329
f 1520//330 1522//330 256//330
f 236//331 1517//331 245//331
f 1517//332 1520//332 245//332
f 227//325 236//325 243//325
f 236//325 245//325 243//325
f 243//325 245//325 254//325
f 245//325 256//325 254//325
f 254//325 256//325 265//325
f 256//325 267//325 265//325
f 161//333 1516//333 228//333
f 1516//334 247//334 228//334
f 247//334 1516//334 258//334
f 1516//335 1519//335 258//335
f 258//336 1519//336 269//336
f 1519//337 1521//337 269//337
f 168//338 269//338 1521//338
f 1495//339 271//339 168//339
f 271//339 269//339 168//339
f 1494//340 271//340 1495//340
f 1497//341 260//341 1494//341
f 260//340 271//340 1494//340
f 1506//342 249//342 1497//342
f 249//343 260//343 1497//343
f 1506//344 174//344 249//344
f 174//345 231//345 249//345
f 231//339 228//339 249//339
f 228//339 247//339 249//339
f 249//339 247//339 260//339
f 247//339 258//339 260//339
f 260//339 258//339 271//339
f 258//339 269//339 271//339
f 174//346 1501//346 230//346
f 1501//347 248//347 230//347
f 248//347 1501//347 259//347
f 1501//348 1502//348 259//348
f 259//349 1502//349 270//349
f 1502//350 1534//350 270//350
f 1533//351 270//351 1534//351
f 1533//352 1513//352 270//352
f 1513//352 273//352 270//352
f 1500//353 273//353 1513//353
f 1499//354 262//354 1500//354
f 262//355 273//355 1500//355
f 1496//356 251//356 1499//356
f 251//357 262//357 1499//357
f 1496//358 187//358 251//358
f 187//359 233//359 251//359
f 187//360 1493//360 232//360
f 1493//361 250//361 232//361
f 250//361 1493//361 261//361
f 1493//362 1490//362 261//362
f 261//363 1490//363 272//363
f 1490//364 1491//364 272//364
f 1498//365 272//365 1491//365
f 1498//366 1512//366 272//366
f 1512//366 240//366 272//366
f 239//366 261//366 240//366
f 261//366 272//366 240//366
f 238//366 250//366 239//366
f 250//366 261//366 239//366
f 235//366 232//366 238//366
f 232//366 250//366 238//366
f 262//352 259//352 273//352
f 259//352 270//352 273//352
f 251//352 248//352 262//352
f 248//352 259//352 262//352
f 233//352 230//352 251//352
f 230//352 248//352 251//352
f 237//367 234//367 246//367
f 234//367 244//367 246//367
f 246//367 244//367 257//367
f 244//367 255//367 257//367
f 257//367 255//367 268//367
f 255//367 266//367 268//367
f 1527//367 1486//367 266//367
f 1486//367 268//367 266//367
f 1527//368 266//368 1528//368
f 255//369 1531//369 266//369
f 1531//370 1528//370 266//370
f 244//371 1509//371 255//371
f 1509//372 1531//372 255//372
f 234//373 1503//373 244//373
f 1503//374 1509//374 244//374
f 1485//375 268//375 1486//375
f 1523//376 257//376 1485//376
f 257//375 268//375 1485//375
f 1518//377 246//377 1523//377
f 246//378 257//378 1523//378
f 1517//379 237//379 1518//379
f 237//380 246//380 1518//380
f 284//381 285//381 843//381
f 843//381 285//381 842//381
f 787//381 789//381 1341//381
f 1341//381 789//381 1342//381
f 879//382 880//382 877//382
f 880//382 878//382 877//382
f 1060//383 1030//383 1059//383
f 1030//383 1031//383 1059//383
f 1271//384 1356//384 1273//384
f 1356//385 1355//385 1273//385
f 442//386 443//386 428//386
f 428//387 443//387 427//387
f 1154//388 1169//388 1155//388
f 1169//389 1168//389 1155//389
f 399//390 396//390 412//390
f 412//391 396//391 411//391
f 929//392 922//392 928//392
f 922//393 923//393 928//393
f 857//394 858//394 855//394
f 858//394 856//394 855//394
f 885//37 854//37 900//37
f 854//37 1552//37 900//37
f 910//395 915//395 908//395
f 915//396 914//396 908//396
f 1395//383 1393//383 1661//383
f 1661//383 1393//383 1394//383
f 1086//397 1090//397 1085//397
f 1090//398 1089//398 1085//398
f 660//399 659//399 1671//399
f 1671//400 659//400 658//400
f 423//401 422//401 421//401
f 422//402 1677//402 421//402
f 799//403 801//403 1362//403
f 1362//403 801//403 1363//403
f 1161//404 1164//404 1159//404
f 1164//405 1163//405 1159//405
f 1186//406 1183//406 1070//406
f 1183//407 1071//407 1070//407
f 1381//408 1379//408 1382//408
f 1382//408 1379//408 1380//408
f 309//409 307//409 310//409
f 312//410 314//410 313//410
f 312//411 310//411 314//411
f 308//412 309//412 315//412
f 1976//413 1963//413 1989//413
f 1989//413 1963//413 1959//413
f 317//414 316//414 318//414
f 315//415 316//415 317//415
f 928//416 923//416 927//416
f 923//417 924//417 927//417
f 1279//418 1275//418 759//418
f 1275//419 760//419 759//419
f 1011//420 1014//420 960//420
f 1014//421 954//421 960//421
f 322//422 320//422 323//422
f 860//37 850//37 1642//37
f 850//37 851//37 1642//37
f 325//423 327//423 2039//423
f 325//424 323//424 327//424
f 321//425 322//425 328//425
f 725//426 723//426 724//426
f 724//427 723//427 721//427
f 330//428 329//428 331//428
f 328//429 329//429 330//429
f 1928//37 1876//37 1929//37
f 1929//37 1876//37 800//37
f 409//430 408//430 1244//430
f 408//430 1243//430 1244//430
f 816//431 1406//431 809//431
f 1406//431 1405//431 809//431
f 2006//37 2019//37 2007//37
f 2007//37 2019//37 822//37
f 335//432 333//432 336//432
f 338//433 340//433 339//433
f 338//434 336//434 340//434
f 334//435 335//435 341//435
f 391//436 393//436 394//436
f 394//437 393//437 395//437
f 343//438 342//438 344//438
f 341//439 342//439 343//439
f 766//37 765//37 1836//37
f 1836//37 765//37 764//37
f 807//440 1616//440 1942//440
f 1616//440 1397//440 1942//440
f 1601//37 1595//37 1673//37
f 1673//37 1595//37 1674//37
f 888//37 859//37 887//37
f 859//37 1623//37 887//37
f 348//441 346//441 349//441
f 1027//442 1024//442 1026//442
f 1024//443 1023//443 1026//443
f 351//444 353//444 352//444
f 351//445 349//445 353//445
f 347//446 348//446 354//446
f 1779//37 1740//37 1228//37
f 1228//37 1740//37 2008//37
f 356//447 355//447 357//447
f 354//448 355//448 356//448
f 1109//449 1132//449 1110//449
f 1132//450 1131//450 1110//450
f 1412//37 1575//37 1368//37
f 1368//37 1575//37 1370//37
f 521//451 1860//451 516//451
f 1860//452 519//452 516//452
f 734//453 735//453 1895//453
f 735//454 733//454 1895//454
f 361//455 359//455 362//455
f 335//456 337//456 341//456
f 341//457 337//457 342//457
f 364//458 366//458 365//458
f 364//459 362//459 366//459
f 360//460 361//460 367//460
f 900//461 899//461 1010//461
f 899//462 1013//462 1010//462
f 369//463 368//463 370//463
f 367//464 368//464 369//464
f 543//465 542//465 1892//465
f 1892//466 542//466 541//466
f 1092//467 1096//467 1091//467
f 1096//468 1095//468 1091//468
f 374//469 372//469 375//469
f 608//470 617//470 604//470
f 604//471 617//471 603//471
f 377//472 379//472 378//472
f 377//473 375//473 379//473
f 373//474 374//474 380//474
f 382//475 381//475 383//475
f 380//476 381//476 382//476
f 276//477 277//477 1626//477
f 1626//477 277//477 1625//477
f 992//478 989//478 991//478
f 989//479 988//479 991//479
f 1278//480 1221//480 1277//480
f 1221//481 1270//481 1277//481
f 1003//482 1006//482 1002//482
f 1006//483 1005//483 1002//483
f 1004//484 1007//484 1003//484
f 1007//485 1006//485 1003//485
f 1313//486 1309//486 1312//486
f 1309//487 1308//487 1312//487
f 601//488 600//488 599//488
f 599//489 600//489 598//489
f 430//490 428//490 429//490
f 429//491 428//491 426//491
f 1180//492 1179//492 1072//492
f 1179//493 1073//493 1072//493
f 398//494 394//494 399//494
f 399//495 394//495 396//495
f 479//496 2040//496 474//496
f 2040//497 477//497 474//497
f 555//498 525//498 539//498
f 539//498 525//498 512//498
f 996//499 997//499 945//499
f 997//500 940//500 945//500
f 385//501 1609//501 387//501
f 385//502 387//502 388//502
f 943//503 968//503 944//503
f 968//504 967//504 944//504
f 392//505 1597//505 1598//505
f 1119//506 1120//506 1117//506
f 1120//507 1118//507 1117//507
f 482//508 481//508 480//508
f 480//509 481//509 1773//509
f 650//510 606//510 655//510
f 606//511 611//511 655//511
f 400//512 384//512 386//512
f 400//513 386//513 1563//513
f 803//37 800//37 762//37
f 762//37 800//37 764//37
f 1564//514 389//514 398//514
f 1563//515 1564//515 398//515
f 1577//516 1576//516 401//516
f 404//517 1577//517 401//517
f 1327//518 1323//518 783//518
f 1323//519 784//519 783//519
f 1567//520 390//520 388//520
f 390//521 385//521 388//521
f 409//522 1600//522 408//522
f 818//523 1411//523 819//523
f 1411//523 1410//523 819//523
f 1242//367 791//367 1241//367
f 1241//367 791//367 798//367
f 737//524 738//524 723//524
f 723//525 738//525 722//525
f 384//526 400//526 402//526
f 402//527 400//527 403//527
f 664//528 662//528 663//528
f 663//529 662//529 660//529
f 1599//530 1717//530 412//530
f 1717//531 403//531 412//531
f 1079//532 1127//532 1081//532
f 1127//533 1126//533 1081//533
f 709//534 708//534 727//534
f 708//535 729//535 727//535
f 1724//536 1638//536 416//536
f 1681//537 1724//537 416//537
f 564//538 565//538 562//538
f 565//539 563//539 562//539
f 947//540 1032//540 956//540
f 1032//540 1870//540 956//540
f 424//541 422//541 423//541
f 1126//542 1122//542 1125//542
f 1122//543 1121//543 1125//543
f 655//544 611//544 657//544
f 611//545 613//545 657//545
f 1570//546 626//546 1550//546
f 626//547 624//547 1550//547
f 1637//548 431//548 417//548
f 417//549 431//549 418//549
f 1668//37 1236//37 1234//37
f 1234//37 1236//37 1235//37
f 420//550 419//550 429//550
f 419//551 418//551 429//551
f 374//552 376//552 380//552
f 380//553 376//553 381//553
f 475//554 1584//554 1628//554
f 1584//555 1984//555 1628//555
f 433//556 1679//556 435//556
f 433//557 435//557 436//557
f 440//558 439//558 1829//558
f 962//559 957//559 961//559
f 957//560 956//560 961//560
f 980//561 946//561 979//561
f 946//562 949//562 979//562
f 757//563 773//563 1287//563
f 773//563 1298//563 1287//563
f 431//564 1637//564 434//564
f 431//565 434//565 1680//565
f 1107//566 1103//566 1106//566
f 1103//567 1102//567 1106//567
f 1778//568 1793//568 444//568
f 1680//569 1778//569 444//569
f 446//570 1714//570 448//570
f 446//571 448//571 449//571
f 960//572 954//572 959//572
f 954//573 952//573 959//573
f 701//574 1939//574 696//574
f 1939//575 1938//575 696//575
f 682//576 693//576 695//576
f 695//577 693//577 694//577
f 1923//578 1760//578 499//578
f 499//578 1760//578 469//578
f 1155//579 1152//579 1154//579
f 1152//580 1151//580 1154//580
f 459//581 445//581 447//581
f 459//582 447//582 1971//582
f 377//583 376//583 375//583
f 375//584 376//584 374//584
f 2009//585 1969//585 457//585
f 1971//586 2009//586 457//586
f 452//587 1243//587 450//587
f 1243//588 451//588 450//588
f 1770//589 1782//589 460//589
f 463//590 1770//590 460//590
f 594//591 593//591 589//591
f 593//592 592//592 589//592
f 1729//593 1038//593 1797//593
f 1038//593 1039//593 1797//593
f 468//594 1759//594 467//594
f 1703//37 1704//37 1374//37
f 1374//37 1704//37 1376//37
f 1399//37 1398//37 1653//37
f 1653//37 1398//37 1396//37
f 599//595 598//595 1776//595
f 1776//596 598//596 597//596
f 1271//597 1272//597 1269//597
f 1272//597 1270//597 1269//597
f 445//598 459//598 461//598
f 461//599 459//599 462//599
f 975//540 1035//540 980//540
f 1035//540 2000//540 980//540
f 464//600 1771//600 471//600
f 1771//601 462//601 471//601
f 1628//602 474//602 475//602
f 476//603 475//603 474//603
f 477//604 476//604 474//604
f 485//605 482//605 478//605
f 478//606 482//606 480//606
f 920//607 925//607 919//607
f 925//608 924//608 919//608
f 831//609 832//609 1423//609
f 1423//609 832//609 1718//609
f 994//388 1009//388 995//388
f 1009//389 1008//389 995//389
f 1348//610 1345//610 1347//610
f 1345//611 1346//611 1347//611
f 892//612 891//612 1001//612
f 891//613 1004//613 1001//613
f 472//614 487//614 1972//614
f 1972//615 487//615 2022//615
f 1150//616 1147//616 1062//616
f 1147//617 1063//617 1062//617
f 478//618 2023//618 485//618
f 2023//619 2022//619 485//619
f 1134//620 1138//620 1133//620
f 1138//621 1137//621 1133//621
f 489//622 1585//622 1821//622
f 489//623 1821//623 1815//623
f 2020//624 1306//624 1864//624
f 1306//624 1310//624 1864//624
f 1277//625 1270//625 1276//625
f 1270//626 1272//626 1276//626
f 496//627 495//627 497//627
f 759//37 760//37 758//37
f 760//37 756//37 758//37
f 1312//628 1308//628 1311//628
f 1308//629 1307//629 1311//629
f 487//630 472//630 490//630
f 487//631 490//631 491//631
f 798//408 799//408 1241//408
f 1241//408 799//408 1362//408
f 492//632 493//632 500//632
f 491//633 492//633 500//633
f 502//634 2037//634 504//634
f 502//635 504//635 505//635
f 2030//413 862//413 1630//413
f 862//413 2028//413 1630//413
f 1715//636 853//636 883//636
f 853//636 884//636 883//636
f 1000//637 1026//637 893//637
f 1026//638 894//638 893//638
f 527//639 526//639 520//639
f 520//640 526//640 522//640
f 886//37 1622//37 885//37
f 1622//37 854//37 885//37
f 1864//641 1310//641 1231//641
f 1310//641 1232//641 1231//641
f 515//642 501//642 503//642
f 515//643 503//643 1850//643
f 834//644 835//644 1573//644
f 1573//644 835//644 1427//644
f 1851//645 506//645 513//645
f 1850//646 1851//646 513//646
f 1139//647 1116//647 1138//647
f 1116//648 1118//648 1138//648
f 1852//649 1710//649 516//649
f 519//650 1852//650 516//650
f 983//651 984//651 981//651
f 984//652 982//652 981//652
f 1309//653 1305//653 1308//653
f 1305//654 1304//654 1308//654
f 524//655 1861//655 523//655
f 1055//656 1993//656 1054//656
f 1993//656 1036//656 1054//656
f 305//657 304//657 1084//657
f 304//658 1088//658 1084//658
f 757//37 756//37 773//37
f 756//37 768//37 773//37
f 501//659 515//659 517//659
f 517//660 515//660 518//660
f 891//661 890//661 1004//661
f 890//662 1007//662 1004//662
f 520//663 1886//663 527//663
f 1886//664 518//664 527//664
f 1559//665 530//665 531//665
f 532//666 531//666 530//666
f 1893//667 532//667 530//667
f 1110//503 1131//503 1111//503
f 1131//504 1130//504 1111//504
f 920//540 1042//540 925//540
f 1042//540 1041//540 925//540
f 572//668 569//668 585//668
f 585//669 569//669 584//669
f 1871//37 2007//37 820//37
f 820//37 2007//37 822//37
f 967//670 972//670 966//670
f 972//671 971//671 966//671
f 282//672 283//672 1799//672
f 1799//672 283//672 844//672
f 528//673 543//673 1891//673
f 1891//674 543//674 1892//674
f 1110//675 1106//675 1109//675
f 1106//676 1105//676 1109//676
f 534//677 533//677 541//677
f 533//678 1892//678 541//678
f 1403//37 2032//37 1812//37
f 1812//37 2032//37 1805//37
f 545//679 546//679 1905//679
f 545//680 1905//680 1930//680
f 554//681 555//681 540//681
f 540//682 555//682 539//682
f 552//683 1908//683 553//683
f 957//684 948//684 956//684
f 948//685 947//685 956//685
f 1325//686 1320//686 1324//686
f 1320//687 1321//687 1324//687
f 1288//688 1284//688 1287//688
f 1284//689 1283//689 1287//689
f 814//690 1408//690 815//690
f 1408//690 1407//690 815//690
f 543//691 528//691 1904//691
f 543//692 1904//692 547//692
f 548//693 549//693 556//693
f 547//694 548//694 556//694
f 558//695 1953//695 1933//695
f 558//696 1933//696 1934//696
f 1067//37 1051//37 1066//37
f 1051//37 1050//37 1066//37
f 883//383 884//383 881//383
f 884//383 882//383 881//383
f 565//697 564//697 566//697
f 695//698 694//698 698//698
f 698//699 694//699 707//699
f 821//700 1694//700 1555//700
f 1555//700 1694//700 1415//700
f 935//701 930//701 934//701
f 930//702 929//702 934//702
f 573//703 557//703 559//703
f 573//704 559//704 560//704
f 561//705 1738//705 571//705
f 560//706 561//706 571//706
f 576//707 575//707 574//707
f 577//708 576//708 574//708
f 1895//709 733//709 1931//709
f 733//710 728//710 1931//710
f 1046//711 1925//711 1801//711
f 1925//711 1874//711 1801//711
f 582//712 1954//712 581//712
f 946//540 1033//540 947//540
f 1033//540 1032//540 947//540
f 1324//713 1321//713 1323//713
f 1321//714 1322//714 1323//714
f 557//715 573//715 1711//715
f 1711//716 573//716 1712//716
f 578//717 1964//717 585//717
f 1964//718 1712//718 585//718
f 325//719 324//719 323//719
f 323//720 324//720 322//720
f 1950//721 1944//721 544//721
f 1944//722 546//722 544//722
f 591//723 590//723 589//723
f 592//724 591//724 589//724
f 1794//725 595//725 596//725
f 1007//726 982//726 1006//726
f 982//727 984//727 1006//727
f 274//711 275//711 837//711
f 837//711 275//711 1689//711
f 586//728 604//728 1663//728
f 1663//729 604//729 1664//729
f 1233//730 1669//730 1232//730
f 1669//730 1231//730 1232//730
f 1775//731 1665//731 602//731
f 1665//732 1664//732 602//732
f 661//733 631//733 659//733
f 659//733 631//733 629//733
f 594//734 550//734 596//734
f 550//734 552//734 596//734
f 1347//735 1346//735 796//735
f 1346//736 797//736 796//736
f 613//737 612//737 614//737
f 1121//684 1113//684 292//684
f 1113//685 293//685 292//685
f 549//738 551//738 556//738
f 556//739 551//739 554//739
f 1687//37 1697//37 1537//37
f 1537//37 1697//37 1421//37
f 604//740 586//740 607//740
f 604//741 607//741 608//741
f 2032//37 2036//37 1805//37
f 1805//37 2036//37 1390//37
f 609//742 610//742 617//742
f 608//743 609//743 617//743
f 400//744 399//744 403//744
f 403//745 399//745 412//745
f 619//746 1583//746 621//746
f 619//747 621//747 622//747
f 623//748 625//748 632//748
f 632//749 625//749 628//749
f 2012//37 2013//37 779//37
f 779//37 2013//37 776//37
f 626//750 1570//750 627//750
f 322//751 324//751 328//751
f 328//752 324//752 329//752
f 285//753 286//753 842//753
f 842//753 286//753 841//753
f 911//754 916//754 989//754
f 916//755 985//755 989//755
f 1287//756 1283//756 757//756
f 1283//757 758//757 757//757
f 634//758 618//758 620//758
f 634//759 620//759 1543//759
f 1154//760 1151//760 1153//760
f 1151//761 1150//761 1153//761
f 1544//762 623//762 632//762
f 1543//763 1544//763 632//763
f 637//764 636//764 635//764
f 2031//765 637//765 635//765
f 1132//766 1136//766 1131//766
f 1136//767 1135//767 1131//767
f 941//540 1037//540 970//540
f 1037//540 1994//540 970//540
f 643//768 1593//768 642//768
f 1090//769 1094//769 1089//769
f 1094//770 1093//770 1089//770
f 552//771 553//771 596//771
f 553//771 1794//771 596//771
f 1248//772 1887//772 1249//772
f 618//773 634//773 1541//773
f 1541//774 634//774 1542//774
f 1592//775 638//775 646//775
f 638//776 1542//776 646//776
f 1323//777 1322//777 784//777
f 1322//778 785//778 784//778
f 1012//779 1015//779 1011//779
f 1015//780 1014//780 1011//780
f 289//636 274//636 838//636
f 838//636 274//636 837//636
f 1672//781 656//781 657//781
f 913//782 918//782 912//782
f 918//783 917//783 912//783
f 1159//784 1163//784 1157//784
f 1163//785 1162//785 1157//785
f 421//786 1677//786 416//786
f 1677//787 1681//787 416//787
f 1172//779 1175//779 1171//779
f 1175//780 1174//780 1171//780
f 1635//788 665//788 651//788
f 651//789 665//789 652//789
f 918//790 923//790 917//790
f 923//791 922//791 917//791
f 654//792 653//792 663//792
f 653//793 652//793 663//793
f 1752//37 820//37 823//37
f 823//37 820//37 822//37
f 647//794 668//794 648//794
f 668//795 666//795 648//795
f 667//796 668//796 2002//796
f 667//797 2002//797 2003//797
f 584//798 583//798 580//798
f 580//799 583//799 1817//799
f 674//800 673//800 1725//800
f 963//801 958//801 962//801
f 958//802 957//802 962//802
f 468//803 467//803 1249//803
f 467//803 1248//803 1249//803
f 444//804 442//804 430//804
f 430//805 442//805 428//805
f 665//806 1635//806 1785//806
f 665//807 1785//807 669//807
f 604//808 603//808 1664//808
f 1664//809 603//809 602//809
f 670//810 1684//810 678//810
f 669//811 670//811 678//811
f 1147//812 1141//812 1063//812
f 1141//813 1064//813 1063//813
f 680//814 1756//814 1757//814
f 680//815 1757//815 1783//815
f 769//816 785//816 1311//816
f 785//816 1322//816 1311//816
f 465//817 1823//817 460//817
f 1823//818 463//818 460//818
f 687//819 1733//819 1722//819
f 952//820 953//820 950//820
f 953//821 951//821 950//821
f 453//822 454//822 455//822
f 455//823 454//823 456//823
f 912//824 917//824 911//824
f 917//398 916//398 911//398
f 1377//825 1977//825 1378//825
f 1378//825 1977//825 1983//825
f 695//826 679//826 681//826
f 695//827 681//827 682//827
f 683//828 684//828 693//828
f 682//829 683//829 693//829
f 662//830 661//830 660//830
f 660//831 661//831 659//831
f 1985//832 1706//832 696//832
f 1938//833 1985//833 696//833
f 1091//790 1095//790 1090//790
f 1095//791 1094//791 1090//791
f 1594//37 1403//37 1784//37
f 1784//37 1403//37 1812//37
f 704//834 1762//834 703//834
f 1081//835 1126//835 1083//835
f 1126//836 1125//836 1083//836
f 1062//37 1747//37 1061//37
f 1747//37 1045//37 1061//37
f 673//837 674//837 671//837
f 674//838 672//838 671//838
f 679//839 695//839 697//839
f 697//840 695//840 698//840
f 560//841 571//841 573//841
f 573//842 571//842 572//842
f 700//843 699//843 707//843
f 699//844 698//844 707//844
f 668//845 667//845 666//845
f 713//846 1758//846 711//846
f 714//847 713//847 711//847
f 1723//848 717//848 718//848
f 1801//636 1874//636 1060//636
f 1874//636 1030//636 1060//636
f 775//37 1837//37 2013//37
f 2013//37 1837//37 776//37
f 980//540 2000//540 946//540
f 2000//540 1033//540 946//540
f 1543//849 632//849 634//849
f 634//850 632//850 633//850
f 1246//851 2033//851 479//851
f 2033//852 2040//852 479//852
f 1588//853 726//853 712//853
f 712//854 726//854 1912//854
f 665//855 664//855 652//855
f 652//856 664//856 663//856
f 1943//857 1914//857 724//857
f 1914//858 1912//858 724//858
f 901//859 911//859 992//859
f 911//860 989//860 992//860
f 729//861 728//861 727//861
f 728//862 729//862 1937//862
f 728//863 1937//863 1931//863
f 598//864 568//864 597//864
f 597//864 568//864 1781//864
f 495//865 496//865 1816//865
f 496//866 494//866 1816//866
f 735//867 734//867 736//867
f 826//37 825//37 1988//37
f 1988//37 825//37 822//37
f 1156//868 1188//868 1158//868
f 1188//869 1187//869 1158//869
f 1337//870 1344//870 1238//870
f 1344//870 1239//870 1238//870
f 726//871 1588//871 1589//871
f 726//872 1589//872 730//872
f 1247//37 1888//37 432//37
f 1888//37 1267//37 432//37
f 731//873 732//873 739//873
f 730//874 731//874 739//874
f 780//37 768//37 749//37
f 749//37 768//37 1883//37
f 780//37 749//37 750//37
f 1883//37 768//37 1858//37
f 780//37 750//37 751//37
f 1858//37 768//37 753//37
f 780//37 751//37 1842//37
f 753//37 768//37 744//37
f 780//37 1842//37 1890//37
f 744//37 768//37 756//37
f 1936//37 744//37 756//37
f 1863//37 1936//37 756//37
f 756//37 757//37 758//37
f 524//875 523//875 566//875
f 523//875 565//875 566//875
f 756//37 760//37 761//37
f 499//876 469//876 483//876
f 483//876 469//876 456//876
f 768//37 769//37 770//37
f 768//37 772//37 773//37
f 1385//37 1795//37 2042//37
f 2042//37 1795//37 2043//37
f 780//37 781//37 782//37
f 553//367 524//367 1794//367
f 524//367 566//367 1794//367
f 780//37 784//37 785//37
f 905//835 963//835 907//835
f 963//877 962//877 907//877
f 792//37 793//37 794//37
f 987//812 981//812 887//812
f 981//813 888//813 887//813
f 792//37 796//37 797//37
f 547//878 556//878 543//878
f 543//879 556//879 542//879
f 1774//37 1385//37 2041//37
f 2041//37 1385//37 2042//37
f 764//37 808//37 776//37
f 788//37 776//37 1960//37
f 1960//37 776//37 1961//37
f 788//37 1960//37 812//37
f 1961//37 776//37 1968//37
f 788//37 812//37 811//37
f 1968//37 776//37 1951//37
f 788//37 811//37 1948//37
f 1951//37 776//37 808//37
f 788//37 1948//37 1903//37
f 800//37 1903//37 1749//37
f 817//37 808//37 764//37
f 470//880 469//880 466//880
f 466//881 469//881 1760//881
f 804//882 1401//882 805//882
f 1401//882 1400//882 805//882
f 1575//37 1574//37 1370//37
f 1370//37 1574//37 1372//37
f 1353//883 1349//883 1352//883
f 1349//884 1348//884 1352//884
f 1896//885 1923//885 498//885
f 498//886 1923//886 499//886
f 999//784 1003//784 997//784
f 1003//785 1002//785 997//785
f 487//887 486//887 2022//887
f 2022//888 486//888 485//888
f 1738//889 1739//889 571//889
f 571//890 1739//890 567//890
f 1387//891 1777//891 1388//891
f 1388//891 1777//891 1386//891
f 1151//892 1148//892 1150//892
f 1148//893 1147//893 1150//893
f 1152//478 1149//478 1151//478
f 1149//479 1148//479 1151//479
f 280//403 281//403 847//403
f 847//403 281//403 1800//403
f 978//647 951//647 977//647
f 951//648 953//648 977//648
f 1357//894 1353//894 1356//894
f 1353//895 1352//895 1356//895
f 1226//896 1286//896 1289//896
f 1286//897 1285//897 1289//897
f 1082//898 1087//898 1080//898
f 1087//899 1086//899 1080//899
f 890//900 889//900 1007//900
f 889//901 982//901 1007//901
f 1803//37 1787//37 1820//37
f 1820//37 1787//37 788//37
f 1739//902 1781//902 567//902
f 567//903 1781//903 568//903
f 1970//904 1772//904 453//904
f 453//905 1772//905 454//905
f 1371//37 1373//37 1426//37
f 1426//37 1373//37 1425//37
f 1148//906 1143//906 1147//906
f 1143//907 1141//907 1147//907
f 1245//908 2033//908 1246//908
f 793//37 792//37 761//37
f 792//37 756//37 761//37
f 875//891 876//891 873//891
f 876//891 874//891 873//891
f 389//909 391//909 398//909
f 398//910 391//910 394//910
f 286//382 287//382 841//382
f 841//382 287//382 840//382
f 1360//37 1361//37 1745//37
f 1745//37 1361//37 1696//37
f 937//911 932//911 936//911
f 932//912 931//912 936//912
f 1059//913 1031//913 1058//913
f 1031//913 1868//913 1058//913
f 1088//914 1092//914 1087//914
f 1092//915 1091//915 1087//915
f 897//37 2047//37 896//37
f 2047//37 1540//37 896//37
f 970//540 1994//540 975//540
f 1994//540 1035//540 975//540
f 1061//916 1076//916 1153//916
f 1076//917 1170//917 1153//917
f 1282//918 1278//918 1281//918
f 1278//919 1277//919 1281//919
f 802//920 1615//920 1364//920
f 1364//920 1615//920 1813//920
f 721//921 720//921 1911//921
f 1911//922 720//922 719//922
f 1974//711 1366//711 1945//711
f 1945//711 1366//711 1365//711
f 287//923 288//923 840//923
f 840//923 288//923 839//923
f 579//924 1986//924 574//924
f 1986//925 577//925 574//925
f 1232//926 1310//926 1313//926
f 1310//927 1309//927 1313//927
f 990//928 987//928 886//928
f 987//617 887//617 886//617
f 1066//37 1050//37 1065//37
f 1050//37 1735//37 1065//37
f 995//579 992//579 994//579
f 992//580 991//580 994//580
f 813//929 1409//929 814//929
f 1409//929 1408//929 814//929
f 1263//37 1264//37 1252//37
f 1264//37 488//37 1252//37
f 1349//930 1344//930 1348//930
f 1344//931 1345//931 1348//931
f 1810//932 1763//932 738//932
f 738//932 1763//932 705//932
f 1111//933 1130//933 1112//933
f 1130//934 1129//934 1112//934
f 881//913 882//913 879//913
f 882//913 880//913 879//913
f 732//935 1809//935 739//935
f 739//936 1809//936 737//936
f 1164//937 1167//937 1163//937
f 1167//938 1166//938 1163//938
f 458//939 455//939 471//939
f 471//940 455//940 470//940
f 288//941 289//941 839//941
f 839//941 289//941 838//941
f 867//593 1561//593 865//593
f 1561//593 866//593 865//593
f 941//942 970//942 942//942
f 970//943 969//943 942//943
f 1219//37 1224//37 1222//37
f 1222//37 1224//37 1223//37
f 1149//944 1145//944 1148//944
f 1145//945 1143//945 1148//945
f 1260//37 587//37 1915//37
f 587//37 1847//37 1915//37
f 1335//946 1331//946 781//946
f 1331//947 782//947 781//947
f 916//948 921//948 985//948
f 921//949 986//949 985//949
f 931//540 1973//540 936//540
f 1973//540 1996//540 936//540
f 995//950 1008//950 902//950
f 1008//951 965//951 902//951
f 1685//952 675//952 676//952
f 676//953 675//953 677//953
f 855//711 856//711 1715//711
f 856//711 853//711 1715//711
f 1160//954 1161//954 1158//954
f 1161//955 1159//955 1158//955
f 1369//37 1371//37 1629//37
f 1629//37 1371//37 1426//37
f 431//956 430//956 418//956
f 418//957 430//957 429//957
f 801//958 802//958 1363//958
f 1363//958 802//958 1364//958
f 722//959 692//959 720//959
f 720//959 692//959 690//959
f 892//37 1591//37 891//37
f 1591//37 1590//37 891//37
f 567//960 568//960 569//960
f 569//961 568//961 570//961
f 1300//962 1297//962 1299//962
f 1297//963 1298//963 1299//963
f 763//37 762//37 765//37
f 765//37 762//37 764//37
f 706//964 705//964 702//964
f 702//965 705//965 1763//965
f 1638//966 415//966 416//966
f 893//967 892//967 1000//967
f 892//968 1001//968 1000//968
f 1138//969 1118//969 1137//969
f 1118//970 1120//970 1137//970
f 1269//971 1357//971 1271//971
f 1357//972 1356//972 1271//972
f 1174//973 1177//973 1119//973
f 1177//974 1120//974 1119//974
f 1676//975 1675//975 555//975
f 555//975 1675//975 525//975
f 1080//976 1086//976 1077//976
f 1086//977 1085//977 1077//977
f 1058//382 1868//382 1721//382
f 1868//382 1869//382 1721//382
f 1237//37 1338//37 1808//37
f 1808//37 1338//37 1819//37
f 934//978 929//978 933//978
f 929//979 928//979 933//979
f 1239//367 1707//367 1238//367
f 1707//367 1766//367 1238//367
f 1680//980 444//980 431//980
f 431//981 444//981 430//981
f 1550//982 624//982 622//982
f 624//983 619//983 622//983
f 718//984 717//984 716//984
f 717//985 715//985 716//985
f 1168//986 1171//986 1128//986
f 1171//987 1124//987 1128//987
f 1049//413 1881//413 1048//413
f 1881//413 1882//413 1048//413
f 973//988 978//988 972//988
f 978//989 977//989 972//989
f 1166//990 1144//990 1165//990
f 1144//991 1146//991 1165//991
f 745//992 1981//992 1838//992
f 1981//992 1975//992 1838//992
f 1140//993 1114//993 1139//993
f 1114//994 1116//994 1139//994
f 364//995 363//995 362//995
f 362//996 363//996 361//996
f 657//997 656//997 655//997
f 656//998 1806//998 655//998
f 994//999 991//999 993//999
f 991//1000 990//1000 993//1000
f 736//339 704//339 424//339
f 704//339 1598//339 424//339
f 1767//1001 1334//1001 1766//1001
f 1334//1001 1238//1001 1766//1001
f 894//37 871//37 893//37
f 871//37 1603//37 893//37
f 1332//1002 1328//1002 1331//1002
f 1328//1003 1327//1003 1331//1003
f 829//1004 830//1004 1578//1004
f 1578//1004 830//1004 1422//1004
f 1900//1005 1302//1005 2020//1005
f 1302//1005 1306//1005 2020//1005
f 479//1006 438//1006 1246//1006
f 438//1007 440//1007 1246//1007
f 1326//1008 1233//1008 1325//1008
f 1233//1009 1320//1009 1325//1009
f 1006//990 984//990 1005//990
f 984//991 986//991 1005//991
f 885//916 900//916 993//916
f 900//1010 1010//1010 993//1010
f 1001//1011 1004//1011 999//1011
f 1004//1012 1003//1012 999//1012
f 781//1013 797//1013 1335//1013
f 797//1013 1346//1013 1335//1013
f 1330//1014 1326//1014 1329//1014
f 1326//1015 1325//1015 1329//1015
f 993//1016 990//1016 885//1016
f 990//1017 886//1017 885//1017
f 771//37 772//37 770//37
f 772//37 768//37 770//37
f 411//1018 410//1018 407//1018
f 407//1019 410//1019 1640//1019
f 969//1020 974//1020 968//1020
f 974//767 973//767 968//767
f 1160//637 1186//637 1069//637
f 1186//1021 1070//1021 1069//1021
f 948//1022 949//1022 947//1022
f 949//1023 946//1023 947//1023
f 1302//1024 1227//1024 1301//1024
f 1227//1025 1296//1025 1301//1025
f 1809//1026 1810//1026 737//1026
f 737//1027 1810//1027 738//1027
f 1797//825 1039//825 1796//825
f 1039//825 1040//825 1796//825
f 1630//1028 2028//1028 857//1028
f 2028//1028 858//1028 857//1028
f 1777//656 1383//656 1386//656
f 1386//656 1383//656 1384//656
f 603//1029 601//1029 602//1029
f 602//1030 601//1030 599//1030
f 1128//1031 1124//1031 1127//1031
f 1124//1032 1123//1032 1127//1032
f 2018//37 2038//37 2019//37
f 2019//37 2038//37 822//37
f 588//1033 544//1033 589//1033
f 544//1033 545//1033 589//1033
f 1175//1034 1178//1034 1174//1034
f 1178//1035 1177//1035 1174//1035
f 1977//920 1976//920 1983//920
f 1983//920 1976//920 1989//920
f 1328//1036 1324//1036 1327//1036
f 1324//1037 1323//1037 1327//1037
f 338//1038 337//1038 336//1038
f 336//1039 337//1039 335//1039
f 1646//37 1254//37 1610//37
f 1254//37 1611//37 1610//37
f 1069//37 1053//37 1068//37
f 1053//37 1052//37 1068//37
f 926//540 1965//540 931//540
f 1965//540 1973//540 931//540
f 779//37 776//37 786//37
f 786//37 776//37 788//37
f 833//1040 834//1040 1572//1040
f 1572//1040 834//1040 1573//1040
f 1338//37 1978//37 1819//37
f 1819//37 1978//37 2027//37
f 686//1041 688//1041 689//1041
f 689//1042 688//1042 690//1042
f 1081//1043 1082//1043 1079//1043
f 1082//1044 1080//1044 1079//1044
f 828//1045 829//1045 1420//1045
f 1420//1045 829//1045 1578//1045
f 693//1046 689//1046 694//1046
f 694//1047 689//1047 691//1047
f 1641//37 852//37 1667//37
f 852//37 1662//37 1667//37
f 275//1048 276//1048 1689//1048
f 1689//1048 276//1048 1626//1048
f 1393//913 1391//913 1394//913
f 1394//913 1391//913 1392//913
f 1836//37 764//37 1837//37
f 1837//37 764//37 776//37
f 835//1049 836//1049 1427//1049
f 1427//1049 836//1049 1428//1049
f 1312//1050 1321//1050 1313//1050
f 1321//1050 1320//1050 1313//1050
f 539//1051 512//1051 537//1051
f 537//1051 512//1051 510//1051
f 467//1052 465//1052 1248//1052
f 465//1053 507//1053 1248//1053
f 1331//1054 1327//1054 782//1054
f 1327//1055 783//1055 782//1055
f 1292//37 1222//37 1293//37
f 1293//37 1222//37 1223//37
f 1942//1056 1397//1056 1828//1056
f 1397//1056 1620//1056 1828//1056
f 1106//1057 1102//1057 1105//1057
f 1102//1058 1101//1058 1105//1058
f 1907//1059 550//1059 1930//1059
f 550//1060 545//1060 1930//1060
f 1162//1061 1165//1061 1104//1061
f 1165//1062 1100//1062 1104//1062
f 1167//1063 1142//1063 1166//1063
f 1142//1064 1144//1064 1166//1064
f 1832//1065 1265//1065 1833//1065
f 1265//1065 1898//1065 1833//1065
f 1141//1066 1142//1066 1064//1066
f 1142//1067 1065//1067 1064//1067
f 1336//1068 1332//1068 1335//1068
f 1332//1069 1331//1069 1335//1069
f 1176//1070 1179//1070 1175//1070
f 1179//1071 1178//1071 1175//1071
f 694//1072 691//1072 707//1072
f 707//1073 691//1073 706//1073
f 1730//408 1995//408 1729//408
f 1995//408 1038//408 1729//408
f 970//1074 975//1074 969//1074
f 975//1075 974//1075 969//1075
f 1624//37 1412//37 1932//37
f 1932//37 1412//37 1368//37
f 1727//1076 1402//1076 804//1076
f 1402//1076 1401//1076 804//1076
f 938//1077 933//1077 937//1077
f 933//1078 932//1078 937//1078
f 740//1079 1257//1079 1862//1079
f 1257//1079 1256//1079 1862//1079
f 526//1080 525//1080 522//1080
f 522//1081 525//1081 1675//1081
f 1291//1082 1282//1082 1290//1082
f 1282//1082 1286//1082 1290//1082
f 1101//1083 1097//1083 300//1083
f 1097//1084 301//1084 300//1084
f 943//675 938//675 942//675
f 938//1085 937//1085 942//1085
f 632//1086 628//1086 633//1086
f 633//1087 628//1087 630//1087
f 1145//1088 1146//1088 1143//1088
f 1146//1089 1144//1089 1143//1089
f 1183//1090 1180//1090 1071//1090
f 1180//1091 1072//1091 1071//1091
f 514//1092 511//1092 527//1092
f 527//1093 511//1093 526//1093
f 509//1094 510//1094 511//1094
f 511//1095 510//1095 512//1095
f 819//1096 1410//1096 813//1096
f 1410//1096 1409//1096 813//1096
f 1097//1097 1096//1097 301//1097
f 1096//1098 302//1098 301//1098
f 1337//1099 1333//1099 1336//1099
f 1333//1100 1332//1100 1336//1100
f 1013//1101 1016//1101 1012//1101
f 1016//1102 1015//1102 1012//1102
f 1816//1103 494//1103 1815//1103
f 494//1104 489//1104 1815//1104
f 1313//1105 1320//1105 1232//1105
f 1320//1105 1233//1105 1232//1105
f 1311//1106 1322//1106 1312//1106
f 1322//1106 1321//1106 1312//1106
f 351//1107 350//1107 349//1107
f 349//1108 350//1108 348//1108
f 498//1109 499//1109 484//1109
f 484//1110 499//1110 483//1110
f 755//1111 1266//1111 1832//1111
f 1266//1111 1265//1111 1832//1111
f 965//1031 960//1031 964//1031
f 960//1032 959//1032 964//1032
f 2026//37 1998//37 2038//37
f 2038//37 1998//37 822//37
f 1379//593 1377//593 1380//593
f 1380//593 1377//593 1378//593
f 1356//1112 1352//1112 1355//1112
f 1352//1113 1351//1113 1355//1113
f 909//540 1029//540 910//540
f 1029//540 1044//540 910//540
f 1587//37 1659//37 1586//37
f 1659//37 1657//37 1586//37
f 925//540 1041//540 926//540
f 1041//540 1965//540 926//540
f 1008//986 1011//986 965//986
f 1011//987 960//987 965//987
f 1962//394 1974//394 1958//394
f 1958//394 1974//394 1945//394
f 891//37 1590//37 890//37
f 1590//37 863//37 890//37
f 1308//1114 1304//1114 1307//1114
f 1304//1115 1303//1115 1307//1115
f 312//1116 311//1116 310//1116
f 310//1117 311//1117 309//1117
f 1830//477 1859//477 1790//477
f 1790//477 1859//477 1831//477
f 968//1118 973//1118 967//1118
f 973//1119 972//1119 967//1119
f 936//540 1996//540 941//540
f 1996//540 1037//540 941//540
f 1288//1120 1297//1120 1289//1120
f 1297//1120 1296//1120 1289//1120
f 1340//37 1234//37 1656//37
f 1656//37 1234//37 1235//37
f 716//1121 715//1121 711//1121
f 715//1122 714//1122 711//1122
f 1612//37 849//37 860//37
f 849//37 850//37 860//37
f 483//1123 456//1123 481//1123
f 481//1123 456//1123 454//1123
f 1574//37 1703//37 1372//37
f 1372//37 1703//37 1374//37
f 496//1124 497//1124 1251//1124
f 497//1124 1250//1124 1251//1124
f 1563//1125 398//1125 400//1125
f 400//1126 398//1126 399//1126
f 633//1127 630//1127 646//1127
f 646//1128 630//1128 645//1128
f 1250//1129 536//1129 1251//1129
f 945//1130 966//1130 996//1130
f 966//1131 1028//1131 996//1131
f 836//1132 1788//1132 1428//1132
f 1428//1132 1788//1132 1554//1132
f 408//1133 1600//1133 406//1133
f 1600//1134 405//1134 406//1134
f 1683//1135 1221//1135 1827//1135
f 1221//1135 1278//1135 1827//1135
f 371//1136 372//1136 373//1136
f 373//1137 372//1137 374//1137
f 361//1138 363//1138 367//1138
f 367//1139 363//1139 368//1139
f 1827//523 1278//523 1291//523
f 1278//523 1282//523 1291//523
f 1354//1140 1350//1140 1353//1140
f 1350//1141 1349//1141 1353//1141
f 1897//37 1367//37 1413//37
f 1413//37 1367//37 1631//37
f 906//898 913//898 904//898
f 913//1142 912//1142 904//1142
f 877//753 878//753 875//753
f 878//753 876//753 875//753
f 1316//37 1228//37 1317//37
f 1317//37 1228//37 2008//37
f 1047//394 1043//394 1046//394
f 1043//394 1925//394 1046//394
f 1125//1143 1121//1143 291//1143
f 1121//560 292//560 291//560
f 1221//1144 1683//1144 1220//1144
f 1683//1144 1682//1144 1220//1144
f 2017//941 777//941 1877//941
f 1877//941 777//941 1318//941
f 977//969 953//969 976//969
f 953//970 955//970 976//970
f 481//1145 454//1145 1773//1145
f 1773//1145 454//1145 1772//1145
f 1669//1146 1233//1146 1670//1146
f 1233//1146 1326//1146 1670//1146
f 1129//1147 1133//1147 1188//1147
f 1133//1148 1185//1148 1188//1148
f 1644//37 1645//37 1416//37
f 1416//37 1645//37 1560//37
f 537//1149 510//1149 1992//1149
f 1992//1149 510//1149 1991//1149
f 954//506 955//506 952//506
f 955//507 953//507 952//507
f 1719//37 1660//37 1587//37
f 1660//37 1659//37 1587//37
f 972//1150 977//1150 971//1150
f 977//621 976//621 971//621
f 1153//1151 1170//1151 1154//1151
f 1170//1152 1169//1152 1154//1152
f 1153//1153 1150//1153 1061//1153
f 1150//1154 1062//1154 1061//1154
f 441//1155 1640//1155 443//1155
f 443//1155 1640//1155 410//1155
f 815//1156 1407//1156 816//1156
f 1407//1156 1406//1156 816//1156
f 1085//754 1089//754 1149//754
f 1089//755 1145//755 1149//755
f 1243//1157 452//1157 1244//1157
f 450//1158 451//1158 449//1158
f 451//1159 446//1159 449//1159
f 1604//672 872//672 869//672
f 872//672 870//672 869//672
f 1220//1160 1358//1160 1269//1160
f 1358//1161 1357//1161 1269//1161
f 460//1162 502//1162 465//1162
f 502//1163 507//1163 465//1163
f 2016//1164 1818//1164 615//1164
f 615//1165 1818//1165 616//1165
f 1024//1166 1021//1166 1023//1166
f 1021//1167 1020//1167 1023//1167
f 1275//1168 1274//1168 760//1168
f 1274//1169 761//1169 760//1169
f 1856//1170 507//1170 505//1170
f 507//1171 502//1171 505//1171
f 1075//37 1922//37 1074//37
f 1922//37 1913//37 1074//37
f 542//1172 540//1172 541//1172
f 541//1173 540//1173 538//1173
f 1100//1174 1093//1174 1099//1174
f 1093//1175 1094//1175 1099//1175
f 1122//1176 1115//1176 1121//1176
f 1115//1177 1113//1177 1121//1177
f 1921//351 1920//351 1456//351
f 303//607 302//607 1092//607
f 302//608 1096//608 1092//608
f 932//1083 927//1083 931//1083
f 927//1084 926//1084 931//1084
f 1123//1178 1117//1178 1122//1178
f 1117//1179 1115//1179 1122//1179
f 1103//1180 1099//1180 1102//1180
f 1099//979 1098//979 1102//979
f 1021//1181 1018//1181 1020//1181
f 1018//1182 1019//1182 1020//1182
f 511//1183 512//1183 526//1183
f 526//1184 512//1184 525//1184
f 1389//37 1644//37 2045//37
f 2045//37 1644//37 1416//37
f 538//1185 537//1185 1917//1185
f 1917//1186 537//1186 1992//1186
f 2036//37 2025//37 1390//37
f 1390//37 2025//37 1652//37
f 915//540 1906//540 920//540
f 1906//540 1042//540 920//540
f 1273//1187 1274//1187 1271//1187
f 1274//1187 1272//1187 1271//1187
f 1791//753 1387//753 1654//753
f 1654//753 1387//753 1388//753
f 1073//37 1057//37 1072//37
f 1057//37 1056//37 1072//37
f 515//1188 514//1188 518//1188
f 518//1189 514//1189 527//1189
f 966//1147 971//1147 1028//1147
f 971//1148 1025//1148 1028//1148
f 961//540 1873//540 909//540
f 1873//540 1029//540 909//540
f 1238//1190 1334//1190 1337//1190
f 1334//1191 1333//1191 1337//1191
f 809//1192 1405//1192 810//1192
f 1405//1192 1404//1192 810//1192
f 616//1193 583//1193 600//1193
f 600//1193 583//1193 570//1193
f 1361//37 1240//37 1696//37
f 1696//37 1240//37 1695//37
f 908//1194 914//1194 906//1194
f 914//1195 913//1195 906//1195
f 645//1196 644//1196 641//1196
f 641//1197 644//1197 1639//1197
f 1373//37 1375//37 1425//37
f 1425//37 1375//37 1424//37
f 298//942 297//942 1109//942
f 297//1198 1132//1198 1109//1198
f 689//1199 690//1199 691//1199
f 691//1200 690//1200 692//1200
f 426//1201 425//1201 1678//1201
f 1678//1202 425//1202 1855//1202
f 1182//1203 1177//1203 1181//1203
f 1177//1204 1178//1204 1181//1204
f 1185//1205 1182//1205 1184//1205
f 1182//1206 1181//1206 1184//1206
f 508//1207 1991//1207 509//1207
f 509//1208 1991//1208 510//1208
f 348//1209 350//1209 354//1209
f 354//1210 350//1210 355//1210
f 674//1211 1725//1211 718//1211
f 1725//1211 1723//1211 718//1211
f 958//1176 950//1176 957//1176
f 950//1177 948//1177 957//1177
f 1143//1212 1144//1212 1141//1212
f 1144//1213 1142//1213 1141//1213
f 1269//1214 1270//1214 1220//1214
f 1270//1214 1221//1214 1220//1214
f 408//1215 406//1215 1243//1215
f 406//1216 451//1216 1243//1216
f 677//1217 644//1217 661//1217
f 661//1217 644//1217 631//1217
f 942//1218 937//1218 941//1218
f 937//1219 936//1219 941//1219
f 1736//690 1354//690 1359//690
f 1354//690 1358//690 1359//690
f 630//1220 631//1220 645//1220
f 645//1221 631//1221 644//1221
f 824//37 823//37 825//37
f 825//37 823//37 822//37
f 1367//37 1369//37 1631//37
f 1631//37 1369//37 1629//37
f 1301//1222 1296//1222 1300//1222
f 1296//1223 1297//1223 1300//1223
f 642//1224 1593//1224 640//1224
f 1593//1225 639//1225 640//1225
f 678//1226 676//1226 664//1226
f 664//1227 676//1227 662//1227
f 739//1228 737//1228 725//1228
f 725//1229 737//1229 723//1229
f 1026//1230 1023//1230 894//1230
f 1023//407 895//407 894//407
f 1281//1231 1277//1231 1280//1231
f 1277//1232 1276//1232 1280//1232
f 1083//1233 1084//1233 1081//1233
f 1084//1234 1082//1234 1081//1234
f 1795//37 1389//37 2043//37
f 2043//37 1389//37 2045//37
f 551//1235 1676//1235 554//1235
f 554//1236 1676//1236 555//1236
f 1117//820 1118//820 1115//820
f 1118//821 1116//821 1115//821
f 899//37 1551//37 898//37
f 1551//37 1562//37 898//37
f 723//1237 722//1237 721//1237
f 721//1238 722//1238 720//1238
f 425//1239 395//1239 1855//1239
f 1855//1239 395//1239 393//1239
f 1219//37 1751//37 1224//37
f 1224//37 1751//37 1746//37
f 1780//37 1826//37 1741//37
f 1741//37 1826//37 1294//37
f 1391//382 1791//382 1392//382
f 1392//382 1791//382 1654//382
f 1289//1240 1296//1240 1226//1240
f 1296//1240 1227//1240 1226//1240
f 412//1241 411//1241 1599//1241
f 1599//1242 411//1242 407//1242
f 1005//1243 986//1243 930//1243
f 986//1244 921//1244 930//1244
f 596//1245 595//1245 594//1245
f 595//1246 593//1246 594//1246
f 810//1247 1404//1247 1726//1247
f 1404//1247 1596//1247 1726//1247
f 900//37 1552//37 899//37
f 1552//37 1551//37 899//37
f 545//1248 544//1248 546//1248
f 589//1249 545//1249 594//1249
f 545//1249 550//1249 594//1249
f 427//1250 397//1250 425//1250
f 425//1250 397//1250 395//1250
f 2025//37 1399//37 1652//37
f 1652//37 1399//37 1653//37
f 1721//753 1869//753 1720//753
f 1869//753 1034//753 1720//753
f 1170//1251 1173//1251 1169//1251
f 1173//1252 1172//1252 1169//1252
f 1971//1253 457//1253 459//1253
f 459//1254 457//1254 458//1254
f 898//1255 897//1255 1016//1255
f 897//1256 1019//1256 1016//1256
f 1099//392 1094//392 1098//392
f 1094//393 1095//393 1098//393
f 1946//1257 320//1257 321//1257
f 321//1258 320//1258 322//1258
f 903//1259 904//1259 902//1259
f 904//1260 901//1260 902//1260
f 1872//711 767//711 1295//711
f 1295//711 767//711 1230//711
f 793//1261 761//1261 1273//1261
f 761//1261 1274//1261 1273//1261
f 612//1262 613//1262 2021//1262
f 613//1263 611//1263 2021//1263
f 1887//772 1248//772 1856//772
f 1248//1264 507//1264 1856//1264
f 1841//1265 2011//1265 752//1265
f 2011//1265 2029//1265 752//1265
f 1113//1266 1114//1266 293//1266
f 1114//1023 294//1023 293//1023
f 993//1267 1010//1267 994//1267
f 1010//1268 1009//1268 994//1268
f 1184//1269 1181//1269 1183//1269
f 1181//1270 1180//1270 1183//1270
f 893//37 1603//37 892//37
f 1603//37 1591//37 892//37
f 1127//1271 1123//1271 1126//1271
f 1123//1272 1122//1272 1126//1272
f 1556//37 845//37 868//37
f 845//37 846//37 868//37
f 919//467 924//467 918//467
f 924//468 923//468 918//468
f 413//1273 1679//1273 414//1273
f 1679//1274 1627//1274 414//1274
f 562//1275 563//1275 1934//1275
f 563//1276 558//1276 1934//1276
f 602//1277 599//1277 1775//1277
f 1775//1278 599//1278 1776//1278
f 1733//1279 687//1279 1755//1279
f 687//1280 685//1280 1755//1280
f 944//1281 939//1281 943//1281
f 939//1282 938//1282 943//1282
f 1000//1283 1001//1283 998//1283
f 1001//1284 999//1284 998//1284
f 640//1285 639//1285 635//1285
f 639//1286 2031//1286 635//1286
f 1115//1287 1116//1287 1113//1287
f 1116//1288 1114//1288 1113//1288
f 659//1289 629//1289 658//1289
f 658//1289 629//1289 1571//1289
f 887//37 1623//37 886//37
f 1623//37 1622//37 886//37
f 1124//572 1119//572 1123//572
f 1119//573 1117//573 1123//573
f 783//37 784//37 782//37
f 784//37 780//37 782//37
f 899//1290 898//1290 1013//1290
f 898//1291 1016//1291 1013//1291
f 1304//1292 1300//1292 1303//1292
f 1300//1293 1299//1293 1303//1293
f 1299//1294 1298//1294 772//1294
f 1298//1295 773//1295 772//1295
f 1704//37 1602//37 1376//37
f 1376//37 1602//37 1688//37
f 1310//1296 1306//1296 1309//1296
f 1306//1297 1305//1297 1309//1297
f 1899//1298 1227//1298 1900//1298
f 1227//1298 1302//1298 1900//1298
f 513//1299 509//1299 514//1299
f 514//1300 509//1300 511//1300
f 1135//988 1139//988 1134//988
f 1139//989 1138//989 1134//989
f 1333//1301 1329//1301 1332//1301
f 1329//1302 1328//1302 1332//1302
f 902//1303 901//1303 995//1303
f 901//1304 992//1304 995//1304
f 1260//37 1261//37 587//37
f 1261//37 2044//37 587//37
f 1002//1305 1005//1305 935//1305
f 1005//1062 930//1062 935//1062
f 1355//1306 1351//1306 794//1306
f 1351//1307 795//1307 794//1307
f 2048//37 1650//37 1549//37
f 1650//37 1651//37 1549//37
f 743//1308 1750//1308 1940//1308
f 1750//1308 1253//1308 1940//1308
f 1950//1309 1559//1309 1944//1309
f 1559//1310 531//1310 1944//1310
f 614//1311 582//1311 1672//1311
f 582//1311 627//1311 1672//1311
f 988//1312 983//1312 987//1312
f 983//1313 981//1313 987//1313
f 1065//37 1735//37 1064//37
f 1735//37 1734//37 1064//37
f 506//1314 508//1314 513//1314
f 513//1315 508//1315 509//1315
f 671//1316 672//1316 2003//1316
f 672//1317 667//1317 2003//1317
f 684//1318 686//1318 693//1318
f 693//1319 686//1319 689//1319
f 1645//37 1648//37 1560//37
f 1560//37 1648//37 1414//37
f 1187//1320 1184//1320 1186//1320
f 1184//1321 1183//1321 1186//1321
f 777//923 778//923 1318//923
f 1318//923 778//923 1319//923
f 443//1322 410//1322 427//1322
f 427//1322 410//1322 397//1322
f 1383//672 1381//672 1384//672
f 1384//672 1381//672 1382//672
f 1025//1323 1022//1323 1024//1323
f 1022//1206 1021//1206 1024//1206
f 491//1324 500//1324 487//1324
f 487//1325 500//1325 486//1325
f 1076//37 1802//37 1075//37
f 1802//37 1922//37 1075//37
f 439//1326 440//1326 437//1326
f 440//1327 438//1327 437//1327
f 571//1328 567//1328 572//1328
f 572//1329 567//1329 569//1329
f 896//37 1540//37 895//37
f 1540//37 1539//37 895//37
f 1352//1330 1348//1330 1351//1330
f 1348//1331 1347//1331 1351//1331
f 1595//37 1594//37 1674//37
f 1674//37 1594//37 1784//37
f 440//1332 1829//1332 1246//1332
f 1829//1332 1245//1332 1246//1332
f 1074//1255 1073//1255 1176//1255
f 1073//1256 1179//1256 1176//1256
f 1089//948 1093//948 1145//948
f 1093//949 1146//949 1145//949
f 1289//1333 1285//1333 1288//1333
f 1285//1334 1284//1334 1288//1334
f 676//1335 677//1335 662//1335
f 662//1336 677//1336 661//1336
f 1859//1048 1872//1048 1831//1048
f 1831//1048 1872//1048 1295//1048
f 457//1337 453//1337 458//1337
f 458//1338 453//1338 455//1338
f 429//1339 426//1339 420//1339
f 420//1340 426//1340 1678//1340
f 1670//1341 1326//1341 1339//1341
f 1326//1341 1330//1341 1339//1341
f 1133//1342 1137//1342 1185//1342
f 1137//1343 1182//1343 1185//1343
f 1826//37 1292//37 1294//37
f 1294//37 1292//37 1293//37
f 1109//1218 1105//1218 298//1218
f 1105//1344 299//1344 298//1344
f 909//1345 910//1345 907//1345
f 910//1346 908//1346 907//1346
f 1171//1347 1174//1347 1124//1347
f 1174//421 1119//421 1124//421
f 956//540 1870//540 961//540
f 1870//540 1873//540 961//540
f 467//1348 1759//1348 465//1348
f 1759//1349 1823//1349 465//1349
f 1237//37 1808//37 1240//37
f 1240//37 1808//37 1695//37
f 907//1350 962//1350 909//1350
f 962//1351 961//1351 909//1351
f 277//413 278//413 1625//413
f 1625//413 278//413 1634//413
f 1102//1352 1098//1352 1101//1352
f 1098//1353 1097//1353 1101//1353
f 617//1354 615//1354 603//1354
f 603//1355 615//1355 601//1355
f 615//1356 616//1356 601//1356
f 601//1357 616//1357 600//1357
f 1165//1243 1146//1243 1100//1243
f 1146//1244 1093//1244 1100//1244
f 997//1358 1002//1358 940//1358
f 1002//1359 935//1359 940//1359
f 663//1360 660//1360 654//1360
f 654//1361 660//1361 1671//1361
f 1023//1090 1020//1090 895//1090
f 1020//1091 896//1091 895//1091
f 297//1362 296//1362 1132//1362
f 296//1363 1136//1363 1132//1363
f 1940//1364 1253//1364 1857//1364
f 1253//1364 1268//1364 1857//1364
f 1067//661 1066//661 1164//661
f 1066//662 1167//662 1164//662
f 1691//1365 1702//1365 1417//1365
f 1417//1365 1702//1365 1418//1365
f 795//37 796//37 794//37
f 796//37 792//37 794//37
f 1078//1366 1077//1366 1155//1366
f 1077//1304 1152//1304 1155//1304
f 1751//37 1360//37 1746//37
f 1746//37 1360//37 1745//37
f 959//1367 952//1367 958//1367
f 952//1179 950//1179 958//1179
f 1163//482 1166//482 1162//482
f 1166//483 1165//483 1162//483
f 1684//1368 1685//1368 678//1368
f 678//1369 1685//1369 676//1369
f 428//1370 427//1370 426//1370
f 426//1371 427//1371 425//1371
f 917//769 922//769 916//769
f 922//770 921//770 916//770
f 1137//1372 1120//1372 1182//1372
f 1120//1373 1177//1373 1182//1373
f 646//1374 645//1374 1592//1374
f 1592//1375 645//1375 641//1375
f 1619//920 864//920 2030//920
f 864//920 862//920 2030//920
f 295//561 294//561 1140//561
f 294//562 1114//562 1140//562
f 1130//670 1134//670 1129//670
f 1134//671 1133//671 1129//671
f 930//1174 921//1174 929//1174
f 921//1175 922//1175 929//1175
f 964//1271 959//1271 963//1271
f 959//1376 958//1376 963//1376
f 865//825 866//825 1619//825
f 866//825 864//825 1619//825
f 1112//1377 1108//1377 1111//1377
f 1108//1378 1107//1378 1111//1378
f 907//1379 908//1379 905//1379
f 908//1380 906//1380 905//1380
f 628//1381 629//1381 630//1381
f 630//1382 629//1382 631//1382
f 1083//1383 1125//1383 290//1383
f 1125//1384 291//1384 290//1384
f 1287//1385 1298//1385 1288//1385
f 1298//1385 1297//1385 1288//1385
f 950//1287 951//1287 948//1287
f 951//1288 949//1288 948//1288
f 905//1043 906//1043 903//1043
f 906//1044 904//1044 903//1044
f 741//37 1863//37 756//37
f 1880//37 741//37 756//37
f 406//1386 405//1386 401//1386
f 405//1387 404//1387 401//1387
f 945//1377 940//1377 944//1377
f 940//1378 939//1378 944//1378
f 437//1388 438//1388 436//1388
f 438//1389 433//1389 436//1389
f 1290//1390 1286//1390 1225//1390
f 1286//1390 1226//1390 1225//1390
f 1078//1391 1128//1391 1079//1391
f 1128//1392 1127//1392 1079//1392
f 1764//37 817//37 764//37
f 1765//37 1764//37 764//37
f 1880//37 756//37 792//37
f 1835//37 1880//37 792//37
f 914//914 919//914 913//914
f 919//1393 918//1393 913//1393
f 944//933 967//933 945//933
f 967//934 966//934 945//934
f 1087//782 1091//782 1086//782
f 1091//783 1090//783 1086//783
f 806//1005 1617//1005 807//1005
f 1617//1005 1616//1005 807//1005
f 1761//37 1765//37 764//37
f 1761//37 764//37 800//37
f 1834//37 1835//37 792//37
f 746//37 1834//37 792//37
f 304//1394 303//1394 1088//1394
f 303//1395 1092//1395 1088//1395
f 942//1396 969//1396 943//1396
f 969//1397 968//1397 943//1397
f 933//1352 928//1352 932//1352
f 928//1353 927//1353 932//1353
f 1227//339 1899//339 1226//339
f 1899//339 1225//339 1226//339
f 1731//37 1761//37 800//37
f 1732//37 1731//37 800//37
f 1890//37 746//37 792//37
f 780//37 1890//37 792//37
f 1336//1398 1345//1398 1337//1398
f 1345//1398 1344//1398 1337//1398
f 1813//1144 1615//1144 1789//1144
f 1789//1144 1615//1144 1614//1144
f 1351//1399 1347//1399 795//1399
f 1347//1400 796//1400 795//1400
f 1503//373 234//373 1210//373
f 234//373 1194//373 1210//373
f 1749//37 1732//37 800//37
f 788//37 1903//37 800//37
f 904//976 912//976 901//976
f 912//977 911//977 901//977
f 1793//1401 1814//1401 444//1401
f 444//1402 1814//1402 442//1402
f 610//1403 2016//1403 617//1403
f 617//1404 2016//1404 615//1404
f 1205//325 1190//325 227//325
f 1190//325 236//325 227//325
f 752//1405 2029//1405 745//1405
f 2029//1405 1981//1405 745//1405
f 569//1406 570//1406 584//1406
f 584//1407 570//1407 583//1407
f 735//1408 736//1408 423//1408
f 736//1408 424//1408 423//1408
f 234//367 237//367 1194//367
f 237//367 1189//367 1194//367
f 1230//339 767//339 1229//339
f 1229//339 767//339 774//339
f 1061//37 1045//37 1076//37
f 1045//37 1802//37 1076//37
f 903//532 964//532 905//532
f 964//533 963//533 905//533
f 1335//1409 1346//1409 1336//1409
f 1346//1409 1345//1409 1336//1409
f 1829//1410 409//1410 1245//1410
f 409//1410 1244//1410 1245//1410
f 1828//1082 1620//1082 818//1082
f 1620//1082 1411//1082 818//1082
f 873//656 874//656 1604//656
f 874//656 872//656 1604//656
f 433//1411 1627//1411 1679//1411
f 996//868 1028//868 998//868
f 1028//869 1027//869 998//869
f 394//1412 395//1412 396//1412
f 396//1413 395//1413 397//1413
f 228//339 231//339 1202//339
f 231//339 1197//339 1202//339
f 927//1414 924//1414 926//1414
f 924//1098 925//1098 926//1098
f 895//37 1539//37 894//37
f 1539//37 871//37 894//37
f 1614//413 1830//413 1789//413
f 1789//413 1830//413 1790//413
f 975//1415 980//1415 974//1415
f 980//1416 979//1416 974//1416
f 1158//1417 1159//1417 1156//1417
f 1159//1418 1157//1418 1156//1418
f 1156//499 1157//499 1112//499
f 1157//500 1108//500 1112//500
f 1201//310 1206//310 229//310
f 1206//310 226//310 229//310
f 582//1419 581//1419 627//1419
f 581//1419 626//1419 627//1419
f 790//672 791//672 1343//672
f 1343//672 791//672 1242//672
f 747//1420 1259//1420 748//1420
f 1259//1420 1258//1420 748//1420
f 471//1421 470//1421 464//1421
f 464//1422 470//1422 466//1422
f 720//1423 690//1423 719//1423
f 719//1423 690//1423 688//1423
f 869//408 870//408 867//408
f 870//408 1561//408 867//408
f 1853//1424 346//1424 347//1424
f 347//1425 346//1425 348//1425
f 781//37 780//37 797//37
f 780//37 792//37 797//37
f 1068//1426 1067//1426 1161//1426
f 1067//1427 1164//1427 1161//1427
f 290//1345 305//1345 1083//1345
f 305//1428 1084//1428 1083//1428
f 1649//37 1658//37 2048//37
f 1658//37 1650//37 2048//37
f 1136//1429 1140//1429 1135//1429
f 1140//1430 1139//1430 1135//1430
f 1697//37 1774//37 1421//37
f 1421//37 1774//37 2041//37
f 278//920 279//920 1634//920
f 1634//920 279//920 848//920
f 1779//37 1780//37 1740//37
f 1740//37 1780//37 1741//37
f 989//1431 985//1431 988//1431
f 985//945 983//945 988//945
f 915//1394 920//1394 914//1394
f 920//1395 919//1395 914//1395
f 459//1432 458//1432 462//1432
f 462//1433 458//1433 471//1433
f 1108//1434 1104//1434 1107//1434
f 1104//1435 1103//1435 1107//1435
f 1068//37 1052//37 1067//37
f 1052//37 1051//37 1067//37
f 830//1436 831//1436 1422//1436
f 1422//1436 831//1436 1423//1436
f 581//1437 1954//1437 579//1437
f 1954//1438 1986//1438 579//1438
f 726//1439 725//1439 1912//1439
f 1912//1440 725//1440 724//1440
f 600//1441 570//1441 598//1441
f 598//1441 570//1441 568//1441
f 401//1215 446//1215 406//1215
f 446//1442 451//1442 406//1442
f 1284//1443 1280//1443 1283//1443
f 1280//1444 1279//1444 1283//1444
f 1188//1445 1185//1445 1187//1445
f 1185//1446 1184//1446 1187//1446
f 1280//1447 1276//1447 1279//1447
f 1276//1448 1275//1448 1279//1448
f 523//1449 1861//1449 521//1449
f 1861//1450 1860//1450 521//1450
f 1306//1451 1302//1451 1305//1451
f 1302//1452 1301//1452 1305//1452
f 1075//1290 1074//1290 1173//1290
f 1074//1291 1176//1291 1173//1291
f 1818//1453 1817//1453 616//1453
f 616//1453 1817//1453 583//1453
f 1015//1034 1018//1034 1014//1034
f 1018//1035 1017//1035 1014//1035
f 1339//1247 1330//1247 1767//1247
f 1330//1247 1334//1247 1767//1247
f 1314//37 1315//37 1839//37
f 1839//37 1315//37 1878//37
f 1796//920 1040//920 1049//920
f 1040//920 1881//920 1049//920
f 1690//1454 1691//1454 1822//1454
f 1822//1454 1691//1454 1417//1454
f 1014//973 1017//973 954//973
f 1017//974 955//974 954//974
f 1066//900 1065//900 1167//900
f 1065//901 1142//901 1167//901
f 573//1455 572//1455 1712//1455
f 1712//1456 572//1456 585//1456
f 1009//1457 1012//1457 1008//1457
f 1012//1458 1011//1458 1008//1458
f 1028//1445 1025//1445 1027//1445
f 1025//1446 1024//1446 1027//1446
f 985//1088 986//1088 983//1088
f 986//1089 984//1089 983//1089
f 1613//37 1804//37 1612//37
f 1804//37 849//37 1612//37
f 634//1459 633//1459 1542//1459
f 1542//1460 633//1460 646//1460
f 769//37 768//37 785//37
f 768//37 780//37 785//37
f 1311//1461 1307//1461 769//1461
f 1307//1462 770//1462 769//1462
f 1857//1463 1268//1463 754//1463
f 1268//1463 1889//1463 754//1463
f 1350//1464 1239//1464 1349//1464
f 1239//1465 1344//1465 1349//1465
f 540//1466 539//1466 538//1466
f 538//1467 539//1467 537//1467
f 1048//1028 1882//1028 1047//1028
f 1882//1028 1043//1028 1047//1028
f 1215//309 1201//309 161//309
f 1201//309 229//309 161//309
f 704//1468 703//1468 1598//1468
f 703//1468 392//1468 1598//1468
f 974//1429 979//1429 973//1429
f 979//1469 978//1469 973//1469
f 1173//1470 1176//1470 1172//1470
f 1176//1471 1175//1471 1172//1471
f 898//37 1562//37 897//37
f 1562//37 2047//37 897//37
f 1648//37 1897//37 1414//37
f 1414//37 1897//37 1413//37
f 971//1342 976//1342 1025//1342
f 976//1343 1022//1343 1025//1343
f 1285//1472 1281//1472 1284//1472
f 1281//1473 1280//1473 1284//1473
f 1990//37 1929//37 803//37
f 803//37 1929//37 800//37
f 703//1474 1762//1474 701//1474
f 1762//1475 1939//1475 701//1475
f 1155//950 1168//950 1078//950
f 1168//951 1128//951 1078//951
f 279//958 280//958 848//958
f 848//958 280//958 847//958
f 1286//1476 1282//1476 1285//1476
f 1282//1477 1281//1477 1285//1477
f 1252//37 529//37 1263//37
f 529//37 1262//37 1263//37
f 1707//1478 1239//1478 1708//1478
f 1239//1478 1350//1478 1708//1478
f 1366//636 1395//636 1365//636
f 1365//636 1395//636 1661//636
f 1074//37 1913//37 1073//37
f 1913//37 1057//37 1073//37
f 1814//1479 441//1479 442//1479
f 442//1480 441//1480 443//1480
f 1077//859 1085//859 1152//859
f 1085//860 1149//860 1152//860
f 1104//701 1100//701 1103//701
f 1100//702 1099//702 1103//702
f 1016//1481 1019//1481 1015//1481
f 1019//1482 1018//1482 1015//1482
f 230//352 233//352 1200//352
f 233//352 1195//352 1200//352
f 738//1483 705//1483 722//1483
f 722//1483 705//1483 692//1483
f 691//1484 692//1484 706//1484
f 706//1485 692//1485 705//1485
f 1398//37 1624//37 1396//37
f 1396//37 1624//37 1932//37
f 1063//37 1737//37 1062//37
f 1737//37 1747//37 1062//37
f 625//1486 1571//1486 628//1486
f 628//1487 1571//1487 629//1487
f 1251//1488 536//1488 535//1488
f 536//1489 1916//1489 535//1489
f 500//1490 498//1490 486//1490
f 486//1491 498//1491 484//1491
f 991//1492 988//1492 990//1492
f 988//1493 987//1493 990//1493
f 1833//1494 1898//1494 1841//1494
f 1898//1494 2011//1494 1841//1494
f 1069//967 1068//967 1160//967
f 1068//1495 1161//1495 1160//1495
f 1305//1496 1301//1496 1304//1496
f 1301//1497 1300//1497 1304//1497
f 1820//37 788//37 1876//37
f 1876//37 788//37 800//37
f 541//1498 538//1498 534//1498
f 534//1499 538//1499 1917//1499
f 556//1500 554//1500 542//1500
f 542//1501 554//1501 540//1501
f 486//1502 484//1502 485//1502
f 485//1503 484//1503 482//1503
f 1210//1504 1191//1504 1503//1504
f 1191//1504 235//1504 1503//1504
f 643//1505 642//1505 1722//1505
f 642//1505 687//1505 1722//1505
f 1131//1118 1135//1118 1130//1118
f 1135//1506 1134//1506 1130//1506
f 1725//1507 643//1507 1723//1507
f 643//1507 1722//1507 1723//1507
f 1838//1508 1975//1508 747//1508
f 1975//1508 1259//1508 747//1508
f 1850//1509 513//1509 515//1509
f 515//1510 513//1510 514//1510
f 827//1511 828//1511 1419//1511
f 1419//1511 828//1511 1420//1511
f 1638//1512 413//1512 415//1512
f 413//1513 414//1513 415//1513
f 493//1514 1896//1514 500//1514
f 500//1515 1896//1515 498//1515
f 484//1516 483//1516 482//1516
f 482//1517 483//1517 481//1517
f 1602//37 1601//37 1688//37
f 1688//37 1601//37 1673//37
f 1010//1518 1013//1518 1009//1518
f 1013//1519 1012//1519 1009//1519
f 939//566 934//566 938//566
f 934//1520 933//1520 938//1520
f 283//1521 284//1521 844//1521
f 844//1521 284//1521 843//1521
f 1667//37 1662//37 1719//37
f 1662//37 1660//37 1719//37
f 1064//37 1734//37 1063//37
f 1734//37 1737//37 1063//37
f 1666//730 1845//730 1655//730
f 1655//730 1845//730 1846//730
f 1621//37 1807//37 1613//37
f 1807//37 1804//37 1613//37
f 1720//891 1034//891 1055//891
f 1034//891 1993//891 1055//891
f 708//1522 709//1522 1758//1522
f 709//1523 710//1523 1758//1523
f 358//1524 359//1524 360//1524
f 360//1525 359//1525 361//1525
f 1548//37 1798//37 1556//37
f 1798//37 845//37 1556//37
f 1181//1526 1178//1526 1180//1526
f 1178//1527 1179//1527 1180//1527
f 455//1528 456//1528 470//1528
f 470//1529 456//1529 469//1529
f 1098//416 1095//416 1097//416
f 1095//417 1096//417 1097//417
f 1786//37 786//37 1787//37
f 1787//37 786//37 788//37
f 910//540 1044//540 915//540
f 1044//540 1906//540 915//540
f 1211//359 1195//359 187//359
f 1195//359 233//359 187//359
f 1079//1259 1080//1259 1078//1259
f 1080//1260 1077//1260 1078//1260
f 1315//37 1316//37 1878//37
f 1878//37 1316//37 1317//37
f 529//37 1949//37 1262//37
f 1949//37 1261//37 1262//37
f 724//1530 721//1530 1943//1530
f 1943//1531 721//1531 1911//1531
f 1846//753 787//753 1655//753
f 1655//753 787//753 1341//753
f 1549//37 1651//37 1548//37
f 1651//37 1798//37 1548//37
f 1918//1532 333//1532 334//1532
f 334//1533 333//1533 335//1533
f 161//1534 228//1534 1215//1534
f 228//1534 1202//1534 1215//1534
f 675//1535 1639//1535 677//1535
f 677//1535 1639//1535 644//1535
f 1755//1536 685//1536 1783//1536
f 685//1537 680//1537 1783//1537
f 1358//1538 1354//1538 1357//1538
f 1354//1539 1353//1539 1357//1539
f 497//1540 468//1540 1250//1540
f 468//1540 1249//1540 1250//1540
f 1273//1541 1355//1541 793//1541
f 1355//1542 794//1542 793//1542
f 789//1521 790//1521 1342//1521
f 1342//1521 790//1521 1343//1521
f 174//1543 230//1543 1212//1543
f 230//1543 1200//1543 1212//1543
f 1329//1544 1325//1544 1328//1544
f 1325//1545 1324//1545 1328//1545
f 1084//1546 1088//1546 1082//1546
f 1088//1195 1087//1195 1082//1195
f 998//1547 1027//1547 1000//1547
f 1027//1548 1026//1548 1000//1548
f 1112//1549 1129//1549 1156//1549
f 1129//1131 1188//1131 1156//1131
f 981//1550 982//1550 888//1550
f 982//1067 889//1067 888//1067
f 1054//672 1036//672 1730//672
f 1036//672 1995//672 1730//672
f 805//624 1400//624 806//624
f 1400//624 1617//624 806//624
f 306//1551 307//1551 308//1551
f 308//1552 307//1552 309//1552
f 976//1372 955//1372 1022//1372
f 955//1373 1017//1373 1022//1373
f 730//1553 739//1553 726//1553
f 726//1554 739//1554 725//1554
f 1020//1555 1019//1555 896//1555
f 1019//493 897//493 896//493
f 1969//1556 1970//1556 457//1556
f 457//1557 1970//1557 453//1557
f 396//1558 397//1558 411//1558
f 411//1559 397//1559 410//1559
f 1686//37 1687//37 1538//37
f 1538//37 1687//37 1537//37
f 1303//1560 1299//1560 771//1560
f 1299//1561 772//1561 771//1561
f 1111//1281 1107//1281 1110//1281
f 1107//1282 1106//1282 1110//1282
f 707//1562 706//1562 700//1562
f 700//1563 706//1563 702//1563
f 281//408 282//408 1800//408
f 1800//408 282//408 1799//408
f 669//1564 678//1564 665//1564
f 665//1565 678//1565 664//1565
f 1642//37 851//37 1641//37
f 851//37 852//37 1641//37
f 1489//316 226//316 1216//316
f 226//316 1206//316 1216//316
f 778//382 1845//382 1319//382
f 1319//382 1845//382 1666//382
f 1334//1566 1330//1566 1333//1566
f 1330//1567 1329//1567 1333//1567
f 1702//1568 827//1568 1418//1568
f 1418//1568 827//1568 1419//1568
f 868//37 846//37 1621//37
f 846//37 1807//37 1621//37
f 1753//37 1768//37 1743//37
f 1768//37 1769//37 1743//37
f 1758//1569 710//1569 711//1569
f 1070//37 1744//37 1069//37
f 1744//37 1053//37 1069//37
f 1169//1457 1172//1457 1168//1457
f 1172//1458 1171//1458 1168//1458
f 902//1391 965//1391 903//1391
f 965//1392 964//1392 903//1392
f 998//1417 999//1417 996//1417
f 999//1418 997//1418 996//1418
f 832//1570 833//1570 1718//1570
f 1718//1570 833//1570 1572//1570
f 535//1571 1916//1571 530//1571
f 1916//1572 1893//1572 530//1572
f 890//37 863//37 889//37
f 863//37 861//37 889//37
f 1694//1573 1690//1573 1415//1573
f 1415//1573 1690//1573 1822//1573
f 1788//1574 821//1574 1554//1574
f 1554//1574 821//1574 1555//1574
f 1997//37 1988//37 1998//37
f 1998//37 1988//37 822//37
f 1307//1575 1303//1575 770//1575
f 1303//1576 771//1576 770//1576
f 1157//1358 1162//1358 1108//1358
f 1162//1359 1104//1359 1108//1359
f 1963//1028 1962//1028 1959//1028
f 1959//1028 1962//1028 1958//1028
f 296//1415 295//1415 1136//1415
f 295//1416 1140//1416 1136//1416
f 1105//1577 1101//1577 299//1577
f 1101//912 300//912 299//912
f 1076//1578 1075//1578 1170//1578
f 1075//1579 1173//1579 1170//1579
f 1862//1580 1256//1580 742//1580
f 1256//1580 1255//1580 742//1580
f 1071//37 1748//37 1070//37
f 1748//37 1744//37 1070//37
f 1276//1581 1272//1581 1275//1581
f 1272//1582 1274//1582 1275//1582
f 1158//1583 1187//1583 1160//1583
f 1187//1584 1186//1584 1160//1584
f 940//1434 935//1434 939//1434
f 935//1435 934//1435 939//1435
f 979//993 949//993 978//993
f 949//994 951//994 978//994
f 774//636 2017//636 1229//636
f 1229//636 2017//636 1877//636
f 613//1585 614//1585 657//1585
f 614//1585 1672//1585 657//1585
f 585//1586 584//1586 578//1586
f 578//1587 584//1587 580//1587
f 309//1588 311//1588 315//1588
f 315//1589 311//1589 316//1589
f 1668//37 1314//37 1236//37
f 1236//37 1314//37 1839//37
f 1978//37 1340//37 2027//37
f 2027//37 1340//37 1656//37
f 1586//37 1657//37 1649//37
f 1657//37 1658//37 1649//37
f 1597//1590 392//1590 1567//1590
f 392//1591 390//1591 1567//1591
f 1283//1592 1279//1592 758//1592
f 1279//1593 759//1593 758//1593
f 1375//37 1686//37 1424//37
f 1424//37 1686//37 1538//37
f 748//1594 1258//1594 740//1594
f 1258//1594 1257//1594 740//1594
f 754//1595 1889//1595 755//1595
f 1889//1595 1266//1595 755//1595
f 889//37 861//37 888//37
f 861//37 859//37 888//37
f 1908//1596 552//1596 1907//1596
f 552//1597 550//1597 1907//1597
f 1072//37 1056//37 1071//37
f 1056//37 1748//37 1071//37
f 1359//1598 1358//1598 1682//1598
f 1358//1598 1220//1598 1682//1598
f 1726//1341 1596//1341 1727//1341
f 1596//1341 1402//1341 1727//1341
f 1708//1156 1350//1156 1736//1156
f 1350//1156 1354//1156 1736//1156
f 742//1599 1255//1599 743//1599
f 1255//1599 1750//1599 743//1599
f 1022//1203 1017//1203 1021//1203
f 1017//1204 1018//1204 1021//1204
f 294//540 295//540 1429//540
f 290//540 291//540 1429//540
f 300//540 301//540 1429//540
f 1429//540 305//540 290//540
f 299//540 300//540 1429//540
f 293//540 294//540 1429//540
f 303//540 304//540 1429//540
f 302//540 303//540 1429//540
f 292//540 293//540 1429//540
f 304//540 305//540 1429//540
f 297//540 298//540 1429//540
f 295//540 296//540 1429//540
f 296//540 297//540 1429//540
f 301//540 302//540 1429//540
f 291//540 292//540 1429//540
f 298//540 299//540 1429//540
f 1605//37 1643//37 1430//37
f 1565//37 1566//37 1430//37
f 1545//37 1546//37 1430//37
f 1580//37 1581//37 1430//37
f 1568//37 1569//37 1430//37
f 1643//37 1579//37 1430//37
f 1430//37 1728//37 1557//37
f 1569//37 1565//37 1430//37
f 1579//37 1580//37 1430//37
f 1553//37 1547//37 1430//37
f 1557//37 1553//37 1430//37
f 1581//37 1824//37 1430//37
f 1824//37 1728//37 1430//37
f 1546//37 1568//37 1430//37
f 1547//37 1545//37 1430//37
f 1566//37 1605//37 1430//37
f 474//1600 433//1600 479//1600
f 433//1601 438//1601 479//1601
f 1627//1602 433//1602 1628//1602
f 433//1602 474//1602 1628//1602
f 649//1603 605//1603 650//1603
f 605//1603 606//1603 650//1603
f 710//1604 666//1604 711//1604
f 666//1604 667//1604 711//1604
f 711//1605 667//1605 716//1605
f 667//1606 672//1606 716//1606
f 716//1607 672//1607 718//1607
f 672//1608 674//1608 718//1608
f 421//1609 733//1609 423//1609
f 733//1609 735//1609 423//1609
f 416//1610 728//1610 421//1610
f 728//1610 733//1610 421//1610
f 415//1611 727//1611 416//1611
f 727//1611 728//1611 416//1611
f 494//1612 496//1612 535//1612
f 496//1613 1251//1613 535//1613
f 489//1614 494//1614 530//1614
f 494//1615 535//1615 530//1615
f 1558//1616 489//1616 1559//1616
f 489//1617 530//1617 1559//1617
f 516//1618 558//1618 521//1618
f 558//1618 563//1618 521//1618
f 521//1619 563//1619 523//1619
f 563//1619 565//1619 523//1619
f 581//1620 579//1620 626//1620
f 579//1621 624//1621 626//1621
f 619//1622 624//1622 574//1622
f 624//1623 579//1623 574//1623
f 680//1624 685//1624 635//1624
f 685//1625 640//1625 635//1625
f 640//1626 685//1626 642//1626
f 685//1624 687//1624 642//1624
f 696//1627 385//1627 701//1627
f 385//1627 390//1627 701//1627
f 701//1628 390//1628 703//1628
f 390//1628 392//1628 703//1628
f 1927//326 1433//326 1935//326
f 1926//1629 1432//1629 1927//1629
f 1432//326 1433//326 1927//326
f 1910//1630 1431//1630 1926//1630
f 1431//327 1432//327 1926//327
f 1909//1631 1214//1631 1910//1631
f 1214//329 1431//329 1910//329
f 1999//1632 1445//1632 1920//1632
f 1445//351 1456//351 1920//351
f 1947//1633 1434//1633 1999//1633
f 1434//349 1445//349 1999//349
f 1947//1634 319//1634 1434//1634
f 319//1543 1199//1543 1434//1543
f 1199//352 1192//352 1434//352
f 1192//1635 1435//1635 1434//1635
f 1434//1635 1435//1635 1445//1635
f 1435//352 1446//352 1445//352
f 1445//352 1446//352 1456//352
f 1446//352 1457//352 1456//352
f 1456//352 1457//352 1921//352
f 1457//352 2046//352 1921//352
f 2046//353 1457//353 2024//353
f 1446//357 1699//357 1457//357
f 1699//1636 2024//1636 1457//1636
f 1435//1637 1698//1637 1446//1637
f 1698//1638 1699//1638 1446//1638
f 1192//1639 1716//1639 1435//1639
f 1716//1640 1698//1640 1435//1640
f 1716//1641 1193//1641 1632//1641
f 1193//361 1436//361 1632//361
f 1632//1642 1436//1642 1633//1642
f 1436//363 1447//363 1633//363
f 1633//1643 1447//1643 2001//1643
f 1447//365 1458//365 2001//365
f 2001//365 1458//365 2010//365
f 2014//366 2010//366 1460//366
f 2010//366 1458//366 1460//366
f 2014//299 1460//299 1987//299
f 1449//302 1979//302 1460//302
f 1979//1644 1987//1644 1460//1644
f 1438//304 1966//304 1449//304
f 1966//1645 1979//1645 1449//1645
f 1217//1504 1955//1504 1438//1504
f 1955//1646 1966//1646 1438//1646
f 1193//366 1217//366 1436//366
f 1217//1647 1438//1647 1436//1647
f 1436//1647 1438//1647 1447//1647
f 1438//366 1449//366 1447//366
f 1447//366 1449//366 1458//366
f 1449//366 1460//366 1458//366
f 319//1648 1952//1648 1198//1648
f 1952//1649 1440//1649 1198//1649
f 1440//1649 1952//1649 1451//1649
f 1952//1650 1957//1650 1451//1650
f 1451//343 1957//343 1462//343
f 1957//1651 1967//1651 1462//1651
f 326//340 1462//340 1967//340
f 1866//339 1464//339 326//339
f 1464//339 1462//339 326//339
f 1865//338 1464//338 1866//338
f 1875//1652 1453//1652 1865//1652
f 1453//338 1464//338 1865//338
f 1919//1653 1442//1653 1875//1653
f 1442//336 1453//336 1875//336
f 1919//1654 332//1654 1442//1654
f 332//1534 1204//1534 1442//1534
f 1204//339 1198//339 1442//339
f 1198//339 1440//339 1442//339
f 1442//339 1440//339 1453//339
f 1440//339 1451//339 1453//339
f 1453//339 1451//339 1464//339
f 1451//339 1462//339 1464//339
f 332//1655 1901//1655 1203//1655
f 1901//1656 1441//1656 1203//1656
f 1441//1656 1901//1656 1452//1656
f 1901//1657 1902//1657 1452//1657
f 1452//307 1902//307 1463//307
f 1902//1658 2035//1658 1463//1658
f 2034//284 1463//284 2035//284
f 2034//310 1941//310 1463//310
f 1941//310 1466//310 1463//310
f 1885//311 1466//311 1941//311
f 1884//1659 1455//1659 1885//1659
f 1455//311 1466//311 1885//311
f 1867//1660 1444//1660 1884//1660
f 1444//312 1455//312 1884//312
f 1867//1661 345//1661 1444//1661
f 345//1662 1209//1662 1444//1662
f 345//1663 1854//1663 1208//1663
f 1854//319 1443//319 1208//319
f 1443//319 1854//319 1454//319
f 1854//1664 1843//1664 1454//1664
f 1454//321 1843//321 1465//321
f 1843//1665 1844//1665 1465//1665
f 1879//324 1465//324 1844//324
f 1879//325 1935//325 1465//325
f 1935//325 1433//325 1465//325
f 1432//325 1454//325 1433//325
f 1454//325 1465//325 1433//325
f 1431//1666 1443//1666 1432//1666
f 1443//325 1454//325 1432//325
f 1214//325 1208//325 1431//325
f 1208//1666 1443//1666 1431//1666
f 1455//310 1452//310 1466//310
f 1452//310 1463//310 1466//310
f 1444//1667 1441//1667 1455//1667
f 1441//310 1452//310 1455//310
f 1209//310 1203//310 1444//310
f 1203//1667 1441//1667 1444//1667
f 1218//367 1213//367 1439//367
f 1213//367 1437//367 1439//367
f 1439//367 1437//367 1450//367
f 1437//367 1448//367 1450//367
f 1450//367 1448//367 1461//367
f 1448//367 1459//367 1461//367
f 2004//367 1693//367 1459//367
f 1693//367 1461//367 1459//367
f 2004//375 1459//375 2005//375
f 1448//378 2015//378 1459//378
f 2015//1668 2005//1668 1459//1668
f 1437//1669 1924//1669 1448//1669
f 1924//1670 2015//1670 1448//1670
f 1213//1671 1909//1671 1437//1671
f 1909//1672 1924//1672 1437//1672
f 1692//368 1461//368 1693//368
f 1980//1673 1450//1673 1692//1673
f 1450//368 1461//368 1692//368
f 1956//1674 1439//1674 1980//1674
f 1439//369 1450//369 1980//369
f 1955//1675 1218//1675 1956//1675
f 1218//1676 1439//1676 1956//1676
f 1207//1671 1189//1671 1517//1671
f 1189//1671 237//1671 1517//1671
f 187//1677 232//1677 1211//1677
f 232//1677 1196//1677 1211//1677
f 1212//345 1197//345 174//345
f 1197//345 231//345 174//345
f 1191//366 1196//366 235//366
f 1196//366 232//366 235//366
f 1517//331 236//331 1207//331
f 236//331 1190//331 1207//331
f 1216//1678 1205//1678 1489//1678
f 1205//1678 227//1678 1489//1678
f 329//1679 180//1679 331//1679
f 331//1679 180//1679 181//1679
f 376//1680 205//1680 381//1680
f 381//1680 205//1680 206//1680
f 311//1681 192//1681 316//1681
f 316//1681 192//1681 193//1681
f 324//1682 179//1682 329//1682
f 329//1682 179//1682 180//1682
f 350//1683 153//1683 355//1683
f 355//1683 153//1683 154//1683
f 351//1684 158//1684 350//1684
f 350//1684 158//1684 153//1684
f 325//1685 184//1685 324//1685
f 324//1685 184//1685 179//1685
f 363//1686 218//1686 368//1686
f 368//1686 218//1686 219//1686
f 337//1687 166//1687 342//1687
f 342//1687 166//1687 167//1687
f 377//1688 210//1688 376//1688
f 376//1688 210//1688 205//1688
f 352//1689 160//1689 351//1689
f 351//1689 160//1689 158//1689
f 313//1690 199//1690 312//1690
f 312//1690 199//1690 197//1690
f 2039//1691 186//1691 325//1691
f 325//1691 186//1691 184//1691
f 378//1692 212//1692 377//1692
f 377//1692 212//1692 210//1692
f 339//1693 173//1693 338//1693
f 338//1693 173//1693 171//1693
f 355//1694 154//1694 357//1694
f 357//1694 154//1694 155//1694
f 381//1695 206//1695 383//1695
f 383//1695 206//1695 207//1695
f 342//1696 167//1696 344//1696
f 344//1696 167//1696 1535//1696
f 368//1697 219//1697 370//1697
f 370//1697 219//1697 220//1697
f 316//1698 193//1698 318//1698
f 318//1698 193//1698 194//1698
f 312//1699 197//1699 311//1699
f 311//1699 197//1699 192//1699
f 364//1700 223//1700 363//1700
f 363//1700 223//1700 218//1700
f 365//1701 225//1701 364//1701
f 364//1701 225//1701 223//1701
f 338//1702 171//1702 337//1702
f 337//1702 171//1702 166//1702
f 1512//366 1498//366 2014//366
f 1498//366 2010//366 2014//366
f 1486//367 1527//367 2004//367
f 1527//367 1693//367 2004//367
f 1529//325 1530//325 1879//325
f 1530//325 1935//325 1879//325
f 1508//310 1536//310 2034//310
f 1536//310 1941//310 2034//310
f 1495//339 168//339 326//339
f 168//339 1866//339 326//339
f 1513//352 1533//352 2046//352
f 1533//352 1921//352 2046//352
f 1811//1703 650//1703 1806//1703
f 650//1704 655//1704 1806//1704
f 605//1705 1618//1705 606//1705
f 1636//1706 650//1706 1825//1706
f 1825//1707 650//1707 1811//1707
f 606//1708 1607//1708 611//1708
f 1607//1709 2021//1709 611//1709
f 606//1710 1606//1710 1607//1710
f 606//1711 1618//1711 1606//1711
f 605//1712 1848//1712 1618//1712
f 1848//1713 1840//1713 1618//1713
f 489//1714 1558//1714 1585//1714
f 1984//1715 1584//1715 1558//1715
f 1584//1716 1585//1716 1558//1716
f 1636//1717 649//1717 650//1717
f 1636//1718 647//1718 649//1718
f 647//1719 648//1719 649//1719
f 1840//1720 1848//1720 590//1720
f 1848//1721 588//1721 590//1721
f 590//1722 588//1722 589//1722
f 1217//1504 34//1504 1955//1504
f 34//1504 50//1504 1955//1504
f 1955//373 50//373 1218//373
f 50//373 49//373 1218//373
f 1218//367 49//367 1213//367
f 49//367 48//367 1213//367
f 1213//1671 48//1671 1909//1671
f 48//1671 47//1671 1909//1671
f 1909//331 47//331 1214//331
f 47//331 46//331 1214//331
f 1214//325 46//325 1208//325
f 46//325 45//325 1208//325
f 1208//1678 45//1678 345//1678
f 45//1678 44//1678 345//1678
f 345//316 44//316 1209//316
f 44//316 43//316 1209//316
f 1209//310 43//310 1203//310
f 43//310 42//310 1203//310
f 1203//309 42//309 332//309
f 42//309 41//309 332//309
f 332//1534 41//1534 1204//1534
f 41//1534 40//1534 1204//1534
f 1204//339 40//339 1198//339
f 40//339 39//339 1198//339
f 1198//345 39//345 319//345
f 39//345 38//345 319//345
f 319//1543 38//1543 1199//1543
f 38//1543 36//1543 1199//1543
f 1199//352 36//352 1192//352
f 36//1723 37//1723 1192//1723
f 1192//1724 37//1724 1716//1724
f 37//1725 35//1725 1716//1725
f 1716//1677 35//1677 1193//1677
f 35//1677 33//1677 1193//1677
f 1193//366 33//366 1217//366
f 33//366 34//366 1217//366
f 1467//1726 502//1726 1468//1726
f 502//1727 460//1727 1468//1727
f 558//1728 516//1728 1474//1728
f 1477//1729 1474//1729 1710//1729
f 1474//1730 516//1730 1710//1730
f 1477//1731 1710//1731 1467//1731
f 1710//1732 1709//1732 1467//1732
f 1782//1733 1713//1733 1480//1733
f 502//1734 1467//1734 2037//1734
f 1467//1735 1709//1735 2037//1735
f 1480//1736 1468//1736 1782//1736
f 1468//1737 460//1737 1782//1737
f 1714//1738 1480//1738 1713//1738
f 1480//1739 1714//1739 1478//1739
f 1714//1740 446//1740 1478//1740
f 1478//1741 446//1741 1476//1741
f 446//1742 401//1742 1476//1742
f 401//1743 1576//1743 1476//1743
f 1476//1744 1576//1744 1471//1744
f 1576//1745 1608//1745 1471//1745
f 1470//1746 1471//1746 1609//1746
f 1471//1747 1608//1747 1609//1747
f 1609//1748 385//1748 1470//1748
f 1469//1749 1470//1749 696//1749
f 1470//1750 385//1750 696//1750
f 696//1751 1706//1751 1469//1751
f 1469//1752 1706//1752 1479//1752
f 1706//1753 1705//1753 1479//1753
f 1705//1754 1756//1754 1479//1754
f 1479//1755 1756//1755 1481//1755
f 1756//1756 680//1756 1481//1756
f 680//1757 635//1757 1481//1757
f 1482//1758 1481//1758 636//1758
f 1481//1759 635//1759 636//1759
f 636//1760 1582//1760 1482//1760
f 1583//1761 1482//1761 1582//1761
f 1482//1762 1583//1762 1472//1762
f 1583//1763 619//1763 1472//1763
f 1473//1764 1472//1764 574//1764
f 1472//1765 619//1765 574//1765
f 574//1766 575//1766 1473//1766
f 1473//1767 575//1767 1475//1767
f 575//1768 1849//1768 1475//1768
f 1849//1769 1953//1769 1475//1769
f 1475//1770 1953//1770 1474//1770
f 1953//1771 558//1771 1474//1771
f 1646//37 1610//37 1700//37
f 1949//37 2044//37 1261//37
f 1792//37 1611//37 1742//37
f 1611//37 1254//37 1742//37
f 1700//37 1701//37 1646//37
f 1701//37 1647//37 1646//37
f 1915//37 1847//37 1754//37
f 1847//37 1982//37 1754//37
f 1701//37 432//37 1647//37
f 432//37 1267//37 1647//37
f 473//37 1894//37 1247//37
f 1894//37 1888//37 1247//37
f 1264//37 1894//37 488//37
f 1894//37 473//37 488//37
f 1768//37 1753//37 1982//37
f 1753//37 1754//37 1982//37
f 1742//37 1743//37 1792//37
f 1743//37 1769//37 1792//37
