# Blender 4.3.2
# www.blender.org
mtllib wheel_connector.mtl
o Part.1
v 15.960000 -0.800000 1.760000
v 23.959999 -0.800000 1.760000
v 15.960000 -0.279000 1.672000
v 15.960000 0.200000 1.448000
v 21.038000 0.200000 0.191000
v 21.146000 0.200000 0.354000
v 21.309000 0.200000 0.462000
v 16.799999 -1.948000 2.772000
v 16.799999 0.348000 2.772000
v 16.799999 1.321000 2.121000
v 16.799999 1.972000 1.148000
v 23.959999 -0.800000 2.600000
v 23.959999 -0.279000 1.672000
v 23.200001 -0.800000 2.600000
v 23.959999 0.195000 2.402000
v 23.959999 0.200000 1.448000
v 23.200001 0.195000 2.402000
v 23.200001 -0.800000 2.400000
v 23.959999 1.038000 1.838000
v 21.500000 0.200000 0.500000
v 23.959999 0.200000 0.500000
v 23.200001 1.038000 1.838000
v 23.200001 0.118000 2.217000
v 16.799999 -2.921000 2.121000
v 23.959999 1.701000 0.500000
v 23.959999 1.602000 0.995000
v 23.200001 1.602000 0.995000
v 23.200001 0.897000 1.697000
v 20.000000 0.118000 2.217000
v 16.799999 -0.800000 3.000000
v 23.200001 1.701000 0.500000
v 23.200001 1.417000 0.918000
v 20.000000 0.897000 1.697000
v 23.200001 1.501000 0.500000
v 20.000000 1.417000 0.918000
v 21.500000 1.501000 0.500000
v 21.309000 1.508000 0.462000
v 21.146000 1.530000 0.354000
v 21.038000 1.562000 0.191000
v 16.799999 -1.718000 2.217000
v 16.799999 -2.497000 1.697000
v 16.799999 -0.800000 2.400000
v 16.799999 -3.017000 0.918000
v 16.799999 0.118000 2.217000
v 16.799999 0.897000 1.697000
v 16.799999 1.417000 0.918000
v 14.400000 2.100000 0.400000
v 8.000000 2.100000 0.400000
v 14.400000 -3.000000 0.400000
v 14.400000 -2.918000 2.120000
v 14.400000 2.100000 6.400000
v 14.400000 0.020000 6.400000
v 15.960000 0.020001 7.960000
v 15.960000 3.180001 7.960000
v 15.960000 -2.921000 2.121000
v 15.960000 0.020000 4.800000
v 14.400000 0.020000 4.800000
v 7.200000 0.020000 6.400000
v 6.400000 0.020000 6.400000
v 7.200000 2.100000 6.400000
v 6.400000 2.100000 6.400000
v 15.960000 0.348000 2.772000
v 16.799999 -3.180000 1.735000
v 15.960000 -1.948000 2.772000
v 15.960000 -3.181000 1.735000
v 14.400000 -3.180000 1.735000
v 15.960000 1.321000 2.121000
v 15.960000 1.972000 1.148000
v 15.960000 -0.800000 3.000000
v 15.960000 -1.321000 1.672000
v 21.038000 -1.800000 0.191000
v 21.146000 -1.800000 0.354000
v 21.309000 -1.800000 0.462000
v 23.959999 -1.321000 1.672000
v 23.959999 -1.795000 2.402000
v 23.959999 -1.800000 1.448000
v 23.200001 -1.795000 2.402000
v 23.959999 -2.638000 1.838000
v 21.500000 -1.800000 0.500000
v 23.959999 -1.800000 0.500000
v 23.200001 -2.638000 1.838000
v 23.200001 -1.718000 2.217000
v 20.000000 -0.800000 2.400000
v 23.959999 -3.301000 0.500000
v 23.959999 -3.202000 0.995000
v 23.200001 -3.202000 0.995000
v 23.200001 -2.497000 1.697000
v 20.000000 -1.718000 2.217000
v 23.200001 -3.301000 0.500000
v 23.200001 -3.017000 0.918000
v 20.000000 -2.497000 1.697000
v 23.200001 -3.101000 0.500000
v 20.000000 -3.017000 0.918000
v 21.500000 -3.101000 0.500000
v 21.309000 -3.108000 0.462000
v 21.146000 -3.130000 0.354000
v 21.038000 -3.162000 0.191000
v 15.960000 -1.800000 1.448000
v -15.960000 -0.800000 1.760000
v -23.959999 -0.800000 1.760000
v -15.960000 -0.279000 1.672000
v -15.960000 0.200000 1.448000
v -21.038000 0.200000 0.191000
v -21.146000 0.200000 0.354000
v -21.309000 0.200000 0.462000
v -16.799999 -1.948000 2.772000
v -16.799999 0.348000 2.772000
v -16.799999 1.321000 2.121000
v -16.799999 1.972000 1.148000
v -23.959999 -0.800000 2.600000
v -23.959999 -0.279000 1.672000
v -23.200001 -0.800000 2.600000
v -23.959999 0.195000 2.402000
v -23.959999 0.200000 1.448000
v -23.200001 0.195000 2.402000
v -23.200001 -0.800000 2.400000
v -23.959999 1.038000 1.838000
v -21.500000 0.200000 0.500000
v -23.959999 0.200000 0.500000
v -23.200001 1.038000 1.838000
v -23.200001 0.118000 2.217000
v -16.799999 -2.921000 2.121000
v -23.959999 1.701000 0.500000
v -23.959999 1.602000 0.995000
v -23.200001 1.602000 0.995000
v -23.200001 0.897000 1.697000
v -20.000000 0.118000 2.217000
v -16.799999 -0.800000 3.000000
v -23.200001 1.701000 0.500000
v -23.200001 1.417000 0.918000
v -20.000000 0.897000 1.697000
v -23.200001 1.501000 0.500000
v -20.000000 1.417000 0.918000
v -21.500000 1.501000 0.500000
v -21.309000 1.508000 0.462000
v -21.146000 1.530000 0.354000
v -21.038000 1.562000 0.191000
v -16.799999 -1.718000 2.217000
v -16.799999 -2.497000 1.697000
v -16.799999 -0.800000 2.400000
v -16.799999 -3.017000 0.918000
v -16.799999 0.118000 2.217000
v -16.799999 0.897000 1.697000
v -16.799999 1.417000 0.918000
v -14.400000 2.100000 0.400000
v -8.000000 2.100000 0.400000
v -14.400000 -3.000000 0.400000
v -14.400000 -2.918000 2.120000
v -14.400000 2.100000 6.400000
v -14.400000 0.020000 6.400000
v -15.960000 0.020001 7.960000
v -15.960000 3.180001 7.960000
v -15.960000 -2.921000 2.121000
v -15.960000 0.020000 4.800000
v -14.400000 0.020000 4.800000
v -7.200000 0.020000 6.400000
v -6.400000 0.020000 6.400000
v -7.200000 2.100000 6.400000
v -6.400000 2.100000 6.400000
v -15.960000 0.348000 2.772000
v -16.799999 -3.180000 1.735000
v -15.960000 -1.948000 2.772000
v -15.960000 -3.181000 1.735000
v -14.400000 -3.180000 1.735000
v 0.000000 0.020001 7.960000
v 0.000000 2.100000 6.400000
v 0.000000 3.180001 7.960000
v 0.000000 0.020000 6.400000
v -15.960000 1.321000 2.121000
v -15.960000 1.972000 1.148000
v -15.960000 -0.800000 3.000000
v -15.960000 -1.321000 1.672000
v -21.038000 -1.800000 0.191000
v -21.146000 -1.800000 0.354000
v -21.309000 -1.800000 0.462000
v -23.959999 -1.321000 1.672000
v -23.959999 -1.795000 2.402000
v -23.959999 -1.800000 1.448000
v -23.200001 -1.795000 2.402000
v -23.959999 -2.638000 1.838000
v -21.500000 -1.800000 0.500000
v -23.959999 -1.800000 0.500000
v -23.200001 -2.638000 1.838000
v -23.200001 -1.718000 2.217000
v -20.000000 -0.800000 2.400000
v -23.959999 -3.301000 0.500000
v -23.959999 -3.202000 0.995000
v -23.200001 -3.202000 0.995000
v -23.200001 -2.497000 1.697000
v -20.000000 -1.718000 2.217000
v -23.200001 -3.301000 0.500000
v -23.200001 -3.017000 0.918000
v -20.000000 -2.497000 1.697000
v -23.200001 -3.101000 0.500000
v -20.000000 -3.017000 0.918000
v -21.500000 -3.101000 0.500000
v -21.309000 -3.108000 0.462000
v -21.146000 -3.130000 0.354000
v -21.038000 -3.162000 0.191000
v -15.960000 -1.800000 1.448000
v 15.960000 -0.800000 -1.760000
v 23.959999 -0.800000 -1.760000
v 15.960000 -0.279000 -1.672000
v 15.960000 0.200000 -1.448000
v 21.000000 0.200000 -0.000000
v 21.038000 0.200000 -0.191000
v 21.146000 0.200000 -0.354000
v 21.309000 0.200000 -0.462000
v 16.799999 -1.948000 -2.772000
v 16.799999 -3.180000 0.000000
v 16.799999 0.348000 -2.772000
v 16.799999 1.321000 -2.121000
v 16.799999 1.972000 -1.148000
v 16.799999 2.200000 -0.000000
v 15.960000 0.200000 -0.000000
v 23.959999 -0.800000 -2.600000
v 23.959999 -0.279000 -1.672000
v 23.200001 -0.800000 -2.600000
v 23.959999 0.195000 -2.402000
v 23.959999 0.200000 -1.448000
v 23.200001 0.195000 -2.402000
v 23.200001 -0.800000 -2.400000
v 23.959999 1.038000 -1.838000
v 21.500000 0.200000 -0.500000
v 23.959999 0.200000 -0.500000
v 23.200001 1.038000 -1.838000
v 23.200001 0.118000 -2.217000
v 16.799999 -2.921000 -2.121000
v 23.959999 1.701000 -0.500000
v 23.959999 1.602000 -0.995000
v 20.000000 -3.200000 0.000000
v 23.200001 1.602000 -0.995000
v 23.200001 0.897000 -1.697000
v 20.000000 0.118000 -2.217000
v 16.799999 -0.800000 -3.000000
v 23.200001 1.701000 -0.500000
v 23.200001 1.417000 -0.918000
v 20.000000 0.897000 -1.697000
v 23.200001 1.501000 -0.500000
v 20.000000 1.417000 -0.918000
v 21.000000 1.600000 -0.000000
v 20.000000 1.600000 -0.000000
v 21.500000 1.501000 -0.500000
v 21.309000 1.508000 -0.462000
v 21.146000 1.530000 -0.354000
v 21.038000 1.562000 -0.191000
v 16.799999 -1.718000 -2.217000
v 16.799999 -2.497000 -1.697000
v 16.799999 -0.800000 -2.400000
v 16.799999 -3.017000 -0.918000
v 16.799999 0.118000 -2.217000
v 16.799999 0.897000 -1.697000
v 16.799999 1.417000 -0.918000
v 16.799999 1.600000 -0.000000
v 14.400000 2.100000 -0.400000
v 8.000000 2.100000 -0.400000
v 14.400000 -3.000000 -0.400000
v 14.400000 -2.918000 -2.120000
v 14.400000 2.099999 -6.400000
v 14.400000 0.020000 -6.400000
v 15.960000 0.019999 -7.960000
v 15.960000 3.179999 -7.960001
v 15.960000 -2.921000 -2.121000
v 15.960000 0.020000 -4.800000
v 14.400000 0.020000 -4.800000
v 7.200000 0.020000 -6.400000
v 6.400000 0.020000 -6.400000
v 7.200000 2.099999 -6.400000
v 6.400000 2.099999 -6.400000
v 15.960000 -3.180000 0.000000
v 14.400000 -3.000000 0.000000
v 8.000000 2.100000 -0.000000
v 15.960000 3.180000 -0.000000
v 15.960000 0.348000 -2.772000
v 14.400000 -3.180000 0.000000
v 16.799999 -3.180000 -1.735000
v 15.960000 -1.948000 -2.772000
v 15.960000 -3.181000 -1.735000
v 14.400000 -3.180000 -1.735000
v 6.400000 2.100000 -0.000000
v 7.200000 2.100000 -0.000000
v 7.200000 0.020000 -0.000000
v 6.400000 0.020000 -0.000000
v 15.960000 1.321000 -2.121000
v 15.960000 1.972000 -1.148000
v 15.960000 2.200000 -0.000000
v 15.960000 -0.800000 -3.000000
v 15.960000 -0.800000 0.000000
v 15.960000 -1.321000 -1.672000
v 21.000000 -1.800000 0.000000
v 21.038000 -1.800000 -0.191000
v 21.146000 -1.800000 -0.354000
v 21.309000 -1.800000 -0.462000
v 15.960000 -1.800000 0.000000
v 23.959999 -1.321000 -1.672000
v 23.959999 -1.795000 -2.402000
v 23.959999 -1.800000 -1.448000
v 23.200001 -1.795000 -2.402000
v 23.959999 -2.638000 -1.838000
v 21.500000 -1.800000 -0.500000
v 23.959999 -1.800000 -0.500000
v 23.200001 -2.638000 -1.838000
v 23.200001 -1.718000 -2.217000
v 20.000000 -0.800000 -2.400000
v 23.959999 -3.301000 -0.500000
v 23.959999 -3.202000 -0.995000
v 23.200001 -3.202000 -0.995000
v 23.200001 -2.497000 -1.697000
v 20.000000 -1.718000 -2.217000
v 23.200001 -3.301000 -0.500000
v 23.200001 -3.017000 -0.918000
v 20.000000 -2.497000 -1.697000
v 23.200001 -3.101000 -0.500000
v 20.000000 -3.017000 -0.918000
v 21.000000 -3.200000 0.000000
v 21.500000 -3.101000 -0.500000
v 21.309000 -3.108000 -0.462000
v 21.146000 -3.130000 -0.354000
v 21.038000 -3.162000 -0.191000
v 15.960000 -1.800000 -1.448000
v -15.960000 -0.800000 -1.760000
v -23.959999 -0.800000 -1.760000
v -15.960000 -0.279000 -1.672000
v -15.960000 0.200000 -1.448000
v -21.000000 0.200000 -0.000000
v -21.038000 0.200000 -0.191000
v -21.146000 0.200000 -0.354000
v -21.309000 0.200000 -0.462000
v -16.799999 -1.948000 -2.772000
v -16.799999 -3.180000 0.000000
v -16.799999 0.348000 -2.772000
v -16.799999 1.321000 -2.121000
v -16.799999 1.972000 -1.148000
v -16.799999 2.200000 -0.000000
v -15.960000 0.200000 -0.000000
v -23.959999 -0.800000 -2.600000
v -23.959999 -0.279000 -1.672000
v -23.200001 -0.800000 -2.600000
v -23.959999 0.195000 -2.402000
v -23.959999 0.200000 -1.448000
v -23.200001 0.195000 -2.402000
v -23.200001 -0.800000 -2.400000
v -23.959999 1.038000 -1.838000
v -21.500000 0.200000 -0.500000
v -23.959999 0.200000 -0.500000
v -23.200001 1.038000 -1.838000
v -23.200001 0.118000 -2.217000
v -16.799999 -2.921000 -2.121000
v -23.959999 1.701000 -0.500000
v -23.959999 1.602000 -0.995000
v -20.000000 -3.200000 0.000000
v -23.200001 1.602000 -0.995000
v -23.200001 0.897000 -1.697000
v -20.000000 0.118000 -2.217000
v -16.799999 -0.800000 -3.000000
v -23.200001 1.701000 -0.500000
v -23.200001 1.417000 -0.918000
v -20.000000 0.897000 -1.697000
v -23.200001 1.501000 -0.500000
v -20.000000 1.417000 -0.918000
v -21.000000 1.600000 -0.000000
v -20.000000 1.600000 -0.000000
v -21.500000 1.501000 -0.500000
v -21.309000 1.508000 -0.462000
v -21.146000 1.530000 -0.354000
v -21.038000 1.562000 -0.191000
v -16.799999 -1.718000 -2.217000
v -16.799999 -2.497000 -1.697000
v -16.799999 -0.800000 -2.400000
v -16.799999 -3.017000 -0.918000
v -16.799999 0.118000 -2.217000
v -16.799999 0.897000 -1.697000
v -16.799999 1.417000 -0.918000
v -16.799999 1.600000 -0.000000
v -14.400000 2.100000 -0.400000
v -8.000000 2.100000 -0.400000
v -14.400000 -3.000000 -0.400000
v -14.400000 -2.918000 -2.120000
v -14.400000 2.099999 -6.400000
v -14.400000 0.020000 -6.400000
v -15.960000 0.019999 -7.960000
v -15.960000 3.179999 -7.960001
v -15.960000 -2.921000 -2.121000
v -15.960000 0.020000 -4.800000
v -14.400000 0.020000 -4.800000
v -7.200000 0.020000 -6.400000
v -6.400000 0.020000 -6.400000
v -7.200000 2.099999 -6.400000
v -6.400000 2.099999 -6.400000
v -15.960000 -3.180000 0.000000
v -14.400000 -3.000000 0.000000
v -8.000000 2.100000 -0.000000
v 0.000000 2.100000 -0.000000
v 0.000000 3.180000 -0.000000
v -15.960000 3.180000 -0.000000
v -15.960000 0.348000 -2.772000
v -14.400000 -3.180000 0.000000
v -16.799999 -3.180000 -1.735000
v -15.960000 -1.948000 -2.772000
v -15.960000 -3.181000 -1.735000
v -14.400000 -3.180000 -1.735000
v -6.400000 2.100000 -0.000000
v -7.200000 2.100000 -0.000000
v -7.200000 0.020000 -0.000000
v -6.400000 0.020000 -0.000000
v 0.000000 0.019999 -7.960000
v 0.000000 2.099999 -6.400000
v 0.000000 3.179999 -7.960001
v 0.000000 0.020000 -6.400000
v -15.960000 1.321000 -2.121000
v -15.960000 1.972000 -1.148000
v -15.960000 2.200000 -0.000000
v -15.960000 -0.800000 -3.000000
v -15.960000 -0.800000 0.000000
v -15.960000 -1.321000 -1.672000
v -21.000000 -1.800000 0.000000
v -21.038000 -1.800000 -0.191000
v -21.146000 -1.800000 -0.354000
v -21.309000 -1.800000 -0.462000
v -15.960000 -1.800000 0.000000
v -23.959999 -1.321000 -1.672000
v -23.959999 -1.795000 -2.402000
v -23.959999 -1.800000 -1.448000
v -23.200001 -1.795000 -2.402000
v -23.959999 -2.638000 -1.838000
v -21.500000 -1.800000 -0.500000
v -23.959999 -1.800000 -0.500000
v -23.200001 -2.638000 -1.838000
v -23.200001 -1.718000 -2.217000
v -20.000000 -0.800000 -2.400000
v -23.959999 -3.301000 -0.500000
v -23.959999 -3.202000 -0.995000
v -23.200001 -3.202000 -0.995000
v -23.200001 -2.497000 -1.697000
v -20.000000 -1.718000 -2.217000
v -23.200001 -3.301000 -0.500000
v -23.200001 -3.017000 -0.918000
v -20.000000 -2.497000 -1.697000
v -23.200001 -3.101000 -0.500000
v -20.000000 -3.017000 -0.918000
v -21.000000 -3.200000 0.000000
v -21.500000 -3.101000 -0.500000
v -21.309000 -3.108000 -0.462000
v -21.146000 -3.130000 -0.354000
v -21.038000 -3.162000 -0.191000
v -15.960000 -1.800000 -1.448000
v 15.960000 -0.800000 1.760000
v 15.960000 -0.279000 1.672000
v 15.960000 0.200000 1.448000
v 15.960000 0.200000 1.448000
v 21.000000 0.200000 -0.000000
v 21.038000 0.200000 0.191000
v 21.146000 0.200000 0.354000
v 21.309000 0.200000 0.462000
v 16.799999 -3.180000 0.000000
v 16.799999 -3.180000 0.000000
v 16.799999 -3.180000 0.000000
v 16.799999 -3.180000 1.735000
v 16.799999 -3.180000 1.735000
v 16.799999 1.321000 2.121000
v 16.799999 0.348000 2.772000
v 16.799999 1.972000 1.148000
v 16.799999 2.200000 -0.000000
v 15.960000 0.200000 -0.000000
v 23.959999 0.195000 2.402000
v 23.959999 -0.800000 2.600000
v 23.959999 0.200000 1.448000
v 23.959999 0.200000 1.448000
v 23.959999 -0.279000 1.672000
v 23.200001 0.195000 2.402000
v 23.200001 -0.800000 2.600000
v 23.959999 1.038000 1.838000
v 21.500000 0.200000 0.500000
v 23.959999 0.200000 0.500000
v 23.959999 0.200000 0.500000
v 23.200001 1.038000 1.838000
v 23.200001 0.118000 2.217000
v 23.200001 -0.800000 2.400000
v 23.959999 1.701000 0.500000
v 23.959999 1.701000 0.500000
v 23.959999 1.602000 0.995000
v 23.200001 1.602000 0.995000
v 23.200001 0.897000 1.697000
v 23.200001 1.701000 0.500000
v 23.200001 1.701000 0.500000
v 23.200001 1.417000 0.918000
v 23.200001 1.501000 0.500000
v 23.200001 1.501000 0.500000
v 21.500000 1.501000 0.500000
v 21.309000 1.508000 0.462000
v 21.146000 1.530000 0.354000
v 21.038000 1.562000 0.191000
v 21.000000 1.600000 -0.000000
v 16.799999 -1.718000 2.217000
v 16.799999 -2.497000 1.697000
v 16.799999 -0.800000 2.400000
v 16.799999 -3.017000 0.918000
v 16.799999 0.118000 2.217000
v 16.799999 0.897000 1.697000
v 16.799999 1.417000 0.918000
v 16.799999 1.600000 -0.000000
v 23.959999 -0.800000 1.760000
v 16.799999 -1.948000 2.772000
v 16.799999 -2.921000 2.121000
v 16.799999 -0.800000 3.000000
v 8.000000 2.100000 0.400000
v 8.000000 2.100000 0.400000
v 14.400000 -3.000000 0.400000
v 14.400000 -3.000000 0.400000
v 14.400000 2.100000 0.400000
v 14.400000 2.100000 0.400000
v 8.000000 2.100000 -0.000000
v 15.960000 -2.921000 2.121000
v 15.960000 0.020000 4.800000
v 15.960000 0.020000 4.800000
v 14.400000 -3.000000 0.000000
v 0.000000 0.020001 7.960000
v 15.960000 0.020001 7.960000
v 15.960000 0.020001 7.960000
v 15.960000 3.180001 7.960000
v 15.960000 3.180001 7.960000
v 14.400000 -2.918000 2.120000
v 14.400000 0.020000 4.800000
v 14.400000 0.020000 4.800000
v 0.000000 3.180001 7.960000
v 7.200000 0.020000 6.400000
v 7.200000 0.020000 6.400000
v 7.200000 2.100000 6.400000
v 7.200000 2.100000 6.400000
v 6.400000 0.020000 6.400000
v 6.400000 0.020000 6.400000
v 6.400000 2.100000 6.400000
v 6.400000 2.100000 6.400000
v 6.400000 0.020000 -0.000000
v 7.200000 0.020000 -0.000000
v 7.200000 2.100000 -0.000000
v 14.400000 2.100000 6.400000
v 14.400000 2.100000 6.400000
v 14.400000 0.020000 6.400000
v 14.400000 0.020000 6.400000
v 0.000000 2.100000 6.400000
v 15.960000 3.180000 -0.000000
v 15.960000 -0.800000 3.000000
v 15.960000 -1.948000 2.772000
v 15.960000 1.321000 2.121000
v 15.960000 0.348000 2.772000
v 15.960000 2.200000 -0.000000
v 15.960000 1.972000 1.148000
v 14.400000 -3.180000 1.735000
v 14.400000 -3.180000 1.735000
v 6.400000 2.100000 -0.000000
v 0.000000 0.020000 6.400000
v 15.960000 -3.181000 1.735000
v 14.400000 -3.180000 0.000000
v 21.000000 -1.800000 0.000000
v 21.038000 -1.800000 0.191000
v 21.146000 -1.800000 0.354000
v 21.309000 -1.800000 0.462000
v 23.959999 -1.800000 1.448000
v 23.959999 -1.800000 1.448000
v 23.959999 -1.321000 1.672000
v 23.959999 -2.638000 1.838000
v 23.959999 -1.795000 2.402000
v 21.500000 -1.800000 0.500000
v 23.959999 -1.800000 0.500000
v 23.959999 -1.800000 0.500000
v 23.200001 -2.638000 1.838000
v 23.200001 -1.795000 2.402000
v 23.959999 -3.301000 0.500000
v 23.959999 -3.301000 0.500000
v 23.959999 -3.202000 0.995000
v 23.200001 -3.202000 0.995000
v 23.200001 -2.497000 1.697000
v 23.200001 -1.718000 2.217000
v 23.200001 -3.301000 0.500000
v 23.200001 -3.301000 0.500000
v 23.200001 -3.017000 0.918000
v 23.200001 -3.101000 0.500000
v 23.200001 -3.101000 0.500000
v 21.500000 -3.101000 0.500000
v 21.309000 -3.108000 0.462000
v 21.146000 -3.130000 0.354000
v 21.038000 -3.162000 0.191000
v 21.000000 -3.200000 0.000000
v 15.960000 -1.321000 1.672000
v 15.960000 -1.800000 1.448000
v 15.960000 -1.800000 1.448000
v 15.960000 -1.800000 0.000000
v -15.960000 -0.800000 1.760000
v -15.960000 -0.279000 1.672000
v -15.960000 0.200000 1.448000
v -15.960000 0.200000 1.448000
v -21.000000 0.200000 -0.000000
v -21.038000 0.200000 0.191000
v -21.146000 0.200000 0.354000
v -21.309000 0.200000 0.462000
v -16.799999 -3.180000 0.000000
v -16.799999 -3.180000 0.000000
v -16.799999 -3.180000 0.000000
v -16.799999 -3.180000 1.735000
v -16.799999 -3.180000 1.735000
v -16.799999 1.321000 2.121000
v -16.799999 0.348000 2.772000
v -16.799999 1.972000 1.148000
v -16.799999 2.200000 -0.000000
v -15.960000 0.200000 -0.000000
v -23.959999 0.195000 2.402000
v -23.959999 -0.800000 2.600000
v -23.959999 0.200000 1.448000
v -23.959999 0.200000 1.448000
v -23.959999 -0.279000 1.672000
v -23.200001 0.195000 2.402000
v -23.200001 -0.800000 2.600000
v -23.959999 1.038000 1.838000
v -21.500000 0.200000 0.500000
v -23.959999 0.200000 0.500000
v -23.959999 0.200000 0.500000
v -23.200001 1.038000 1.838000
v -23.200001 0.118000 2.217000
v -23.200001 -0.800000 2.400000
v -23.959999 1.701000 0.500000
v -23.959999 1.701000 0.500000
v -23.959999 1.602000 0.995000
v -23.200001 1.602000 0.995000
v -23.200001 0.897000 1.697000
v -23.200001 1.701000 0.500000
v -23.200001 1.701000 0.500000
v -23.200001 1.417000 0.918000
v -23.200001 1.501000 0.500000
v -23.200001 1.501000 0.500000
v -21.500000 1.501000 0.500000
v -21.309000 1.508000 0.462000
v -21.146000 1.530000 0.354000
v -21.038000 1.562000 0.191000
v -21.000000 1.600000 -0.000000
v -16.799999 -1.718000 2.217000
v -16.799999 -2.497000 1.697000
v -16.799999 -0.800000 2.400000
v -16.799999 -3.017000 0.918000
v -16.799999 0.118000 2.217000
v -16.799999 0.897000 1.697000
v -16.799999 1.417000 0.918000
v -16.799999 1.600000 -0.000000
v -23.959999 -0.800000 1.760000
v -16.799999 -1.948000 2.772000
v -16.799999 -2.921000 2.121000
v -16.799999 -0.800000 3.000000
v -8.000000 2.100000 0.400000
v -8.000000 2.100000 0.400000
v -14.400000 -3.000000 0.400000
v -14.400000 -3.000000 0.400000
v -14.400000 2.100000 0.400000
v -14.400000 2.100000 0.400000
v -8.000000 2.100000 -0.000000
v -15.960000 -2.921000 2.121000
v -15.960000 0.020000 4.800000
v -15.960000 0.020000 4.800000
v -14.400000 -3.000000 0.000000
v -15.960000 0.020001 7.960000
v -15.960000 0.020001 7.960000
v -15.960000 3.180001 7.960000
v -15.960000 3.180001 7.960000
v -14.400000 -2.918000 2.120000
v -14.400000 0.020000 4.800000
v -14.400000 0.020000 4.800000
v -7.200000 0.020000 6.400000
v -7.200000 0.020000 6.400000
v -7.200000 2.100000 6.400000
v -7.200000 2.100000 6.400000
v -6.400000 0.020000 6.400000
v -6.400000 0.020000 6.400000
v -6.400000 2.100000 6.400000
v -6.400000 2.100000 6.400000
v -6.400000 0.020000 -0.000000
v -7.200000 0.020000 -0.000000
v -7.200000 2.100000 -0.000000
v -14.400000 2.100000 6.400000
v -14.400000 2.100000 6.400000
v -14.400000 0.020000 6.400000
v -14.400000 0.020000 6.400000
v -15.960000 3.180000 -0.000000
v -15.960000 -0.800000 3.000000
v -15.960000 -1.948000 2.772000
v -15.960000 1.321000 2.121000
v -15.960000 0.348000 2.772000
v -15.960000 2.200000 -0.000000
v -15.960000 1.972000 1.148000
v -14.400000 -3.180000 1.735000
v -14.400000 -3.180000 1.735000
v -6.400000 2.100000 -0.000000
v -15.960000 -3.181000 1.735000
v -14.400000 -3.180000 0.000000
v -21.000000 -1.800000 0.000000
v -21.038000 -1.800000 0.191000
v -21.146000 -1.800000 0.354000
v -21.309000 -1.800000 0.462000
v -23.959999 -1.800000 1.448000
v -23.959999 -1.800000 1.448000
v -23.959999 -1.321000 1.672000
v -23.959999 -2.638000 1.838000
v -23.959999 -1.795000 2.402000
v -21.500000 -1.800000 0.500000
v -23.959999 -1.800000 0.500000
v -23.959999 -1.800000 0.500000
v -23.200001 -2.638000 1.838000
v -23.200001 -1.795000 2.402000
v -23.959999 -3.301000 0.500000
v -23.959999 -3.301000 0.500000
v -23.959999 -3.202000 0.995000
v -23.200001 -3.202000 0.995000
v -23.200001 -2.497000 1.697000
v -23.200001 -1.718000 2.217000
v -23.200001 -3.301000 0.500000
v -23.200001 -3.301000 0.500000
v -23.200001 -3.017000 0.918000
v -23.200001 -3.101000 0.500000
v -23.200001 -3.101000 0.500000
v -21.500000 -3.101000 0.500000
v -21.309000 -3.108000 0.462000
v -21.146000 -3.130000 0.354000
v -21.038000 -3.162000 0.191000
v -21.000000 -3.200000 0.000000
v -15.960000 -1.321000 1.672000
v -15.960000 -1.800000 1.448000
v -15.960000 -1.800000 1.448000
v -15.960000 -1.800000 0.000000
v 15.960000 -0.800000 -1.760000
v 15.960000 -0.279000 -1.672000
v 15.960000 0.200000 -1.448000
v 15.960000 0.200000 -1.448000
v 21.038000 0.200000 -0.191000
v 21.146000 0.200000 -0.354000
v 21.309000 0.200000 -0.462000
v 16.799999 -3.180000 -1.735000
v 16.799999 -3.180000 -1.735000
v 16.799999 1.321000 -2.121000
v 16.799999 0.348000 -2.772000
v 16.799999 1.972000 -1.148000
v 23.959999 0.195000 -2.402000
v 23.959999 -0.800000 -2.600000
v 23.959999 0.200000 -1.448000
v 23.959999 0.200000 -1.448000
v 23.959999 -0.279000 -1.672000
v 23.200001 0.195000 -2.402000
v 23.200001 -0.800000 -2.600000
v 23.959999 1.038000 -1.838000
v 21.500000 0.200000 -0.500000
v 23.959999 0.200000 -0.500000
v 23.959999 0.200000 -0.500000
v 23.200001 1.038000 -1.838000
v 23.200001 0.118000 -2.217000
v 23.200001 -0.800000 -2.400000
v 23.959999 1.701000 -0.500000
v 23.959999 1.701000 -0.500000
v 23.959999 1.602000 -0.995000
v 23.200001 1.602000 -0.995000
v 23.200001 0.897000 -1.697000
v 23.200001 1.701000 -0.500000
v 23.200001 1.701000 -0.500000
v 23.200001 1.417000 -0.918000
v 23.200001 1.501000 -0.500000
v 23.200001 1.501000 -0.500000
v 21.500000 1.501000 -0.500000
v 21.309000 1.508000 -0.462000
v 21.146000 1.530000 -0.354000
v 21.038000 1.562000 -0.191000
v 16.799999 -1.718000 -2.217000
v 16.799999 -2.497000 -1.697000
v 16.799999 -0.800000 -2.400000
v 16.799999 -3.017000 -0.918000
v 16.799999 0.118000 -2.217000
v 16.799999 0.897000 -1.697000
v 16.799999 1.417000 -0.918000
v 23.959999 -0.800000 -1.760000
v 16.799999 -1.948000 -2.772000
v 16.799999 -2.921000 -2.121000
v 16.799999 -0.800000 -3.000000
v 8.000000 2.100000 -0.400000
v 8.000000 2.100000 -0.400000
v 14.400000 -3.000000 -0.400000
v 14.400000 -3.000000 -0.400000
v 14.400000 2.100000 -0.400000
v 14.400000 2.100000 -0.400000
v 15.960000 -2.921000 -2.121000
v 15.960000 0.020000 -4.800000
v 15.960000 0.020000 -4.800000
v 0.000000 0.019999 -7.960000
v 15.960000 0.019999 -7.960000
v 15.960000 0.019999 -7.960000
v 15.960000 3.179999 -7.960001
v 15.960000 3.179999 -7.960001
v 14.400000 -2.918000 -2.120000
v 14.400000 0.020000 -4.800000
v 14.400000 0.020000 -4.800000
v 0.000000 3.179999 -7.960001
v 7.200000 0.020000 -6.400000
v 7.200000 0.020000 -6.400000
v 7.200000 2.099999 -6.400000
v 7.200000 2.099999 -6.400000
v 6.400000 0.020000 -6.400000
v 6.400000 0.020000 -6.400000
v 6.400000 2.099999 -6.400000
v 6.400000 2.099999 -6.400000
v 14.400000 2.099999 -6.400000
v 14.400000 2.099999 -6.400000
v 14.400000 0.020000 -6.400000
v 14.400000 0.020000 -6.400000
v 0.000000 2.099999 -6.400000
v 15.960000 -0.800000 -3.000000
v 15.960000 -1.948000 -2.772000
v 15.960000 1.321000 -2.121000
v 15.960000 0.348000 -2.772000
v 15.960000 1.972000 -1.148000
v 14.400000 -3.180000 -1.735000
v 14.400000 -3.180000 -1.735000
v 0.000000 0.020000 -6.400000
v 15.960000 -3.181000 -1.735000
v 21.038000 -1.800000 -0.191000
v 21.146000 -1.800000 -0.354000
v 21.309000 -1.800000 -0.462000
v 23.959999 -1.800000 -1.448000
v 23.959999 -1.800000 -1.448000
v 23.959999 -1.321000 -1.672000
v 23.959999 -2.638000 -1.838000
v 23.959999 -1.795000 -2.402000
v 21.500000 -1.800000 -0.500000
v 23.959999 -1.800000 -0.500000
v 23.959999 -1.800000 -0.500000
v 23.200001 -2.638000 -1.838000
v 23.200001 -1.795000 -2.402000
v 23.959999 -3.301000 -0.500000
v 23.959999 -3.301000 -0.500000
v 23.959999 -3.202000 -0.995000
v 23.200001 -3.202000 -0.995000
v 23.200001 -2.497000 -1.697000
v 23.200001 -1.718000 -2.217000
v 23.200001 -3.301000 -0.500000
v 23.200001 -3.301000 -0.500000
v 23.200001 -3.017000 -0.918000
v 23.200001 -3.101000 -0.500000
v 23.200001 -3.101000 -0.500000
v 21.500000 -3.101000 -0.500000
v 21.309000 -3.108000 -0.462000
v 21.146000 -3.130000 -0.354000
v 21.038000 -3.162000 -0.191000
v 15.960000 -1.321000 -1.672000
v 15.960000 -1.800000 -1.448000
v 15.960000 -1.800000 -1.448000
v -15.960000 -0.800000 -1.760000
v -15.960000 -0.279000 -1.672000
v -15.960000 0.200000 -1.448000
v -15.960000 0.200000 -1.448000
v -21.038000 0.200000 -0.191000
v -21.146000 0.200000 -0.354000
v -21.309000 0.200000 -0.462000
v -16.799999 -3.180000 -1.735000
v -16.799999 -3.180000 -1.735000
v -16.799999 1.321000 -2.121000
v -16.799999 0.348000 -2.772000
v -16.799999 1.972000 -1.148000
v -23.959999 0.195000 -2.402000
v -23.959999 -0.800000 -2.600000
v -23.959999 0.200000 -1.448000
v -23.959999 0.200000 -1.448000
v -23.959999 -0.279000 -1.672000
v -23.200001 0.195000 -2.402000
v -23.200001 -0.800000 -2.600000
v -23.959999 1.038000 -1.838000
v -21.500000 0.200000 -0.500000
v -23.959999 0.200000 -0.500000
v -23.959999 0.200000 -0.500000
v -23.200001 1.038000 -1.838000
v -23.200001 0.118000 -2.217000
v -23.200001 -0.800000 -2.400000
v -23.959999 1.701000 -0.500000
v -23.959999 1.701000 -0.500000
v -23.959999 1.602000 -0.995000
v -23.200001 1.602000 -0.995000
v -23.200001 0.897000 -1.697000
v -23.200001 1.701000 -0.500000
v -23.200001 1.701000 -0.500000
v -23.200001 1.417000 -0.918000
v -23.200001 1.501000 -0.500000
v -23.200001 1.501000 -0.500000
v -21.500000 1.501000 -0.500000
v -21.309000 1.508000 -0.462000
v -21.146000 1.530000 -0.354000
v -21.038000 1.562000 -0.191000
v -16.799999 -1.718000 -2.217000
v -16.799999 -2.497000 -1.697000
v -16.799999 -0.800000 -2.400000
v -16.799999 -3.017000 -0.918000
v -16.799999 0.118000 -2.217000
v -16.799999 0.897000 -1.697000
v -16.799999 1.417000 -0.918000
v -23.959999 -0.800000 -1.760000
v -16.799999 -1.948000 -2.772000
v -16.799999 -2.921000 -2.121000
v -16.799999 -0.800000 -3.000000
v -8.000000 2.100000 -0.400000
v -8.000000 2.100000 -0.400000
v -14.400000 -3.000000 -0.400000
v -14.400000 -3.000000 -0.400000
v -14.400000 2.100000 -0.400000
v -14.400000 2.100000 -0.400000
v -15.960000 -2.921000 -2.121000
v -15.960000 0.020000 -4.800000
v -15.960000 0.020000 -4.800000
v -15.960000 0.019999 -7.960000
v -15.960000 0.019999 -7.960000
v -15.960000 3.179999 -7.960001
v -15.960000 3.179999 -7.960001
v -14.400000 -2.918000 -2.120000
v -14.400000 0.020000 -4.800000
v -14.400000 0.020000 -4.800000
v -7.200000 0.020000 -6.400000
v -7.200000 0.020000 -6.400000
v -7.200000 2.099999 -6.400000
v -7.200000 2.099999 -6.400000
v -6.400000 0.020000 -6.400000
v -6.400000 0.020000 -6.400000
v -6.400000 2.099999 -6.400000
v -6.400000 2.099999 -6.400000
v -14.400000 2.099999 -6.400000
v -14.400000 2.099999 -6.400000
v -14.400000 0.020000 -6.400000
v -14.400000 0.020000 -6.400000
v -15.960000 -0.800000 -3.000000
v -15.960000 -1.948000 -2.772000
v -15.960000 1.321000 -2.121000
v -15.960000 0.348000 -2.772000
v -15.960000 1.972000 -1.148000
v -14.400000 -3.180000 -1.735000
v -14.400000 -3.180000 -1.735000
v -15.960000 -3.181000 -1.735000
v -21.038000 -1.800000 -0.191000
v -21.146000 -1.800000 -0.354000
v -21.309000 -1.800000 -0.462000
v -23.959999 -1.800000 -1.448000
v -23.959999 -1.800000 -1.448000
v -23.959999 -1.321000 -1.672000
v -23.959999 -2.638000 -1.838000
v -23.959999 -1.795000 -2.402000
v -21.500000 -1.800000 -0.500000
v -23.959999 -1.800000 -0.500000
v -23.959999 -1.800000 -0.500000
v -23.200001 -2.638000 -1.838000
v -23.200001 -1.795000 -2.402000
v -23.959999 -3.301000 -0.500000
v -23.959999 -3.301000 -0.500000
v -23.959999 -3.202000 -0.995000
v -23.200001 -3.202000 -0.995000
v -23.200001 -2.497000 -1.697000
v -23.200001 -1.718000 -2.217000
v -23.200001 -3.301000 -0.500000
v -23.200001 -3.301000 -0.500000
v -23.200001 -3.017000 -0.918000
v -23.200001 -3.101000 -0.500000
v -23.200001 -3.101000 -0.500000
v -21.500000 -3.101000 -0.500000
v -21.309000 -3.108000 -0.462000
v -21.146000 -3.130000 -0.354000
v -21.038000 -3.162000 -0.191000
v -15.960000 -1.321000 -1.672000
v -15.960000 -1.800000 -1.448000
v -15.960000 -1.800000 -1.448000
v -11.082000 4.750000 -6.217000
v -11.179000 5.000000 -5.982000
v -11.110000 4.927000 -6.148000
v -10.483000 5.000000 -5.517001
v -10.303000 4.750000 -5.697001
v -10.356000 4.927000 -5.644001
v -9.783000 4.750000 -4.918001
v -10.018000 5.000000 -4.821001
v -9.852000 4.927000 -4.890000
v -9.855000 5.000000 -4.000000
v -9.600000 4.750000 -4.000000
v -9.675000 4.927000 -4.000000
v -9.783000 4.750000 -3.082000
v -10.018000 5.000000 -3.179000
v -9.852000 4.927000 -3.110000
v -10.303000 4.750000 -2.303000
v -10.483000 5.000000 -2.483001
v -10.356000 4.927000 -2.356000
v -11.082000 4.750000 -1.783000
v -11.179000 5.000000 -2.018000
v -11.110000 4.927000 -1.852000
v -12.000000 4.750000 -1.600000
v -12.000000 5.000000 -1.855000
v -12.000000 4.927000 -1.675000
v -12.821000 5.000000 -2.018000
v -12.918000 4.750000 -1.783000
v -12.890000 4.927000 -1.852000
v -13.697000 4.750000 -2.303000
v -13.517000 5.000000 -2.483001
v -13.644000 4.927000 -2.356000
v -14.217000 4.750000 -3.082000
v -13.982000 5.000000 -3.179000
v -14.148000 4.927000 -3.110000
v -14.400000 4.750000 -4.000000
v -14.145000 5.000000 -4.000000
v -14.325000 4.927000 -4.000000
v -14.217000 4.750000 -4.918001
v -13.982000 5.000000 -4.821001
v -14.148000 4.927000 -4.890000
v -13.517000 5.000000 -5.517001
v -13.697000 4.750000 -5.697001
v -13.644000 4.927000 -5.644001
v -12.918000 4.750000 -6.217000
v -12.821000 5.000000 -5.982000
v -12.890000 4.927000 -6.148000
v -12.000000 4.750000 -6.400001
v -12.000000 5.000000 -6.145000
v -12.000000 4.927000 -6.325000
v -10.937000 5.000000 -2.986001
v -10.836000 5.000000 -4.000000
v -10.937000 5.000000 -5.014000
v -12.000000 5.000000 -2.903001
v -12.000000 5.000000 -4.000000
v -12.000000 5.000000 -5.097001
v -13.063000 5.000000 -2.986001
v -13.164000 5.000000 -4.000000
v -13.063000 5.000000 -5.014000
v -12.000000 3.329999 -6.400001
v -12.000000 3.180000 -6.553000
v -12.000000 3.224000 -6.445001
v -12.977000 3.180000 -6.359001
v -12.918000 3.329999 -6.217000
v -12.936000 3.224000 -6.259000
v -13.805000 3.180000 -5.805000
v -13.697000 3.329999 -5.697001
v -13.729000 3.224000 -5.729001
v -14.359000 3.180000 -4.977001
v -14.217000 3.329999 -4.918001
v -14.259000 3.224000 -4.936000
v -14.553000 3.180000 -4.000000
v -14.400000 3.330000 -4.000000
v -14.445000 3.224000 -4.000000
v -14.359000 3.180000 -3.023000
v -14.217000 3.330000 -3.082000
v -14.259000 3.224000 -3.064000
v -13.805000 3.180000 -2.195000
v -13.697000 3.330000 -2.303000
v -13.729000 3.224000 -2.271000
v -12.977000 3.180000 -1.641000
v -12.918000 3.330000 -1.783000
v -12.936000 3.224000 -1.741000
v -12.000000 3.180000 -1.447000
v -12.000000 3.330000 -1.600000
v -12.000000 3.224000 -1.555000
v -11.023000 3.180000 -1.641000
v -11.082000 3.330000 -1.783000
v -11.064000 3.224000 -1.741000
v -10.195000 3.180000 -2.195000
v -10.303000 3.330000 -2.303000
v -10.271000 3.224000 -2.271000
v -9.641000 3.180000 -3.023000
v -9.783000 3.330000 -3.082000
v -9.741000 3.224000 -3.064000
v -9.447000 3.180000 -4.000000
v -9.600000 3.330000 -4.000000
v -9.555000 3.224000 -4.000000
v -9.641000 3.180000 -4.977001
v -9.783000 3.329999 -4.918001
v -9.741000 3.224000 -4.936000
v -10.195000 3.180000 -5.805000
v -10.303000 3.329999 -5.697001
v -10.271000 3.224000 -5.729001
v -11.023000 3.180000 -6.359001
v -11.082000 3.329999 -6.217000
v -11.064000 3.224000 -6.259000
v -11.082000 4.750000 1.783000
v -11.179000 5.000000 2.017999
v -11.110000 4.927000 1.852000
v -10.483000 5.000000 2.483000
v -10.303000 4.750000 2.302999
v -10.356000 4.927000 2.355999
v -9.783000 4.750000 3.082000
v -10.018000 5.000000 3.178999
v -9.852000 4.927000 3.109999
v -9.855000 5.000000 4.000000
v -9.600000 4.750000 4.000000
v -9.675000 4.927001 4.000000
v -9.783000 4.750000 4.918000
v -10.018000 5.000000 4.821000
v -9.852000 4.927001 4.889999
v -10.303000 4.750000 5.697000
v -10.483000 5.000000 5.517000
v -10.356000 4.927001 5.644000
v -11.082000 4.750000 6.217000
v -11.179000 5.000000 5.981999
v -11.110000 4.927001 6.147999
v -12.000000 4.750000 6.400000
v -12.000000 5.000000 6.145000
v -12.000000 4.927001 6.324999
v -12.821000 5.000000 5.981999
v -12.918000 4.750000 6.217000
v -12.890000 4.927001 6.147999
v -13.697000 4.750000 5.697000
v -13.517000 5.000000 5.517000
v -13.644000 4.927001 5.644000
v -14.217000 4.750000 4.918000
v -13.982000 5.000000 4.821000
v -14.148000 4.927001 4.889999
v -14.400000 4.750000 4.000000
v -14.145000 5.000000 4.000000
v -14.325000 4.927001 4.000000
v -14.217000 4.750000 3.082000
v -13.982000 5.000000 3.178999
v -14.148000 4.927000 3.109999
v -13.517000 5.000000 2.483000
v -13.697000 4.750000 2.302999
v -13.644000 4.927000 2.355999
v -12.918000 4.750000 1.783000
v -12.821000 5.000000 2.017999
v -12.890000 4.927000 1.852000
v -12.000000 4.750000 1.600000
v -12.000000 5.000000 1.855000
v -12.000000 4.927000 1.675000
v -10.937000 5.000000 5.013999
v -10.836000 5.000000 4.000000
v -10.937000 5.000000 2.986000
v -12.000000 5.000000 5.097000
v -12.000000 5.000000 4.000000
v -12.000000 5.000000 2.903000
v -13.063000 5.000000 5.013999
v -13.164000 5.000000 4.000000
v -13.063000 5.000000 2.986000
v -12.000000 3.330000 1.600000
v -12.000000 3.180000 1.447000
v -12.000000 3.224000 1.555000
v -12.977000 3.180000 1.641000
v -12.918000 3.330000 1.783000
v -12.936000 3.224000 1.741000
v -13.805000 3.180000 2.195000
v -13.697000 3.330000 2.303000
v -13.729000 3.224000 2.271000
v -14.359000 3.180000 3.023000
v -14.217000 3.330000 3.082000
v -14.259000 3.224000 3.064000
v -14.553000 3.180000 4.000000
v -14.400000 3.330000 4.000000
v -14.445000 3.224000 4.000000
v -14.359000 3.180001 4.977000
v -14.217000 3.330000 4.918000
v -14.259000 3.224000 4.935999
v -13.805000 3.180001 5.804999
v -13.697000 3.330000 5.697000
v -13.729000 3.224000 5.729000
v -12.977000 3.180001 6.359000
v -12.918000 3.330000 6.217000
v -12.936000 3.224000 6.258999
v -12.000000 3.180001 6.552999
v -12.000000 3.330000 6.400000
v -12.000000 3.224000 6.445000
v -11.023000 3.180001 6.359000
v -11.082000 3.330000 6.217000
v -11.064000 3.224000 6.258999
v -10.195000 3.180001 5.804999
v -10.303000 3.330000 5.697000
v -10.271000 3.224000 5.729000
v -9.641000 3.180001 4.977000
v -9.783000 3.330000 4.918000
v -9.741000 3.224000 4.935999
v -9.447000 3.180000 4.000000
v -9.600000 3.330000 4.000000
v -9.555000 3.224000 4.000000
v -9.641000 3.180000 3.023000
v -9.783000 3.330000 3.082000
v -9.741000 3.224000 3.064000
v -10.195000 3.180000 2.195000
v -10.303000 3.330000 2.303000
v -10.271000 3.224000 2.271000
v -11.023000 3.180000 1.641000
v -11.082000 3.330000 1.783000
v -11.064000 3.224000 1.741000
v -3.082000 4.750000 -6.217000
v -3.179000 5.000000 -5.982000
v -3.110000 4.927000 -6.148000
v -2.483000 5.000000 -5.517001
v -2.303000 4.750000 -5.697001
v -2.356000 4.927000 -5.644001
v -1.783000 4.750000 -4.918001
v -2.018000 5.000000 -4.821001
v -1.852000 4.927000 -4.890000
v -1.855000 5.000000 -4.000000
v -1.600000 4.750000 -4.000000
v -1.675000 4.927000 -4.000000
v -1.783000 4.750000 -3.082000
v -2.018000 5.000000 -3.179000
v -1.852000 4.927000 -3.110000
v -2.303000 4.750000 -2.303000
v -2.483000 5.000000 -2.483001
v -2.356000 4.927000 -2.356000
v -3.082000 4.750000 -1.783000
v -3.179000 5.000000 -2.018000
v -3.110000 4.927000 -1.852000
v -4.000000 4.750000 -1.600000
v -4.000000 5.000000 -1.855000
v -4.000000 4.927000 -1.675000
v -4.821000 5.000000 -2.018000
v -4.918000 4.750000 -1.783000
v -4.890000 4.927000 -1.852000
v -5.697000 4.750000 -2.303000
v -5.517000 5.000000 -2.483001
v -5.644000 4.927000 -2.356000
v -6.217000 4.750000 -3.082000
v -5.982000 5.000000 -3.179000
v -6.148000 4.927000 -3.110000
v -6.400000 4.750000 -4.000000
v -6.145000 5.000000 -4.000000
v -6.325000 4.927000 -4.000000
v -6.217000 4.750000 -4.918001
v -5.982000 5.000000 -4.821001
v -6.148000 4.927000 -4.890000
v -5.517000 5.000000 -5.517001
v -5.697000 4.750000 -5.697001
v -5.644000 4.927000 -5.644001
v -4.918000 4.750000 -6.217000
v -4.821000 5.000000 -5.982000
v -4.890000 4.927000 -6.148000
v -4.000000 4.750000 -6.400001
v -4.000000 5.000000 -6.145000
v -4.000000 4.927000 -6.325000
v -2.937000 5.000000 -2.986001
v -2.836000 5.000000 -4.000000
v -2.937000 5.000000 -5.014000
v -4.000000 5.000000 -2.903001
v -4.000000 5.000000 -4.000000
v -4.000000 5.000000 -5.097001
v -5.063000 5.000000 -2.986001
v -5.164000 5.000000 -4.000000
v -5.063000 5.000000 -5.014000
v -4.000000 3.329999 -6.400001
v -4.000000 3.180000 -6.553000
v -4.000000 3.224000 -6.445001
v -4.977000 3.180000 -6.359001
v -4.918000 3.329999 -6.217000
v -4.936000 3.224000 -6.259000
v -5.805000 3.180000 -5.805000
v -5.697000 3.329999 -5.697001
v -5.729000 3.224000 -5.729001
v -6.359000 3.180000 -4.977001
v -6.217000 3.329999 -4.918001
v -6.259000 3.224000 -4.936000
v -6.553000 3.180000 -4.000000
v -6.400000 3.330000 -4.000000
v -6.445000 3.224000 -4.000000
v -6.359000 3.180000 -3.023000
v -6.217000 3.330000 -3.082000
v -6.259000 3.224000 -3.064000
v -5.805000 3.180000 -2.195000
v -5.697000 3.330000 -2.303000
v -5.729000 3.224000 -2.271000
v -4.977000 3.180000 -1.641000
v -4.918000 3.330000 -1.783000
v -4.936000 3.224000 -1.741000
v -4.000000 3.180000 -1.447000
v -4.000000 3.330000 -1.600000
v -4.000000 3.224000 -1.555000
v -3.023000 3.180000 -1.641000
v -3.082000 3.330000 -1.783000
v -3.064000 3.224000 -1.741000
v -2.195000 3.180000 -2.195000
v -2.303000 3.330000 -2.303000
v -2.271000 3.224000 -2.271000
v -1.641000 3.180000 -3.023000
v -1.783000 3.330000 -3.082000
v -1.741000 3.224000 -3.064000
v -1.447000 3.180000 -4.000000
v -1.600000 3.330000 -4.000000
v -1.555000 3.224000 -4.000000
v -1.641000 3.180000 -4.977001
v -1.783000 3.329999 -4.918001
v -1.741000 3.224000 -4.936000
v -2.195000 3.180000 -5.805000
v -2.303000 3.329999 -5.697001
v -2.271000 3.224000 -5.729001
v -3.023000 3.180000 -6.359001
v -3.082000 3.329999 -6.217000
v -3.064000 3.224000 -6.259000
v -3.082000 4.750000 1.783000
v -3.179000 5.000000 2.017999
v -3.110000 4.927000 1.852000
v -2.483000 5.000000 2.483000
v -2.303000 4.750000 2.302999
v -2.356000 4.927000 2.355999
v -1.783000 4.750000 3.082000
v -2.018000 5.000000 3.178999
v -1.852000 4.927000 3.109999
v -1.855000 5.000000 4.000000
v -1.600000 4.750000 4.000000
v -1.675000 4.927001 4.000000
v -1.783000 4.750000 4.918000
v -2.018000 5.000000 4.821000
v -1.852000 4.927001 4.889999
v -2.303000 4.750000 5.697000
v -2.483000 5.000000 5.517000
v -2.356000 4.927001 5.644000
v -3.082000 4.750000 6.217000
v -3.179000 5.000000 5.981999
v -3.110000 4.927001 6.147999
v -4.000000 4.750000 6.400000
v -4.000000 5.000000 6.145000
v -4.000000 4.927001 6.324999
v -4.821000 5.000000 5.981999
v -4.918000 4.750000 6.217000
v -4.890000 4.927001 6.147999
v -5.697000 4.750000 5.697000
v -5.517000 5.000000 5.517000
v -5.644000 4.927001 5.644000
v -6.217000 4.750000 4.918000
v -5.982000 5.000000 4.821000
v -6.148000 4.927001 4.889999
v -6.400000 4.750000 4.000000
v -6.145000 5.000000 4.000000
v -6.325000 4.927001 4.000000
v -6.217000 4.750000 3.082000
v -5.982000 5.000000 3.178999
v -6.148000 4.927000 3.109999
v -5.517000 5.000000 2.483000
v -5.697000 4.750000 2.302999
v -5.644000 4.927000 2.355999
v -4.918000 4.750000 1.783000
v -4.821000 5.000000 2.017999
v -4.890000 4.927000 1.852000
v -4.000000 4.750000 1.600000
v -4.000000 5.000000 1.855000
v -4.000000 4.927000 1.675000
v -2.937000 5.000000 5.013999
v -2.836000 5.000000 4.000000
v -2.937000 5.000000 2.986000
v -4.000000 5.000000 5.097000
v -4.000000 5.000000 4.000000
v -4.000000 5.000000 2.903000
v -5.063000 5.000000 5.013999
v -5.164000 5.000000 4.000000
v -5.063000 5.000000 2.986000
v -4.000000 3.330000 1.600000
v -4.000000 3.180000 1.447000
v -4.000000 3.224000 1.555000
v -4.977000 3.180000 1.641000
v -4.918000 3.330000 1.783000
v -4.936000 3.224000 1.741000
v -5.805000 3.180000 2.195000
v -5.697000 3.330000 2.303000
v -5.729000 3.224000 2.271000
v -6.359000 3.180000 3.023000
v -6.217000 3.330000 3.082000
v -6.259000 3.224000 3.064000
v -6.553000 3.180000 4.000000
v -6.400000 3.330000 4.000000
v -6.445000 3.224000 4.000000
v -6.359000 3.180001 4.977000
v -6.217000 3.330000 4.918000
v -6.259000 3.224000 4.935999
v -5.805000 3.180001 5.804999
v -5.697000 3.330000 5.697000
v -5.729000 3.224000 5.729000
v -4.977000 3.180001 6.359000
v -4.918000 3.330000 6.217000
v -4.936000 3.224000 6.258999
v -4.000000 3.180001 6.552999
v -4.000000 3.330000 6.400000
v -4.000000 3.224000 6.445000
v -3.023000 3.180001 6.359000
v -3.082000 3.330000 6.217000
v -3.064000 3.224000 6.258999
v -2.195000 3.180001 5.804999
v -2.303000 3.330000 5.697000
v -2.271000 3.224000 5.729000
v -1.641000 3.180001 4.977000
v -1.783000 3.330000 4.918000
v -1.741000 3.224000 4.935999
v -1.447000 3.180000 4.000000
v -1.600000 3.330000 4.000000
v -1.555000 3.224000 4.000000
v -1.641000 3.180000 3.023000
v -1.783000 3.330000 3.082000
v -1.741000 3.224000 3.064000
v -2.195000 3.180000 2.195000
v -2.303000 3.330000 2.303000
v -2.271000 3.224000 2.271000
v -3.023000 3.180000 1.641000
v -3.082000 3.330000 1.783000
v -3.064000 3.224000 1.741000
v 4.918000 4.750000 -6.217000
v 4.821000 5.000000 -5.982000
v 4.890000 4.927000 -6.148000
v 5.517000 5.000000 -5.517001
v 5.697000 4.750000 -5.697001
v 5.644000 4.927000 -5.644001
v 6.217000 4.750000 -4.918001
v 5.982000 5.000000 -4.821001
v 6.148000 4.927000 -4.890000
v 6.145000 5.000000 -4.000000
v 6.400000 4.750000 -4.000000
v 6.325000 4.927000 -4.000000
v 6.217000 4.750000 -3.082000
v 5.982000 5.000000 -3.179000
v 6.148000 4.927000 -3.110000
v 5.697000 4.750000 -2.303000
v 5.517000 5.000000 -2.483001
v 5.644000 4.927000 -2.356000
v 4.918000 4.750000 -1.783000
v 4.821000 5.000000 -2.018000
v 4.890000 4.927000 -1.852000
v 4.000000 4.750000 -1.600000
v 4.000000 5.000000 -1.855000
v 4.000000 4.927000 -1.675000
v 3.179000 5.000000 -2.018000
v 3.082000 4.750000 -1.783000
v 3.110000 4.927000 -1.852000
v 2.303000 4.750000 -2.303000
v 2.483000 5.000000 -2.483001
v 2.356000 4.927000 -2.356000
v 1.783000 4.750000 -3.082000
v 2.018000 5.000000 -3.179000
v 1.852000 4.927000 -3.110000
v 1.600000 4.750000 -4.000000
v 1.855000 5.000000 -4.000000
v 1.675000 4.927000 -4.000000
v 1.783000 4.750000 -4.918001
v 2.018000 5.000000 -4.821001
v 1.852000 4.927000 -4.890000
v 2.483000 5.000000 -5.517001
v 2.303000 4.750000 -5.697001
v 2.356000 4.927000 -5.644001
v 3.082000 4.750000 -6.217000
v 3.179000 5.000000 -5.982000
v 3.110000 4.927000 -6.148000
v 4.000000 4.750000 -6.400001
v 4.000000 5.000000 -6.145000
v 4.000000 4.927000 -6.325000
v 5.063000 5.000000 -2.986001
v 5.164000 5.000000 -4.000000
v 5.063000 5.000000 -5.014000
v 4.000000 5.000000 -2.903001
v 4.000000 5.000000 -4.000000
v 4.000000 5.000000 -5.097001
v 2.937000 5.000000 -2.986001
v 2.836000 5.000000 -4.000000
v 2.937000 5.000000 -5.014000
v 4.000000 3.329999 -6.400001
v 4.000000 3.180000 -6.553000
v 4.000000 3.224000 -6.445001
v 3.023000 3.180000 -6.359001
v 3.082000 3.329999 -6.217000
v 3.064000 3.224000 -6.259000
v 2.195000 3.180000 -5.805000
v 2.303000 3.329999 -5.697001
v 2.271000 3.224000 -5.729001
v 1.641000 3.180000 -4.977001
v 1.783000 3.329999 -4.918001
v 1.741000 3.224000 -4.936000
v 1.447000 3.180000 -4.000000
v 1.600000 3.330000 -4.000000
v 1.555000 3.224000 -4.000000
v 1.641000 3.180000 -3.023000
v 1.783000 3.330000 -3.082000
v 1.741000 3.224000 -3.064000
v 2.195000 3.180000 -2.195000
v 2.303000 3.330000 -2.303000
v 2.271000 3.224000 -2.271000
v 3.023000 3.180000 -1.641000
v 3.082000 3.330000 -1.783000
v 3.064000 3.224000 -1.741000
v 4.000000 3.180000 -1.447000
v 4.000000 3.330000 -1.600000
v 4.000000 3.224000 -1.555000
v 4.977000 3.180000 -1.641000
v 4.918000 3.330000 -1.783000
v 4.936000 3.224000 -1.741000
v 5.805000 3.180000 -2.195000
v 5.697000 3.330000 -2.303000
v 5.729000 3.224000 -2.271000
v 6.359000 3.180000 -3.023000
v 6.217000 3.330000 -3.082000
v 6.259000 3.224000 -3.064000
v 6.553000 3.180000 -4.000000
v 6.400000 3.330000 -4.000000
v 6.445000 3.224000 -4.000000
v 6.359000 3.180000 -4.977001
v 6.217000 3.329999 -4.918001
v 6.259000 3.224000 -4.936000
v 5.805000 3.180000 -5.805000
v 5.697000 3.329999 -5.697001
v 5.729000 3.224000 -5.729001
v 4.977000 3.180000 -6.359001
v 4.918000 3.329999 -6.217000
v 4.936000 3.224000 -6.259000
v 4.918000 4.750000 1.783000
v 4.821000 5.000000 2.017999
v 4.890000 4.927000 1.852000
v 5.517000 5.000000 2.483000
v 5.697000 4.750000 2.302999
v 5.644000 4.927000 2.355999
v 6.217000 4.750000 3.082000
v 5.982000 5.000000 3.178999
v 6.148000 4.927000 3.109999
v 6.145000 5.000000 4.000000
v 6.400000 4.750000 4.000000
v 6.325000 4.927001 4.000000
v 6.217000 4.750000 4.918000
v 5.982000 5.000000 4.821000
v 6.148000 4.927001 4.889999
v 5.697000 4.750000 5.697000
v 5.517000 5.000000 5.517000
v 5.644000 4.927001 5.644000
v 4.918000 4.750000 6.217000
v 4.821000 5.000000 5.981999
v 4.890000 4.927001 6.147999
v 4.000000 4.750000 6.400000
v 4.000000 5.000000 6.145000
v 4.000000 4.927001 6.324999
v 3.179000 5.000000 5.981999
v 3.082000 4.750000 6.217000
v 3.110000 4.927001 6.147999
v 2.303000 4.750000 5.697000
v 2.483000 5.000000 5.517000
v 2.356000 4.927001 5.644000
v 1.783000 4.750000 4.918000
v 2.018000 5.000000 4.821000
v 1.852000 4.927001 4.889999
v 1.600000 4.750000 4.000000
v 1.855000 5.000000 4.000000
v 1.675000 4.927001 4.000000
v 1.783000 4.750000 3.082000
v 2.018000 5.000000 3.178999
v 1.852000 4.927000 3.109999
v 2.483000 5.000000 2.483000
v 2.303000 4.750000 2.302999
v 2.356000 4.927000 2.355999
v 3.082000 4.750000 1.783000
v 3.179000 5.000000 2.017999
v 3.110000 4.927000 1.852000
v 4.000000 4.750000 1.600000
v 4.000000 5.000000 1.855000
v 4.000000 4.927000 1.675000
v 5.063000 5.000000 5.013999
v 5.164000 5.000000 4.000000
v 5.063000 5.000000 2.986000
v 4.000000 5.000000 5.097000
v 4.000000 5.000000 4.000000
v 4.000000 5.000000 2.903000
v 2.937000 5.000000 5.013999
v 2.836000 5.000000 4.000000
v 2.937000 5.000000 2.986000
v 4.000000 3.330000 1.600000
v 4.000000 3.180000 1.447000
v 4.000000 3.224000 1.555000
v 3.023000 3.180000 1.641000
v 3.082000 3.330000 1.783000
v 3.064000 3.224000 1.741000
v 2.195000 3.180000 2.195000
v 2.303000 3.330000 2.303000
v 2.271000 3.224000 2.271000
v 1.641000 3.180000 3.023000
v 1.783000 3.330000 3.082000
v 1.741000 3.224000 3.064000
v 1.447000 3.180000 4.000000
v 1.600000 3.330000 4.000000
v 1.555000 3.224000 4.000000
v 1.641000 3.180001 4.977000
v 1.783000 3.330000 4.918000
v 1.741000 3.224000 4.935999
v 2.195000 3.180001 5.804999
v 2.303000 3.330000 5.697000
v 2.271000 3.224000 5.729000
v 3.023000 3.180001 6.359000
v 3.082000 3.330000 6.217000
v 3.064000 3.224000 6.258999
v 4.000000 3.180001 6.552999
v 4.000000 3.330000 6.400000
v 4.000000 3.224000 6.445000
v 4.977000 3.180001 6.359000
v 4.918000 3.330000 6.217000
v 4.936000 3.224000 6.258999
v 5.805000 3.180001 5.804999
v 5.697000 3.330000 5.697000
v 5.729000 3.224000 5.729000
v 6.359000 3.180001 4.977000
v 6.217000 3.330000 4.918000
v 6.259000 3.224000 4.935999
v 6.553000 3.180000 4.000000
v 6.400000 3.330000 4.000000
v 6.445000 3.224000 4.000000
v 6.359000 3.180000 3.023000
v 6.217000 3.330000 3.082000
v 6.259000 3.224000 3.064000
v 5.805000 3.180000 2.195000
v 5.697000 3.330000 2.303000
v 5.729000 3.224000 2.271000
v 4.977000 3.180000 1.641000
v 4.918000 3.330000 1.783000
v 4.936000 3.224000 1.741000
v 12.918000 4.750000 -6.217000
v 12.821000 5.000000 -5.982000
v 12.890000 4.927000 -6.148000
v 13.517000 5.000000 -5.517001
v 13.697000 4.750000 -5.697001
v 13.644000 4.927000 -5.644001
v 14.217000 4.750000 -4.918001
v 13.982000 5.000000 -4.821001
v 14.148000 4.927000 -4.890000
v 14.145000 5.000000 -4.000000
v 14.400000 4.750000 -4.000000
v 14.325000 4.927000 -4.000000
v 14.217000 4.750000 -3.082000
v 13.982000 5.000000 -3.179000
v 14.148000 4.927000 -3.110000
v 13.697000 4.750000 -2.303000
v 13.517000 5.000000 -2.483001
v 13.644000 4.927000 -2.356000
v 12.918000 4.750000 -1.783000
v 12.821000 5.000000 -2.018000
v 12.890000 4.927000 -1.852000
v 12.000000 4.750000 -1.600000
v 12.000000 5.000000 -1.855000
v 12.000000 4.927000 -1.675000
v 11.179000 5.000000 -2.018000
v 11.082000 4.750000 -1.783000
v 11.110000 4.927000 -1.852000
v 10.303000 4.750000 -2.303000
v 10.483000 5.000000 -2.483001
v 10.356000 4.927000 -2.356000
v 9.783000 4.750000 -3.082000
v 10.018000 5.000000 -3.179000
v 9.852000 4.927000 -3.110000
v 9.600000 4.750000 -4.000000
v 9.855000 5.000000 -4.000000
v 9.675000 4.927000 -4.000000
v 9.783000 4.750000 -4.918001
v 10.018000 5.000000 -4.821001
v 9.852000 4.927000 -4.890000
v 10.483000 5.000000 -5.517001
v 10.303000 4.750000 -5.697001
v 10.356000 4.927000 -5.644001
v 11.082000 4.750000 -6.217000
v 11.179000 5.000000 -5.982000
v 11.110000 4.927000 -6.148000
v 12.000000 4.750000 -6.400001
v 12.000000 5.000000 -6.145000
v 12.000000 4.927000 -6.325000
v 13.063000 5.000000 -2.986001
v 13.164000 5.000000 -4.000000
v 13.063000 5.000000 -5.014000
v 12.000000 5.000000 -2.903001
v 12.000000 5.000000 -4.000000
v 12.000000 5.000000 -5.097001
v 10.937000 5.000000 -2.986001
v 10.836000 5.000000 -4.000000
v 10.937000 5.000000 -5.014000
v 12.000000 3.329999 -6.400001
v 12.000000 3.180000 -6.553000
v 12.000000 3.224000 -6.445001
v 11.023000 3.180000 -6.359001
v 11.082000 3.329999 -6.217000
v 11.064000 3.224000 -6.259000
v 10.195000 3.180000 -5.805000
v 10.303000 3.329999 -5.697001
v 10.271000 3.224000 -5.729001
v 9.641000 3.180000 -4.977001
v 9.783000 3.329999 -4.918001
v 9.741000 3.224000 -4.936000
v 9.447000 3.180000 -4.000000
v 9.600000 3.330000 -4.000000
v 9.555000 3.224000 -4.000000
v 9.641000 3.180000 -3.023000
v 9.783000 3.330000 -3.082000
v 9.741000 3.224000 -3.064000
v 10.195000 3.180000 -2.195000
v 10.303000 3.330000 -2.303000
v 10.271000 3.224000 -2.271000
v 11.023000 3.180000 -1.641000
v 11.082000 3.330000 -1.783000
v 11.064000 3.224000 -1.741000
v 12.000000 3.180000 -1.447000
v 12.000000 3.330000 -1.600000
v 12.000000 3.224000 -1.555000
v 12.977000 3.180000 -1.641000
v 12.918000 3.330000 -1.783000
v 12.936000 3.224000 -1.741000
v 13.805000 3.180000 -2.195000
v 13.697000 3.330000 -2.303000
v 13.729000 3.224000 -2.271000
v 14.359000 3.180000 -3.023000
v 14.217000 3.330000 -3.082000
v 14.259000 3.224000 -3.064000
v 14.553000 3.180000 -4.000000
v 14.400000 3.330000 -4.000000
v 14.445000 3.224000 -4.000000
v 14.359000 3.180000 -4.977001
v 14.217000 3.329999 -4.918001
v 14.259000 3.224000 -4.936000
v 13.805000 3.180000 -5.805000
v 13.697000 3.329999 -5.697001
v 13.729000 3.224000 -5.729001
v 12.977000 3.180000 -6.359001
v 12.918000 3.329999 -6.217000
v 12.936000 3.224000 -6.259000
v 12.918000 4.750000 1.783000
v 12.821000 5.000000 2.017999
v 12.890000 4.927000 1.852000
v 13.517000 5.000000 2.483000
v 13.697000 4.750000 2.302999
v 13.644000 4.927000 2.355999
v 14.217000 4.750000 3.082000
v 13.982000 5.000000 3.178999
v 14.148000 4.927000 3.109999
v 14.145000 5.000000 4.000000
v 14.400000 4.750000 4.000000
v 14.325000 4.927001 4.000000
v 14.217000 4.750000 4.918000
v 13.982000 5.000000 4.821000
v 14.148000 4.927001 4.889999
v 13.697000 4.750000 5.697000
v 13.517000 5.000000 5.517000
v 13.644000 4.927001 5.644000
v 12.918000 4.750000 6.217000
v 12.821000 5.000000 5.981999
v 12.890000 4.927001 6.147999
v 12.000000 4.750000 6.400000
v 12.000000 5.000000 6.145000
v 12.000000 4.927001 6.324999
v 11.179000 5.000000 5.981999
v 11.082000 4.750000 6.217000
v 11.110000 4.927001 6.147999
v 10.303000 4.750000 5.697000
v 10.483000 5.000000 5.517000
v 10.356000 4.927001 5.644000
v 9.783000 4.750000 4.918000
v 10.018000 5.000000 4.821000
v 9.852000 4.927001 4.889999
v 9.600000 4.750000 4.000000
v 9.855000 5.000000 4.000000
v 9.675000 4.927001 4.000000
v 9.783000 4.750000 3.082000
v 10.018000 5.000000 3.178999
v 9.852000 4.927000 3.109999
v 10.483000 5.000000 2.483000
v 10.303000 4.750000 2.302999
v 10.356000 4.927000 2.355999
v 11.082000 4.750000 1.783000
v 11.179000 5.000000 2.017999
v 11.110000 4.927000 1.852000
v 12.000000 4.750000 1.600000
v 12.000000 5.000000 1.855000
v 12.000000 4.927000 1.675000
v 13.063000 5.000000 5.013999
v 13.164000 5.000000 4.000000
v 13.063000 5.000000 2.986000
v 12.000000 5.000000 5.097000
v 12.000000 5.000000 4.000000
v 12.000000 5.000000 2.903000
v 10.937000 5.000000 5.013999
v 10.836000 5.000000 4.000000
v 10.937000 5.000000 2.986000
v 12.000000 3.330000 1.600000
v 12.000000 3.180000 1.447000
v 12.000000 3.224000 1.555000
v 11.023000 3.180000 1.641000
v 11.082000 3.330000 1.783000
v 11.064000 3.224000 1.741000
v 10.195000 3.180000 2.195000
v 10.303000 3.330000 2.303000
v 10.271000 3.224000 2.271000
v 9.641000 3.180000 3.023000
v 9.783000 3.330000 3.082000
v 9.741000 3.224000 3.064000
v 9.447000 3.180000 4.000000
v 9.600000 3.330000 4.000000
v 9.555000 3.224000 4.000000
v 9.641000 3.180001 4.977000
v 9.783000 3.330000 4.918000
v 9.741000 3.224000 4.935999
v 10.195000 3.180001 5.804999
v 10.303000 3.330000 5.697000
v 10.271000 3.224000 5.729000
v 11.023000 3.180001 6.359000
v 11.082000 3.330000 6.217000
v 11.064000 3.224000 6.258999
v 12.000000 3.180001 6.552999
v 12.000000 3.330000 6.400000
v 12.000000 3.224000 6.445000
v 12.977000 3.180001 6.359000
v 12.918000 3.330000 6.217000
v 12.936000 3.224000 6.258999
v 13.805000 3.180001 5.804999
v 13.697000 3.330000 5.697000
v 13.729000 3.224000 5.729000
v 14.359000 3.180001 4.977000
v 14.217000 3.330000 4.918000
v 14.259000 3.224000 4.935999
v 14.553000 3.180000 4.000000
v 14.400000 3.330000 4.000000
v 14.445000 3.224000 4.000000
v 14.359000 3.180000 3.023000
v 14.217000 3.330000 3.082000
v 14.259000 3.224000 3.064000
v 13.805000 3.180000 2.195000
v 13.697000 3.330000 2.303000
v 13.729000 3.224000 2.271000
v 12.977000 3.180000 1.641000
v 12.918000 3.330000 1.783000
v 12.936000 3.224000 1.741000
v 0.000000 2.100000 -3.250000
v -1.244000 2.100000 -3.003000
v -2.298000 2.100000 -2.298000
v -3.003000 2.100000 -1.244000
v -3.250000 2.100000 -0.000000
v -3.003000 2.100000 1.244000
v -2.298000 2.100000 2.298000
v -1.244000 2.100000 3.003000
v 0.000000 2.100000 3.250000
v 1.244000 2.100000 3.003000
v 2.298000 2.100000 2.298000
v 3.003000 2.100000 1.244000
v 3.250000 2.100000 -0.000000
v 3.003000 2.100000 -1.244000
v 2.298000 2.100000 -2.298000
v 1.244000 2.100000 -3.003000
v 0.000000 2.100000 -2.400000
v -0.918000 2.100000 -2.217000
v -1.697000 2.100000 -1.697000
v -2.217000 2.100000 -0.918000
v -2.400000 2.100000 -0.000000
v -2.217000 2.100000 0.918000
v -1.697000 2.100000 1.697000
v -0.918000 2.100000 2.217000
v 0.000000 2.100000 2.400000
v 0.918000 2.100000 2.217000
v 1.697000 2.100000 1.697000
v 2.217000 2.100000 0.918000
v 2.400000 2.100000 -0.000000
v 2.217000 2.100000 -0.918000
v 1.697000 2.100000 -1.697000
v 0.918000 2.100000 -2.217000
v 0.000000 0.170000 -3.250000
v 0.000000 0.020000 -3.097000
v 0.000000 0.064000 -3.205000
v -1.185000 0.020000 -2.861000
v -1.244000 0.170000 -3.003000
v -1.227000 0.064000 -2.961000
v -2.190000 0.020000 -2.190000
v -2.298000 0.170000 -2.298000
v -2.266000 0.064000 -2.266000
v -2.861000 0.020000 -1.185000
v -3.003000 0.170000 -1.244000
v -2.961000 0.064000 -1.227000
v -3.097000 0.020000 -0.000000
v -3.250000 0.170000 -0.000000
v -3.205000 0.064000 -0.000000
v -2.861000 0.020000 1.185000
v -3.003000 0.170000 1.244000
v -2.961000 0.064000 1.227000
v -2.190000 0.020000 2.190000
v -2.298000 0.170000 2.298000
v -2.266000 0.064000 2.266000
v -1.185000 0.020000 2.861000
v -1.244000 0.170000 3.003000
v -1.227000 0.064000 2.961000
v 0.000000 0.020000 3.097000
v 0.000000 0.170000 3.250000
v 0.000000 0.064000 3.205000
v 1.185000 0.020000 2.861000
v 1.244000 0.170000 3.003000
v 1.227000 0.064000 2.961000
v 2.190000 0.020000 2.190000
v 2.298000 0.170000 2.298000
v 2.266000 0.064000 2.266000
v 2.861000 0.020000 1.185000
v 3.003000 0.170000 1.244000
v 2.961000 0.064000 1.227000
v 3.097000 0.020000 -0.000000
v 3.250000 0.170000 -0.000000
v 3.205000 0.064000 -0.000000
v 2.861000 0.020000 -1.185000
v 3.003000 0.170000 -1.244000
v 2.961000 0.064000 -1.227000
v 2.190000 0.020000 -2.190000
v 2.298000 0.170000 -2.298000
v 2.266000 0.064000 -2.266000
v 1.185000 0.020000 -2.861000
v 1.244000 0.170000 -3.003000
v 1.227000 0.064000 -2.961000
v 0.000000 0.020000 -2.553000
v 0.000000 0.170000 -2.400000
v 0.000000 0.064000 -2.445000
v -0.918000 0.170000 -2.217000
v -0.977000 0.020000 -2.359000
v -0.936000 0.064000 -2.259000
v -1.697000 0.170000 -1.697000
v -1.805000 0.020000 -1.805000
v -1.729000 0.064000 -1.729000
v -2.217000 0.170000 -0.918000
v -2.359000 0.020000 -0.977000
v -2.259000 0.064000 -0.936000
v -2.400000 0.170000 -0.000000
v -2.553000 0.020000 -0.000000
v -2.445000 0.064000 -0.000000
v -2.217000 0.170000 0.918000
v -2.359000 0.020000 0.977000
v -2.259000 0.064000 0.936000
v -1.697000 0.170000 1.697000
v -1.805000 0.020000 1.805000
v -1.729000 0.064000 1.729000
v -0.918000 0.170000 2.217000
v -0.977000 0.020000 2.359000
v -0.936000 0.064000 2.259000
v 0.000000 0.170000 2.400000
v 0.000000 0.020000 2.553000
v 0.000000 0.064000 2.445000
v 0.918000 0.170000 2.217000
v 0.977000 0.020000 2.359000
v 0.936000 0.064000 2.259000
v 1.697000 0.170000 1.697000
v 1.805000 0.020000 1.805000
v 1.729000 0.064000 1.729000
v 2.217000 0.170000 0.918000
v 2.359000 0.020000 0.977000
v 2.259000 0.064000 0.936000
v 2.400000 0.170000 -0.000000
v 2.553000 0.020000 -0.000000
v 2.445000 0.064000 -0.000000
v 2.217000 0.170000 -0.918000
v 2.359000 0.020000 -0.977000
v 2.259000 0.064000 -0.936000
v 1.697000 0.170000 -1.697000
v 1.805000 0.020000 -1.805000
v 1.729000 0.064000 -1.729000
v 0.918000 0.170000 -2.217000
v 0.977000 0.020000 -2.359000
v 0.936000 0.064000 -2.259000
vn -0.0000 1.0000 -0.0000
vn 1.0000 -0.0000 -0.0000
vn -0.0000 -0.0000 1.0000
vn -0.0003 0.9808 0.1952
vn -0.0000 0.9807 0.1955
vn -0.0000 0.1952 0.9808
vn -0.0000 0.5561 0.8311
vn -0.0000 0.8311 0.5561
vn -0.0000 0.1955 0.9807
vn -0.0019 0.9817 0.1904
vn -0.0000 0.9806 0.1961
vn -0.0000 0.5552 0.8317
vn -0.0000 0.8317 0.5552
vn 0.0009 0.9801 0.1983
vn -0.0015 0.9811 0.1936
vn -0.0000 0.9804 0.1970
vn -0.0000 -0.8317 0.5552
vn -0.0000 -0.1955 0.9807
vn -0.0000 -0.5552 0.8317
vn -0.0000 0.1665 0.9860
vn -0.0000 0.4236 0.9058
vn -0.9808 -0.0000 0.1951
vn -0.8336 -0.0000 0.5523
vn -0.5523 -0.0000 0.8336
vn -0.1951 -0.0000 0.9808
vn 0.0010 -0.8304 0.5572
vn -0.0000 -0.8294 0.5587
vn 0.6232 0.7821 -0.0000
vn -0.0000 -0.6739 0.7388
vn -0.0018 -0.6734 0.7393
vn -0.0020 -0.8294 0.5587
vn -0.0005 -0.8267 0.5626
vn -0.0000 -1.0000 -0.0000
vn -0.0006 -1.0000 -0.0006
vn -0.0000 -1.0000 -0.0006
vn 0.0012 -1.0000 -0.0000
vn -0.0000 0.1948 0.9808
vn -0.0000 -0.1948 0.9808
vn -0.0000 0.9808 0.1948
vn -0.0000 -0.5561 0.8311
vn -0.0061 -0.9807 0.1955
vn -0.0000 -0.9846 0.1748
vn -0.0003 -0.9808 0.1952
vn -0.0000 -0.9807 0.1955
vn -0.0000 -0.1952 0.9808
vn -0.0000 -0.8311 0.5561
vn -0.0019 -0.9817 0.1904
vn -0.0000 -0.9806 0.1961
vn 0.0009 -0.9801 0.1983
vn -0.0015 -0.9811 0.1936
vn -0.0000 -0.9804 0.1970
vn -0.0000 -0.1665 0.9860
vn -0.0000 -0.4236 0.9058
vn -1.0000 -0.0000 -0.0000
vn 0.0003 0.9808 0.1952
vn 0.0019 0.9817 0.1904
vn -0.0009 0.9801 0.1983
vn 0.0015 0.9811 0.1936
vn 0.9808 -0.0000 0.1951
vn 0.8336 -0.0000 0.5523
vn 0.5523 -0.0000 0.8336
vn 0.1951 -0.0000 0.9808
vn -0.0010 -0.8304 0.5572
vn -0.0000 -0.0000 -1.0000
vn -0.6232 0.7821 -0.0000
vn 0.0018 -0.6734 0.7393
vn 0.0020 -0.8294 0.5587
vn 0.0005 -0.8267 0.5626
vn 0.0006 -1.0000 -0.0006
vn -0.0012 -1.0000 -0.0000
vn 0.0061 -0.9807 0.1955
vn 0.0003 -0.9808 0.1952
vn 0.0019 -0.9817 0.1904
vn -0.0009 -0.9801 0.1983
vn 0.0015 -0.9811 0.1936
vn -0.0003 0.9808 -0.1952
vn -0.0000 0.9807 -0.1955
vn -0.0000 0.1952 -0.9808
vn -0.0000 0.5561 -0.8311
vn -0.0000 0.8311 -0.5561
vn -0.0000 0.1955 -0.9807
vn -0.0019 0.9817 -0.1904
vn -0.0000 0.9806 -0.1961
vn -0.0000 0.5552 -0.8317
vn -0.0000 0.8317 -0.5552
vn 0.0009 0.9801 -0.1983
vn -0.0015 0.9811 -0.1936
vn -0.0000 0.9804 -0.1970
vn -0.0000 -0.8317 -0.5552
vn -0.0000 -0.1955 -0.9807
vn -0.0000 -0.5552 -0.8317
vn -0.0000 0.1665 -0.9860
vn -0.0000 0.4236 -0.9058
vn -0.9808 -0.0000 -0.1951
vn -0.8336 -0.0000 -0.5523
vn -0.5523 -0.0000 -0.8336
vn -0.1951 -0.0000 -0.9808
vn 0.0010 -0.8304 -0.5572
vn -0.0000 -0.8294 -0.5587
vn -0.0000 -0.6739 -0.7388
vn -0.0018 -0.6734 -0.7393
vn -0.0020 -0.8294 -0.5587
vn -0.0005 -0.8267 -0.5626
vn -0.0006 -1.0000 0.0006
vn -0.0000 -1.0000 0.0006
vn -0.0000 0.1948 -0.9808
vn -0.0000 -0.1948 -0.9808
vn -0.0000 0.9808 -0.1948
vn -0.0000 -0.5561 -0.8311
vn -0.0061 -0.9807 -0.1955
vn -0.0000 -0.9846 -0.1748
vn -0.0003 -0.9808 -0.1952
vn -0.0000 -0.9807 -0.1955
vn -0.0000 -0.1952 -0.9808
vn -0.0000 -0.8311 -0.5561
vn -0.0019 -0.9817 -0.1904
vn -0.0000 -0.9806 -0.1961
vn 0.0009 -0.9801 -0.1983
vn -0.0015 -0.9811 -0.1936
vn -0.0000 -0.9804 -0.1970
vn -0.0000 -0.1665 -0.9860
vn -0.0000 -0.4236 -0.9058
vn 0.0003 0.9808 -0.1952
vn 0.0019 0.9817 -0.1904
vn -0.0009 0.9801 -0.1983
vn 0.0015 0.9811 -0.1936
vn 0.9808 -0.0000 -0.1951
vn 0.8336 -0.0000 -0.5523
vn 0.5523 -0.0000 -0.8336
vn 0.1951 -0.0000 -0.9808
vn -0.0010 -0.8304 -0.5572
vn 0.0018 -0.6734 -0.7393
vn 0.0020 -0.8294 -0.5587
vn 0.0005 -0.8267 -0.5626
vn 0.0006 -1.0000 0.0006
vn 0.0061 -0.9807 -0.1955
vn 0.0003 -0.9808 -0.1952
vn 0.0019 -0.9817 -0.1904
vn -0.0009 -0.9801 -0.1983
vn 0.0015 -0.9811 -0.1936
vn -0.8317 -0.0000 -0.5552
vn 0.7681 0.3835 -0.5127
vn 0.7687 0.3809 -0.5138
vn 0.3183 0.9238 -0.2127
vn 0.3180 0.9240 -0.2125
vn 0.9056 0.3837 0.1805
vn 0.9065 0.3819 0.1803
vn 0.3748 0.9241 0.0745
vn 0.3753 0.9239 0.0745
vn -0.5133 0.3810 0.7690
vn -0.5132 0.3836 0.7678
vn -0.2125 0.9240 0.3180
vn -0.2127 0.9238 0.3183
vn 0.7690 0.3810 0.5133
vn 0.7678 0.3836 0.5132
vn 0.3180 0.9240 0.2125
vn 0.3183 0.9238 0.2127
vn 0.5127 0.3835 0.7681
vn 0.5138 0.3809 0.7687
vn 0.2127 0.9238 0.3183
vn 0.2125 0.9240 0.3180
vn -0.7681 0.3835 0.5127
vn -0.7687 0.3809 0.5138
vn -0.3183 0.9238 0.2127
vn -0.3180 0.9240 0.2125
vn -0.9064 0.3819 0.1807
vn -0.9057 0.3838 0.1801
vn -0.3753 0.9239 0.0746
vn -0.3748 0.9241 0.0744
vn -0.5127 0.3835 -0.7681
vn -0.5138 0.3809 -0.7687
vn -0.2127 0.9238 -0.3183
vn -0.2125 0.9240 -0.3180
vn 0.1807 0.3819 0.9064
vn 0.1801 0.3838 0.9057
vn 0.0746 0.9239 0.3753
vn 0.0744 0.9241 0.3748
vn -0.1805 0.3837 0.9056
vn -0.1803 0.3819 0.9065
vn -0.0745 0.9241 0.3748
vn -0.0745 0.9239 0.3753
vn -0.9056 0.3837 -0.1805
vn -0.9065 0.3819 -0.1803
vn -0.3748 0.9241 -0.0745
vn -0.3753 0.9239 -0.0745
vn -0.7690 0.3810 -0.5133
vn -0.7678 0.3836 -0.5132
vn -0.3180 0.9240 -0.2125
vn -0.3183 0.9238 -0.2127
vn -0.1807 0.3819 -0.9064
vn -0.1801 0.3838 -0.9057
vn -0.0746 0.9239 -0.3753
vn -0.0744 0.9241 -0.3748
vn 0.9064 0.3819 -0.1807
vn 0.9057 0.3838 -0.1801
vn 0.3753 0.9239 -0.0746
vn 0.3748 0.9241 -0.0744
vn 0.1805 0.3837 -0.9056
vn 0.1803 0.3819 -0.9065
vn 0.0745 0.9241 -0.3748
vn 0.0745 0.9239 -0.3753
vn 0.5133 0.3810 -0.7690
vn 0.5132 0.3836 -0.7678
vn 0.2125 0.9240 -0.3180
vn 0.2127 0.9238 -0.3183
vn -0.1801 0.3886 -0.9036
vn -0.1799 0.3844 -0.9055
vn -0.0747 0.9237 -0.3758
vn -0.0747 0.9235 -0.3762
vn -0.5121 0.3862 -0.7672
vn -0.5116 0.3902 -0.7655
vn -0.2140 0.9228 -0.3202
vn -0.2133 0.9235 -0.3189
vn -0.7658 0.3902 -0.5112
vn -0.7669 0.3862 -0.5125
vn -0.3189 0.9235 -0.2132
vn -0.3201 0.9229 -0.2142
vn -0.9054 0.3844 -0.1805
vn -0.9037 0.3886 -0.1796
vn -0.3762 0.9235 -0.0748
vn -0.3758 0.9237 -0.0746
vn -0.9036 0.3886 0.1801
vn -0.9055 0.3844 0.1799
vn -0.3758 0.9237 0.0747
vn -0.3762 0.9235 0.0747
vn -0.7672 0.3862 0.5121
vn -0.7655 0.3902 0.5116
vn -0.3202 0.9228 0.2140
vn -0.3189 0.9235 0.2133
vn -0.5112 0.3902 0.7658
vn -0.5125 0.3862 0.7669
vn -0.2132 0.9235 0.3189
vn -0.2142 0.9229 0.3201
vn -0.1805 0.3844 0.9054
vn -0.1796 0.3886 0.9037
vn -0.0748 0.9235 0.3762
vn -0.0746 0.9237 0.3758
vn 0.1801 0.3886 0.9036
vn 0.1799 0.3844 0.9055
vn 0.0747 0.9237 0.3758
vn 0.0747 0.9235 0.3762
vn 0.5121 0.3862 0.7672
vn 0.5116 0.3902 0.7655
vn 0.2140 0.9228 0.3202
vn 0.2133 0.9235 0.3189
vn 0.7658 0.3902 0.5112
vn 0.7669 0.3862 0.5125
vn 0.3189 0.9235 0.2132
vn 0.3201 0.9229 0.2142
vn 0.9054 0.3843 0.1805
vn 0.9037 0.3886 0.1796
vn 0.3762 0.9235 0.0748
vn 0.3758 0.9237 0.0746
vn 0.9036 0.3886 -0.1801
vn 0.9055 0.3844 -0.1799
vn 0.3758 0.9237 -0.0747
vn 0.3762 0.9235 -0.0747
vn 0.7672 0.3862 -0.5121
vn 0.7655 0.3902 -0.5116
vn 0.3202 0.9228 -0.2140
vn 0.3188 0.9235 -0.2133
vn 0.5112 0.3902 -0.7658
vn 0.5125 0.3863 -0.7669
vn 0.2132 0.9235 -0.3189
vn 0.2142 0.9229 -0.3201
vn 0.1805 0.3844 -0.9054
vn 0.1796 0.3886 -0.9037
vn 0.0748 0.9235 -0.3762
vn 0.0746 0.9237 -0.3758
vn 0.5552 -0.0000 0.8317
vn -0.5552 -0.0000 -0.8317
vn 0.1955 -0.0000 0.9807
vn 0.1955 -0.0000 -0.9807
vn -0.1955 -0.0000 -0.9807
vn -0.1955 -0.0000 0.9807
vn 0.5552 -0.0000 -0.8317
vn -0.5552 -0.0000 0.8317
vn 0.8317 -0.0000 -0.5552
vn -0.8317 -0.0000 0.5552
vn 0.9807 -0.0000 -0.1955
vn -0.9807 -0.0000 0.1955
vn 0.9807 -0.0000 0.1955
vn -0.9807 -0.0000 -0.1955
vn 0.8317 -0.0000 0.5552
vn -0.9054 0.3843 -0.1805
vn -0.3188 0.9235 0.2133
vn -0.5125 0.3863 0.7669
vn 0.9054 0.3844 0.1805
vn 0.3189 0.9235 -0.2133
vn 0.5125 0.3862 -0.7669
vn -0.9809 -0.0000 -0.1948
vn -0.1948 -0.0000 0.9809
vn -0.8312 -0.0000 0.5560
vn -0.8312 -0.0000 -0.5560
vn 0.9809 -0.0000 0.1948
vn 0.1948 -0.0000 -0.9809
vn 0.8312 -0.0000 0.5560
vn -0.9809 -0.0000 0.1948
vn -0.5560 -0.0000 -0.8312
vn 0.5560 -0.0000 -0.8312
vn 0.9809 -0.0000 -0.1948
vn 0.5560 -0.0000 0.8312
vn -0.5560 -0.0000 0.8312
vn 0.1948 -0.0000 0.9809
vn 0.8312 -0.0000 -0.5560
vn -0.1948 -0.0000 -0.9809
vn -0.1796 -0.3871 -0.9044
vn -0.1801 -0.3844 -0.9054
vn -0.0746 -0.9239 -0.3752
vn -0.0749 -0.9235 -0.3762
vn -0.5128 -0.3863 -0.7667
vn -0.5129 -0.3861 -0.7667
vn -0.2141 -0.9229 -0.3201
vn -0.2120 -0.9242 -0.3176
vn -0.7668 -0.3861 -0.5129
vn -0.7667 -0.3863 -0.5128
vn -0.3175 -0.9242 -0.2123
vn -0.3204 -0.9228 -0.2139
vn -0.9055 -0.3844 -0.1798
vn -0.9043 -0.3872 -0.1798
vn -0.3762 -0.9235 -0.0748
vn -0.3752 -0.9239 -0.0747
vn -0.9044 -0.3871 0.1796
vn -0.9054 -0.3844 0.1801
vn -0.3752 -0.9239 0.0746
vn -0.3762 -0.9235 0.0749
vn -0.7667 -0.3863 0.5128
vn -0.7667 -0.3861 0.5129
vn -0.3201 -0.9229 0.2141
vn -0.3176 -0.9242 0.2120
vn -0.5129 -0.3861 0.7668
vn -0.5128 -0.3863 0.7667
vn -0.2124 -0.9242 0.3175
vn -0.2139 -0.9228 0.3204
vn -0.1798 -0.3844 0.9055
vn -0.1798 -0.3872 0.9043
vn -0.0748 -0.9235 0.3762
vn -0.0747 -0.9239 0.3752
vn 0.1796 -0.3871 0.9044
vn 0.1801 -0.3844 0.9054
vn 0.0746 -0.9239 0.3752
vn 0.0749 -0.9235 0.3762
vn 0.5128 -0.3863 0.7667
vn 0.5129 -0.3861 0.7667
vn 0.2141 -0.9229 0.3201
vn 0.2120 -0.9242 0.3176
vn 0.7668 -0.3861 0.5129
vn 0.7667 -0.3863 0.5128
vn 0.3175 -0.9242 0.2124
vn 0.3204 -0.9228 0.2139
vn 0.9055 -0.3844 0.1798
vn 0.9043 -0.3872 0.1798
vn 0.3762 -0.9235 0.0748
vn 0.3752 -0.9239 0.0747
vn 0.9044 -0.3871 -0.1796
vn 0.9054 -0.3844 -0.1801
vn 0.3752 -0.9239 -0.0746
vn 0.3762 -0.9235 -0.0749
vn 0.7667 -0.3863 -0.5128
vn 0.7667 -0.3861 -0.5129
vn 0.3201 -0.9229 -0.2141
vn 0.3176 -0.9242 -0.2120
vn 0.5129 -0.3861 -0.7668
vn 0.5128 -0.3863 -0.7667
vn 0.2124 -0.9242 -0.3175
vn 0.2139 -0.9228 -0.3204
vn 0.1798 -0.3844 -0.9055
vn 0.1798 -0.3872 -0.9043
vn 0.0748 -0.9235 -0.3762
vn 0.0747 -0.9239 -0.3752
vn 0.1805 -0.3844 0.9054
vn 0.1796 -0.3886 0.9037
vn 0.0748 -0.9235 0.3762
vn 0.0746 -0.9237 0.3758
vn 0.5112 -0.3902 0.7658
vn 0.5125 -0.3862 0.7669
vn 0.2132 -0.9235 0.3189
vn 0.2142 -0.9229 0.3201
vn 0.7672 -0.3862 0.5121
vn 0.7655 -0.3902 0.5116
vn 0.3202 -0.9228 0.2140
vn 0.3189 -0.9235 0.2133
vn 0.9036 -0.3886 0.1801
vn 0.9055 -0.3844 0.1799
vn 0.3758 -0.9237 0.0747
vn 0.3762 -0.9235 0.0747
vn 0.9054 -0.3844 -0.1805
vn 0.9037 -0.3886 -0.1796
vn 0.3762 -0.9235 -0.0748
vn 0.3758 -0.9237 -0.0746
vn 0.7658 -0.3902 -0.5112
vn 0.7669 -0.3862 -0.5125
vn 0.3189 -0.9235 -0.2132
vn 0.3201 -0.9229 -0.2142
vn 0.5121 -0.3862 -0.7672
vn 0.5116 -0.3902 -0.7655
vn 0.2140 -0.9228 -0.3202
vn 0.2133 -0.9235 -0.3189
vn 0.1801 -0.3886 -0.9036
vn 0.1799 -0.3844 -0.9055
vn 0.0747 -0.9237 -0.3758
vn 0.0747 -0.9235 -0.3762
vn -0.1805 -0.3844 -0.9054
vn -0.1796 -0.3886 -0.9037
vn -0.0748 -0.9235 -0.3762
vn -0.0746 -0.9237 -0.3758
vn -0.5112 -0.3902 -0.7658
vn -0.5125 -0.3862 -0.7669
vn -0.2132 -0.9235 -0.3189
vn -0.2142 -0.9229 -0.3201
vn -0.7672 -0.3862 -0.5121
vn -0.7655 -0.3902 -0.5116
vn -0.3202 -0.9228 -0.2140
vn -0.3189 -0.9235 -0.2133
vn -0.9036 -0.3886 -0.1801
vn -0.9055 -0.3844 -0.1799
vn -0.3758 -0.9237 -0.0747
vn -0.3762 -0.9235 -0.0747
vn -0.9054 -0.3844 0.1805
vn -0.9037 -0.3886 0.1796
vn -0.3762 -0.9235 0.0748
vn -0.3758 -0.9237 0.0746
vn -0.7658 -0.3902 0.5112
vn -0.7669 -0.3862 0.5125
vn -0.3189 -0.9235 0.2132
vn -0.3201 -0.9229 0.2142
vn -0.5121 -0.3862 0.7672
vn -0.5116 -0.3902 0.7655
vn -0.2140 -0.9228 0.3202
vn -0.2133 -0.9235 0.3189
vn -0.1801 -0.3886 0.9036
vn -0.1799 -0.3844 0.9055
vn -0.0747 -0.9237 0.3758
vn -0.0747 -0.9235 0.3762
s 0
usemtl MB_5.006
f 453//1 450//1 454//1
f 452//1 450//1 453//1
f 451//1 450//1 452//1
f 451//1 464//1 450//1
f 449//2 448//2 215//2
f 473//3 474//3 36//3
f 36//3 474//3 487//3
f 1//2 288//2 448//2
f 288//2 215//2 448//2
f 492//4 493//4 35//4
f 493//5 242//5 35//5
f 465//6 470//6 466//6
f 470//6 471//6 466//6
f 469//2 467//2 15//2
f 467//2 472//2 15//2
f 19//7 476//7 465//7
f 476//7 470//7 465//7
f 17//2 14//2 477//2
f 477//2 14//2 478//2
f 481//2 475//2 479//2
f 487//3 474//3 485//3
f 485//3 474//3 480//3
f 26//8 482//8 19//8
f 482//8 476//8 19//8
f 22//2 17//2 483//2
f 483//2 17//2 477//2
f 23//9 29//9 18//9
f 29//9 83//9 18//9
f 35//10 489//10 490//10
f 484//11 482//11 25//11
f 482//11 26//11 25//11
f 27//2 22//2 486//2
f 486//2 22//2 483//2
f 28//12 33//12 23//12
f 33//12 29//12 23//12
f 488//2 31//2 486//2
f 486//2 31//2 27//2
f 32//13 35//13 28//13
f 35//13 33//13 28//13
f 491//14 35//14 490//14
f 472//2 467//2 481//2
f 467//2 475//2 481//2
f 35//15 491//15 492//15
f 35//16 32//16 489//16
f 32//16 34//16 489//16
f 35//5 242//5 500//5
f 242//5 501//5 500//5
f 93//17 91//17 497//17
f 91//17 495//17 497//17
f 88//18 83//18 494//18
f 83//18 496//18 494//18
f 29//12 33//12 498//12
f 33//12 499//12 498//12
f 91//19 88//19 495//19
f 88//19 494//19 495//19
f 83//9 29//9 496//9
f 29//9 498//9 496//9
f 33//13 35//13 499//13
f 35//13 500//13 499//13
f 502//20 13//20 447//20
f 447//20 13//20 3//20
f 468//21 4//21 13//21
f 13//21 4//21 3//21
f 454//1 450//1 20//1
f 16//1 21//1 450//1
f 450//1 21//1 20//1
f 15//2 12//2 469//2
f 12//2 2//2 469//2
f 241//22 205//22 39//22
f 39//22 205//22 5//22
f 39//23 5//23 38//23
f 38//23 5//23 6//23
f 38//24 6//24 37//24
f 37//24 6//24 7//24
f 37//25 7//25 36//25
f 36//25 7//25 473//25
f 42//2 505//2 40//2
f 505//2 503//2 40//2
f 462//2 460//2 46//2
f 460//2 45//2 46//2
f 462//2 46//2 463//2
f 46//2 254//2 463//2
f 459//26 24//26 553//26
f 24//27 513//27 553//27
f 461//2 505//2 44//2
f 505//2 42//2 44//2
f 461//2 44//2 460//2
f 44//2 45//2 460//2
f 40//2 503//2 41//2
f 503//2 504//2 41//2
f 510//3 506//3 508//3
f 517//3 518//3 525//3
f 518//3 520//3 525//3
f 512//28 507//28 516//28
f 516//28 507//28 509//28
f 394//1 167//1 542//1
f 167//1 521//1 542//1
f 523//29 522//29 514//29
f 522//30 513//30 514//30
f 535//1 534//1 527//1
f 527//1 534//1 531//1
f 519//1 540//1 527//1
f 536//2 528//2 282//2
f 528//2 526//2 282//2
f 165//1 519//1 531//1
f 531//1 519//1 527//1
f 532//2 530//2 280//2
f 280//2 530//2 283//2
f 551//1 393//1 533//1
f 533//1 393//1 541//1
f 540//1 519//1 524//1
f 524//1 519//1 515//1
f 61//3 166//3 59//3
f 59//3 166//3 552//3
f 513//31 522//31 553//31
f 522//32 549//32 553//32
f 50//2 511//2 57//2
f 537//2 539//2 511//2
f 511//2 539//2 57//2
f 554//33 270//33 66//33
f 270//34 65//34 66//34
f 270//35 455//35 65//35
f 455//36 458//36 65//36
f 58//3 52//3 529//3
f 529//3 52//3 538//3
f 48//1 272//1 60//1
f 60//1 272//1 281//1
f 51//1 47//1 60//1
f 60//1 47//1 48//1
f 165//1 531//1 168//1
f 30//37 9//37 543//37
f 9//37 546//37 543//37
f 8//38 30//38 544//38
f 30//38 543//38 544//38
f 11//39 214//39 548//39
f 214//39 547//39 548//39
f 9//7 10//7 546//7
f 10//7 545//7 546//7
f 10//8 11//8 545//8
f 11//8 548//8 545//8
f 24//40 8//40 513//40
f 8//40 544//40 513//40
f 41//2 504//2 43//2
f 504//2 63//2 43//2
f 64//2 56//2 55//2
f 69//2 56//2 64//2
f 62//2 56//2 69//2
f 68//2 54//2 67//2
f 62//2 67//2 54//2
f 53//2 56//2 54//2
f 56//2 62//2 54//2
f 271//2 49//2 275//2
f 275//2 49//2 550//2
f 231//41 93//41 456//41
f 93//42 497//42 456//42
f 457//2 43//2 63//2
f 286//2 273//2 68//2
f 273//2 54//2 68//2
f 49//2 511//2 550//2
f 550//2 511//2 50//2
f 557//33 558//33 587//33
f 556//33 557//33 587//33
f 555//33 556//33 587//33
f 555//33 587//33 588//33
f 564//3 94//3 565//3
f 565//3 94//3 578//3
f 583//43 93//43 584//43
f 93//44 231//44 584//44
f 75//45 466//45 568//45
f 466//45 471//45 568//45
f 561//2 563//2 559//2
f 563//2 562//2 559//2
f 78//40 75//40 567//40
f 75//40 568//40 567//40
f 77//2 574//2 14//2
f 14//2 574//2 478//2
f 571//2 569//2 566//2
f 578//3 576//3 565//3
f 565//3 576//3 570//3
f 85//46 78//46 572//46
f 78//46 567//46 572//46
f 81//2 573//2 77//2
f 77//2 573//2 574//2
f 82//18 18//18 88//18
f 18//18 83//18 88//18
f 93//47 581//47 580//47
f 575//48 84//48 572//48
f 84//48 85//48 572//48
f 86//2 577//2 81//2
f 81//2 577//2 573//2
f 87//19 82//19 91//19
f 82//19 88//19 91//19
f 579//2 577//2 89//2
f 89//2 577//2 86//2
f 90//17 87//17 93//17
f 87//17 91//17 93//17
f 582//49 581//49 93//49
f 562//2 571//2 559//2
f 571//2 566//2 559//2
f 93//50 583//50 582//50
f 93//51 580//51 90//51
f 580//51 92//51 90//51
f 502//52 447//52 74//52
f 74//52 447//52 585//52
f 560//53 74//53 586//53
f 586//53 74//53 585//53
f 558//33 79//33 587//33
f 76//33 587//33 80//33
f 80//33 587//33 79//33
f 563//2 561//2 12//2
f 561//2 2//2 12//2
f 315//22 97//22 290//22
f 290//22 97//22 71//22
f 97//23 96//23 71//23
f 71//23 96//23 72//23
f 96//24 95//24 72//24
f 72//24 95//24 73//24
f 95//25 94//25 73//25
f 73//25 94//25 564//25
f 98//2 294//2 70//2
f 1//2 70//2 288//2
f 70//2 294//2 288//2
f 595//1 596//1 592//1
f 594//1 595//1 592//1
f 593//1 594//1 592//1
f 593//1 592//1 606//1
f 591//54 335//54 590//54
f 615//3 134//3 616//3
f 616//3 134//3 629//3
f 99//54 590//54 414//54
f 590//54 335//54 414//54
f 634//55 133//55 635//55
f 133//5 362//5 635//5
f 607//6 608//6 612//6
f 608//6 613//6 612//6
f 611//54 113//54 609//54
f 113//54 614//54 609//54
f 117//7 607//7 618//7
f 607//7 612//7 618//7
f 115//54 619//54 112//54
f 112//54 619//54 620//54
f 623//54 621//54 617//54
f 629//3 627//3 616//3
f 616//3 627//3 622//3
f 124//8 117//8 624//8
f 117//8 618//8 624//8
f 120//54 625//54 115//54
f 115//54 625//54 619//54
f 121//9 116//9 127//9
f 116//9 185//9 127//9
f 133//56 632//56 631//56
f 626//11 123//11 624//11
f 123//11 124//11 624//11
f 125//54 628//54 120//54
f 120//54 628//54 625//54
f 126//12 121//12 131//12
f 121//12 127//12 131//12
f 630//54 628//54 129//54
f 129//54 628//54 125//54
f 130//13 126//13 133//13
f 126//13 131//13 133//13
f 633//57 632//57 133//57
f 614//54 623//54 609//54
f 623//54 617//54 609//54
f 133//58 634//58 633//58
f 133//16 631//16 130//16
f 631//16 132//16 130//16
f 133//5 642//5 362//5
f 642//5 643//5 362//5
f 195//17 639//17 193//17
f 639//17 637//17 193//17
f 190//18 636//18 185//18
f 636//18 638//18 185//18
f 127//12 640//12 131//12
f 640//12 641//12 131//12
f 193//19 637//19 190//19
f 637//19 636//19 190//19
f 185//9 638//9 127//9
f 638//9 640//9 127//9
f 131//13 641//13 133//13
f 641//13 642//13 133//13
f 644//20 589//20 111//20
f 111//20 589//20 101//20
f 610//21 111//21 102//21
f 102//21 111//21 101//21
f 596//1 118//1 592//1
f 114//1 592//1 119//1
f 119//1 592//1 118//1
f 113//54 611//54 110//54
f 611//54 100//54 110//54
f 361//59 137//59 325//59
f 325//59 137//59 103//59
f 137//60 136//60 103//60
f 103//60 136//60 104//60
f 136//61 135//61 104//61
f 104//61 135//61 105//61
f 135//62 134//62 105//62
f 105//62 134//62 615//62
f 140//54 138//54 647//54
f 138//54 645//54 647//54
f 604//54 144//54 602//54
f 144//54 143//54 602//54
f 604//54 605//54 144//54
f 605//54 374//54 144//54
f 601//63 691//63 122//63
f 691//27 655//27 122//27
f 603//54 142//54 647//54
f 142//54 140//54 647//54
f 603//54 602//54 142//54
f 602//54 143//54 142//54
f 138//54 139//54 645//54
f 139//54 646//54 645//54
f 652//64 648//64 650//64
f 517//3 525//3 659//3
f 525//3 661//3 659//3
f 654//65 658//65 649//65
f 649//65 658//65 651//65
f 394//1 681//1 167//1
f 681//1 662//1 167//1
f 664//29 656//29 663//29
f 656//66 655//66 663//66
f 675//1 667//1 674//1
f 674//1 667//1 671//1
f 660//1 667//1 680//1
f 676//54 404//54 668//54
f 404//54 666//54 668//54
f 165//1 671//1 660//1
f 660//1 671//1 667//1
f 672//54 402//54 670//54
f 670//54 402//54 405//54
f 690//1 673//1 393//1
f 393//1 673//1 541//1
f 680//1 665//1 660//1
f 660//1 665//1 657//1
f 159//3 157//3 166//3
f 166//3 157//3 552//3
f 655//67 691//67 663//67
f 691//68 688//68 663//68
f 148//54 155//54 653//54
f 677//54 653//54 679//54
f 679//54 653//54 155//54
f 692//33 164//33 390//33
f 164//69 163//69 390//69
f 390//35 163//35 597//35
f 163//70 600//70 597//70
f 156//3 669//3 150//3
f 150//3 669//3 678//3
f 146//1 158//1 392//1
f 392//1 158//1 403//1
f 149//1 158//1 145//1
f 145//1 158//1 146//1
f 165//1 168//1 671//1
f 128//37 682//37 107//37
f 682//37 685//37 107//37
f 106//38 683//38 128//38
f 683//38 682//38 128//38
f 109//39 687//39 334//39
f 687//39 686//39 334//39
f 107//7 685//7 108//7
f 685//7 684//7 108//7
f 108//8 684//8 109//8
f 684//8 687//8 109//8
f 122//40 655//40 106//40
f 655//40 683//40 106//40
f 139//54 141//54 646//54
f 141//54 161//54 646//54
f 162//54 153//54 154//54
f 171//54 162//54 154//54
f 160//54 171//54 154//54
f 170//54 169//54 152//54
f 160//54 152//54 169//54
f 151//54 152//54 154//54
f 152//54 160//54 154//54
f 391//54 397//54 147//54
f 147//54 397//54 689//54
f 351//71 598//71 195//71
f 598//42 639//42 195//42
f 599//54 161//54 141//54
f 412//54 170//54 395//54
f 170//54 152//54 395//54
f 147//54 689//54 653//54
f 653//54 689//54 148//54
f 695//33 725//33 696//33
f 694//33 725//33 695//33
f 693//33 725//33 694//33
f 693//33 726//33 725//33
f 702//3 703//3 196//3
f 196//3 703//3 716//3
f 721//72 722//72 195//72
f 722//44 351//44 195//44
f 177//45 706//45 608//45
f 706//45 613//45 608//45
f 699//54 697//54 701//54
f 697//54 700//54 701//54
f 180//40 705//40 177//40
f 705//40 706//40 177//40
f 179//54 112//54 712//54
f 712//54 112//54 620//54
f 709//54 704//54 707//54
f 716//3 703//3 714//3
f 714//3 703//3 708//3
f 187//46 710//46 180//46
f 710//46 705//46 180//46
f 183//54 179//54 711//54
f 711//54 179//54 712//54
f 184//18 190//18 116//18
f 190//18 185//18 116//18
f 195//73 718//73 719//73
f 713//48 710//48 186//48
f 710//48 187//48 186//48
f 188//54 183//54 715//54
f 715//54 183//54 711//54
f 189//19 193//19 184//19
f 193//19 190//19 184//19
f 717//54 191//54 715//54
f 715//54 191//54 188//54
f 192//17 195//17 189//17
f 195//17 193//17 189//17
f 720//74 195//74 719//74
f 700//54 697//54 709//54
f 697//54 704//54 709//54
f 195//75 720//75 721//75
f 195//51 192//51 718//51
f 192//51 194//51 718//51
f 644//52 176//52 589//52
f 589//52 176//52 723//52
f 698//53 724//53 176//53
f 176//53 724//53 723//53
f 696//33 725//33 181//33
f 178//33 182//33 725//33
f 725//33 182//33 181//33
f 701//54 110//54 699//54
f 110//54 100//54 699//54
f 441//59 416//59 199//59
f 199//59 416//59 173//59
f 199//60 173//60 198//60
f 198//60 173//60 174//60
f 198//61 174//61 197//61
f 197//61 174//61 175//61
f 197//62 175//62 196//62
f 196//62 175//62 702//62
f 200//54 172//54 420//54
f 99//54 414//54 172//54
f 414//54 420//54 172//54
f 732//1 733//1 730//1
f 731//1 732//1 730//1
f 451//1 731//1 730//1
f 451//1 730//1 464//1
f 729//2 215//2 728//2
f 747//64 243//64 748//64
f 748//64 243//64 761//64
f 201//2 728//2 288//2
f 728//2 215//2 288//2
f 766//76 240//76 493//76
f 240//77 242//77 493//77
f 739//78 740//78 744//78
f 740//78 745//78 744//78
f 743//2 219//2 741//2
f 219//2 746//2 741//2
f 223//79 739//79 750//79
f 739//79 744//79 750//79
f 221//2 751//2 218//2
f 218//2 751//2 752//2
f 755//2 753//2 749//2
f 761//64 759//64 748//64
f 748//64 759//64 754//64
f 230//80 223//80 756//80
f 223//80 750//80 756//80
f 226//2 757//2 221//2
f 221//2 757//2 751//2
f 227//81 222//81 234//81
f 222//81 304//81 234//81
f 240//82 764//82 763//82
f 758//83 229//83 756//83
f 229//83 230//83 756//83
f 232//2 760//2 226//2
f 226//2 760//2 757//2
f 233//84 227//84 238//84
f 227//84 234//84 238//84
f 762//2 760//2 236//2
f 236//2 760//2 232//2
f 237//85 233//85 240//85
f 233//85 238//85 240//85
f 765//86 764//86 240//86
f 746//2 755//2 741//2
f 755//2 749//2 741//2
f 240//87 766//87 765//87
f 240//88 763//88 237//88
f 763//88 239//88 237//88
f 240//77 773//77 242//77
f 773//77 501//77 242//77
f 314//89 770//89 312//89
f 770//89 768//89 312//89
f 309//90 767//90 304//90
f 767//90 769//90 304//90
f 234//84 771//84 238//84
f 771//84 772//84 238//84
f 312//91 768//91 309//91
f 768//91 767//91 309//91
f 304//81 769//81 234//81
f 769//81 771//81 234//81
f 238//85 772//85 240//85
f 772//85 773//85 240//85
f 774//92 727//92 217//92
f 217//92 727//92 203//92
f 742//93 217//93 204//93
f 204//93 217//93 203//93
f 733//1 224//1 730//1
f 220//1 730//1 225//1
f 225//1 730//1 224//1
f 219//2 743//2 216//2
f 743//2 202//2 216//2
f 241//94 246//94 205//94
f 205//94 246//94 206//94
f 246//95 245//95 206//95
f 206//95 245//95 207//95
f 245//96 244//96 207//96
f 207//96 244//96 208//96
f 244//97 243//97 208//97
f 208//97 243//97 747//97
f 249//2 247//2 777//2
f 247//2 775//2 777//2
f 738//2 253//2 736//2
f 253//2 252//2 736//2
f 738//2 463//2 253//2
f 463//2 254//2 253//2
f 735//98 817//98 228//98
f 817//99 784//99 228//99
f 737//2 251//2 777//2
f 251//2 249//2 777//2
f 737//2 736//2 251//2
f 736//2 252//2 251//2
f 247//2 248//2 775//2
f 248//2 776//2 775//2
f 782//3 778//3 780//3
f 787//64 795//64 788//64
f 795//64 790//64 788//64
f 512//28 516//28 779//28
f 779//28 516//28 781//28
f 394//1 542//1 408//1
f 542//1 791//1 408//1
f 793//100 785//100 792//100
f 785//101 784//101 792//101
f 535//1 797//1 534//1
f 534//1 797//1 801//1
f 789//1 797//1 807//1
f 536//2 282//2 798//2
f 282//2 796//2 798//2
f 406//1 801//1 789//1
f 789//1 801//1 797//1
f 802//2 280//2 800//2
f 800//2 280//2 283//2
f 551//1 803//1 393//1
f 393//1 803//1 808//1
f 807//1 794//1 789//1
f 789//1 794//1 786//1
f 269//64 267//64 407//64
f 407//64 267//64 816//64
f 784//102 817//102 792//102
f 817//103 814//103 792//103
f 258//2 265//2 783//2
f 804//2 783//2 806//2
f 806//2 783//2 265//2
f 554//33 279//33 270//33
f 279//104 278//104 270//104
f 270//105 278//105 455//105
f 278//36 734//36 455//36
f 266//64 799//64 260//64
f 260//64 799//64 805//64
f 256//1 268//1 272//1
f 272//1 268//1 281//1
f 259//1 268//1 255//1
f 255//1 268//1 256//1
f 406//1 409//1 801//1
f 235//106 809//106 211//106
f 809//106 812//106 211//106
f 209//107 810//107 235//107
f 810//107 809//107 235//107
f 213//108 813//108 214//108
f 813//108 547//108 214//108
f 211//79 812//79 212//79
f 812//79 811//79 212//79
f 212//80 811//80 213//80
f 811//80 813//80 213//80
f 228//109 784//109 209//109
f 784//109 810//109 209//109
f 248//2 250//2 776//2
f 250//2 276//2 776//2
f 277//2 263//2 264//2
f 287//2 277//2 264//2
f 274//2 287//2 264//2
f 285//2 284//2 262//2
f 274//2 262//2 284//2
f 261//2 262//2 264//2
f 262//2 274//2 264//2
f 271//2 275//2 257//2
f 257//2 275//2 815//2
f 231//110 456//110 314//110
f 456//111 770//111 314//111
f 210//2 276//2 250//2
f 286//2 285//2 273//2
f 285//2 262//2 273//2
f 257//2 815//2 783//2
f 783//2 815//2 258//2
f 819//33 848//33 820//33
f 818//33 848//33 819//33
f 555//33 848//33 818//33
f 555//33 588//33 848//33
f 826//64 827//64 316//64
f 316//64 827//64 840//64
f 845//112 584//112 314//112
f 584//113 231//113 314//113
f 296//114 830//114 740//114
f 830//114 745//114 740//114
f 823//2 821//2 825//2
f 821//2 824//2 825//2
f 299//109 829//109 296//109
f 829//109 830//109 296//109
f 298//2 218//2 836//2
f 836//2 218//2 752//2
f 833//2 828//2 831//2
f 840//64 827//64 838//64
f 838//64 827//64 832//64
f 306//115 834//115 299//115
f 834//115 829//115 299//115
f 302//2 298//2 835//2
f 835//2 298//2 836//2
f 303//90 309//90 222//90
f 309//90 304//90 222//90
f 314//116 842//116 843//116
f 837//117 834//117 305//117
f 834//117 306//117 305//117
f 307//2 302//2 839//2
f 839//2 302//2 835//2
f 308//91 312//91 303//91
f 312//91 309//91 303//91
f 841//2 310//2 839//2
f 839//2 310//2 307//2
f 311//89 314//89 308//89
f 314//89 312//89 308//89
f 844//118 314//118 843//118
f 824//2 821//2 833//2
f 821//2 828//2 833//2
f 314//119 844//119 845//119
f 314//120 311//120 842//120
f 311//120 313//120 842//120
f 774//121 295//121 727//121
f 727//121 295//121 846//121
f 822//122 847//122 295//122
f 295//122 847//122 846//122
f 820//33 848//33 300//33
f 297//33 301//33 848//33
f 848//33 301//33 300//33
f 825//2 216//2 823//2
f 216//2 202//2 823//2
f 315//94 290//94 319//94
f 319//94 290//94 291//94
f 319//95 291//95 318//95
f 318//95 291//95 292//95
f 318//96 292//96 317//96
f 317//96 292//96 293//96
f 317//97 293//97 316//97
f 316//97 293//97 826//97
f 320//2 289//2 294//2
f 201//2 288//2 289//2
f 288//2 294//2 289//2
f 854//1 852//1 855//1
f 853//1 852//1 854//1
f 593//1 852//1 853//1
f 593//1 606//1 852//1
f 851//54 850//54 335//54
f 869//64 870//64 363//64
f 363//64 870//64 883//64
f 321//54 414//54 850//54
f 414//54 335//54 850//54
f 888//123 635//123 360//123
f 635//77 362//77 360//77
f 861//78 866//78 862//78
f 866//78 867//78 862//78
f 865//54 863//54 339//54
f 863//54 868//54 339//54
f 343//79 872//79 861//79
f 872//79 866//79 861//79
f 341//54 338//54 873//54
f 873//54 338//54 874//54
f 877//54 871//54 875//54
f 883//64 870//64 881//64
f 881//64 870//64 876//64
f 350//80 878//80 343//80
f 878//80 872//80 343//80
f 346//54 341//54 879//54
f 879//54 341//54 873//54
f 347//81 354//81 342//81
f 354//81 430//81 342//81
f 360//124 885//124 886//124
f 880//83 878//83 349//83
f 878//83 350//83 349//83
f 352//54 346//54 882//54
f 882//54 346//54 879//54
f 353//84 358//84 347//84
f 358//84 354//84 347//84
f 884//54 356//54 882//54
f 882//54 356//54 352//54
f 357//85 360//85 353//85
f 360//85 358//85 353//85
f 887//125 360//125 886//125
f 868//54 863//54 877//54
f 863//54 871//54 877//54
f 360//126 887//126 888//126
f 360//88 357//88 885//88
f 357//88 359//88 885//88
f 360//77 362//77 895//77
f 362//77 643//77 895//77
f 440//89 438//89 892//89
f 438//89 890//89 892//89
f 435//90 430//90 889//90
f 430//90 891//90 889//90
f 354//84 358//84 893//84
f 358//84 894//84 893//84
f 438//91 435//91 890//91
f 435//91 889//91 890//91
f 430//81 354//81 891//81
f 354//81 893//81 891//81
f 358//85 360//85 894//85
f 360//85 895//85 894//85
f 896//92 337//92 849//92
f 849//92 337//92 323//92
f 864//93 324//93 337//93
f 337//93 324//93 323//93
f 855//1 852//1 344//1
f 340//1 345//1 852//1
f 852//1 345//1 344//1
f 339//54 336//54 865//54
f 336//54 322//54 865//54
f 361//127 325//127 366//127
f 366//127 325//127 326//127
f 366//128 326//128 365//128
f 365//128 326//128 327//128
f 365//129 327//129 364//129
f 364//129 327//129 328//129
f 364//130 328//130 363//130
f 363//130 328//130 869//130
f 369//54 899//54 367//54
f 899//54 897//54 367//54
f 860//54 858//54 373//54
f 858//54 372//54 373//54
f 860//54 373//54 605//54
f 373//54 374//54 605//54
f 857//131 348//131 935//131
f 348//99 906//99 935//99
f 859//54 899//54 371//54
f 899//54 369//54 371//54
f 859//54 371//54 858//54
f 371//54 372//54 858//54
f 367//54 897//54 368//54
f 897//54 898//54 368//54
f 904//64 900//64 902//64
f 787//64 909//64 795//64
f 909//64 911//64 795//64
f 654//65 901//65 658//65
f 658//65 901//65 903//65
f 394//1 408//1 681//1
f 408//1 912//1 681//1
f 914//100 913//100 907//100
f 913//132 906//132 907//132
f 675//1 674//1 917//1
f 917//1 674//1 921//1
f 910//1 927//1 917//1
f 676//54 918//54 404//54
f 918//54 916//54 404//54
f 406//1 910//1 921//1
f 921//1 910//1 917//1
f 922//54 920//54 402//54
f 402//54 920//54 405//54
f 690//1 393//1 923//1
f 923//1 393//1 808//1
f 927//1 910//1 915//1
f 915//1 910//1 908//1
f 389//64 407//64 387//64
f 387//64 407//64 816//64
f 906//133 913//133 935//133
f 913//134 933//134 935//134
f 378//54 905//54 385//54
f 924//54 926//54 905//54
f 905//54 926//54 385//54
f 692//33 390//33 401//33
f 390//135 400//135 401//135
f 390//105 597//105 400//105
f 597//70 856//70 400//70
f 386//64 380//64 919//64
f 919//64 380//64 925//64
f 376//1 392//1 388//1
f 388//1 392//1 403//1
f 379//1 375//1 388//1
f 388//1 375//1 376//1
f 406//1 921//1 409//1
f 355//106 331//106 928//106
f 331//106 931//106 928//106
f 329//107 355//107 929//107
f 355//107 928//107 929//107
f 333//108 334//108 932//108
f 334//108 686//108 932//108
f 331//79 332//79 931//79
f 332//79 930//79 931//79
f 332//80 333//80 930//80
f 333//80 932//80 930//80
f 348//109 329//109 906//109
f 329//109 929//109 906//109
f 368//54 898//54 370//54
f 898//54 398//54 370//54
f 399//54 384//54 383//54
f 413//54 384//54 399//54
f 396//54 384//54 413//54
f 411//54 382//54 410//54
f 396//54 410//54 382//54
f 381//54 384//54 382//54
f 384//54 396//54 382//54
f 391//54 377//54 397//54
f 397//54 377//54 934//54
f 351//136 440//136 598//136
f 440//111 892//111 598//111
f 330//54 370//54 398//54
f 412//54 395//54 411//54
f 395//54 382//54 411//54
f 377//54 905//54 934//54
f 934//54 905//54 378//54
f 937//33 938//33 966//33
f 936//33 937//33 966//33
f 693//33 936//33 966//33
f 693//33 966//33 726//33
f 944//64 442//64 945//64
f 945//64 442//64 958//64
f 963//137 440//137 722//137
f 440//113 351//113 722//113
f 422//114 862//114 948//114
f 862//114 867//114 948//114
f 941//54 943//54 939//54
f 943//54 942//54 939//54
f 425//109 422//109 947//109
f 422//109 948//109 947//109
f 424//54 954//54 338//54
f 338//54 954//54 874//54
f 951//54 949//54 946//54
f 958//64 956//64 945//64
f 945//64 956//64 950//64
f 432//115 425//115 952//115
f 425//115 947//115 952//115
f 428//54 953//54 424//54
f 424//54 953//54 954//54
f 429//90 342//90 435//90
f 342//90 430//90 435//90
f 440//138 961//138 960//138
f 955//117 431//117 952//117
f 431//117 432//117 952//117
f 433//54 957//54 428//54
f 428//54 957//54 953//54
f 434//91 429//91 438//91
f 429//91 435//91 438//91
f 959//54 957//54 436//54
f 436//54 957//54 433//54
f 437//89 434//89 440//89
f 434//89 438//89 440//89
f 962//139 961//139 440//139
f 942//54 951//54 939//54
f 951//54 946//54 939//54
f 440//140 963//140 962//140
f 440//120 960//120 437//120
f 960//120 439//120 437//120
f 896//121 849//121 421//121
f 421//121 849//121 964//121
f 940//122 421//122 965//122
f 965//122 421//122 964//122
f 938//33 426//33 966//33
f 423//33 966//33 427//33
f 427//33 966//33 426//33
f 943//54 941//54 336//54
f 941//54 322//54 336//54
f 441//127 445//127 416//127
f 416//127 445//127 417//127
f 445//128 444//128 417//128
f 417//128 444//128 418//128
f 444//129 443//129 418//129
f 418//129 443//129 419//129
f 443//130 442//130 419//130
f 419//130 442//130 944//130
f 446//54 420//54 415//54
f 321//54 415//54 414//54
f 415//54 420//54 414//54
f 974//1 1017//1 976//1
f 1017//1 1016//1 976//1
f 1003//141 1007//141 1034//141
f 1007//141 1031//141 1034//141
f 1022//1 1001//1 1021//1
f 1001//1 998//1 1021//1
f 1018//1 1021//1 989//1
f 1021//1 991//1 989//1
f 1006//1 1004//1 1010//1
f 1004//1 1023//1 1010//1
f 1013//1 1020//1 968//1
f 1020//1 1017//1 968//1
f 1021//1 998//1 991//1
f 998//1 995//1 991//1
f 980//1 1015//1 983//1
f 1015//1 986//1 983//1
f 1010//1 1023//1 1013//1
f 1023//1 1020//1 1013//1
f 1023//1 1004//1 1022//1
f 1004//1 1001//1 1022//1
f 968//1 1017//1 970//1
f 1017//1 974//1 970//1
f 976//1 1016//1 980//1
f 1016//1 1015//1 980//1
f 1015//1 1018//1 986//1
f 1018//1 989//1 986//1
f 971//142 972//142 973//142
f 972//143 975//143 973//143
f 972//144 970//144 975//144
f 970//145 974//145 975//145
f 977//146 978//146 979//146
f 978//147 981//147 979//147
f 978//148 976//148 981//148
f 976//149 980//149 981//149
f 992//150 993//150 994//150
f 993//151 996//151 994//151
f 993//152 991//152 996//152
f 991//153 995//153 996//153
f 979//154 981//154 982//154
f 981//155 984//155 982//155
f 981//156 980//156 984//156
f 980//157 983//157 984//157
f 982//158 984//158 985//158
f 984//159 987//159 985//159
f 984//160 983//160 987//160
f 983//161 986//161 987//161
f 994//162 996//162 997//162
f 996//163 999//163 997//163
f 996//164 995//164 999//164
f 995//165 998//165 999//165
f 997//166 999//166 1000//166
f 999//167 1002//167 1000//167
f 999//168 998//168 1002//168
f 998//169 1001//169 1002//169
f 1007//170 1008//170 1009//170
f 1008//171 1011//171 1009//171
f 1008//172 1006//172 1011//172
f 1006//173 1010//173 1011//173
f 985//174 987//174 988//174
f 987//175 990//175 988//175
f 987//176 986//176 990//176
f 986//177 989//177 990//177
f 988//178 990//178 992//178
f 990//179 993//179 992//179
f 990//180 989//180 993//180
f 989//181 991//181 993//181
f 1000//182 1002//182 1003//182
f 1002//183 1005//183 1003//183
f 1002//184 1001//184 1005//184
f 1001//185 1004//185 1005//185
f 1003//186 1005//186 1007//186
f 1005//187 1008//187 1007//187
f 1005//188 1004//188 1008//188
f 1004//189 1006//189 1008//189
f 1009//190 1011//190 1012//190
f 1011//191 1014//191 1012//191
f 1011//192 1010//192 1014//192
f 1010//193 1013//193 1014//193
f 973//194 975//194 977//194
f 975//195 978//195 977//195
f 975//196 974//196 978//196
f 974//197 976//197 978//197
f 1012//198 1014//198 967//198
f 1014//199 969//199 967//199
f 1014//200 1013//200 969//200
f 1013//201 968//201 969//201
f 967//202 969//202 971//202
f 969//203 972//203 971//203
f 969//204 968//204 972//204
f 968//205 970//205 972//205
f 1016//1 1019//1 1015//1
f 1019//1 1018//1 1015//1
f 1019//1 1022//1 1018//1
f 1022//1 1021//1 1018//1
f 1017//1 1020//1 1016//1
f 1020//1 1019//1 1016//1
f 1020//1 1023//1 1019//1
f 1023//1 1022//1 1019//1
f 1028//206 1024//206 1029//206
f 1024//207 1026//207 1029//207
f 1029//208 1026//208 1027//208
f 1026//209 1025//209 1027//209
f 1031//210 1028//210 1032//210
f 1028//211 1029//211 1032//211
f 1032//212 1029//212 1030//212
f 1029//213 1027//213 1030//213
f 1034//214 1031//214 1035//214
f 1031//215 1032//215 1035//215
f 1035//216 1032//216 1033//216
f 1032//217 1030//217 1033//217
f 1037//218 1034//218 1038//218
f 1034//219 1035//219 1038//219
f 1038//220 1035//220 1036//220
f 1035//221 1033//221 1036//221
f 1040//222 1037//222 1041//222
f 1037//223 1038//223 1041//223
f 1041//224 1038//224 1039//224
f 1038//225 1036//225 1039//225
f 1043//226 1040//226 1044//226
f 1040//227 1041//227 1044//227
f 1044//228 1041//228 1042//228
f 1041//229 1039//229 1042//229
f 1046//230 1043//230 1047//230
f 1043//231 1044//231 1047//231
f 1047//232 1044//232 1045//232
f 1044//233 1042//233 1045//233
f 1049//234 1046//234 1050//234
f 1046//235 1047//235 1050//235
f 1050//236 1047//236 1048//236
f 1047//237 1045//237 1048//237
f 1052//238 1049//238 1053//238
f 1049//239 1050//239 1053//239
f 1053//240 1050//240 1051//240
f 1050//241 1048//241 1051//241
f 1055//242 1052//242 1056//242
f 1052//243 1053//243 1056//243
f 1056//244 1053//244 1054//244
f 1053//245 1051//245 1054//245
f 1058//246 1055//246 1059//246
f 1055//247 1056//247 1059//247
f 1059//248 1056//248 1057//248
f 1056//249 1054//249 1057//249
f 1061//250 1058//250 1062//250
f 1058//251 1059//251 1062//251
f 1062//252 1059//252 1060//252
f 1059//253 1057//253 1060//253
f 1064//254 1061//254 1065//254
f 1061//255 1062//255 1065//255
f 1065//256 1062//256 1063//256
f 1062//257 1060//257 1063//257
f 1067//258 1064//258 1068//258
f 1064//259 1065//259 1068//259
f 1068//260 1065//260 1066//260
f 1065//261 1063//261 1066//261
f 1070//262 1067//262 1071//262
f 1067//263 1068//263 1071//263
f 1071//264 1068//264 1069//264
f 1068//265 1066//265 1069//265
f 1024//266 1070//266 1026//266
f 1070//267 1071//267 1026//267
f 1026//268 1071//268 1025//268
f 1071//269 1069//269 1025//269
f 982//270 985//270 1055//270
f 985//270 1052//270 1055//270
f 1007//271 1009//271 1031//271
f 1009//271 1028//271 1031//271
f 985//272 988//272 1052//272
f 988//272 1049//272 1052//272
f 1024//273 1012//273 1070//273
f 1012//273 967//273 1070//273
f 1009//274 1012//274 1028//274
f 1012//274 1024//274 1028//274
f 988//275 992//275 1049//275
f 992//275 1046//275 1049//275
f 1070//276 967//276 1067//276
f 967//276 971//276 1067//276
f 992//277 994//277 1046//277
f 994//277 1043//277 1046//277
f 971//278 973//278 1067//278
f 973//278 1064//278 1067//278
f 994//279 997//279 1043//279
f 997//279 1040//279 1043//279
f 973//280 977//280 1064//280
f 977//280 1061//280 1064//280
f 997//281 1000//281 1040//281
f 1000//281 1037//281 1040//281
f 977//282 979//282 1061//282
f 979//282 1058//282 1061//282
f 1000//283 1003//283 1037//283
f 1003//283 1034//283 1037//283
f 979//284 982//284 1058//284
f 982//284 1055//284 1058//284
f 1079//1 1122//1 1081//1
f 1122//1 1121//1 1081//1
f 1108//141 1112//141 1139//141
f 1112//141 1136//141 1139//141
f 1127//1 1106//1 1126//1
f 1106//1 1103//1 1126//1
f 1123//1 1126//1 1094//1
f 1126//1 1096//1 1094//1
f 1111//1 1109//1 1115//1
f 1109//1 1128//1 1115//1
f 1118//1 1125//1 1073//1
f 1125//1 1122//1 1073//1
f 1126//1 1103//1 1096//1
f 1103//1 1100//1 1096//1
f 1085//1 1120//1 1088//1
f 1120//1 1091//1 1088//1
f 1115//1 1128//1 1118//1
f 1128//1 1125//1 1118//1
f 1128//1 1109//1 1127//1
f 1109//1 1106//1 1127//1
f 1073//1 1122//1 1075//1
f 1122//1 1079//1 1075//1
f 1081//1 1121//1 1085//1
f 1121//1 1120//1 1085//1
f 1120//1 1123//1 1091//1
f 1123//1 1094//1 1091//1
f 1076//142 1077//142 1078//142
f 1077//143 1080//143 1078//143
f 1077//144 1075//144 1080//144
f 1075//145 1079//145 1080//145
f 1082//146 1083//146 1084//146
f 1083//147 1086//147 1084//147
f 1083//148 1081//148 1086//148
f 1081//149 1085//149 1086//149
f 1097//150 1098//150 1099//150
f 1098//151 1101//151 1099//151
f 1098//152 1096//152 1101//152
f 1096//153 1100//153 1101//153
f 1084//154 1086//154 1087//154
f 1086//155 1089//155 1087//155
f 1086//156 1085//156 1089//156
f 1085//157 1088//157 1089//157
f 1087//158 1089//158 1090//158
f 1089//159 1092//159 1090//159
f 1089//160 1088//160 1092//160
f 1088//161 1091//161 1092//161
f 1099//162 1101//162 1102//162
f 1101//163 1104//163 1102//163
f 1101//164 1100//164 1104//164
f 1100//165 1103//165 1104//165
f 1102//166 1104//166 1105//166
f 1104//167 1107//167 1105//167
f 1104//168 1103//168 1107//168
f 1103//169 1106//169 1107//169
f 1112//170 1113//170 1114//170
f 1113//171 1116//171 1114//171
f 1113//172 1111//172 1116//172
f 1111//173 1115//173 1116//173
f 1090//174 1092//174 1093//174
f 1092//175 1095//175 1093//175
f 1092//176 1091//176 1095//176
f 1091//177 1094//177 1095//177
f 1093//178 1095//178 1097//178
f 1095//179 1098//179 1097//179
f 1095//180 1094//180 1098//180
f 1094//181 1096//181 1098//181
f 1105//182 1107//182 1108//182
f 1107//183 1110//183 1108//183
f 1107//184 1106//184 1110//184
f 1106//185 1109//185 1110//185
f 1108//186 1110//186 1112//186
f 1110//187 1113//187 1112//187
f 1110//188 1109//188 1113//188
f 1109//189 1111//189 1113//189
f 1114//190 1116//190 1117//190
f 1116//191 1119//191 1117//191
f 1116//192 1115//192 1119//192
f 1115//193 1118//193 1119//193
f 1078//194 1080//194 1082//194
f 1080//195 1083//195 1082//195
f 1080//196 1079//196 1083//196
f 1079//197 1081//197 1083//197
f 1117//198 1119//198 1072//198
f 1119//199 1074//199 1072//199
f 1119//200 1118//200 1074//200
f 1118//201 1073//201 1074//201
f 1072//202 1074//202 1076//202
f 1074//203 1077//203 1076//203
f 1074//204 1073//204 1077//204
f 1073//205 1075//205 1077//205
f 1121//1 1124//1 1120//1
f 1124//1 1123//1 1120//1
f 1124//1 1127//1 1123//1
f 1127//1 1126//1 1123//1
f 1122//1 1125//1 1121//1
f 1125//1 1124//1 1121//1
f 1125//1 1128//1 1124//1
f 1128//1 1127//1 1124//1
f 1133//206 1129//206 1134//206
f 1129//207 1131//207 1134//207
f 1134//208 1131//208 1132//208
f 1131//209 1130//209 1132//209
f 1136//210 1133//210 1137//210
f 1133//211 1134//211 1137//211
f 1137//212 1134//212 1135//212
f 1134//213 1132//213 1135//213
f 1139//214 1136//214 1140//214
f 1136//215 1137//215 1140//215
f 1140//216 1137//216 1138//216
f 1137//217 1135//217 1138//217
f 1142//285 1139//285 1143//285
f 1139//219 1140//219 1143//219
f 1143//220 1140//220 1141//220
f 1140//221 1138//221 1141//221
f 1145//222 1142//222 1146//222
f 1142//223 1143//223 1146//223
f 1146//224 1143//224 1144//224
f 1143//225 1141//225 1144//225
f 1148//226 1145//226 1149//226
f 1145//227 1146//227 1149//227
f 1149//228 1146//228 1147//228
f 1146//286 1144//286 1147//286
f 1151//230 1148//230 1152//230
f 1148//287 1149//287 1152//287
f 1152//232 1149//232 1150//232
f 1149//233 1147//233 1150//233
f 1154//234 1151//234 1155//234
f 1151//235 1152//235 1155//235
f 1155//236 1152//236 1153//236
f 1152//237 1150//237 1153//237
f 1157//238 1154//238 1158//238
f 1154//239 1155//239 1158//239
f 1158//240 1155//240 1156//240
f 1155//241 1153//241 1156//241
f 1160//242 1157//242 1161//242
f 1157//243 1158//243 1161//243
f 1161//244 1158//244 1159//244
f 1158//245 1156//245 1159//245
f 1163//246 1160//246 1164//246
f 1160//247 1161//247 1164//247
f 1164//248 1161//248 1162//248
f 1161//249 1159//249 1162//249
f 1166//288 1163//288 1167//288
f 1163//251 1164//251 1167//251
f 1167//252 1164//252 1165//252
f 1164//253 1162//253 1165//253
f 1169//254 1166//254 1170//254
f 1166//255 1167//255 1170//255
f 1170//256 1167//256 1168//256
f 1167//257 1165//257 1168//257
f 1172//258 1169//258 1173//258
f 1169//259 1170//259 1173//259
f 1173//260 1170//260 1171//260
f 1170//289 1168//289 1171//289
f 1175//262 1172//262 1176//262
f 1172//290 1173//290 1176//290
f 1176//264 1173//264 1174//264
f 1173//265 1171//265 1174//265
f 1129//266 1175//266 1131//266
f 1175//267 1176//267 1131//267
f 1131//268 1176//268 1130//268
f 1176//269 1174//269 1130//269
f 1087//270 1090//270 1160//270
f 1090//270 1157//270 1160//270
f 1112//271 1114//271 1136//271
f 1114//271 1133//271 1136//271
f 1090//272 1093//272 1157//272
f 1093//272 1154//272 1157//272
f 1129//273 1117//273 1175//273
f 1117//273 1072//273 1175//273
f 1114//274 1117//274 1133//274
f 1117//274 1129//274 1133//274
f 1093//275 1097//275 1154//275
f 1097//275 1151//275 1154//275
f 1175//276 1072//276 1172//276
f 1072//276 1076//276 1172//276
f 1097//277 1099//277 1151//277
f 1099//277 1148//277 1151//277
f 1076//278 1078//278 1172//278
f 1078//278 1169//278 1172//278
f 1099//279 1102//279 1148//279
f 1102//279 1145//279 1148//279
f 1078//280 1082//280 1169//280
f 1082//280 1166//280 1169//280
f 1102//281 1105//281 1145//281
f 1105//281 1142//281 1145//281
f 1082//282 1084//282 1166//282
f 1084//282 1163//282 1166//282
f 1105//283 1108//283 1142//283
f 1108//283 1139//283 1142//283
f 1084//284 1087//284 1163//284
f 1087//284 1160//284 1163//284
f 1184//1 1227//1 1186//1
f 1227//1 1226//1 1186//1
f 1213//141 1217//141 1244//141
f 1217//141 1241//141 1244//141
f 1232//1 1211//1 1231//1
f 1211//1 1208//1 1231//1
f 1228//1 1231//1 1199//1
f 1231//1 1201//1 1199//1
f 1216//1 1214//1 1220//1
f 1214//1 1233//1 1220//1
f 1223//1 1230//1 1178//1
f 1230//1 1227//1 1178//1
f 1231//1 1208//1 1201//1
f 1208//1 1205//1 1201//1
f 1190//1 1225//1 1193//1
f 1225//1 1196//1 1193//1
f 1220//1 1233//1 1223//1
f 1233//1 1230//1 1223//1
f 1233//1 1214//1 1232//1
f 1214//1 1211//1 1232//1
f 1178//1 1227//1 1180//1
f 1227//1 1184//1 1180//1
f 1186//1 1226//1 1190//1
f 1226//1 1225//1 1190//1
f 1225//1 1228//1 1196//1
f 1228//1 1199//1 1196//1
f 1181//142 1182//142 1183//142
f 1182//143 1185//143 1183//143
f 1182//144 1180//144 1185//144
f 1180//145 1184//145 1185//145
f 1187//146 1188//146 1189//146
f 1188//147 1191//147 1189//147
f 1188//148 1186//148 1191//148
f 1186//149 1190//149 1191//149
f 1202//150 1203//150 1204//150
f 1203//151 1206//151 1204//151
f 1203//152 1201//152 1206//152
f 1201//153 1205//153 1206//153
f 1189//154 1191//154 1192//154
f 1191//155 1194//155 1192//155
f 1191//156 1190//156 1194//156
f 1190//157 1193//157 1194//157
f 1192//158 1194//158 1195//158
f 1194//159 1197//159 1195//159
f 1194//160 1193//160 1197//160
f 1193//161 1196//161 1197//161
f 1204//162 1206//162 1207//162
f 1206//163 1209//163 1207//163
f 1206//164 1205//164 1209//164
f 1205//165 1208//165 1209//165
f 1207//166 1209//166 1210//166
f 1209//167 1212//167 1210//167
f 1209//168 1208//168 1212//168
f 1208//169 1211//169 1212//169
f 1217//170 1218//170 1219//170
f 1218//171 1221//171 1219//171
f 1218//172 1216//172 1221//172
f 1216//173 1220//173 1221//173
f 1195//174 1197//174 1198//174
f 1197//175 1200//175 1198//175
f 1197//176 1196//176 1200//176
f 1196//177 1199//177 1200//177
f 1198//178 1200//178 1202//178
f 1200//179 1203//179 1202//179
f 1200//180 1199//180 1203//180
f 1199//181 1201//181 1203//181
f 1210//182 1212//182 1213//182
f 1212//183 1215//183 1213//183
f 1212//184 1211//184 1215//184
f 1211//185 1214//185 1215//185
f 1213//186 1215//186 1217//186
f 1215//187 1218//187 1217//187
f 1215//188 1214//188 1218//188
f 1214//189 1216//189 1218//189
f 1219//190 1221//190 1222//190
f 1221//191 1224//191 1222//191
f 1221//192 1220//192 1224//192
f 1220//193 1223//193 1224//193
f 1183//194 1185//194 1187//194
f 1185//195 1188//195 1187//195
f 1185//196 1184//196 1188//196
f 1184//197 1186//197 1188//197
f 1222//198 1224//198 1177//198
f 1224//199 1179//199 1177//199
f 1224//200 1223//200 1179//200
f 1223//201 1178//201 1179//201
f 1177//202 1179//202 1181//202
f 1179//203 1182//203 1181//203
f 1179//204 1178//204 1182//204
f 1178//205 1180//205 1182//205
f 1226//1 1229//1 1225//1
f 1229//1 1228//1 1225//1
f 1229//1 1232//1 1228//1
f 1232//1 1231//1 1228//1
f 1227//1 1230//1 1226//1
f 1230//1 1229//1 1226//1
f 1230//1 1233//1 1229//1
f 1233//1 1232//1 1229//1
f 1238//206 1234//206 1239//206
f 1234//207 1236//207 1239//207
f 1239//208 1236//208 1237//208
f 1236//209 1235//209 1237//209
f 1241//210 1238//210 1242//210
f 1238//211 1239//211 1242//211
f 1242//212 1239//212 1240//212
f 1239//213 1237//213 1240//213
f 1244//214 1241//214 1245//214
f 1241//215 1242//215 1245//215
f 1245//216 1242//216 1243//216
f 1242//217 1240//217 1243//217
f 1247//218 1244//218 1248//218
f 1244//219 1245//219 1248//219
f 1248//220 1245//220 1246//220
f 1245//221 1243//221 1246//221
f 1250//222 1247//222 1251//222
f 1247//223 1248//223 1251//223
f 1251//224 1248//224 1249//224
f 1248//225 1246//225 1249//225
f 1253//226 1250//226 1254//226
f 1250//227 1251//227 1254//227
f 1254//228 1251//228 1252//228
f 1251//229 1249//229 1252//229
f 1256//230 1253//230 1257//230
f 1253//231 1254//231 1257//231
f 1257//232 1254//232 1255//232
f 1254//233 1252//233 1255//233
f 1259//234 1256//234 1260//234
f 1256//235 1257//235 1260//235
f 1260//236 1257//236 1258//236
f 1257//237 1255//237 1258//237
f 1262//238 1259//238 1263//238
f 1259//239 1260//239 1263//239
f 1263//240 1260//240 1261//240
f 1260//241 1258//241 1261//241
f 1265//242 1262//242 1266//242
f 1262//243 1263//243 1266//243
f 1266//244 1263//244 1264//244
f 1263//245 1261//245 1264//245
f 1268//246 1265//246 1269//246
f 1265//247 1266//247 1269//247
f 1269//248 1266//248 1267//248
f 1266//249 1264//249 1267//249
f 1271//288 1268//288 1272//288
f 1268//251 1269//251 1272//251
f 1272//252 1269//252 1270//252
f 1269//253 1267//253 1270//253
f 1274//254 1271//254 1275//254
f 1271//255 1272//255 1275//255
f 1275//256 1272//256 1273//256
f 1272//257 1270//257 1273//257
f 1277//258 1274//258 1278//258
f 1274//259 1275//259 1278//259
f 1278//260 1275//260 1276//260
f 1275//289 1273//289 1276//289
f 1280//262 1277//262 1281//262
f 1277//290 1278//290 1281//290
f 1281//264 1278//264 1279//264
f 1278//265 1276//265 1279//265
f 1234//266 1280//266 1236//266
f 1280//267 1281//267 1236//267
f 1236//268 1281//268 1235//268
f 1281//269 1279//269 1235//269
f 1192//270 1195//270 1265//270
f 1195//270 1262//270 1265//270
f 1217//271 1219//271 1241//271
f 1219//271 1238//271 1241//271
f 1195//272 1198//272 1262//272
f 1198//272 1259//272 1262//272
f 1234//273 1222//273 1280//273
f 1222//273 1177//273 1280//273
f 1219//274 1222//274 1238//274
f 1222//274 1234//274 1238//274
f 1198//275 1202//275 1259//275
f 1202//275 1256//275 1259//275
f 1280//276 1177//276 1277//276
f 1177//276 1181//276 1277//276
f 1202//277 1204//277 1256//277
f 1204//277 1253//277 1256//277
f 1181//278 1183//278 1277//278
f 1183//278 1274//278 1277//278
f 1204//279 1207//279 1253//279
f 1207//279 1250//279 1253//279
f 1183//280 1187//280 1274//280
f 1187//280 1271//280 1274//280
f 1207//281 1210//281 1250//281
f 1210//281 1247//281 1250//281
f 1187//282 1189//282 1271//282
f 1189//282 1268//282 1271//282
f 1210//283 1213//283 1247//283
f 1213//283 1244//283 1247//283
f 1189//284 1192//284 1268//284
f 1192//284 1265//284 1268//284
f 1289//1 1332//1 1291//1
f 1332//1 1331//1 1291//1
f 1318//141 1322//141 1349//141
f 1322//141 1346//141 1349//141
f 1337//1 1316//1 1336//1
f 1316//1 1313//1 1336//1
f 1333//1 1336//1 1304//1
f 1336//1 1306//1 1304//1
f 1321//1 1319//1 1325//1
f 1319//1 1338//1 1325//1
f 1328//1 1335//1 1283//1
f 1335//1 1332//1 1283//1
f 1336//1 1313//1 1306//1
f 1313//1 1310//1 1306//1
f 1295//1 1330//1 1298//1
f 1330//1 1301//1 1298//1
f 1325//1 1338//1 1328//1
f 1338//1 1335//1 1328//1
f 1338//1 1319//1 1337//1
f 1319//1 1316//1 1337//1
f 1283//1 1332//1 1285//1
f 1332//1 1289//1 1285//1
f 1291//1 1331//1 1295//1
f 1331//1 1330//1 1295//1
f 1330//1 1333//1 1301//1
f 1333//1 1304//1 1301//1
f 1286//142 1287//142 1288//142
f 1287//143 1290//143 1288//143
f 1287//144 1285//144 1290//144
f 1285//145 1289//145 1290//145
f 1292//146 1293//146 1294//146
f 1293//147 1296//147 1294//147
f 1293//148 1291//148 1296//148
f 1291//149 1295//149 1296//149
f 1307//150 1308//150 1309//150
f 1308//151 1311//151 1309//151
f 1308//152 1306//152 1311//152
f 1306//153 1310//153 1311//153
f 1294//154 1296//154 1297//154
f 1296//155 1299//155 1297//155
f 1296//156 1295//156 1299//156
f 1295//157 1298//157 1299//157
f 1297//158 1299//158 1300//158
f 1299//159 1302//159 1300//159
f 1299//160 1298//160 1302//160
f 1298//161 1301//161 1302//161
f 1309//162 1311//162 1312//162
f 1311//163 1314//163 1312//163
f 1311//164 1310//164 1314//164
f 1310//165 1313//165 1314//165
f 1312//166 1314//166 1315//166
f 1314//167 1317//167 1315//167
f 1314//168 1313//168 1317//168
f 1313//169 1316//169 1317//169
f 1322//170 1323//170 1324//170
f 1323//171 1326//171 1324//171
f 1323//172 1321//172 1326//172
f 1321//173 1325//173 1326//173
f 1300//174 1302//174 1303//174
f 1302//175 1305//175 1303//175
f 1302//176 1301//176 1305//176
f 1301//177 1304//177 1305//177
f 1303//178 1305//178 1307//178
f 1305//179 1308//179 1307//179
f 1305//180 1304//180 1308//180
f 1304//181 1306//181 1308//181
f 1315//182 1317//182 1318//182
f 1317//183 1320//183 1318//183
f 1317//184 1316//184 1320//184
f 1316//185 1319//185 1320//185
f 1318//186 1320//186 1322//186
f 1320//187 1323//187 1322//187
f 1320//188 1319//188 1323//188
f 1319//189 1321//189 1323//189
f 1324//190 1326//190 1327//190
f 1326//191 1329//191 1327//191
f 1326//192 1325//192 1329//192
f 1325//193 1328//193 1329//193
f 1288//194 1290//194 1292//194
f 1290//195 1293//195 1292//195
f 1290//196 1289//196 1293//196
f 1289//197 1291//197 1293//197
f 1327//198 1329//198 1282//198
f 1329//199 1284//199 1282//199
f 1329//200 1328//200 1284//200
f 1328//201 1283//201 1284//201
f 1282//202 1284//202 1286//202
f 1284//203 1287//203 1286//203
f 1284//204 1283//204 1287//204
f 1283//205 1285//205 1287//205
f 1331//1 1334//1 1330//1
f 1334//1 1333//1 1330//1
f 1334//1 1337//1 1333//1
f 1337//1 1336//1 1333//1
f 1332//1 1335//1 1331//1
f 1335//1 1334//1 1331//1
f 1335//1 1338//1 1334//1
f 1338//1 1337//1 1334//1
f 1343//206 1339//206 1344//206
f 1339//207 1341//207 1344//207
f 1344//208 1341//208 1342//208
f 1341//209 1340//209 1342//209
f 1346//210 1343//210 1347//210
f 1343//211 1344//211 1347//211
f 1347//212 1344//212 1345//212
f 1344//213 1342//213 1345//213
f 1349//214 1346//214 1350//214
f 1346//215 1347//215 1350//215
f 1350//216 1347//216 1348//216
f 1347//217 1345//217 1348//217
f 1352//218 1349//218 1353//218
f 1349//219 1350//219 1353//219
f 1353//220 1350//220 1351//220
f 1350//221 1348//221 1351//221
f 1355//222 1352//222 1356//222
f 1352//223 1353//223 1356//223
f 1356//224 1353//224 1354//224
f 1353//225 1351//225 1354//225
f 1358//226 1355//226 1359//226
f 1355//227 1356//227 1359//227
f 1359//228 1356//228 1357//228
f 1356//229 1354//229 1357//229
f 1361//230 1358//230 1362//230
f 1358//287 1359//287 1362//287
f 1362//232 1359//232 1360//232
f 1359//233 1357//233 1360//233
f 1364//234 1361//234 1365//234
f 1361//235 1362//235 1365//235
f 1365//236 1362//236 1363//236
f 1362//237 1360//237 1363//237
f 1367//238 1364//238 1368//238
f 1364//239 1365//239 1368//239
f 1368//240 1365//240 1366//240
f 1365//241 1363//241 1366//241
f 1370//242 1367//242 1371//242
f 1367//243 1368//243 1371//243
f 1371//244 1368//244 1369//244
f 1368//245 1366//245 1369//245
f 1373//246 1370//246 1374//246
f 1370//247 1371//247 1374//247
f 1374//248 1371//248 1372//248
f 1371//249 1369//249 1372//249
f 1376//288 1373//288 1377//288
f 1373//251 1374//251 1377//251
f 1377//252 1374//252 1375//252
f 1374//253 1372//253 1375//253
f 1379//254 1376//254 1380//254
f 1376//255 1377//255 1380//255
f 1380//256 1377//256 1378//256
f 1377//257 1375//257 1378//257
f 1382//258 1379//258 1383//258
f 1379//259 1380//259 1383//259
f 1383//260 1380//260 1381//260
f 1380//289 1378//289 1381//289
f 1385//262 1382//262 1386//262
f 1382//290 1383//290 1386//290
f 1386//264 1383//264 1384//264
f 1383//265 1381//265 1384//265
f 1339//266 1385//266 1341//266
f 1385//267 1386//267 1341//267
f 1341//268 1386//268 1340//268
f 1386//269 1384//269 1340//269
f 1297//270 1300//270 1370//270
f 1300//270 1367//270 1370//270
f 1322//271 1324//271 1346//271
f 1324//271 1343//271 1346//271
f 1300//272 1303//272 1367//272
f 1303//272 1364//272 1367//272
f 1339//273 1327//273 1385//273
f 1327//273 1282//273 1385//273
f 1324//274 1327//274 1343//274
f 1327//274 1339//274 1343//274
f 1303//275 1307//275 1364//275
f 1307//275 1361//275 1364//275
f 1385//276 1282//276 1382//276
f 1282//276 1286//276 1382//276
f 1307//277 1309//277 1361//277
f 1309//277 1358//277 1361//277
f 1286//278 1288//278 1382//278
f 1288//278 1379//278 1382//278
f 1309//279 1312//279 1358//279
f 1312//279 1355//279 1358//279
f 1288//280 1292//280 1379//280
f 1292//280 1376//280 1379//280
f 1312//281 1315//281 1355//281
f 1315//281 1352//281 1355//281
f 1292//282 1294//282 1376//282
f 1294//282 1373//282 1376//282
f 1315//283 1318//283 1352//283
f 1318//283 1349//283 1352//283
f 1294//284 1297//284 1373//284
f 1297//284 1370//284 1373//284
f 1394//1 1437//1 1396//1
f 1437//1 1436//1 1396//1
f 1423//141 1427//141 1454//141
f 1427//141 1451//141 1454//141
f 1442//1 1421//1 1441//1
f 1421//1 1418//1 1441//1
f 1438//1 1441//1 1409//1
f 1441//1 1411//1 1409//1
f 1426//1 1424//1 1430//1
f 1424//1 1443//1 1430//1
f 1433//1 1440//1 1388//1
f 1440//1 1437//1 1388//1
f 1441//1 1418//1 1411//1
f 1418//1 1415//1 1411//1
f 1400//1 1435//1 1403//1
f 1435//1 1406//1 1403//1
f 1430//1 1443//1 1433//1
f 1443//1 1440//1 1433//1
f 1443//1 1424//1 1442//1
f 1424//1 1421//1 1442//1
f 1388//1 1437//1 1390//1
f 1437//1 1394//1 1390//1
f 1396//1 1436//1 1400//1
f 1436//1 1435//1 1400//1
f 1435//1 1438//1 1406//1
f 1438//1 1409//1 1406//1
f 1391//142 1392//142 1393//142
f 1392//143 1395//143 1393//143
f 1392//144 1390//144 1395//144
f 1390//145 1394//145 1395//145
f 1397//146 1398//146 1399//146
f 1398//147 1401//147 1399//147
f 1398//148 1396//148 1401//148
f 1396//149 1400//149 1401//149
f 1412//150 1413//150 1414//150
f 1413//151 1416//151 1414//151
f 1413//152 1411//152 1416//152
f 1411//153 1415//153 1416//153
f 1399//154 1401//154 1402//154
f 1401//155 1404//155 1402//155
f 1401//156 1400//156 1404//156
f 1400//157 1403//157 1404//157
f 1402//158 1404//158 1405//158
f 1404//159 1407//159 1405//159
f 1404//160 1403//160 1407//160
f 1403//161 1406//161 1407//161
f 1414//162 1416//162 1417//162
f 1416//163 1419//163 1417//163
f 1416//164 1415//164 1419//164
f 1415//165 1418//165 1419//165
f 1417//166 1419//166 1420//166
f 1419//167 1422//167 1420//167
f 1419//168 1418//168 1422//168
f 1418//169 1421//169 1422//169
f 1427//170 1428//170 1429//170
f 1428//171 1431//171 1429//171
f 1428//172 1426//172 1431//172
f 1426//173 1430//173 1431//173
f 1405//174 1407//174 1408//174
f 1407//175 1410//175 1408//175
f 1407//176 1406//176 1410//176
f 1406//177 1409//177 1410//177
f 1408//178 1410//178 1412//178
f 1410//179 1413//179 1412//179
f 1410//180 1409//180 1413//180
f 1409//181 1411//181 1413//181
f 1420//182 1422//182 1423//182
f 1422//183 1425//183 1423//183
f 1422//184 1421//184 1425//184
f 1421//185 1424//185 1425//185
f 1423//186 1425//186 1427//186
f 1425//187 1428//187 1427//187
f 1425//188 1424//188 1428//188
f 1424//189 1426//189 1428//189
f 1429//190 1431//190 1432//190
f 1431//191 1434//191 1432//191
f 1431//192 1430//192 1434//192
f 1430//193 1433//193 1434//193
f 1393//194 1395//194 1397//194
f 1395//195 1398//195 1397//195
f 1395//196 1394//196 1398//196
f 1394//197 1396//197 1398//197
f 1432//198 1434//198 1387//198
f 1434//199 1389//199 1387//199
f 1434//200 1433//200 1389//200
f 1433//201 1388//201 1389//201
f 1387//202 1389//202 1391//202
f 1389//203 1392//203 1391//203
f 1389//204 1388//204 1392//204
f 1388//205 1390//205 1392//205
f 1436//1 1439//1 1435//1
f 1439//1 1438//1 1435//1
f 1439//1 1442//1 1438//1
f 1442//1 1441//1 1438//1
f 1437//1 1440//1 1436//1
f 1440//1 1439//1 1436//1
f 1440//1 1443//1 1439//1
f 1443//1 1442//1 1439//1
f 1448//206 1444//206 1449//206
f 1444//207 1446//207 1449//207
f 1449//208 1446//208 1447//208
f 1446//209 1445//209 1447//209
f 1451//210 1448//210 1452//210
f 1448//211 1449//211 1452//211
f 1452//212 1449//212 1450//212
f 1449//213 1447//213 1450//213
f 1454//214 1451//214 1455//214
f 1451//215 1452//215 1455//215
f 1455//216 1452//216 1453//216
f 1452//217 1450//217 1453//217
f 1457//218 1454//218 1458//218
f 1454//219 1455//219 1458//219
f 1458//220 1455//220 1456//220
f 1455//221 1453//221 1456//221
f 1460//222 1457//222 1461//222
f 1457//223 1458//223 1461//223
f 1461//224 1458//224 1459//224
f 1458//225 1456//225 1459//225
f 1463//226 1460//226 1464//226
f 1460//227 1461//227 1464//227
f 1464//228 1461//228 1462//228
f 1461//229 1459//229 1462//229
f 1466//230 1463//230 1467//230
f 1463//231 1464//231 1467//231
f 1467//232 1464//232 1465//232
f 1464//233 1462//233 1465//233
f 1469//234 1466//234 1470//234
f 1466//235 1467//235 1470//235
f 1470//236 1467//236 1468//236
f 1467//237 1465//237 1468//237
f 1472//238 1469//238 1473//238
f 1469//239 1470//239 1473//239
f 1473//240 1470//240 1471//240
f 1470//241 1468//241 1471//241
f 1475//242 1472//242 1476//242
f 1472//243 1473//243 1476//243
f 1476//244 1473//244 1474//244
f 1473//245 1471//245 1474//245
f 1478//246 1475//246 1479//246
f 1475//247 1476//247 1479//247
f 1479//248 1476//248 1477//248
f 1476//249 1474//249 1477//249
f 1481//288 1478//288 1482//288
f 1478//251 1479//251 1482//251
f 1482//252 1479//252 1480//252
f 1479//253 1477//253 1480//253
f 1484//254 1481//254 1485//254
f 1481//255 1482//255 1485//255
f 1485//256 1482//256 1483//256
f 1482//257 1480//257 1483//257
f 1487//258 1484//258 1488//258
f 1484//259 1485//259 1488//259
f 1488//260 1485//260 1486//260
f 1485//289 1483//289 1486//289
f 1490//262 1487//262 1491//262
f 1487//263 1488//263 1491//263
f 1491//264 1488//264 1489//264
f 1488//265 1486//265 1489//265
f 1444//266 1490//266 1446//266
f 1490//267 1491//267 1446//267
f 1446//268 1491//268 1445//268
f 1491//269 1489//269 1445//269
f 1402//270 1405//270 1475//270
f 1405//270 1472//270 1475//270
f 1427//271 1429//271 1451//271
f 1429//271 1448//271 1451//271
f 1405//272 1408//272 1472//272
f 1408//272 1469//272 1472//272
f 1444//273 1432//273 1490//273
f 1432//273 1387//273 1490//273
f 1429//274 1432//274 1448//274
f 1432//274 1444//274 1448//274
f 1408//275 1412//275 1469//275
f 1412//275 1466//275 1469//275
f 1490//276 1387//276 1487//276
f 1387//276 1391//276 1487//276
f 1412//277 1414//277 1466//277
f 1414//277 1463//277 1466//277
f 1391//278 1393//278 1487//278
f 1393//278 1484//278 1487//278
f 1414//279 1417//279 1463//279
f 1417//279 1460//279 1463//279
f 1393//280 1397//280 1484//280
f 1397//280 1481//280 1484//280
f 1417//281 1420//281 1460//281
f 1420//281 1457//281 1460//281
f 1397//282 1399//282 1481//282
f 1399//282 1478//282 1481//282
f 1420//283 1423//283 1457//283
f 1423//283 1454//283 1457//283
f 1399//284 1402//284 1478//284
f 1402//284 1475//284 1478//284
f 1499//1 1542//1 1501//1
f 1542//1 1541//1 1501//1
f 1528//141 1532//141 1559//141
f 1532//141 1556//141 1559//141
f 1547//1 1526//1 1546//1
f 1526//1 1523//1 1546//1
f 1543//1 1546//1 1514//1
f 1546//1 1516//1 1514//1
f 1531//1 1529//1 1535//1
f 1529//1 1548//1 1535//1
f 1538//1 1545//1 1493//1
f 1545//1 1542//1 1493//1
f 1546//1 1523//1 1516//1
f 1523//1 1520//1 1516//1
f 1505//1 1540//1 1508//1
f 1540//1 1511//1 1508//1
f 1535//1 1548//1 1538//1
f 1548//1 1545//1 1538//1
f 1548//1 1529//1 1547//1
f 1529//1 1526//1 1547//1
f 1493//1 1542//1 1495//1
f 1542//1 1499//1 1495//1
f 1501//1 1541//1 1505//1
f 1541//1 1540//1 1505//1
f 1540//1 1543//1 1511//1
f 1543//1 1514//1 1511//1
f 1496//142 1497//142 1498//142
f 1497//143 1500//143 1498//143
f 1497//144 1495//144 1500//144
f 1495//145 1499//145 1500//145
f 1502//146 1503//146 1504//146
f 1503//147 1506//147 1504//147
f 1503//148 1501//148 1506//148
f 1501//149 1505//149 1506//149
f 1517//150 1518//150 1519//150
f 1518//151 1521//151 1519//151
f 1518//152 1516//152 1521//152
f 1516//153 1520//153 1521//153
f 1504//154 1506//154 1507//154
f 1506//155 1509//155 1507//155
f 1506//156 1505//156 1509//156
f 1505//157 1508//157 1509//157
f 1507//158 1509//158 1510//158
f 1509//159 1512//159 1510//159
f 1509//160 1508//160 1512//160
f 1508//161 1511//161 1512//161
f 1519//162 1521//162 1522//162
f 1521//163 1524//163 1522//163
f 1521//164 1520//164 1524//164
f 1520//165 1523//165 1524//165
f 1522//166 1524//166 1525//166
f 1524//167 1527//167 1525//167
f 1524//168 1523//168 1527//168
f 1523//169 1526//169 1527//169
f 1532//170 1533//170 1534//170
f 1533//171 1536//171 1534//171
f 1533//172 1531//172 1536//172
f 1531//173 1535//173 1536//173
f 1510//174 1512//174 1513//174
f 1512//175 1515//175 1513//175
f 1512//176 1511//176 1515//176
f 1511//177 1514//177 1515//177
f 1513//178 1515//178 1517//178
f 1515//179 1518//179 1517//179
f 1515//180 1514//180 1518//180
f 1514//181 1516//181 1518//181
f 1525//182 1527//182 1528//182
f 1527//183 1530//183 1528//183
f 1527//184 1526//184 1530//184
f 1526//185 1529//185 1530//185
f 1528//186 1530//186 1532//186
f 1530//187 1533//187 1532//187
f 1530//188 1529//188 1533//188
f 1529//189 1531//189 1533//189
f 1534//190 1536//190 1537//190
f 1536//191 1539//191 1537//191
f 1536//192 1535//192 1539//192
f 1535//193 1538//193 1539//193
f 1498//194 1500//194 1502//194
f 1500//195 1503//195 1502//195
f 1500//196 1499//196 1503//196
f 1499//197 1501//197 1503//197
f 1537//198 1539//198 1492//198
f 1539//199 1494//199 1492//199
f 1539//200 1538//200 1494//200
f 1538//201 1493//201 1494//201
f 1492//202 1494//202 1496//202
f 1494//203 1497//203 1496//203
f 1494//204 1493//204 1497//204
f 1493//205 1495//205 1497//205
f 1541//1 1544//1 1540//1
f 1544//1 1543//1 1540//1
f 1544//1 1547//1 1543//1
f 1547//1 1546//1 1543//1
f 1542//1 1545//1 1541//1
f 1545//1 1544//1 1541//1
f 1545//1 1548//1 1544//1
f 1548//1 1547//1 1544//1
f 1553//206 1549//206 1554//206
f 1549//207 1551//207 1554//207
f 1554//208 1551//208 1552//208
f 1551//209 1550//209 1552//209
f 1556//210 1553//210 1557//210
f 1553//211 1554//211 1557//211
f 1557//212 1554//212 1555//212
f 1554//213 1552//213 1555//213
f 1559//214 1556//214 1560//214
f 1556//215 1557//215 1560//215
f 1560//216 1557//216 1558//216
f 1557//217 1555//217 1558//217
f 1562//218 1559//218 1563//218
f 1559//219 1560//219 1563//219
f 1563//220 1560//220 1561//220
f 1560//221 1558//221 1561//221
f 1565//222 1562//222 1566//222
f 1562//223 1563//223 1566//223
f 1566//224 1563//224 1564//224
f 1563//225 1561//225 1564//225
f 1568//226 1565//226 1569//226
f 1565//227 1566//227 1569//227
f 1569//228 1566//228 1567//228
f 1566//229 1564//229 1567//229
f 1571//230 1568//230 1572//230
f 1568//231 1569//231 1572//231
f 1572//232 1569//232 1570//232
f 1569//233 1567//233 1570//233
f 1574//234 1571//234 1575//234
f 1571//235 1572//235 1575//235
f 1575//236 1572//236 1573//236
f 1572//237 1570//237 1573//237
f 1577//238 1574//238 1578//238
f 1574//239 1575//239 1578//239
f 1578//240 1575//240 1576//240
f 1575//241 1573//241 1576//241
f 1580//242 1577//242 1581//242
f 1577//243 1578//243 1581//243
f 1581//244 1578//244 1579//244
f 1578//245 1576//245 1579//245
f 1583//246 1580//246 1584//246
f 1580//247 1581//247 1584//247
f 1584//248 1581//248 1582//248
f 1581//249 1579//249 1582//249
f 1586//288 1583//288 1587//288
f 1583//251 1584//251 1587//251
f 1587//252 1584//252 1585//252
f 1584//253 1582//253 1585//253
f 1589//254 1586//254 1590//254
f 1586//255 1587//255 1590//255
f 1590//256 1587//256 1588//256
f 1587//257 1585//257 1588//257
f 1592//258 1589//258 1593//258
f 1589//259 1590//259 1593//259
f 1593//260 1590//260 1591//260
f 1590//289 1588//289 1591//289
f 1595//262 1592//262 1596//262
f 1592//290 1593//290 1596//290
f 1596//264 1593//264 1594//264
f 1593//265 1591//265 1594//265
f 1549//266 1595//266 1551//266
f 1595//267 1596//267 1551//267
f 1551//268 1596//268 1550//268
f 1596//269 1594//269 1550//269
f 1507//270 1510//270 1580//270
f 1510//270 1577//270 1580//270
f 1532//271 1534//271 1556//271
f 1534//271 1553//271 1556//271
f 1510//272 1513//272 1577//272
f 1513//272 1574//272 1577//272
f 1549//273 1537//273 1595//273
f 1537//273 1492//273 1595//273
f 1534//274 1537//274 1553//274
f 1537//274 1549//274 1553//274
f 1513//275 1517//275 1574//275
f 1517//275 1571//275 1574//275
f 1595//276 1492//276 1592//276
f 1492//276 1496//276 1592//276
f 1517//277 1519//277 1571//277
f 1519//277 1568//277 1571//277
f 1496//278 1498//278 1592//278
f 1498//278 1589//278 1592//278
f 1519//279 1522//279 1568//279
f 1522//279 1565//279 1568//279
f 1498//280 1502//280 1589//280
f 1502//280 1586//280 1589//280
f 1522//281 1525//281 1565//281
f 1525//281 1562//281 1565//281
f 1502//282 1504//282 1586//282
f 1504//282 1583//282 1586//282
f 1525//283 1528//283 1562//283
f 1528//283 1559//283 1562//283
f 1504//284 1507//284 1583//284
f 1507//284 1580//284 1583//284
f 1604//1 1647//1 1606//1
f 1647//1 1646//1 1606//1
f 1633//141 1637//141 1664//141
f 1637//141 1661//141 1664//141
f 1652//1 1631//1 1651//1
f 1631//1 1628//1 1651//1
f 1648//1 1651//1 1619//1
f 1651//1 1621//1 1619//1
f 1636//1 1634//1 1640//1
f 1634//1 1653//1 1640//1
f 1643//1 1650//1 1598//1
f 1650//1 1647//1 1598//1
f 1651//1 1628//1 1621//1
f 1628//1 1625//1 1621//1
f 1610//1 1645//1 1613//1
f 1645//1 1616//1 1613//1
f 1640//1 1653//1 1643//1
f 1653//1 1650//1 1643//1
f 1653//1 1634//1 1652//1
f 1634//1 1631//1 1652//1
f 1598//1 1647//1 1600//1
f 1647//1 1604//1 1600//1
f 1606//1 1646//1 1610//1
f 1646//1 1645//1 1610//1
f 1645//1 1648//1 1616//1
f 1648//1 1619//1 1616//1
f 1601//142 1602//142 1603//142
f 1602//143 1605//143 1603//143
f 1602//144 1600//144 1605//144
f 1600//145 1604//145 1605//145
f 1607//146 1608//146 1609//146
f 1608//147 1611//147 1609//147
f 1608//148 1606//148 1611//148
f 1606//149 1610//149 1611//149
f 1622//150 1623//150 1624//150
f 1623//151 1626//151 1624//151
f 1623//152 1621//152 1626//152
f 1621//153 1625//153 1626//153
f 1609//154 1611//154 1612//154
f 1611//155 1614//155 1612//155
f 1611//156 1610//156 1614//156
f 1610//157 1613//157 1614//157
f 1612//158 1614//158 1615//158
f 1614//159 1617//159 1615//159
f 1614//160 1613//160 1617//160
f 1613//161 1616//161 1617//161
f 1624//162 1626//162 1627//162
f 1626//163 1629//163 1627//163
f 1626//164 1625//164 1629//164
f 1625//165 1628//165 1629//165
f 1627//166 1629//166 1630//166
f 1629//167 1632//167 1630//167
f 1629//168 1628//168 1632//168
f 1628//169 1631//169 1632//169
f 1637//170 1638//170 1639//170
f 1638//171 1641//171 1639//171
f 1638//172 1636//172 1641//172
f 1636//173 1640//173 1641//173
f 1615//174 1617//174 1618//174
f 1617//175 1620//175 1618//175
f 1617//176 1616//176 1620//176
f 1616//177 1619//177 1620//177
f 1618//178 1620//178 1622//178
f 1620//179 1623//179 1622//179
f 1620//180 1619//180 1623//180
f 1619//181 1621//181 1623//181
f 1630//182 1632//182 1633//182
f 1632//183 1635//183 1633//183
f 1632//184 1631//184 1635//184
f 1631//185 1634//185 1635//185
f 1633//186 1635//186 1637//186
f 1635//187 1638//187 1637//187
f 1635//188 1634//188 1638//188
f 1634//189 1636//189 1638//189
f 1639//190 1641//190 1642//190
f 1641//191 1644//191 1642//191
f 1641//192 1640//192 1644//192
f 1640//193 1643//193 1644//193
f 1603//194 1605//194 1607//194
f 1605//195 1608//195 1607//195
f 1605//196 1604//196 1608//196
f 1604//197 1606//197 1608//197
f 1642//198 1644//198 1597//198
f 1644//199 1599//199 1597//199
f 1644//200 1643//200 1599//200
f 1643//201 1598//201 1599//201
f 1597//202 1599//202 1601//202
f 1599//203 1602//203 1601//203
f 1599//204 1598//204 1602//204
f 1598//205 1600//205 1602//205
f 1646//1 1649//1 1645//1
f 1649//1 1648//1 1645//1
f 1649//1 1652//1 1648//1
f 1652//1 1651//1 1648//1
f 1647//1 1650//1 1646//1
f 1650//1 1649//1 1646//1
f 1650//1 1653//1 1649//1
f 1653//1 1652//1 1649//1
f 1658//206 1654//206 1659//206
f 1654//207 1656//207 1659//207
f 1659//208 1656//208 1657//208
f 1656//209 1655//209 1657//209
f 1661//210 1658//210 1662//210
f 1658//211 1659//211 1662//211
f 1662//212 1659//212 1660//212
f 1659//213 1657//213 1660//213
f 1664//214 1661//214 1665//214
f 1661//215 1662//215 1665//215
f 1665//216 1662//216 1663//216
f 1662//217 1660//217 1663//217
f 1667//218 1664//218 1668//218
f 1664//219 1665//219 1668//219
f 1668//220 1665//220 1666//220
f 1665//221 1663//221 1666//221
f 1670//222 1667//222 1671//222
f 1667//223 1668//223 1671//223
f 1671//224 1668//224 1669//224
f 1668//225 1666//225 1669//225
f 1673//226 1670//226 1674//226
f 1670//227 1671//227 1674//227
f 1674//228 1671//228 1672//228
f 1671//229 1669//229 1672//229
f 1676//230 1673//230 1677//230
f 1673//231 1674//231 1677//231
f 1677//232 1674//232 1675//232
f 1674//233 1672//233 1675//233
f 1679//234 1676//234 1680//234
f 1676//235 1677//235 1680//235
f 1680//236 1677//236 1678//236
f 1677//237 1675//237 1678//237
f 1682//238 1679//238 1683//238
f 1679//239 1680//239 1683//239
f 1683//240 1680//240 1681//240
f 1680//241 1678//241 1681//241
f 1685//242 1682//242 1686//242
f 1682//243 1683//243 1686//243
f 1686//244 1683//244 1684//244
f 1683//245 1681//245 1684//245
f 1688//246 1685//246 1689//246
f 1685//247 1686//247 1689//247
f 1689//248 1686//248 1687//248
f 1686//249 1684//249 1687//249
f 1691//250 1688//250 1692//250
f 1688//251 1689//251 1692//251
f 1692//252 1689//252 1690//252
f 1689//253 1687//253 1690//253
f 1694//254 1691//254 1695//254
f 1691//255 1692//255 1695//255
f 1695//256 1692//256 1693//256
f 1692//257 1690//257 1693//257
f 1697//258 1694//258 1698//258
f 1694//259 1695//259 1698//259
f 1698//260 1695//260 1696//260
f 1695//261 1693//261 1696//261
f 1700//262 1697//262 1701//262
f 1697//263 1698//263 1701//263
f 1701//264 1698//264 1699//264
f 1698//265 1696//265 1699//265
f 1654//266 1700//266 1656//266
f 1700//267 1701//267 1656//267
f 1656//268 1701//268 1655//268
f 1701//269 1699//269 1655//269
f 1612//270 1615//270 1685//270
f 1615//270 1682//270 1685//270
f 1637//271 1639//271 1661//271
f 1639//271 1658//271 1661//271
f 1615//272 1618//272 1682//272
f 1618//272 1679//272 1682//272
f 1654//273 1642//273 1700//273
f 1642//273 1597//273 1700//273
f 1639//274 1642//274 1658//274
f 1642//274 1654//274 1658//274
f 1618//275 1622//275 1679//275
f 1622//275 1676//275 1679//275
f 1700//276 1597//276 1697//276
f 1597//276 1601//276 1697//276
f 1622//277 1624//277 1676//277
f 1624//277 1673//277 1676//277
f 1601//278 1603//278 1697//278
f 1603//278 1694//278 1697//278
f 1624//279 1627//279 1673//279
f 1627//279 1670//279 1673//279
f 1603//280 1607//280 1694//280
f 1607//280 1691//280 1694//280
f 1627//281 1630//281 1670//281
f 1630//281 1667//281 1670//281
f 1607//282 1609//282 1691//282
f 1609//282 1688//282 1691//282
f 1630//283 1633//283 1667//283
f 1633//283 1664//283 1667//283
f 1609//284 1612//284 1688//284
f 1612//284 1685//284 1688//284
f 1709//1 1752//1 1711//1
f 1752//1 1751//1 1711//1
f 1738//141 1742//141 1769//141
f 1742//141 1766//141 1769//141
f 1757//1 1736//1 1756//1
f 1736//1 1733//1 1756//1
f 1753//1 1756//1 1724//1
f 1756//1 1726//1 1724//1
f 1741//1 1739//1 1745//1
f 1739//1 1758//1 1745//1
f 1748//1 1755//1 1703//1
f 1755//1 1752//1 1703//1
f 1756//1 1733//1 1726//1
f 1733//1 1730//1 1726//1
f 1715//1 1750//1 1718//1
f 1750//1 1721//1 1718//1
f 1745//1 1758//1 1748//1
f 1758//1 1755//1 1748//1
f 1758//1 1739//1 1757//1
f 1739//1 1736//1 1757//1
f 1703//1 1752//1 1705//1
f 1752//1 1709//1 1705//1
f 1711//1 1751//1 1715//1
f 1751//1 1750//1 1715//1
f 1750//1 1753//1 1721//1
f 1753//1 1724//1 1721//1
f 1706//142 1707//142 1708//142
f 1707//143 1710//143 1708//143
f 1707//144 1705//144 1710//144
f 1705//145 1709//145 1710//145
f 1712//146 1713//146 1714//146
f 1713//147 1716//147 1714//147
f 1713//148 1711//148 1716//148
f 1711//149 1715//149 1716//149
f 1727//150 1728//150 1729//150
f 1728//151 1731//151 1729//151
f 1728//152 1726//152 1731//152
f 1726//153 1730//153 1731//153
f 1714//154 1716//154 1717//154
f 1716//155 1719//155 1717//155
f 1716//156 1715//156 1719//156
f 1715//157 1718//157 1719//157
f 1717//158 1719//158 1720//158
f 1719//159 1722//159 1720//159
f 1719//160 1718//160 1722//160
f 1718//161 1721//161 1722//161
f 1729//162 1731//162 1732//162
f 1731//163 1734//163 1732//163
f 1731//164 1730//164 1734//164
f 1730//165 1733//165 1734//165
f 1732//166 1734//166 1735//166
f 1734//167 1737//167 1735//167
f 1734//168 1733//168 1737//168
f 1733//169 1736//169 1737//169
f 1742//170 1743//170 1744//170
f 1743//171 1746//171 1744//171
f 1743//172 1741//172 1746//172
f 1741//173 1745//173 1746//173
f 1720//174 1722//174 1723//174
f 1722//175 1725//175 1723//175
f 1722//176 1721//176 1725//176
f 1721//177 1724//177 1725//177
f 1723//178 1725//178 1727//178
f 1725//179 1728//179 1727//179
f 1725//180 1724//180 1728//180
f 1724//181 1726//181 1728//181
f 1735//182 1737//182 1738//182
f 1737//183 1740//183 1738//183
f 1737//184 1736//184 1740//184
f 1736//185 1739//185 1740//185
f 1738//186 1740//186 1742//186
f 1740//187 1743//187 1742//187
f 1740//188 1739//188 1743//188
f 1739//189 1741//189 1743//189
f 1744//190 1746//190 1747//190
f 1746//191 1749//191 1747//191
f 1746//192 1745//192 1749//192
f 1745//193 1748//193 1749//193
f 1708//194 1710//194 1712//194
f 1710//195 1713//195 1712//195
f 1710//196 1709//196 1713//196
f 1709//197 1711//197 1713//197
f 1747//198 1749//198 1702//198
f 1749//199 1704//199 1702//199
f 1749//200 1748//200 1704//200
f 1748//201 1703//201 1704//201
f 1702//202 1704//202 1706//202
f 1704//203 1707//203 1706//203
f 1704//204 1703//204 1707//204
f 1703//205 1705//205 1707//205
f 1751//1 1754//1 1750//1
f 1754//1 1753//1 1750//1
f 1754//1 1757//1 1753//1
f 1757//1 1756//1 1753//1
f 1752//1 1755//1 1751//1
f 1755//1 1754//1 1751//1
f 1755//1 1758//1 1754//1
f 1758//1 1757//1 1754//1
f 1763//206 1759//206 1764//206
f 1759//207 1761//207 1764//207
f 1764//208 1761//208 1762//208
f 1761//209 1760//209 1762//209
f 1766//210 1763//210 1767//210
f 1763//211 1764//211 1767//211
f 1767//212 1764//212 1765//212
f 1764//213 1762//213 1765//213
f 1769//214 1766//214 1770//214
f 1766//215 1767//215 1770//215
f 1770//216 1767//216 1768//216
f 1767//217 1765//217 1768//217
f 1772//285 1769//285 1773//285
f 1769//219 1770//219 1773//219
f 1773//220 1770//220 1771//220
f 1770//221 1768//221 1771//221
f 1775//222 1772//222 1776//222
f 1772//223 1773//223 1776//223
f 1776//224 1773//224 1774//224
f 1773//225 1771//225 1774//225
f 1778//226 1775//226 1779//226
f 1775//227 1776//227 1779//227
f 1779//228 1776//228 1777//228
f 1776//286 1774//286 1777//286
f 1781//230 1778//230 1782//230
f 1778//287 1779//287 1782//287
f 1782//232 1779//232 1780//232
f 1779//233 1777//233 1780//233
f 1784//234 1781//234 1785//234
f 1781//235 1782//235 1785//235
f 1785//236 1782//236 1783//236
f 1782//237 1780//237 1783//237
f 1787//238 1784//238 1788//238
f 1784//239 1785//239 1788//239
f 1788//240 1785//240 1786//240
f 1785//241 1783//241 1786//241
f 1790//242 1787//242 1791//242
f 1787//243 1788//243 1791//243
f 1791//244 1788//244 1789//244
f 1788//245 1786//245 1789//245
f 1793//246 1790//246 1794//246
f 1790//247 1791//247 1794//247
f 1794//248 1791//248 1792//248
f 1791//249 1789//249 1792//249
f 1796//288 1793//288 1797//288
f 1793//251 1794//251 1797//251
f 1797//252 1794//252 1795//252
f 1794//253 1792//253 1795//253
f 1799//254 1796//254 1800//254
f 1796//255 1797//255 1800//255
f 1800//256 1797//256 1798//256
f 1797//257 1795//257 1798//257
f 1802//258 1799//258 1803//258
f 1799//259 1800//259 1803//259
f 1803//260 1800//260 1801//260
f 1800//289 1798//289 1801//289
f 1805//262 1802//262 1806//262
f 1802//290 1803//290 1806//290
f 1806//264 1803//264 1804//264
f 1803//265 1801//265 1804//265
f 1759//266 1805//266 1761//266
f 1805//267 1806//267 1761//267
f 1761//268 1806//268 1760//268
f 1806//269 1804//269 1760//269
f 1717//270 1720//270 1790//270
f 1720//270 1787//270 1790//270
f 1742//271 1744//271 1766//271
f 1744//271 1763//271 1766//271
f 1720//272 1723//272 1787//272
f 1723//272 1784//272 1787//272
f 1759//273 1747//273 1805//273
f 1747//273 1702//273 1805//273
f 1744//274 1747//274 1763//274
f 1747//274 1759//274 1763//274
f 1723//275 1727//275 1784//275
f 1727//275 1781//275 1784//275
f 1805//276 1702//276 1802//276
f 1702//276 1706//276 1802//276
f 1727//277 1729//277 1781//277
f 1729//277 1778//277 1781//277
f 1706//278 1708//278 1802//278
f 1708//278 1799//278 1802//278
f 1729//279 1732//279 1778//279
f 1732//279 1775//279 1778//279
f 1708//280 1712//280 1799//280
f 1712//280 1796//280 1799//280
f 1732//281 1735//281 1775//281
f 1735//281 1772//281 1775//281
f 1712//282 1714//282 1796//282
f 1714//282 1793//282 1796//282
f 1735//283 1738//283 1772//283
f 1738//283 1769//283 1772//283
f 1714//284 1717//284 1793//284
f 1717//284 1790//284 1793//284
f 1893//270 1890//270 1825//270
f 1890//270 1824//270 1825//270
f 1852//291 1811//291 1849//291
f 1811//291 1810//291 1849//291
f 1864//292 1815//292 1861//292
f 1815//292 1814//292 1861//292
f 1858//293 1813//293 1855//293
f 1813//293 1812//293 1855//293
f 1849//294 1810//294 1846//294
f 1810//294 1809//294 1846//294
f 1876//295 1819//295 1873//295
f 1819//295 1818//295 1873//295
f 1839//296 1807//296 1885//296
f 1807//296 1822//296 1885//296
f 1873//297 1818//297 1870//297
f 1818//297 1817//297 1870//297
f 1855//298 1812//298 1852//298
f 1812//298 1811//298 1852//298
f 1846//299 1809//299 1843//299
f 1809//299 1808//299 1843//299
f 1885//300 1822//300 1882//300
f 1822//300 1821//300 1882//300
f 1879//301 1820//301 1876//301
f 1820//301 1819//301 1876//301
f 1870//302 1817//302 1867//302
f 1817//302 1816//302 1867//302
f 1861//303 1814//303 1858//303
f 1814//303 1813//303 1858//303
f 1867//304 1816//304 1864//304
f 1816//304 1815//304 1864//304
f 1882//305 1821//305 1879//305
f 1821//305 1820//305 1879//305
f 1914//274 1911//274 1832//274
f 1911//274 1831//274 1832//274
f 1843//306 1808//306 1839//306
f 1808//306 1807//306 1839//306
f 1917//271 1914//271 1833//271
f 1914//271 1832//271 1833//271
f 1896//284 1893//284 1826//284
f 1893//284 1825//284 1826//284
f 1920//141 1917//141 1834//141
f 1917//141 1833//141 1834//141
f 1899//282 1896//282 1827//282
f 1896//282 1826//282 1827//282
f 1923//283 1920//283 1835//283
f 1920//283 1834//283 1835//283
f 1902//280 1899//280 1828//280
f 1899//280 1827//280 1828//280
f 1926//281 1923//281 1836//281
f 1923//281 1835//281 1836//281
f 1905//278 1902//278 1829//278
f 1902//278 1828//278 1829//278
f 1929//279 1926//279 1837//279
f 1926//279 1836//279 1837//279
f 1908//276 1905//276 1830//276
f 1905//276 1829//276 1830//276
f 1932//277 1929//277 1838//277
f 1929//277 1837//277 1838//277
f 1911//273 1908//273 1831//273
f 1908//273 1830//273 1831//273
f 1869//33 1866//33 1918//33
f 1866//33 1915//33 1918//33
f 1848//33 1845//33 1897//33
f 1845//33 1894//33 1897//33
f 1872//33 1869//33 1921//33
f 1869//33 1918//33 1921//33
f 1897//33 1900//33 1848//33
f 1900//33 1851//33 1848//33
f 1872//33 1921//33 1875//33
f 1921//33 1924//33 1875//33
f 1854//33 1851//33 1903//33
f 1851//33 1900//33 1903//33
f 1924//33 1927//33 1875//33
f 1927//33 1878//33 1875//33
f 1857//33 1854//33 1906//33
f 1854//33 1903//33 1906//33
f 1930//33 1881//33 1927//33
f 1881//33 1878//33 1927//33
f 1860//33 1857//33 1909//33
f 1857//33 1906//33 1909//33
f 1884//33 1881//33 1933//33
f 1881//33 1930//33 1933//33
f 1860//33 1909//33 1863//33
f 1909//33 1912//33 1863//33
f 1884//33 1933//33 1840//33
f 1933//33 1887//33 1840//33
f 1890//272 1888//272 1824//272
f 1888//272 1823//272 1824//272
f 1912//33 1915//33 1863//33
f 1915//33 1866//33 1863//33
f 1891//33 1894//33 1842//33
f 1894//33 1845//33 1842//33
f 1843//307 1839//307 1844//307
f 1839//308 1841//308 1844//308
f 1844//309 1841//309 1842//309
f 1841//310 1840//310 1842//310
f 1846//311 1843//311 1847//311
f 1843//312 1844//312 1847//312
f 1847//313 1844//313 1845//313
f 1844//314 1842//314 1845//314
f 1849//315 1846//315 1850//315
f 1846//316 1847//316 1850//316
f 1850//317 1847//317 1848//317
f 1847//318 1845//318 1848//318
f 1852//319 1849//319 1853//319
f 1849//320 1850//320 1853//320
f 1853//321 1850//321 1851//321
f 1850//322 1848//322 1851//322
f 1855//323 1852//323 1856//323
f 1852//324 1853//324 1856//324
f 1856//325 1853//325 1854//325
f 1853//326 1851//326 1854//326
f 1858//327 1855//327 1859//327
f 1855//328 1856//328 1859//328
f 1859//329 1856//329 1857//329
f 1856//330 1854//330 1857//330
f 1861//331 1858//331 1862//331
f 1858//332 1859//332 1862//332
f 1862//333 1859//333 1860//333
f 1859//334 1857//334 1860//334
f 1864//335 1861//335 1865//335
f 1861//336 1862//336 1865//336
f 1865//337 1862//337 1863//337
f 1862//338 1860//338 1863//338
f 1867//339 1864//339 1868//339
f 1864//340 1865//340 1868//340
f 1868//341 1865//341 1866//341
f 1865//342 1863//342 1866//342
f 1870//343 1867//343 1871//343
f 1867//344 1868//344 1871//344
f 1871//345 1868//345 1869//345
f 1868//346 1866//346 1869//346
f 1873//347 1870//347 1874//347
f 1870//348 1871//348 1874//348
f 1874//349 1871//349 1872//349
f 1871//350 1869//350 1872//350
f 1876//351 1873//351 1877//351
f 1873//352 1874//352 1877//352
f 1877//353 1874//353 1875//353
f 1874//354 1872//354 1875//354
f 1879//355 1876//355 1880//355
f 1876//356 1877//356 1880//356
f 1880//357 1877//357 1878//357
f 1877//358 1875//358 1878//358
f 1882//359 1879//359 1883//359
f 1879//360 1880//360 1883//360
f 1883//361 1880//361 1881//361
f 1880//362 1878//362 1881//362
f 1885//363 1882//363 1886//363
f 1882//364 1883//364 1886//364
f 1886//365 1883//365 1884//365
f 1883//366 1881//366 1884//366
f 1839//367 1885//367 1841//367
f 1885//368 1886//368 1841//368
f 1841//369 1886//369 1840//369
f 1886//370 1884//370 1840//370
f 1888//275 1932//275 1823//275
f 1932//275 1838//275 1823//275
f 1888//371 1890//371 1889//371
f 1890//372 1892//372 1889//372
f 1889//373 1892//373 1887//373
f 1892//374 1891//374 1887//374
f 1890//375 1893//375 1892//375
f 1893//376 1895//376 1892//376
f 1892//377 1895//377 1891//377
f 1895//378 1894//378 1891//378
f 1893//379 1896//379 1895//379
f 1896//380 1898//380 1895//380
f 1895//381 1898//381 1894//381
f 1898//382 1897//382 1894//382
f 1896//383 1899//383 1898//383
f 1899//384 1901//384 1898//384
f 1898//385 1901//385 1897//385
f 1901//386 1900//386 1897//386
f 1899//387 1902//387 1901//387
f 1902//388 1904//388 1901//388
f 1901//389 1904//389 1900//389
f 1904//390 1903//390 1900//390
f 1902//391 1905//391 1904//391
f 1905//392 1907//392 1904//392
f 1904//393 1907//393 1903//393
f 1907//394 1906//394 1903//394
f 1905//395 1908//395 1907//395
f 1908//396 1910//396 1907//396
f 1907//397 1910//397 1906//397
f 1910//398 1909//398 1906//398
f 1908//399 1911//399 1910//399
f 1911//400 1913//400 1910//400
f 1910//401 1913//401 1909//401
f 1913//402 1912//402 1909//402
f 1911//403 1914//403 1913//403
f 1914//404 1916//404 1913//404
f 1913//405 1916//405 1912//405
f 1916//406 1915//406 1912//406
f 1914//407 1917//407 1916//407
f 1917//408 1919//408 1916//408
f 1916//409 1919//409 1915//409
f 1919//410 1918//410 1915//410
f 1917//411 1920//411 1919//411
f 1920//412 1922//412 1919//412
f 1919//413 1922//413 1918//413
f 1922//414 1921//414 1918//414
f 1920//415 1923//415 1922//415
f 1923//416 1925//416 1922//416
f 1922//417 1925//417 1921//417
f 1925//418 1924//418 1921//418
f 1923//419 1926//419 1925//419
f 1926//420 1928//420 1925//420
f 1925//421 1928//421 1924//421
f 1928//422 1927//422 1924//422
f 1926//423 1929//423 1928//423
f 1929//424 1931//424 1928//424
f 1928//425 1931//425 1927//425
f 1931//426 1930//426 1927//426
f 1929//427 1932//427 1931//427
f 1932//428 1934//428 1931//428
f 1931//429 1934//429 1930//429
f 1934//430 1933//430 1930//430
f 1932//431 1888//431 1934//431
f 1888//432 1889//432 1934//432
f 1934//433 1889//433 1933//433
f 1889//434 1887//434 1933//434
f 1887//33 1891//33 1840//33
f 1891//33 1842//33 1840//33
