# Blender 4.3.2
# www.blender.org
mtllib tire.mtl
o Part.1
v 0.960000 7.238000 -0.953001
v 2.830000 10.022000 -0.936001
v 2.830000 10.440000 -0.991001
v 4.042000 9.842000 -0.930001
v 4.000000 10.205000 -0.965001
v 4.042000 9.880000 -0.362001
v 4.904000 9.340000 -0.344001
v 4.000000 10.243000 -0.376001
v 4.904000 9.305000 -0.884001
v 4.960000 9.220000 -1.214001
v 4.960000 7.238000 -0.953001
v 3.474000 10.374000 -0.380001
v 3.590000 9.988000 -0.380001
v 2.505000 10.428000 -1.185001
v 2.643000 10.439000 -1.046001
v 2.450000 9.994000 -1.316001
v 2.505000 10.010000 -1.130001
v 2.643000 9.983000 -1.314001
v 2.643000 10.022000 -0.991001
v 2.830000 9.973000 -1.313001
v 3.145000 10.458000 -0.190001
v 3.284000 10.420000 -0.329001
v 3.270000 10.076000 -0.190001
v 3.409000 10.034000 -0.329001
v 0.960000 7.051000 -1.889001
v 1.799000 9.701000 -4.018001
v 0.300000 9.701000 -4.018001
v 2.199000 9.512000 -3.940001
v 0.300000 10.142000 -2.718001
v 0.228000 10.044000 -2.691001
v 2.199000 9.945000 -2.665001
v 1.999000 9.945000 -2.665001
v 1.799000 10.142000 -2.718001
v 2.399000 10.142000 -2.718001
v 3.094000 10.119000 -2.712001
v 2.830000 9.438000 -3.498001
v 2.830000 9.828000 -3.659001
v 4.042000 9.266000 -3.446001
v 4.000000 9.607000 -3.573001
v 4.042000 9.450000 -2.907001
v 4.904000 8.933000 -2.750001
v 3.199000 9.766000 -2.617001
v 4.000000 9.797000 -3.014001
v 4.904000 8.759000 -3.262001
v 4.960000 7.051000 -1.889001
v 4.036000 9.147000 -3.789001
v 4.960000 8.983000 -2.407001
v 4.036000 9.563000 -2.562001
v 3.474000 9.923000 -3.052001
v 3.590000 9.549000 -2.952001
v 2.450000 9.702000 -4.019001
v 2.505000 9.766000 -3.843001
v 2.643000 9.813000 -3.712001
v 2.450000 9.313000 -3.857001
v 2.505000 9.377000 -3.682001
v 2.643000 9.424000 -3.551001
v 2.830000 10.130000 -2.714001
v 0.750000 6.617000 -1.773000
v 0.750000 6.329000 -2.621001
v 3.145000 10.053000 -2.890001
v 3.284000 9.980000 -3.015001
v 3.270000 9.683000 -2.791001
v 3.409000 9.607000 -2.915001
v 3.590000 9.671000 -2.591001
v 3.409000 9.715000 -2.603001
v 2.643000 10.135000 -2.716001
v 1.799000 10.410000 -1.371001
v 0.300000 10.410000 -1.371001
v 0.230000 10.312000 -1.358001
v 2.199000 10.207000 -1.344001
v 1.999000 10.207000 -1.344001
v 2.399000 10.410000 -1.371001
v 2.830000 9.923000 -1.690001
v 2.830000 10.341000 -1.745001
v 4.042000 9.748000 -1.649001
v 4.000000 10.106000 -1.709001
v 4.042000 9.637000 -2.207001
v 4.904000 9.111000 -2.085001
v 4.000000 9.991000 -2.288001
v 4.904000 9.216000 -1.555001
v 4.036000 9.816000 -1.292001
v 3.474000 10.119000 -2.318001
v 3.590000 9.746000 -2.218001
v 2.450000 10.412000 -1.371001
v 2.505000 10.379000 -1.555001
v 2.643000 10.354000 -1.691001
v 2.505000 9.961000 -1.500001
v 2.643000 9.937000 -1.636001
v 0.750000 6.791000 -0.894001
v 3.145000 10.151000 -2.523001
v 3.284000 10.150000 -2.379001
v 3.270000 9.782000 -2.424001
v 3.409000 9.777000 -2.279001
v 0.960000 6.322000 -3.650001
v 1.799000 8.329999 -6.392001
v 0.300000 8.329999 -6.392001
v 0.230000 8.251999 -6.332000
v 2.199000 8.168000 -6.267001
v 2.399000 8.329999 -6.392001
v 0.300000 9.093000 -5.250000
v 0.228000 9.005000 -5.199000
v 2.199000 8.916000 -5.148000
v 1.999000 8.916000 -5.148000
v 1.799000 9.093000 -5.250000
v 2.399000 9.093000 -5.250000
v 3.094000 9.073000 -5.238000
v 2.830000 8.211000 -5.822001
v 2.830000 8.546000 -6.078001
v 4.042000 8.059000 -5.727001
v 4.000000 8.355000 -5.938001
v 4.042000 8.375000 -5.254001
v 4.904000 7.916999 -4.968000
v 3.199000 8.756000 -5.055000
v 4.000000 8.683000 -5.447001
v 4.904000 7.616000 -5.418001
v 4.960000 6.322000 -3.650001
v 4.036000 7.855000 -6.027000
v 4.960000 8.054000 -4.650001
v 4.036000 8.574000 -4.950000
v 4.960000 5.790999 -4.444000
v 3.474000 8.794000 -5.516000
v 3.590000 8.460000 -5.323000
v 2.505000 8.439000 -6.240000
v 2.643000 8.518000 -6.126000
v 2.505000 8.104000 -5.983000
v 2.643000 7.987999 -6.130001
v 2.643000 8.183000 -5.869000
v 2.830000 9.082000 -5.243001
v 0.750000 5.932000 -3.425000
v 3.145000 8.962000 -5.394001
v 3.284000 8.860000 -5.495000
v 3.270000 8.631000 -5.202001
v 3.409000 8.525000 -5.302001
v 3.590000 8.671000 -5.006001
v 3.409000 8.710000 -5.029000
v 2.643000 9.087000 -5.246000
v 0.960000 6.744000 -2.794000
v 0.230000 9.610000 -3.980001
v 1.999000 9.512000 -3.940001
v 2.399000 9.701000 -4.018001
v 2.830000 9.148000 -4.200000
v 2.830000 9.537000 -4.362001
v 4.042000 8.989000 -4.115000
v 4.000000 9.320000 -4.267001
v 4.042000 8.738000 -4.626000
v 4.904000 8.261000 -4.372001
v 4.000000 9.059000 -4.796000
v 4.904000 8.500000 -3.887001
v 4.960000 8.592000 -3.559001
v 4.960000 6.744000 -2.794000
v 3.474000 9.174000 -4.858000
v 3.590000 8.840000 -4.665000
v 2.505000 9.623000 -4.188001
v 2.643000 9.564000 -4.314001
v 2.505000 9.234000 -4.027000
v 2.643000 9.303000 -3.853001
v 2.643000 9.174000 -4.152000
v 2.830000 9.293000 -3.849001
v 3.145000 9.152000 -5.065001
v 3.284000 9.189000 -4.925001
v 3.270000 8.821000 -4.873001
v 3.409000 8.854000 -4.732000
v 0.960000 4.443999 -5.791000
v 0.960000 5.162000 -5.162001
v 0.300000 6.392000 -8.330001
v 2.399000 6.392000 -8.330001
v 0.300000 7.425000 -7.425001
v 0.228000 7.353000 -7.353001
v 2.199000 7.280000 -7.280001
v 1.999000 7.280000 -7.280001
v 1.799000 7.425000 -7.425001
v 2.399000 7.425000 -7.425001
v 3.094000 7.408000 -7.408000
v 2.830000 6.425000 -7.749001
v 2.830000 6.681000 -8.083001
v 4.042000 6.302000 -7.617001
v 4.000000 6.533999 -7.898000
v 4.042000 6.730000 -7.243001
v 4.904000 6.361000 -6.848001
v 3.199000 7.149000 -7.149001
v 4.000000 6.977000 -7.509000
v 4.904000 5.954000 -7.204000
v 4.960000 5.162000 -5.162001
v 4.960000 5.660999 -7.378000
v 4.960000 6.576000 -6.576001
v 4.036000 7.000000 -7.000000
v 4.960000 4.443999 -5.791000
v 3.474000 7.066999 -7.605000
v 3.590000 6.794000 -7.331000
v 2.505000 6.535999 -8.211001
v 2.643000 6.642000 -8.121001
v 2.450000 6.136000 -7.997001
v 2.505000 6.280000 -7.877000
v 2.643000 6.386000 -7.787001
v 2.830000 7.414999 -7.415000
v 0.750000 4.843999 -4.844000
v 3.145000 7.261000 -7.529000
v 3.284000 7.135000 -7.601000
v 3.270000 6.989999 -7.259000
v 3.409000 6.862000 -7.328001
v 3.590000 7.079999 -7.080000
v 3.409000 7.112000 -7.112000
v 2.643000 7.419000 -7.419001
v 0.960000 5.790999 -4.444000
v 1.999000 8.168000 -6.267001
v 2.830000 7.749000 -6.425001
v 2.830000 8.082999 -6.681001
v 4.042000 7.617000 -6.302001
v 4.000000 7.897999 -6.534000
v 4.042000 7.243000 -6.730000
v 4.904000 6.848000 -6.361001
v 4.000000 7.508999 -6.977001
v 4.904000 7.204000 -5.954000
v 4.960000 7.377999 -5.661000
v 3.474000 7.605000 -7.067000
v 3.590000 7.330999 -6.794001
v 2.450000 8.330999 -6.393001
v 2.505000 8.210999 -6.536000
v 2.643000 8.120999 -6.642001
v 2.450000 7.997000 -6.136001
v 2.505000 7.876999 -6.280001
v 2.643000 7.787000 -6.386001
v 2.830000 7.980000 -6.123001
v 0.750000 5.434000 -4.170001
v 3.145000 7.528999 -7.261001
v 3.284000 7.600999 -7.135001
v 3.270000 7.258999 -6.990000
v 3.409000 7.328000 -6.862000
v 0.960000 2.793999 -6.744000
v 0.960000 3.650000 -6.322001
v 1.799000 4.017999 -9.701000
v 0.300000 4.017999 -9.701000
v 2.399000 4.017999 -9.701000
v 0.300000 5.250000 -9.093000
v 0.228000 5.198999 -9.005000
v 2.199000 5.147999 -8.916000
v 1.999000 5.147999 -8.916000
v 1.799000 5.250000 -9.093000
v 2.399000 5.250000 -9.093000
v 3.094000 5.237999 -9.073000
v 2.830000 4.199999 -9.148000
v 2.830000 4.361999 -9.537000
v 4.042000 4.114999 -8.989000
v 4.000000 4.267000 -9.320000
v 4.042000 4.625999 -8.738000
v 4.904000 4.372000 -8.261000
v 3.199000 5.054999 -8.756000
v 4.000000 4.796000 -9.059000
v 4.904000 3.886999 -8.500000
v 4.960000 3.650000 -6.322001
v 4.036000 3.788999 -9.147000
v 4.960000 4.650000 -8.054000
v 4.036000 4.949999 -8.574000
v 4.960000 2.793999 -6.744000
v 3.474000 4.857999 -9.174000
v 3.590000 4.664999 -8.840000
v 2.505000 4.187999 -9.623000
v 2.643000 4.313999 -9.564000
v 2.450000 3.856999 -9.313000
v 2.505000 4.026999 -9.234000
v 2.643000 4.151999 -9.174000
v 2.830000 3.848999 -9.293000
v 2.830000 5.243000 -9.082000
v 0.750000 3.424999 -5.932001
v 3.145000 5.065000 -9.152000
v 3.284000 4.925000 -9.189000
v 3.270000 4.873000 -8.821000
v 3.409000 4.731999 -8.854000
v 3.590000 5.006000 -8.671000
v 3.409000 5.028999 -8.710000
v 2.643000 5.245999 -9.087000
v 1.799000 6.392000 -8.330001
v 0.230000 6.331999 -8.252001
v 2.199000 6.267000 -8.168000
v 1.999000 6.267000 -8.168000
v 2.830000 5.822000 -8.211000
v 2.830000 6.078000 -8.546000
v 4.042000 5.727000 -8.059000
v 4.000000 5.938000 -8.355000
v 4.042000 5.254000 -8.375000
v 4.904000 4.967999 -7.917000
v 4.000000 5.447000 -8.683000
v 4.904000 5.418000 -7.616001
v 4.036000 6.026999 -7.855000
v 3.474000 5.515999 -8.794000
v 3.590000 5.322999 -8.460000
v 2.450000 6.393000 -8.331001
v 2.505000 6.239999 -8.439000
v 2.643000 6.125999 -8.518000
v 2.505000 5.982999 -8.104000
v 2.643000 6.130000 -7.988000
v 2.643000 5.868999 -8.183000
v 2.830000 6.123000 -7.980000
v 0.750000 4.170000 -5.434000
v 3.145000 5.394000 -8.962000
v 3.284000 5.494999 -8.860000
v 3.270000 5.202000 -8.631000
v 3.409000 5.302000 -8.525000
v 0.960000 1.889000 -7.051000
v 1.999000 1.343999 -10.207000
v 2.399000 1.370999 -10.410000
v 0.300000 2.717999 -10.142000
v 0.228000 2.690999 -10.044000
v 2.199000 2.664999 -9.945000
v 1.999000 2.664999 -9.945000
v 1.799000 2.717999 -10.142000
v 2.399000 2.717999 -10.142000
v 3.094000 2.710999 -10.119000
v 2.830000 1.689999 -9.923000
v 2.830000 1.744999 -10.341000
v 4.042000 1.648999 -9.748000
v 4.000000 1.708999 -10.106000
v 4.042000 2.206999 -9.637000
v 4.904000 2.084999 -9.111000
v 3.199000 2.616999 -9.766000
v 4.000000 2.287999 -9.991000
v 4.904000 1.554999 -9.216000
v 4.960000 1.889000 -7.051000
v 4.960000 2.406999 -8.983000
v 4.036000 2.561999 -9.563000
v 4.960000 0.952999 -7.238000
v 3.474000 2.317999 -10.119000
v 3.590000 2.217999 -9.746000
v 2.505000 1.554999 -10.379000
v 2.643000 1.690999 -10.354000
v 2.505000 1.499999 -9.961000
v 2.643000 1.635999 -9.937000
v 2.830000 2.713999 -10.130000
v 0.750000 1.773000 -6.617000
v 0.750000 0.893999 -6.791000
v 3.145000 2.522999 -10.151000
v 3.284000 2.378999 -10.150000
v 3.270000 2.423999 -9.782000
v 3.409000 2.278999 -9.777000
v 3.590000 2.590999 -9.671000
v 3.409000 2.602999 -9.715000
v 2.643000 2.715999 -10.135000
v 0.230000 3.979999 -9.610000
v 2.199000 3.939999 -9.512000
v 1.999000 3.939999 -9.512000
v 2.830000 3.497999 -9.438000
v 2.830000 3.658999 -9.828000
v 4.042000 3.445999 -9.266000
v 4.000000 3.572999 -9.607000
v 4.042000 2.906999 -9.450000
v 4.904000 2.749999 -8.933000
v 4.000000 3.013999 -9.797000
v 4.904000 3.261999 -8.759000
v 4.960000 3.558999 -8.592000
v 3.474000 3.051999 -9.923000
v 3.590000 2.951999 -9.549000
v 2.450000 4.018999 -9.702000
v 2.505000 3.842999 -9.766000
v 2.643000 3.711999 -9.813000
v 2.505000 3.681999 -9.377000
v 2.643000 3.852999 -9.303000
v 2.643000 3.550999 -9.424000
v 0.750000 2.621000 -6.329000
v 3.145000 2.889999 -10.053000
v 3.284000 3.014999 -9.980000
v 3.270000 2.790999 -9.683000
v 3.409000 2.914999 -9.607000
v 0.960000 0.952999 -7.238000
v 1.799000 1.370999 -10.410000
v 0.300000 1.370999 -10.410000
v 0.230000 1.357999 -10.312000
v 2.199000 1.343999 -10.207000
v 2.830000 0.935999 -10.022000
v 2.830000 0.990999 -10.440000
v 4.042000 0.929999 -9.842000
v 4.000000 0.964999 -10.205000
v 4.042000 0.361999 -9.880000
v 4.904000 0.343999 -9.340000
v 4.000000 0.375999 -10.243000
v 4.904000 0.883999 -9.305000
v 4.960000 1.213999 -9.220000
v 4.036000 1.291999 -9.816000
v 3.474000 0.379999 -10.374000
v 3.590000 0.379999 -9.988000
v 2.450000 1.370999 -10.412000
v 2.505000 1.184999 -10.428000
v 2.643000 1.045999 -10.439000
v 2.450000 1.315999 -9.994000
v 2.505000 1.129999 -10.010000
v 2.643000 1.313999 -9.983000
v 2.643000 0.990999 -10.022000
v 2.830000 1.312999 -9.973000
v 3.145000 0.189999 -10.458000
v 3.284000 0.328999 -10.420000
v 3.270000 0.189999 -10.076000
v 3.409000 0.328999 -10.034000
v -0.960000 7.238000 -0.953001
v -2.830000 10.022000 -0.936001
v -2.830000 10.440000 -0.991001
v -4.042000 9.842000 -0.930001
v -4.000000 10.205000 -0.965001
v -4.042000 9.880000 -0.362001
v -4.904000 9.340000 -0.344001
v -4.000000 10.243000 -0.376001
v -4.904000 9.305000 -0.884001
v -4.960000 9.220000 -1.214001
v -4.960000 7.238000 -0.953001
v -3.474000 10.374000 -0.380001
v -3.590000 9.988000 -0.380001
v -2.505000 10.428000 -1.185001
v -2.643000 10.439000 -1.046001
v -2.450000 9.994000 -1.316001
v -2.505000 10.010000 -1.130001
v -2.643000 9.983000 -1.314001
v -2.643000 10.022000 -0.991001
v -2.830000 9.973000 -1.313001
v -3.145000 10.458000 -0.190001
v -3.284000 10.420000 -0.329001
v -3.270000 10.076000 -0.190001
v -3.409000 10.034000 -0.329001
v -0.960000 7.051000 -1.889001
v -1.799000 9.701000 -4.018001
v -0.300000 9.701000 -4.018001
v -2.199000 9.512000 -3.940001
v 0.000000 9.571000 -3.964001
v -0.300000 10.142000 -2.718001
v -0.228000 10.044000 -2.691001
v -2.199000 9.945000 -2.665001
v -1.999000 9.945000 -2.665001
v 0.000000 10.007000 -2.681001
v -1.799000 10.142000 -2.718001
v -2.399000 10.142000 -2.718001
v -3.094000 10.119000 -2.712001
v -2.830000 9.438000 -3.498001
v -2.830000 9.828000 -3.659001
v -4.042000 9.266000 -3.446001
v -4.000000 9.607000 -3.573001
v -4.042000 9.450000 -2.907001
v -4.904000 8.933000 -2.750001
v -3.199000 9.766000 -2.617001
v -4.000000 9.797000 -3.014001
v -4.904000 8.759000 -3.262001
v -4.960000 7.051000 -1.889001
v -4.036000 9.147000 -3.789001
v -4.960000 8.983000 -2.407001
v -4.036000 9.563000 -2.562001
v -3.474000 9.923000 -3.052001
v -3.590000 9.549000 -2.952001
v -2.450000 9.702000 -4.019001
v -2.505000 9.766000 -3.843001
v -2.643000 9.813000 -3.712001
v -2.450000 9.313000 -3.857001
v -2.505000 9.377000 -3.682001
v -2.643000 9.424000 -3.551001
v -2.830000 10.130000 -2.714001
v 0.000000 6.329000 -2.621001
v 0.000000 6.617000 -1.773000
v -0.750000 6.617000 -1.773000
v -0.750000 6.329000 -2.621001
v -3.145000 10.053000 -2.890001
v -3.284000 9.980000 -3.015001
v -3.270000 9.683000 -2.791001
v -3.409000 9.607000 -2.915001
v -3.590000 9.671000 -2.591001
v -3.409000 9.715000 -2.603001
v -2.643000 10.135000 -2.716001
v -1.799000 10.410000 -1.371001
v -0.300000 10.410000 -1.371001
v -0.230000 10.312000 -1.358001
v -2.199000 10.207000 -1.344001
v -1.999000 10.207000 -1.344001
v 0.000000 10.271000 -1.352001
v -2.399000 10.410000 -1.371001
v -2.830000 9.923000 -1.690001
v -2.830000 10.341000 -1.745001
v -4.042000 9.748000 -1.649001
v -4.000000 10.106000 -1.709001
v -4.042000 9.637000 -2.207001
v -4.904000 9.111000 -2.085001
v -4.000000 9.991000 -2.288001
v -4.904000 9.216000 -1.555001
v -4.036000 9.816000 -1.292001
v -3.474000 10.119000 -2.318001
v -3.590000 9.746000 -2.218001
v -2.450000 10.412000 -1.371001
v -2.505000 10.379000 -1.555001
v -2.643000 10.354000 -1.691001
v -2.505000 9.961000 -1.500001
v -2.643000 9.937000 -1.636001
v 0.000000 6.791000 -0.894001
v -0.750000 6.791000 -0.894001
v -3.145000 10.151000 -2.523001
v -3.284000 10.150000 -2.379001
v -3.270000 9.782000 -2.424001
v -3.409000 9.777000 -2.279001
v -0.960000 6.322000 -3.650001
v -1.799000 8.329999 -6.392001
v -0.300000 8.329999 -6.392001
v -0.230000 8.251999 -6.332000
v -2.199000 8.168000 -6.267001
v -2.399000 8.329999 -6.392001
v -0.300000 9.093000 -5.250000
v -0.228000 9.005000 -5.199000
v -2.199000 8.916000 -5.148000
v -1.999000 8.916000 -5.148000
v 0.000000 8.972000 -5.180000
v -1.799000 9.093000 -5.250000
v -2.399000 9.093000 -5.250000
v -3.094000 9.073000 -5.238000
v -2.830000 8.211000 -5.822001
v -2.830000 8.546000 -6.078001
v -4.042000 8.059000 -5.727001
v -4.000000 8.355000 -5.938001
v -4.042000 8.375000 -5.254001
v -4.904000 7.916999 -4.968000
v -3.199000 8.756000 -5.055000
v -4.000000 8.683000 -5.447001
v -4.904000 7.616000 -5.418001
v -4.960000 6.322000 -3.650001
v -4.036000 7.855000 -6.027000
v -4.960000 8.054000 -4.650001
v -4.036000 8.574000 -4.950000
v -4.960000 5.790999 -4.444000
v -3.474000 8.794000 -5.516000
v -3.590000 8.460000 -5.323000
v -2.505000 8.439000 -6.240000
v -2.643000 8.518000 -6.126000
v -2.505000 8.104000 -5.983000
v -2.643000 7.987999 -6.130001
v -2.643000 8.183000 -5.869000
v -2.830000 9.082000 -5.243001
v 0.000000 5.932000 -3.425000
v -0.750000 5.932000 -3.425000
v -3.145000 8.962000 -5.394001
v -3.284000 8.860000 -5.495000
v -3.270000 8.631000 -5.202001
v -3.409000 8.525000 -5.302001
v -3.590000 8.671000 -5.006001
v -3.409000 8.710000 -5.029000
v -2.643000 9.087000 -5.246000
v -0.960000 6.744000 -2.794000
v -0.230000 9.610000 -3.980001
v -1.999000 9.512000 -3.940001
v -2.399000 9.701000 -4.018001
v -2.830000 9.148000 -4.200000
v -2.830000 9.537000 -4.362001
v -4.042000 8.989000 -4.115000
v -4.000000 9.320000 -4.267001
v -4.042000 8.738000 -4.626000
v -4.904000 8.261000 -4.372001
v -4.000000 9.059000 -4.796000
v -4.904000 8.500000 -3.887001
v -4.960000 8.592000 -3.559001
v -4.960000 6.744000 -2.794000
v -3.474000 9.174000 -4.858000
v -3.590000 8.840000 -4.665000
v -2.505000 9.623000 -4.188001
v -2.643000 9.564000 -4.314001
v -2.505000 9.234000 -4.027000
v -2.643000 9.303000 -3.853001
v -2.643000 9.174000 -4.152000
v -2.830000 9.293000 -3.849001
v -3.145000 9.152000 -5.065001
v -3.284000 9.189000 -4.925001
v -3.270000 8.821000 -4.873001
v -3.409000 8.854000 -4.732000
v -0.960000 4.443999 -5.791000
v -0.960000 5.162000 -5.162001
v -0.300000 6.392000 -8.330001
v -2.399000 6.392000 -8.330001
v -0.300000 7.425000 -7.425001
v -0.228000 7.353000 -7.353001
v -2.199000 7.280000 -7.280001
v -1.999000 7.280000 -7.280001
v 0.000000 7.324999 -7.325000
v -1.799000 7.425000 -7.425001
v -2.399000 7.425000 -7.425001
v -3.094000 7.408000 -7.408000
v -2.830000 6.425000 -7.749001
v -2.830000 6.681000 -8.083001
v -4.042000 6.302000 -7.617001
v -4.000000 6.533999 -7.898000
v -4.042000 6.730000 -7.243001
v -4.904000 6.361000 -6.848001
v -3.199000 7.149000 -7.149001
v -4.000000 6.977000 -7.509000
v -4.904000 5.954000 -7.204000
v -4.960000 5.162000 -5.162001
v -4.960000 5.660999 -7.378000
v -4.960000 6.576000 -6.576001
v -4.036000 7.000000 -7.000000
v -4.960000 4.443999 -5.791000
v -3.474000 7.066999 -7.605000
v -3.590000 6.794000 -7.331000
v -2.505000 6.535999 -8.211001
v -2.643000 6.642000 -8.121001
v -2.450000 6.136000 -7.997001
v -2.505000 6.280000 -7.877000
v -2.643000 6.386000 -7.787001
v -2.830000 7.414999 -7.415000
v 0.000000 4.170000 -5.434000
v 0.000000 4.843999 -4.844000
v -0.750000 4.843999 -4.844000
v -3.145000 7.261000 -7.529000
v -3.284000 7.135000 -7.601000
v -3.270000 6.989999 -7.259000
v -3.409000 6.862000 -7.328001
v -3.590000 7.079999 -7.080000
v -3.409000 7.112000 -7.112000
v -2.643000 7.419000 -7.419001
v -0.960000 5.790999 -4.444000
v -1.999000 8.168000 -6.267001
v 0.000000 8.219000 -6.306001
v -2.830000 7.749000 -6.425001
v -2.830000 8.082999 -6.681001
v -4.042000 7.617000 -6.302001
v -4.000000 7.897999 -6.534000
v -4.042000 7.243000 -6.730000
v -4.904000 6.848000 -6.361001
v -4.000000 7.508999 -6.977001
v -4.904000 7.204000 -5.954000
v -4.960000 7.377999 -5.661000
v -3.474000 7.605000 -7.067000
v -3.590000 7.330999 -6.794001
v -2.450000 8.330999 -6.393001
v -2.505000 8.210999 -6.536000
v -2.643000 8.120999 -6.642001
v -2.450000 7.997000 -6.136001
v -2.505000 7.876999 -6.280001
v -2.643000 7.787000 -6.386001
v -2.830000 7.980000 -6.123001
v 0.000000 5.434000 -4.170001
v -0.750000 5.434000 -4.170001
v -3.145000 7.528999 -7.261001
v -3.284000 7.600999 -7.135001
v -3.270000 7.258999 -6.990000
v -3.409000 7.328000 -6.862000
v -0.960000 2.793999 -6.744000
v -0.960000 3.650000 -6.322001
v -1.799000 4.017999 -9.701000
v -0.300000 4.017999 -9.701000
v 0.000000 3.963999 -9.571000
v -2.399000 4.017999 -9.701000
v -0.300000 5.250000 -9.093000
v -0.228000 5.198999 -9.005000
v -2.199000 5.147999 -8.916000
v -1.999000 5.147999 -8.916000
v 0.000000 5.179999 -8.972000
v -1.799000 5.250000 -9.093000
v -2.399000 5.250000 -9.093000
v -3.094000 5.237999 -9.073000
v -2.830000 4.199999 -9.148000
v -2.830000 4.361999 -9.537000
v -4.042000 4.114999 -8.989000
v -4.000000 4.267000 -9.320000
v -4.042000 4.625999 -8.738000
v -4.904000 4.372000 -8.261000
v -3.199000 5.054999 -8.756000
v -4.000000 4.796000 -9.059000
v -4.904000 3.886999 -8.500000
v -4.960000 3.650000 -6.322001
v -4.036000 3.788999 -9.147000
v -4.960000 4.650000 -8.054000
v -4.036000 4.949999 -8.574000
v -4.960000 2.793999 -6.744000
v -3.474000 4.857999 -9.174000
v -3.590000 4.664999 -8.840000
v -2.505000 4.187999 -9.623000
v -2.643000 4.313999 -9.564000
v -2.450000 3.856999 -9.313000
v -2.505000 4.026999 -9.234000
v -2.643000 4.151999 -9.174000
v -2.830000 3.848999 -9.293000
v -2.830000 5.243000 -9.082000
v 0.000000 3.424999 -5.932001
v -0.750000 3.424999 -5.932001
v -3.145000 5.065000 -9.152000
v -3.284000 4.925000 -9.189000
v -3.270000 4.873000 -8.821000
v -3.409000 4.731999 -8.854000
v -3.590000 5.006000 -8.671000
v -3.409000 5.028999 -8.710000
v -2.643000 5.245999 -9.087000
v -1.799000 6.392000 -8.330001
v -0.230000 6.331999 -8.252001
v -2.199000 6.267000 -8.168000
v -1.999000 6.267000 -8.168000
v 0.000000 6.306000 -8.219000
v -2.830000 5.822000 -8.211000
v -2.830000 6.078000 -8.546000
v -4.042000 5.727000 -8.059000
v -4.000000 5.938000 -8.355000
v -4.042000 5.254000 -8.375000
v -4.904000 4.967999 -7.917000
v -4.000000 5.447000 -8.683000
v -4.904000 5.418000 -7.616001
v -4.036000 6.026999 -7.855000
v -3.474000 5.515999 -8.794000
v -3.590000 5.322999 -8.460000
v -2.450000 6.393000 -8.331001
v -2.505000 6.239999 -8.439000
v -2.643000 6.125999 -8.518000
v -2.505000 5.982999 -8.104000
v -2.643000 6.130000 -7.988000
v -2.643000 5.868999 -8.183000
v -2.830000 6.123000 -7.980000
v -0.750000 4.170000 -5.434000
v -3.145000 5.394000 -8.962000
v -3.284000 5.494999 -8.860000
v -3.270000 5.202000 -8.631000
v -3.409000 5.302000 -8.525000
v -0.960000 1.889000 -7.051000
v -1.999000 1.343999 -10.207000
v -2.399000 1.370999 -10.410000
v -0.300000 2.717999 -10.142000
v -0.228000 2.690999 -10.044000
v -2.199000 2.664999 -9.945000
v -1.999000 2.664999 -9.945000
v 0.000000 2.680999 -10.007000
v -1.799000 2.717999 -10.142000
v -2.399000 2.717999 -10.142000
v -3.094000 2.710999 -10.119000
v -2.830000 1.689999 -9.923000
v -2.830000 1.744999 -10.341000
v -4.042000 1.648999 -9.748000
v -4.000000 1.708999 -10.106000
v -4.042000 2.206999 -9.637000
v -4.904000 2.084999 -9.111000
v -3.199000 2.616999 -9.766000
v -4.000000 2.287999 -9.991000
v -4.904000 1.554999 -9.216000
v -4.960000 1.889000 -7.051000
v -4.960000 2.406999 -8.983000
v -4.036000 2.561999 -9.563000
v -4.960000 0.952999 -7.238000
v -3.474000 2.317999 -10.119000
v -3.590000 2.217999 -9.746000
v -2.505000 1.554999 -10.379000
v -2.643000 1.690999 -10.354000
v -2.505000 1.499999 -9.961000
v -2.643000 1.635999 -9.937000
v -2.830000 2.713999 -10.130000
v 0.000000 1.773000 -6.617000
v -0.750000 1.773000 -6.617000
v -0.750000 0.893999 -6.791000
v -3.145000 2.522999 -10.151000
v -3.284000 2.378999 -10.150000
v -3.270000 2.423999 -9.782000
v -3.409000 2.278999 -9.777000
v -3.590000 2.590999 -9.671000
v -3.409000 2.602999 -9.715000
v -2.643000 2.715999 -10.135000
v -0.230000 3.979999 -9.610000
v -2.199000 3.939999 -9.512000
v -1.999000 3.939999 -9.512000
v -2.830000 3.497999 -9.438000
v -2.830000 3.658999 -9.828000
v -4.042000 3.445999 -9.266000
v -4.000000 3.572999 -9.607000
v -4.042000 2.906999 -9.450000
v -4.904000 2.749999 -8.933000
v -4.000000 3.013999 -9.797000
v -4.904000 3.261999 -8.759000
v -4.960000 3.558999 -8.592000
v -3.474000 3.051999 -9.923000
v -3.590000 2.951999 -9.549000
v -2.450000 4.018999 -9.702000
v -2.505000 3.842999 -9.766000
v -2.643000 3.711999 -9.813000
v -2.505000 3.681999 -9.377000
v -2.643000 3.852999 -9.303000
v -2.643000 3.550999 -9.424000
v 0.000000 2.621000 -6.329000
v -0.750000 2.621000 -6.329000
v -3.145000 2.889999 -10.053000
v -3.284000 3.014999 -9.980000
v -3.270000 2.790999 -9.683000
v -3.409000 2.914999 -9.607000
v -0.960000 0.952999 -7.238000
v -1.799000 1.370999 -10.410000
v -0.300000 1.370999 -10.410000
v -0.230000 1.357999 -10.312000
v -2.199000 1.343999 -10.207000
v 0.000000 1.351999 -10.271000
v -2.830000 0.935999 -10.022000
v -2.830000 0.990999 -10.440000
v -4.042000 0.929999 -9.842000
v -4.000000 0.964999 -10.205000
v -4.042000 0.361999 -9.880000
v -4.904000 0.343999 -9.340000
v -4.000000 0.375999 -10.243000
v -4.904000 0.883999 -9.305000
v -4.960000 1.213999 -9.220000
v -4.036000 1.291999 -9.816000
v -3.474000 0.379999 -10.374000
v -3.590000 0.379999 -9.988000
v -2.450000 1.370999 -10.412000
v -2.505000 1.184999 -10.428000
v -2.643000 1.045999 -10.439000
v -2.450000 1.315999 -9.994000
v -2.505000 1.129999 -10.010000
v -2.643000 1.313999 -9.983000
v -2.643000 0.990999 -10.022000
v -2.830000 1.312999 -9.973000
v 0.000000 0.893999 -6.791000
v -3.145000 0.189999 -10.458000
v -3.284000 0.328999 -10.420000
v -3.270000 0.189999 -10.076000
v -3.409000 0.328999 -10.034000
v 0.960000 7.238000 0.952999
v 0.960000 7.300000 -0.000001
v 0.300000 10.500000 -0.000001
v 0.228000 10.398000 -0.000001
v 2.199000 10.295000 -0.000001
v 1.999000 10.295000 -0.000001
v 1.799000 10.500000 -0.000001
v 2.399000 10.500000 -0.000001
v 3.094000 10.476000 -0.000001
v 2.830000 10.022000 0.935999
v 2.830000 10.440000 0.990999
v 4.042000 9.842000 0.929999
v 4.000000 10.205000 0.964999
v 4.042000 9.880000 0.361999
v 4.904000 9.340000 0.343999
v 3.199000 10.110000 -0.000001
v 4.000000 10.243000 0.375999
v 4.904000 9.305000 0.883999
v 4.960000 7.300000 -0.000001
v 4.960000 9.220000 1.213999
v 4.960000 9.299000 -0.000001
v 4.036000 9.900000 -0.000001
v 4.960000 7.238000 0.952999
v 3.474000 10.374000 0.379999
v 3.590000 9.988000 0.379999
v 2.505000 10.428000 1.184999
v 2.643000 10.439000 1.045999
v 2.450000 9.994000 1.315999
v 2.505000 10.010000 1.129999
v 2.643000 9.983000 1.313999
v 2.643000 10.022000 0.990999
v 2.830000 9.973000 1.312999
v 2.830000 10.487000 -0.000001
v 0.750000 6.850000 -0.000001
v 3.145000 10.458000 0.189999
v 3.284000 10.420000 0.328999
v 3.270000 10.076000 0.189999
v 3.409000 10.034000 0.328999
v 3.590000 10.012000 -0.000001
v 3.409000 10.057000 -0.000001
v 2.643000 10.493000 -0.000001
v 0.960000 7.051000 1.889000
v 1.799000 9.701000 4.017999
v 0.300000 9.701000 4.017999
v 2.199000 9.512000 3.939999
v 0.300000 10.142000 2.717999
v 0.228000 10.044000 2.690999
v 2.199000 9.945000 2.664999
v 1.999000 9.945000 2.664999
v 1.799000 10.142000 2.717999
v 2.399000 10.142000 2.717999
v 3.094000 10.119000 2.710999
v 2.830000 9.438000 3.497999
v 2.830000 9.828000 3.658999
v 4.042000 9.266000 3.445999
v 4.000000 9.607000 3.572999
v 4.042000 9.450000 2.906999
v 4.904000 8.933000 2.749999
v 3.199000 9.766000 2.616999
v 4.000000 9.797000 3.013999
v 4.904000 8.759000 3.261999
v 4.960000 7.051000 1.889000
v 4.036000 9.147000 3.788999
v 4.960000 8.983000 2.406999
v 4.036000 9.563000 2.561999
v 3.474000 9.923000 3.051999
v 3.590000 9.549000 2.951999
v 2.450000 9.702000 4.018999
v 2.505000 9.766000 3.842999
v 2.643000 9.813000 3.711999
v 2.450000 9.313000 3.856999
v 2.505000 9.377000 3.681999
v 2.643000 9.424000 3.550999
v 2.830000 10.130000 2.713999
v 0.750000 6.617000 1.773000
v 0.750000 6.329000 2.621000
v 3.145000 10.053000 2.889999
v 3.284000 9.980000 3.014999
v 3.270000 9.683000 2.790999
v 3.409000 9.607000 2.914999
v 3.590000 9.671000 2.590999
v 3.409000 9.715000 2.602999
v 2.643000 10.135000 2.715999
v 1.799000 10.410000 1.370999
v 0.300000 10.410000 1.370999
v 0.230000 10.312000 1.357999
v 2.199000 10.207000 1.343999
v 1.999000 10.207000 1.343999
v 2.399000 10.410000 1.370999
v 2.830000 9.923000 1.689999
v 2.830000 10.341000 1.744999
v 4.042000 9.748000 1.648999
v 4.000000 10.106000 1.708999
v 4.042000 9.637000 2.206999
v 4.904000 9.111000 2.084999
v 4.000000 9.991000 2.287999
v 4.904000 9.216000 1.554999
v 4.036000 9.816000 1.291999
v 3.474000 10.119000 2.317999
v 3.590000 9.746000 2.217999
v 2.450000 10.412000 1.370999
v 2.505000 10.379000 1.554999
v 2.643000 10.354000 1.690999
v 2.505000 9.961000 1.499999
v 2.643000 9.937000 1.635999
v 0.750000 6.791000 0.893999
v 3.145000 10.151000 2.522999
v 3.284000 10.150000 2.378999
v 3.270000 9.782000 2.423999
v 3.409000 9.777000 2.278999
v 0.960000 6.322001 3.650000
v 1.799000 8.330001 6.392000
v 0.300000 8.330001 6.392000
v 0.230000 8.252001 6.331999
v 2.199000 8.168000 6.267000
v 2.399000 8.330001 6.392000
v 0.300000 9.093000 5.250000
v 0.228000 9.005000 5.198999
v 2.199000 8.916000 5.147999
v 1.999000 8.916000 5.147999
v 1.799000 9.093000 5.250000
v 2.399000 9.093000 5.250000
v 3.094000 9.073000 5.237999
v 2.830000 8.211000 5.822000
v 2.830000 8.546000 6.078000
v 4.042000 8.059000 5.727000
v 4.000000 8.355000 5.938000
v 4.042000 8.375000 5.254000
v 4.904000 7.917000 4.967999
v 3.199000 8.756000 5.054999
v 4.000000 8.683000 5.447000
v 4.904000 7.616001 5.418000
v 4.960000 6.322001 3.650000
v 4.036000 7.855000 6.026999
v 4.960000 8.054000 4.650000
v 4.036000 8.574000 4.949999
v 4.960000 5.791000 4.443999
v 3.474000 8.794000 5.515999
v 3.590000 8.460000 5.322999
v 2.505000 8.439000 6.239999
v 2.643000 8.518000 6.125999
v 2.505000 8.104000 5.982999
v 2.643000 7.988000 6.130000
v 2.643000 8.183000 5.868999
v 2.830000 9.082000 5.243000
v 0.750000 5.932001 3.424999
v 3.145000 8.962000 5.394000
v 3.284000 8.860000 5.494999
v 3.270000 8.631000 5.202000
v 3.409000 8.525000 5.302000
v 3.590000 8.671000 5.006000
v 3.409000 8.710000 5.028999
v 2.643000 9.087000 5.245999
v 0.960000 6.744000 2.793999
v 0.230000 9.610000 3.979999
v 1.999000 9.512000 3.939999
v 2.399000 9.701000 4.017999
v 2.830000 9.148000 4.199999
v 2.830000 9.537000 4.361999
v 4.042000 8.989000 4.114999
v 4.000000 9.320000 4.267000
v 4.042000 8.738000 4.625999
v 4.904000 8.261000 4.372000
v 4.000000 9.059000 4.796000
v 4.904000 8.500000 3.886999
v 4.960000 8.592000 3.558999
v 4.960000 6.744000 2.793999
v 3.474000 9.174000 4.857999
v 3.590000 8.840000 4.664999
v 2.505000 9.623000 4.187999
v 2.643000 9.564000 4.313999
v 2.505000 9.234000 4.026999
v 2.643000 9.303000 3.852999
v 2.643000 9.174000 4.151999
v 2.830000 9.293000 3.848999
v 3.145000 9.152000 5.065000
v 3.284000 9.189000 4.925000
v 3.270000 8.821000 4.873000
v 3.409000 8.854000 4.731999
v 0.960000 4.444000 5.790999
v 0.960000 5.162001 5.162000
v 0.300000 6.392001 8.329999
v 2.399000 6.392001 8.329999
v 0.300000 7.425001 7.425000
v 0.228000 7.353001 7.353000
v 2.199000 7.280001 7.280000
v 1.999000 7.280001 7.280000
v 1.799000 7.425001 7.425000
v 2.399000 7.425001 7.425000
v 3.094000 7.408000 7.408000
v 2.830000 6.425001 7.749000
v 2.830000 6.681001 8.082999
v 4.042000 6.302001 7.617000
v 4.000000 6.534000 7.897999
v 4.042000 6.730000 7.243000
v 4.904000 6.361001 6.848000
v 3.199000 7.149001 7.149000
v 4.000000 6.977001 7.508999
v 4.904000 5.954000 7.204000
v 4.960000 5.162001 5.162000
v 4.960000 5.661000 7.377999
v 4.960000 6.576001 6.576000
v 4.036000 7.000000 7.000000
v 4.960000 4.444000 5.790999
v 3.474000 7.067000 7.605000
v 3.590000 6.794001 7.330999
v 2.505000 6.536000 8.210999
v 2.643000 6.642001 8.120999
v 2.450000 6.136001 7.997000
v 2.505000 6.280001 7.876999
v 2.643000 6.386001 7.787000
v 2.830000 7.415000 7.414999
v 0.750000 4.844000 4.843999
v 3.145000 7.261001 7.528999
v 3.284000 7.135001 7.600999
v 3.270000 6.990000 7.258999
v 3.409000 6.862000 7.328000
v 3.590000 7.080000 7.079999
v 3.409000 7.112000 7.112000
v 2.643000 7.419001 7.419000
v 0.960000 5.791000 4.443999
v 1.999000 8.168000 6.267000
v 2.830000 7.749001 6.425000
v 2.830000 8.083001 6.681000
v 4.042000 7.617001 6.302000
v 4.000000 7.898000 6.533999
v 4.042000 7.243001 6.730000
v 4.904000 6.848001 6.361000
v 4.000000 7.509000 6.977000
v 4.904000 7.204000 5.954000
v 4.960000 7.378000 5.660999
v 3.474000 7.605000 7.066999
v 3.590000 7.331000 6.794000
v 2.450000 8.331001 6.393000
v 2.505000 8.211001 6.535999
v 2.643000 8.121001 6.642000
v 2.450000 7.997001 6.136000
v 2.505000 7.877000 6.280000
v 2.643000 7.787001 6.386000
v 2.830000 7.980000 6.123000
v 0.750000 5.434000 4.170000
v 3.145000 7.529000 7.261000
v 3.284000 7.601000 7.135000
v 3.270000 7.259000 6.989999
v 3.409000 7.328001 6.862000
v 0.960000 2.794000 6.744000
v 0.960000 3.650001 6.322000
v 1.799000 4.018001 9.701000
v 0.300000 4.018001 9.701000
v 2.399000 4.018001 9.701000
v 0.300000 5.250000 9.093000
v 0.228000 5.199000 9.005000
v 2.199000 5.148000 8.916000
v 1.999000 5.148000 8.916000
v 1.799000 5.250000 9.093000
v 2.399000 5.250000 9.093000
v 3.094000 5.238000 9.073000
v 2.830000 4.200000 9.148000
v 2.830000 4.362001 9.537000
v 4.042000 4.115000 8.989000
v 4.000000 4.267001 9.320000
v 4.042000 4.626000 8.738000
v 4.904000 4.372001 8.261000
v 3.199000 5.055000 8.756000
v 4.000000 4.796000 9.059000
v 4.904000 3.887001 8.500000
v 4.960000 3.650001 6.322000
v 4.036000 3.789001 9.147000
v 4.960000 4.650001 8.054000
v 4.036000 4.950000 8.574000
v 4.960000 2.794000 6.744000
v 3.474000 4.858000 9.174000
v 3.590000 4.665000 8.840000
v 2.505000 4.188001 9.623000
v 2.643000 4.314001 9.564000
v 2.450000 3.857001 9.313000
v 2.505000 4.027000 9.234000
v 2.643000 4.152000 9.174000
v 2.830000 3.849001 9.293000
v 2.830000 5.243001 9.082000
v 0.750000 3.425000 5.932000
v 3.145000 5.065001 9.152000
v 3.284000 4.925001 9.189000
v 3.270000 4.873001 8.821000
v 3.409000 4.732000 8.854000
v 3.590000 5.006001 8.671000
v 3.409000 5.029000 8.710000
v 2.643000 5.246000 9.087000
v 1.799000 6.392001 8.329999
v 0.230000 6.332000 8.251999
v 2.199000 6.267001 8.168000
v 1.999000 6.267001 8.168000
v 2.830000 5.822001 8.211000
v 2.830000 6.078001 8.546000
v 4.042000 5.727001 8.059000
v 4.000000 5.938001 8.355000
v 4.042000 5.254001 8.375000
v 4.904000 4.968000 7.916999
v 4.000000 5.447001 8.683000
v 4.904000 5.418001 7.616000
v 4.036000 6.027000 7.855000
v 3.474000 5.516000 8.794000
v 3.590000 5.323000 8.460000
v 2.450000 6.393001 8.330999
v 2.505000 6.240000 8.439000
v 2.643000 6.126000 8.518000
v 2.505000 5.983000 8.104000
v 2.643000 6.130001 7.987999
v 2.643000 5.869000 8.183000
v 2.830000 6.123001 7.980000
v 0.750000 4.170001 5.434000
v 3.145000 5.394001 8.962000
v 3.284000 5.495000 8.860000
v 3.270000 5.202001 8.631000
v 3.409000 5.302001 8.525000
v 0.960000 1.889001 7.051000
v 1.999000 1.344001 10.207000
v 2.399000 1.371001 10.410000
v 0.300000 2.718001 10.142000
v 0.228000 2.691001 10.044000
v 2.199000 2.665001 9.945000
v 1.999000 2.665001 9.945000
v 1.799000 2.718001 10.142000
v 2.399000 2.718001 10.142000
v 3.094000 2.711001 10.119000
v 2.830000 1.690001 9.923000
v 2.830000 1.745001 10.341000
v 4.042000 1.649001 9.748000
v 4.000000 1.709001 10.106000
v 4.042000 2.207001 9.637000
v 4.904000 2.085001 9.111000
v 3.199000 2.617001 9.766000
v 4.000000 2.288001 9.991000
v 4.904000 1.555001 9.216000
v 4.960000 1.889001 7.051000
v 4.960000 2.407001 8.983000
v 4.036000 2.562001 9.563000
v 4.960000 0.953001 7.238000
v 3.474000 2.318001 10.119000
v 3.590000 2.218001 9.746000
v 2.505000 1.555001 10.379000
v 2.643000 1.691001 10.354000
v 2.505000 1.500001 9.961000
v 2.643000 1.636001 9.937000
v 2.830000 2.714001 10.130000
v 0.750000 1.773000 6.617000
v 0.750000 0.894001 6.791000
v 3.145000 2.523001 10.151000
v 3.284000 2.379001 10.150000
v 3.270000 2.424001 9.782000
v 3.409000 2.279001 9.777000
v 3.590000 2.591001 9.671000
v 3.409000 2.603001 9.715000
v 2.643000 2.716001 10.135000
v 0.230000 3.980001 9.610000
v 2.199000 3.940001 9.512000
v 1.999000 3.940001 9.512000
v 2.830000 3.498001 9.438000
v 2.830000 3.659001 9.828000
v 4.042000 3.446001 9.266000
v 4.000000 3.573001 9.607000
v 4.042000 2.907001 9.450000
v 4.904000 2.750001 8.933000
v 4.000000 3.014001 9.797000
v 4.904000 3.262001 8.759000
v 4.960000 3.559001 8.592000
v 3.474000 3.052001 9.923000
v 3.590000 2.952001 9.549000
v 2.450000 4.019001 9.702000
v 2.505000 3.843001 9.766000
v 2.643000 3.712001 9.813000
v 2.505000 3.682001 9.377000
v 2.643000 3.853001 9.303000
v 2.643000 3.551001 9.424000
v 0.750000 2.621001 6.329000
v 3.145000 2.890001 10.053000
v 3.284000 3.015001 9.980000
v 3.270000 2.791001 9.683000
v 3.409000 2.915001 9.607000
v 0.960000 0.953001 7.238000
v 1.799000 1.371001 10.410000
v 0.300000 1.371001 10.410000
v 0.230000 1.358001 10.312000
v 2.199000 1.344001 10.207000
v 2.830000 0.936001 10.022000
v 2.830000 0.991001 10.440000
v 4.042000 0.930001 9.842000
v 4.000000 0.965001 10.205000
v 4.042000 0.362001 9.880000
v 4.904000 0.344001 9.340000
v 4.000000 0.376001 10.243000
v 4.904000 0.884001 9.305000
v 4.960000 1.214001 9.220000
v 4.036000 1.292001 9.816000
v 3.474000 0.380001 10.374000
v 3.590000 0.380001 9.988000
v 2.450000 1.371001 10.412000
v 2.505000 1.185001 10.428000
v 2.643000 1.046001 10.439000
v 2.450000 1.316001 9.994000
v 2.505000 1.130001 10.010000
v 2.643000 1.314001 9.983000
v 2.643000 0.991001 10.022000
v 2.830000 1.313001 9.973000
v 3.145000 0.190001 10.458000
v 3.284000 0.329001 10.420000
v 3.270000 0.190001 10.076000
v 3.409000 0.329001 10.034000
v -0.960000 7.238000 0.952999
v -0.960000 7.300000 -0.000001
v -0.300000 10.500000 -0.000001
v -0.228000 10.398000 -0.000001
v -2.199000 10.295000 -0.000001
v -1.999000 10.295000 -0.000001
v 0.000000 10.360000 -0.000001
v -1.799000 10.500000 -0.000001
v -2.399000 10.500000 -0.000001
v -3.094000 10.476000 -0.000001
v -2.830000 10.022000 0.935999
v -2.830000 10.440000 0.990999
v -4.042000 9.842000 0.929999
v -4.000000 10.205000 0.964999
v -4.042000 9.880000 0.361999
v -4.904000 9.340000 0.343999
v -3.199000 10.110000 -0.000001
v -4.000000 10.243000 0.375999
v -4.904000 9.305000 0.883999
v -4.960000 7.300000 -0.000001
v -4.960000 9.220000 1.213999
v -4.960000 9.299000 -0.000001
v -4.036000 9.900000 -0.000001
v -4.960000 7.238000 0.952999
v -3.474000 10.374000 0.379999
v -3.590000 9.988000 0.379999
v -2.505000 10.428000 1.184999
v -2.643000 10.439000 1.045999
v -2.450000 9.994000 1.315999
v -2.505000 10.010000 1.129999
v -2.643000 9.983000 1.313999
v -2.643000 10.022000 0.990999
v -2.830000 9.973000 1.312999
v -2.830000 10.487000 -0.000001
v 0.000000 6.850000 -0.000001
v -0.750000 6.850000 -0.000001
v -3.145000 10.458000 0.189999
v -3.284000 10.420000 0.328999
v -3.270000 10.076000 0.189999
v -3.409000 10.034000 0.328999
v -3.590000 10.012000 -0.000001
v -3.409000 10.057000 -0.000001
v -2.643000 10.493000 -0.000001
v -0.960000 7.051000 1.889000
v -1.799000 9.701000 4.017999
v -0.300000 9.701000 4.017999
v -2.199000 9.512000 3.939999
v 0.000000 9.571000 3.963999
v -0.300000 10.142000 2.717999
v -0.228000 10.044000 2.690999
v -2.199000 9.945000 2.664999
v -1.999000 9.945000 2.664999
v 0.000000 10.007000 2.680999
v -1.799000 10.142000 2.717999
v -2.399000 10.142000 2.717999
v -3.094000 10.119000 2.710999
v -2.830000 9.438000 3.497999
v -2.830000 9.828000 3.658999
v -4.042000 9.266000 3.445999
v -4.000000 9.607000 3.572999
v -4.042000 9.450000 2.906999
v -4.904000 8.933000 2.749999
v -3.199000 9.766000 2.616999
v -4.000000 9.797000 3.013999
v -4.904000 8.759000 3.261999
v -4.960000 7.051000 1.889000
v -4.036000 9.147000 3.788999
v -4.960000 8.983000 2.406999
v -4.036000 9.563000 2.561999
v -3.474000 9.923000 3.051999
v -3.590000 9.549000 2.951999
v -2.450000 9.702000 4.018999
v -2.505000 9.766000 3.842999
v -2.643000 9.813000 3.711999
v -2.450000 9.313000 3.856999
v -2.505000 9.377000 3.681999
v -2.643000 9.424000 3.550999
v -2.830000 10.130000 2.713999
v 0.000000 6.329000 2.621000
v 0.000000 6.617000 1.773000
v -0.750000 6.617000 1.773000
v -0.750000 6.329000 2.621000
v -3.145000 10.053000 2.889999
v -3.284000 9.980000 3.014999
v -3.270000 9.683000 2.790999
v -3.409000 9.607000 2.914999
v -3.590000 9.671000 2.590999
v -3.409000 9.715000 2.602999
v -2.643000 10.135000 2.715999
v -1.799000 10.410000 1.370999
v -0.300000 10.410000 1.370999
v -0.230000 10.312000 1.357999
v -2.199000 10.207000 1.343999
v -1.999000 10.207000 1.343999
v 0.000000 10.271000 1.351999
v -2.399000 10.410000 1.370999
v -2.830000 9.923000 1.689999
v -2.830000 10.341000 1.744999
v -4.042000 9.748000 1.648999
v -4.000000 10.106000 1.708999
v -4.042000 9.637000 2.206999
v -4.904000 9.111000 2.084999
v -4.000000 9.991000 2.287999
v -4.904000 9.216000 1.554999
v -4.036000 9.816000 1.291999
v -3.474000 10.119000 2.317999
v -3.590000 9.746000 2.217999
v -2.450000 10.412000 1.370999
v -2.505000 10.379000 1.554999
v -2.643000 10.354000 1.690999
v -2.505000 9.961000 1.499999
v -2.643000 9.937000 1.635999
v 0.000000 6.791000 0.893999
v -0.750000 6.791000 0.893999
v -3.145000 10.151000 2.522999
v -3.284000 10.150000 2.378999
v -3.270000 9.782000 2.423999
v -3.409000 9.777000 2.278999
v -0.960000 6.322001 3.650000
v -1.799000 8.330001 6.392000
v -0.300000 8.330001 6.392000
v -0.230000 8.252001 6.331999
v -2.199000 8.168000 6.267000
v -2.399000 8.330001 6.392000
v -0.300000 9.093000 5.250000
v -0.228000 9.005000 5.198999
v -2.199000 8.916000 5.147999
v -1.999000 8.916000 5.147999
v 0.000000 8.972000 5.179999
v -1.799000 9.093000 5.250000
v -2.399000 9.093000 5.250000
v -3.094000 9.073000 5.237999
v -2.830000 8.211000 5.822000
v -2.830000 8.546000 6.078000
v -4.042000 8.059000 5.727000
v -4.000000 8.355000 5.938000
v -4.042000 8.375000 5.254000
v -4.904000 7.917000 4.967999
v -3.199000 8.756000 5.054999
v -4.000000 8.683000 5.447000
v -4.904000 7.616001 5.418000
v -4.960000 6.322001 3.650000
v -4.036000 7.855000 6.026999
v -4.960000 8.054000 4.650000
v -4.036000 8.574000 4.949999
v -4.960000 5.791000 4.443999
v -3.474000 8.794000 5.515999
v -3.590000 8.460000 5.322999
v -2.505000 8.439000 6.239999
v -2.643000 8.518000 6.125999
v -2.505000 8.104000 5.982999
v -2.643000 7.988000 6.130000
v -2.643000 8.183000 5.868999
v -2.830000 9.082000 5.243000
v 0.000000 5.932001 3.424999
v -0.750000 5.932001 3.424999
v -3.145000 8.962000 5.394000
v -3.284000 8.860000 5.494999
v -3.270000 8.631000 5.202000
v -3.409000 8.525000 5.302000
v -3.590000 8.671000 5.006000
v -3.409000 8.710000 5.028999
v -2.643000 9.087000 5.245999
v -0.960000 6.744000 2.793999
v -0.230000 9.610000 3.979999
v -1.999000 9.512000 3.939999
v -2.399000 9.701000 4.017999
v -2.830000 9.148000 4.199999
v -2.830000 9.537000 4.361999
v -4.042000 8.989000 4.114999
v -4.000000 9.320000 4.267000
v -4.042000 8.738000 4.625999
v -4.904000 8.261000 4.372000
v -4.000000 9.059000 4.796000
v -4.904000 8.500000 3.886999
v -4.960000 8.592000 3.558999
v -4.960000 6.744000 2.793999
v -3.474000 9.174000 4.857999
v -3.590000 8.840000 4.664999
v -2.505000 9.623000 4.187999
v -2.643000 9.564000 4.313999
v -2.505000 9.234000 4.026999
v -2.643000 9.303000 3.852999
v -2.643000 9.174000 4.151999
v -2.830000 9.293000 3.848999
v -3.145000 9.152000 5.065000
v -3.284000 9.189000 4.925000
v -3.270000 8.821000 4.873000
v -3.409000 8.854000 4.731999
v -0.960000 4.444000 5.790999
v -0.960000 5.162001 5.162000
v -0.300000 6.392001 8.329999
v -2.399000 6.392001 8.329999
v -0.300000 7.425001 7.425000
v -0.228000 7.353001 7.353000
v -2.199000 7.280001 7.280000
v -1.999000 7.280001 7.280000
v 0.000000 7.325000 7.324999
v -1.799000 7.425001 7.425000
v -2.399000 7.425001 7.425000
v -3.094000 7.408000 7.408000
v -2.830000 6.425001 7.749000
v -2.830000 6.681001 8.082999
v -4.042000 6.302001 7.617000
v -4.000000 6.534000 7.897999
v -4.042000 6.730000 7.243000
v -4.904000 6.361001 6.848000
v -3.199000 7.149001 7.149000
v -4.000000 6.977001 7.508999
v -4.904000 5.954000 7.204000
v -4.960000 5.162001 5.162000
v -4.960000 5.661000 7.377999
v -4.960000 6.576001 6.576000
v -4.036000 7.000000 7.000000
v -4.960000 4.444000 5.790999
v -3.474000 7.067000 7.605000
v -3.590000 6.794001 7.330999
v -2.505000 6.536000 8.210999
v -2.643000 6.642001 8.120999
v -2.450000 6.136001 7.997000
v -2.505000 6.280001 7.876999
v -2.643000 6.386001 7.787000
v -2.830000 7.415000 7.414999
v 0.000000 4.170001 5.434000
v 0.000000 4.844000 4.843999
v -0.750000 4.844000 4.843999
v -3.145000 7.261001 7.528999
v -3.284000 7.135001 7.600999
v -3.270000 6.990000 7.258999
v -3.409000 6.862000 7.328000
v -3.590000 7.080000 7.079999
v -3.409000 7.112000 7.112000
v -2.643000 7.419001 7.419000
v -0.960000 5.791000 4.443999
v -1.999000 8.168000 6.267000
v 0.000000 8.219000 6.306000
v -2.830000 7.749001 6.425000
v -2.830000 8.083001 6.681000
v -4.042000 7.617001 6.302000
v -4.000000 7.898000 6.533999
v -4.042000 7.243001 6.730000
v -4.904000 6.848001 6.361000
v -4.000000 7.509000 6.977000
v -4.904000 7.204000 5.954000
v -4.960000 7.378000 5.660999
v -3.474000 7.605000 7.066999
v -3.590000 7.331000 6.794000
v -2.450000 8.331001 6.393000
v -2.505000 8.211001 6.535999
v -2.643000 8.121001 6.642000
v -2.450000 7.997001 6.136000
v -2.505000 7.877000 6.280000
v -2.643000 7.787001 6.386000
v -2.830000 7.980000 6.123000
v 0.000000 5.434000 4.170000
v -0.750000 5.434000 4.170000
v -3.145000 7.529000 7.261000
v -3.284000 7.601000 7.135000
v -3.270000 7.259000 6.989999
v -3.409000 7.328001 6.862000
v -0.960000 2.794000 6.744000
v -0.960000 3.650001 6.322000
v -1.799000 4.018001 9.701000
v -0.300000 4.018001 9.701000
v 0.000000 3.964001 9.571000
v -2.399000 4.018001 9.701000
v -0.300000 5.250000 9.093000
v -0.228000 5.199000 9.005000
v -2.199000 5.148000 8.916000
v -1.999000 5.148000 8.916000
v 0.000000 5.180000 8.972000
v -1.799000 5.250000 9.093000
v -2.399000 5.250000 9.093000
v -3.094000 5.238000 9.073000
v -2.830000 4.200000 9.148000
v -2.830000 4.362001 9.537000
v -4.042000 4.115000 8.989000
v -4.000000 4.267001 9.320000
v -4.042000 4.626000 8.738000
v -4.904000 4.372001 8.261000
v -3.199000 5.055000 8.756000
v -4.000000 4.796000 9.059000
v -4.904000 3.887001 8.500000
v -4.960000 3.650001 6.322000
v -4.036000 3.789001 9.147000
v -4.960000 4.650001 8.054000
v -4.036000 4.950000 8.574000
v -4.960000 2.794000 6.744000
v -3.474000 4.858000 9.174000
v -3.590000 4.665000 8.840000
v -2.505000 4.188001 9.623000
v -2.643000 4.314001 9.564000
v -2.450000 3.857001 9.313000
v -2.505000 4.027000 9.234000
v -2.643000 4.152000 9.174000
v -2.830000 3.849001 9.293000
v -2.830000 5.243001 9.082000
v 0.000000 3.425000 5.932000
v -0.750000 3.425000 5.932000
v -3.145000 5.065001 9.152000
v -3.284000 4.925001 9.189000
v -3.270000 4.873001 8.821000
v -3.409000 4.732000 8.854000
v -3.590000 5.006001 8.671000
v -3.409000 5.029000 8.710000
v -2.643000 5.246000 9.087000
v -1.799000 6.392001 8.329999
v -0.230000 6.332000 8.251999
v -2.199000 6.267001 8.168000
v -1.999000 6.267001 8.168000
v 0.000000 6.306001 8.219000
v -2.830000 5.822001 8.211000
v -2.830000 6.078001 8.546000
v -4.042000 5.727001 8.059000
v -4.000000 5.938001 8.355000
v -4.042000 5.254001 8.375000
v -4.904000 4.968000 7.916999
v -4.000000 5.447001 8.683000
v -4.904000 5.418001 7.616000
v -4.036000 6.027000 7.855000
v -3.474000 5.516000 8.794000
v -3.590000 5.323000 8.460000
v -2.450000 6.393001 8.330999
v -2.505000 6.240000 8.439000
v -2.643000 6.126000 8.518000
v -2.505000 5.983000 8.104000
v -2.643000 6.130001 7.987999
v -2.643000 5.869000 8.183000
v -2.830000 6.123001 7.980000
v -0.750000 4.170001 5.434000
v -3.145000 5.394001 8.962000
v -3.284000 5.495000 8.860000
v -3.270000 5.202001 8.631000
v -3.409000 5.302001 8.525000
v -0.960000 1.889001 7.051000
v -1.999000 1.344001 10.207000
v -2.399000 1.371001 10.410000
v -0.300000 2.718001 10.142000
v -0.228000 2.691001 10.044000
v -2.199000 2.665001 9.945000
v -1.999000 2.665001 9.945000
v 0.000000 2.681001 10.007000
v -1.799000 2.718001 10.142000
v -2.399000 2.718001 10.142000
v -3.094000 2.711001 10.119000
v -2.830000 1.690001 9.923000
v -2.830000 1.745001 10.341000
v -4.042000 1.649001 9.748000
v -4.000000 1.709001 10.106000
v -4.042000 2.207001 9.637000
v -4.904000 2.085001 9.111000
v -3.199000 2.617001 9.766000
v -4.000000 2.288001 9.991000
v -4.904000 1.555001 9.216000
v -4.960000 1.889001 7.051000
v -4.960000 2.407001 8.983000
v -4.036000 2.562001 9.563000
v -4.960000 0.953001 7.238000
v -3.474000 2.318001 10.119000
v -3.590000 2.218001 9.746000
v -2.505000 1.555001 10.379000
v -2.643000 1.691001 10.354000
v -2.505000 1.500001 9.961000
v -2.643000 1.636001 9.937000
v -2.830000 2.714001 10.130000
v 0.000000 1.773000 6.617000
v -0.750000 1.773000 6.617000
v -0.750000 0.894001 6.791000
v -3.145000 2.523001 10.151000
v -3.284000 2.379001 10.150000
v -3.270000 2.424001 9.782000
v -3.409000 2.279001 9.777000
v -3.590000 2.591001 9.671000
v -3.409000 2.603001 9.715000
v -2.643000 2.716001 10.135000
v -0.230000 3.980001 9.610000
v -2.199000 3.940001 9.512000
v -1.999000 3.940001 9.512000
v -2.830000 3.498001 9.438000
v -2.830000 3.659001 9.828000
v -4.042000 3.446001 9.266000
v -4.000000 3.573001 9.607000
v -4.042000 2.907001 9.450000
v -4.904000 2.750001 8.933000
v -4.000000 3.014001 9.797000
v -4.904000 3.262001 8.759000
v -4.960000 3.559001 8.592000
v -3.474000 3.052001 9.923000
v -3.590000 2.952001 9.549000
v -2.450000 4.019001 9.702000
v -2.505000 3.843001 9.766000
v -2.643000 3.712001 9.813000
v -2.505000 3.682001 9.377000
v -2.643000 3.853001 9.303000
v -2.643000 3.551001 9.424000
v 0.000000 2.621001 6.329000
v -0.750000 2.621001 6.329000
v -3.145000 2.890001 10.053000
v -3.284000 3.015001 9.980000
v -3.270000 2.791001 9.683000
v -3.409000 2.915001 9.607000
v -0.960000 0.953001 7.238000
v -1.799000 1.371001 10.410000
v -0.300000 1.371001 10.410000
v -0.230000 1.358001 10.312000
v -2.199000 1.344001 10.207000
v 0.000000 1.352001 10.271000
v -2.830000 0.936001 10.022000
v -2.830000 0.991001 10.440000
v -4.042000 0.930001 9.842000
v -4.000000 0.965001 10.205000
v -4.042000 0.362001 9.880000
v -4.904000 0.344001 9.340000
v -4.000000 0.376001 10.243000
v -4.904000 0.884001 9.305000
v -4.960000 1.214001 9.220000
v -4.036000 1.292001 9.816000
v -3.474000 0.380001 10.374000
v -3.590000 0.380001 9.988000
v -2.450000 1.371001 10.412000
v -2.505000 1.185001 10.428000
v -2.643000 1.046001 10.439000
v -2.450000 1.316001 9.994000
v -2.505000 1.130001 10.010000
v -2.643000 1.314001 9.983000
v -2.643000 0.991001 10.022000
v -2.830000 1.313001 9.973000
v 0.000000 0.894001 6.791000
v -3.145000 0.190001 10.458000
v -3.284000 0.329001 10.420000
v -3.270000 0.190001 10.076000
v -3.409000 0.329001 10.034000
v 0.960000 -7.238000 -0.952999
v 2.830000 -10.022000 -0.935999
v 2.830000 -10.440000 -0.990999
v 4.042000 -9.842000 -0.929999
v 4.000000 -10.205000 -0.964999
v 4.042000 -9.880000 -0.361999
v 4.904000 -9.340000 -0.343999
v 4.000000 -10.243000 -0.375999
v 4.904000 -9.305000 -0.883999
v 4.960000 -9.220000 -1.213999
v 4.960000 -7.238000 -0.952999
v 3.474000 -10.374000 -0.379999
v 3.590000 -9.988000 -0.379999
v 2.505000 -10.428000 -1.184999
v 2.643000 -10.439000 -1.045999
v 2.450000 -9.994000 -1.315999
v 2.505000 -10.010000 -1.129999
v 2.643000 -9.983000 -1.313999
v 2.643000 -10.022000 -0.990999
v 2.830000 -9.973000 -1.312999
v 3.145000 -10.458000 -0.189999
v 3.284000 -10.420000 -0.328999
v 3.270000 -10.076000 -0.189999
v 3.409000 -10.034000 -0.328999
v 0.960000 -7.051000 -1.889000
v 1.799000 -9.701000 -4.017999
v 0.300000 -9.701000 -4.017999
v 2.199000 -9.512000 -3.939999
v 0.300000 -10.142000 -2.717999
v 0.228000 -10.044000 -2.690999
v 2.199000 -9.945000 -2.664999
v 1.999000 -9.945000 -2.664999
v 1.799000 -10.142000 -2.717999
v 2.399000 -10.142000 -2.717999
v 3.094000 -10.119000 -2.710999
v 2.830000 -9.438000 -3.497999
v 2.830000 -9.828000 -3.658999
v 4.042000 -9.266000 -3.445999
v 4.000000 -9.607000 -3.572999
v 4.042000 -9.450000 -2.906999
v 4.904000 -8.933000 -2.749999
v 3.199000 -9.766000 -2.616999
v 4.000000 -9.797000 -3.013999
v 4.904000 -8.759000 -3.261999
v 4.960000 -7.051000 -1.889000
v 4.036000 -9.147000 -3.788999
v 4.960000 -8.983000 -2.406999
v 4.036000 -9.563000 -2.561999
v 3.474000 -9.923000 -3.051999
v 3.590000 -9.549000 -2.951999
v 2.450000 -9.702000 -4.018999
v 2.505000 -9.766000 -3.842999
v 2.643000 -9.813000 -3.711999
v 2.450000 -9.313000 -3.856999
v 2.505000 -9.377000 -3.681999
v 2.643000 -9.424000 -3.550999
v 2.830000 -10.130000 -2.713999
v 0.750000 -6.617000 -1.773000
v 0.750000 -6.329000 -2.621000
v 3.145000 -10.053000 -2.889999
v 3.284000 -9.980000 -3.014999
v 3.270000 -9.683000 -2.790999
v 3.409000 -9.607000 -2.914999
v 3.590000 -9.671000 -2.590999
v 3.409000 -9.715000 -2.602999
v 2.643000 -10.135000 -2.715999
v 1.799000 -10.410000 -1.370999
v 0.300000 -10.410000 -1.370999
v 0.230000 -10.312000 -1.357999
v 2.199000 -10.207000 -1.343999
v 1.999000 -10.207000 -1.343999
v 2.399000 -10.410000 -1.370999
v 2.830000 -9.923000 -1.689999
v 2.830000 -10.341000 -1.744999
v 4.042000 -9.748000 -1.648999
v 4.000000 -10.106000 -1.708999
v 4.042000 -9.637000 -2.206999
v 4.904000 -9.111000 -2.084999
v 4.000000 -9.991000 -2.287999
v 4.904000 -9.216000 -1.554999
v 4.036000 -9.816000 -1.291999
v 3.474000 -10.119000 -2.317999
v 3.590000 -9.746000 -2.217999
v 2.450000 -10.412000 -1.370999
v 2.505000 -10.379000 -1.554999
v 2.643000 -10.354000 -1.690999
v 2.505000 -9.961000 -1.499999
v 2.643000 -9.937000 -1.635999
v 0.750000 -6.791000 -0.893999
v 3.145000 -10.151000 -2.522999
v 3.284000 -10.150000 -2.378999
v 3.270000 -9.782000 -2.423999
v 3.409000 -9.777000 -2.278999
v 0.960000 -6.322001 -3.650000
v 1.799000 -8.330001 -6.392000
v 0.300000 -8.330001 -6.392000
v 0.230000 -8.252001 -6.331999
v 2.199000 -8.168000 -6.267000
v 2.399000 -8.330001 -6.392000
v 0.300000 -9.093000 -5.250000
v 0.228000 -9.005000 -5.198999
v 2.199000 -8.916000 -5.147999
v 1.999000 -8.916000 -5.147999
v 1.799000 -9.093000 -5.250000
v 2.399000 -9.093000 -5.250000
v 3.094000 -9.073000 -5.237999
v 2.830000 -8.211000 -5.822000
v 2.830000 -8.546000 -6.078000
v 4.042000 -8.059000 -5.727000
v 4.000000 -8.355000 -5.938000
v 4.042000 -8.375000 -5.254000
v 4.904000 -7.917000 -4.967999
v 3.199000 -8.756000 -5.054999
v 4.000000 -8.683000 -5.447000
v 4.904000 -7.616001 -5.418000
v 4.960000 -6.322001 -3.650000
v 4.036000 -7.855000 -6.026999
v 4.960000 -8.054000 -4.650000
v 4.036000 -8.574000 -4.949999
v 4.960000 -5.791000 -4.443999
v 3.474000 -8.794000 -5.515999
v 3.590000 -8.460000 -5.322999
v 2.505000 -8.439000 -6.239999
v 2.643000 -8.518000 -6.125999
v 2.505000 -8.104000 -5.982999
v 2.643000 -7.988000 -6.130000
v 2.643000 -8.183000 -5.868999
v 2.830000 -9.082000 -5.243000
v 0.750000 -5.932001 -3.424999
v 3.145000 -8.962000 -5.394000
v 3.284000 -8.860000 -5.494999
v 3.270000 -8.631000 -5.202000
v 3.409000 -8.525000 -5.302000
v 3.590000 -8.671000 -5.006000
v 3.409000 -8.710000 -5.028999
v 2.643000 -9.087000 -5.245999
v 0.960000 -6.744000 -2.793999
v 0.230000 -9.610000 -3.979999
v 1.999000 -9.512000 -3.939999
v 2.399000 -9.701000 -4.017999
v 2.830000 -9.148000 -4.199999
v 2.830000 -9.537000 -4.361999
v 4.042000 -8.989000 -4.114999
v 4.000000 -9.320000 -4.267000
v 4.042000 -8.738000 -4.625999
v 4.904000 -8.261000 -4.372000
v 4.000000 -9.059000 -4.796000
v 4.904000 -8.500000 -3.886999
v 4.960000 -8.592000 -3.558999
v 4.960000 -6.744000 -2.793999
v 3.474000 -9.174000 -4.857999
v 3.590000 -8.840000 -4.664999
v 2.505000 -9.623000 -4.187999
v 2.643000 -9.564000 -4.313999
v 2.505000 -9.234000 -4.026999
v 2.643000 -9.303000 -3.852999
v 2.643000 -9.174000 -4.151999
v 2.830000 -9.293000 -3.848999
v 3.145000 -9.152000 -5.065000
v 3.284000 -9.189000 -4.925000
v 3.270000 -8.821000 -4.873000
v 3.409000 -8.854000 -4.731999
v 0.960000 -4.444000 -5.790999
v 0.960000 -5.162001 -5.162000
v 0.300000 -6.392001 -8.329999
v 2.399000 -6.392001 -8.329999
v 0.300000 -7.425001 -7.425000
v 0.228000 -7.353001 -7.353000
v 2.199000 -7.280001 -7.280000
v 1.999000 -7.280001 -7.280000
v 1.799000 -7.425001 -7.425000
v 2.399000 -7.425001 -7.425000
v 3.094000 -7.408000 -7.408000
v 2.830000 -6.425001 -7.749000
v 2.830000 -6.681001 -8.082999
v 4.042000 -6.302001 -7.617000
v 4.000000 -6.534000 -7.897999
v 4.042000 -6.730000 -7.243000
v 4.904000 -6.361001 -6.848000
v 3.199000 -7.149001 -7.149000
v 4.000000 -6.977001 -7.508999
v 4.904000 -5.954000 -7.204000
v 4.960000 -5.162001 -5.162000
v 4.960000 -5.661000 -7.377999
v 4.960000 -6.576001 -6.576000
v 4.036000 -7.000000 -7.000000
v 4.960000 -4.444000 -5.790999
v 3.474000 -7.067000 -7.605000
v 3.590000 -6.794001 -7.330999
v 2.505000 -6.536000 -8.210999
v 2.643000 -6.642001 -8.120999
v 2.450000 -6.136001 -7.997000
v 2.505000 -6.280001 -7.876999
v 2.643000 -6.386001 -7.787000
v 2.830000 -7.415000 -7.414999
v 0.750000 -4.844000 -4.843999
v 3.145000 -7.261001 -7.528999
v 3.284000 -7.135001 -7.600999
v 3.270000 -6.990000 -7.258999
v 3.409000 -6.862000 -7.328000
v 3.590000 -7.080000 -7.079999
v 3.409000 -7.112000 -7.112000
v 2.643000 -7.419001 -7.419000
v 0.960000 -5.791000 -4.443999
v 1.999000 -8.168000 -6.267000
v 2.830000 -7.749001 -6.425000
v 2.830000 -8.083001 -6.681000
v 4.042000 -7.617001 -6.302000
v 4.000000 -7.898000 -6.533999
v 4.042000 -7.243001 -6.730000
v 4.904000 -6.848001 -6.361000
v 4.000000 -7.509000 -6.977000
v 4.904000 -7.204000 -5.954000
v 4.960000 -7.378000 -5.660999
v 3.474000 -7.605000 -7.066999
v 3.590000 -7.331000 -6.794000
v 2.450000 -8.331001 -6.393000
v 2.505000 -8.211001 -6.535999
v 2.643000 -8.121001 -6.642000
v 2.450000 -7.997001 -6.136000
v 2.505000 -7.877000 -6.280000
v 2.643000 -7.787001 -6.386000
v 2.830000 -7.980000 -6.123000
v 0.750000 -5.434000 -4.170000
v 3.145000 -7.529000 -7.261000
v 3.284000 -7.601000 -7.135000
v 3.270000 -7.259000 -6.989999
v 3.409000 -7.328001 -6.862000
v 0.960000 -2.794000 -6.744000
v 0.960000 -3.650001 -6.322000
v 1.799000 -4.018001 -9.701000
v 0.300000 -4.018001 -9.701000
v 2.399000 -4.018001 -9.701000
v 0.300000 -5.250000 -9.093000
v 0.228000 -5.199000 -9.005000
v 2.199000 -5.148000 -8.916000
v 1.999000 -5.148000 -8.916000
v 1.799000 -5.250000 -9.093000
v 2.399000 -5.250000 -9.093000
v 3.094000 -5.238000 -9.073000
v 2.830000 -4.200000 -9.148000
v 2.830000 -4.362001 -9.537000
v 4.042000 -4.115000 -8.989000
v 4.000000 -4.267001 -9.320000
v 4.042000 -4.626000 -8.738000
v 4.904000 -4.372001 -8.261000
v 3.199000 -5.055000 -8.756000
v 4.000000 -4.796000 -9.059000
v 4.904000 -3.887001 -8.500000
v 4.960000 -3.650001 -6.322000
v 4.036000 -3.789001 -9.147000
v 4.960000 -4.650001 -8.054000
v 4.036000 -4.950000 -8.574000
v 4.960000 -2.794000 -6.744000
v 3.474000 -4.858000 -9.174000
v 3.590000 -4.665000 -8.840000
v 2.505000 -4.188001 -9.623000
v 2.643000 -4.314001 -9.564000
v 2.450000 -3.857001 -9.313000
v 2.505000 -4.027000 -9.234000
v 2.643000 -4.152000 -9.174000
v 2.830000 -3.849001 -9.293000
v 2.830000 -5.243001 -9.082000
v 0.750000 -3.425000 -5.932000
v 3.145000 -5.065001 -9.152000
v 3.284000 -4.925001 -9.189000
v 3.270000 -4.873001 -8.821000
v 3.409000 -4.732000 -8.854000
v 3.590000 -5.006001 -8.671000
v 3.409000 -5.029000 -8.710000
v 2.643000 -5.246000 -9.087000
v 1.799000 -6.392001 -8.329999
v 0.230000 -6.332000 -8.251999
v 2.199000 -6.267001 -8.168000
v 1.999000 -6.267001 -8.168000
v 2.830000 -5.822001 -8.211000
v 2.830000 -6.078001 -8.546000
v 4.042000 -5.727001 -8.059000
v 4.000000 -5.938001 -8.355000
v 4.042000 -5.254001 -8.375000
v 4.904000 -4.968000 -7.916999
v 4.000000 -5.447001 -8.683000
v 4.904000 -5.418001 -7.616000
v 4.036000 -6.027000 -7.855000
v 3.474000 -5.516000 -8.794000
v 3.590000 -5.323000 -8.460000
v 2.450000 -6.393001 -8.330999
v 2.505000 -6.240000 -8.439000
v 2.643000 -6.126000 -8.518000
v 2.505000 -5.983000 -8.104000
v 2.643000 -6.130001 -7.987999
v 2.643000 -5.869000 -8.183000
v 2.830000 -6.123001 -7.980000
v 0.750000 -4.170001 -5.434000
v 3.145000 -5.394001 -8.962000
v 3.284000 -5.495000 -8.860000
v 3.270000 -5.202001 -8.631000
v 3.409000 -5.302001 -8.525000
v 0.960000 -1.889001 -7.051000
v 1.999000 -1.344001 -10.207000
v 2.399000 -1.371001 -10.410000
v 0.300000 -2.718001 -10.142000
v 0.228000 -2.691001 -10.044000
v 2.199000 -2.665001 -9.945000
v 1.999000 -2.665001 -9.945000
v 1.799000 -2.718001 -10.142000
v 2.399000 -2.718001 -10.142000
v 3.094000 -2.711001 -10.119000
v 2.830000 -1.690001 -9.923000
v 2.830000 -1.745001 -10.341000
v 4.042000 -1.649001 -9.748000
v 4.000000 -1.709001 -10.106000
v 4.042000 -2.207001 -9.637000
v 4.904000 -2.085001 -9.111000
v 3.199000 -2.617001 -9.766000
v 4.000000 -2.288001 -9.991000
v 4.904000 -1.555001 -9.216000
v 4.960000 -1.889001 -7.051000
v 4.960000 -2.407001 -8.983000
v 4.036000 -2.562001 -9.563000
v 4.960000 -0.953001 -7.238000
v 3.474000 -2.318001 -10.119000
v 3.590000 -2.218001 -9.746000
v 2.505000 -1.555001 -10.379000
v 2.643000 -1.691001 -10.354000
v 2.505000 -1.500001 -9.961000
v 2.643000 -1.636001 -9.937000
v 2.830000 -2.714001 -10.130000
v 0.750000 -1.773000 -6.617000
v 0.750000 -0.894001 -6.791000
v 3.145000 -2.523001 -10.151000
v 3.284000 -2.379001 -10.150000
v 3.270000 -2.424001 -9.782000
v 3.409000 -2.279001 -9.777000
v 3.590000 -2.591001 -9.671000
v 3.409000 -2.603001 -9.715000
v 2.643000 -2.716001 -10.135000
v 0.230000 -3.980001 -9.610000
v 2.199000 -3.940001 -9.512000
v 1.999000 -3.940001 -9.512000
v 2.830000 -3.498001 -9.438000
v 2.830000 -3.659001 -9.828000
v 4.042000 -3.446001 -9.266000
v 4.000000 -3.573001 -9.607000
v 4.042000 -2.907001 -9.450000
v 4.904000 -2.750001 -8.933000
v 4.000000 -3.014001 -9.797000
v 4.904000 -3.262001 -8.759000
v 4.960000 -3.559001 -8.592000
v 3.474000 -3.052001 -9.923000
v 3.590000 -2.952001 -9.549000
v 2.450000 -4.019001 -9.702000
v 2.505000 -3.843001 -9.766000
v 2.643000 -3.712001 -9.813000
v 2.505000 -3.682001 -9.377000
v 2.643000 -3.853001 -9.303000
v 2.643000 -3.551001 -9.424000
v 0.750000 -2.621001 -6.329000
v 3.145000 -2.890001 -10.053000
v 3.284000 -3.015001 -9.980000
v 3.270000 -2.791001 -9.683000
v 3.409000 -2.915001 -9.607000
v 0.960000 -0.000001 -7.300000
v 0.300000 -0.000001 -10.500000
v 0.228000 -0.000001 -10.398000
v 2.199000 -0.000001 -10.295000
v 1.999000 -0.000001 -10.295000
v 1.799000 -0.000001 -10.500000
v 2.399000 -0.000001 -10.500000
v 3.094000 -0.000001 -10.476000
v 3.199000 -0.000001 -10.110000
v 4.960000 -0.000001 -7.300000
v 4.960000 -0.000001 -9.299000
v 4.036000 -0.000001 -9.900000
v 2.830000 -0.000001 -10.487000
v 0.750000 -0.000001 -6.850000
v 3.590000 -0.000001 -10.012000
v 3.409000 -0.000001 -10.057000
v 2.643000 -0.000001 -10.493000
v 0.960000 -0.953001 -7.238000
v 1.799000 -1.371001 -10.410000
v 0.300000 -1.371001 -10.410000
v 0.230000 -1.358001 -10.312000
v 2.199000 -1.344001 -10.207000
v 2.830000 -0.936001 -10.022000
v 2.830000 -0.991001 -10.440000
v 4.042000 -0.930001 -9.842000
v 4.000000 -0.965001 -10.205000
v 4.042000 -0.362001 -9.880000
v 4.904000 -0.344001 -9.340000
v 4.000000 -0.376001 -10.243000
v 4.904000 -0.884001 -9.305000
v 4.960000 -1.214001 -9.220000
v 4.036000 -1.292001 -9.816000
v 3.474000 -0.380001 -10.374000
v 3.590000 -0.380001 -9.988000
v 2.450000 -1.371001 -10.412000
v 2.505000 -1.185001 -10.428000
v 2.643000 -1.046001 -10.439000
v 2.450000 -1.316001 -9.994000
v 2.505000 -1.130001 -10.010000
v 2.643000 -1.314001 -9.983000
v 2.643000 -0.991001 -10.022000
v 2.830000 -1.313001 -9.973000
v 3.145000 -0.190001 -10.458000
v 3.284000 -0.329001 -10.420000
v 3.270000 -0.190001 -10.076000
v 3.409000 -0.329001 -10.034000
v -0.960000 -7.238000 -0.952999
v -2.830000 -10.022000 -0.935999
v -2.830000 -10.440000 -0.990999
v -4.042000 -9.842000 -0.929999
v -4.000000 -10.205000 -0.964999
v -4.042000 -9.880000 -0.361999
v -4.904000 -9.340000 -0.343999
v -4.000000 -10.243000 -0.375999
v -4.904000 -9.305000 -0.883999
v -4.960000 -9.220000 -1.213999
v -4.960000 -7.238000 -0.952999
v -3.474000 -10.374000 -0.379999
v -3.590000 -9.988000 -0.379999
v -2.505000 -10.428000 -1.184999
v -2.643000 -10.439000 -1.045999
v -2.450000 -9.994000 -1.315999
v -2.505000 -10.010000 -1.129999
v -2.643000 -9.983000 -1.313999
v -2.643000 -10.022000 -0.990999
v -2.830000 -9.973000 -1.312999
v -3.145000 -10.458000 -0.189999
v -3.284000 -10.420000 -0.328999
v -3.270000 -10.076000 -0.189999
v -3.409000 -10.034000 -0.328999
v -0.960000 -7.051000 -1.889000
v -1.799000 -9.701000 -4.017999
v -0.300000 -9.701000 -4.017999
v -2.199000 -9.512000 -3.939999
v 0.000000 -9.571000 -3.963999
v -0.300000 -10.142000 -2.717999
v -0.228000 -10.044000 -2.690999
v -2.199000 -9.945000 -2.664999
v -1.999000 -9.945000 -2.664999
v 0.000000 -10.007000 -2.680999
v -1.799000 -10.142000 -2.717999
v -2.399000 -10.142000 -2.717999
v -3.094000 -10.119000 -2.710999
v -2.830000 -9.438000 -3.497999
v -2.830000 -9.828000 -3.658999
v -4.042000 -9.266000 -3.445999
v -4.000000 -9.607000 -3.572999
v -4.042000 -9.450000 -2.906999
v -4.904000 -8.933000 -2.749999
v -3.199000 -9.766000 -2.616999
v -4.000000 -9.797000 -3.013999
v -4.904000 -8.759000 -3.261999
v -4.960000 -7.051000 -1.889000
v -4.036000 -9.147000 -3.788999
v -4.960000 -8.983000 -2.406999
v -4.036000 -9.563000 -2.561999
v -3.474000 -9.923000 -3.051999
v -3.590000 -9.549000 -2.951999
v -2.450000 -9.702000 -4.018999
v -2.505000 -9.766000 -3.842999
v -2.643000 -9.813000 -3.711999
v -2.450000 -9.313000 -3.856999
v -2.505000 -9.377000 -3.681999
v -2.643000 -9.424000 -3.550999
v -2.830000 -10.130000 -2.713999
v 0.000000 -6.329000 -2.621000
v 0.000000 -6.617000 -1.773000
v -0.750000 -6.617000 -1.773000
v -0.750000 -6.329000 -2.621000
v -3.145000 -10.053000 -2.889999
v -3.284000 -9.980000 -3.014999
v -3.270000 -9.683000 -2.790999
v -3.409000 -9.607000 -2.914999
v -3.590000 -9.671000 -2.590999
v -3.409000 -9.715000 -2.602999
v -2.643000 -10.135000 -2.715999
v -1.799000 -10.410000 -1.370999
v -0.300000 -10.410000 -1.370999
v -0.230000 -10.312000 -1.357999
v -2.199000 -10.207000 -1.343999
v -1.999000 -10.207000 -1.343999
v 0.000000 -10.271000 -1.351999
v -2.399000 -10.410000 -1.370999
v -2.830000 -9.923000 -1.689999
v -2.830000 -10.341000 -1.744999
v -4.042000 -9.748000 -1.648999
v -4.000000 -10.106000 -1.708999
v -4.042000 -9.637000 -2.206999
v -4.904000 -9.111000 -2.084999
v -4.000000 -9.991000 -2.287999
v -4.904000 -9.216000 -1.554999
v -4.036000 -9.816000 -1.291999
v -3.474000 -10.119000 -2.317999
v -3.590000 -9.746000 -2.217999
v -2.450000 -10.412000 -1.370999
v -2.505000 -10.379000 -1.554999
v -2.643000 -10.354000 -1.690999
v -2.505000 -9.961000 -1.499999
v -2.643000 -9.937000 -1.635999
v 0.000000 -6.791000 -0.893999
v -0.750000 -6.791000 -0.893999
v -3.145000 -10.151000 -2.522999
v -3.284000 -10.150000 -2.378999
v -3.270000 -9.782000 -2.423999
v -3.409000 -9.777000 -2.278999
v -0.960000 -6.322001 -3.650000
v -1.799000 -8.330001 -6.392000
v -0.300000 -8.330001 -6.392000
v -0.230000 -8.252001 -6.331999
v -2.199000 -8.168000 -6.267000
v -2.399000 -8.330001 -6.392000
v -0.300000 -9.093000 -5.250000
v -0.228000 -9.005000 -5.198999
v -2.199000 -8.916000 -5.147999
v -1.999000 -8.916000 -5.147999
v 0.000000 -8.972000 -5.179999
v -1.799000 -9.093000 -5.250000
v -2.399000 -9.093000 -5.250000
v -3.094000 -9.073000 -5.237999
v -2.830000 -8.211000 -5.822000
v -2.830000 -8.546000 -6.078000
v -4.042000 -8.059000 -5.727000
v -4.000000 -8.355000 -5.938000
v -4.042000 -8.375000 -5.254000
v -4.904000 -7.917000 -4.967999
v -3.199000 -8.756000 -5.054999
v -4.000000 -8.683000 -5.447000
v -4.904000 -7.616001 -5.418000
v -4.960000 -6.322001 -3.650000
v -4.036000 -7.855000 -6.026999
v -4.960000 -8.054000 -4.650000
v -4.036000 -8.574000 -4.949999
v -4.960000 -5.791000 -4.443999
v -3.474000 -8.794000 -5.515999
v -3.590000 -8.460000 -5.322999
v -2.505000 -8.439000 -6.239999
v -2.643000 -8.518000 -6.125999
v -2.505000 -8.104000 -5.982999
v -2.643000 -7.988000 -6.130000
v -2.643000 -8.183000 -5.868999
v -2.830000 -9.082000 -5.243000
v 0.000000 -5.932001 -3.424999
v -0.750000 -5.932001 -3.424999
v -3.145000 -8.962000 -5.394000
v -3.284000 -8.860000 -5.494999
v -3.270000 -8.631000 -5.202000
v -3.409000 -8.525000 -5.302000
v -3.590000 -8.671000 -5.006000
v -3.409000 -8.710000 -5.028999
v -2.643000 -9.087000 -5.245999
v -0.960000 -6.744000 -2.793999
v -0.230000 -9.610000 -3.979999
v -1.999000 -9.512000 -3.939999
v -2.399000 -9.701000 -4.017999
v -2.830000 -9.148000 -4.199999
v -2.830000 -9.537000 -4.361999
v -4.042000 -8.989000 -4.114999
v -4.000000 -9.320000 -4.267000
v -4.042000 -8.738000 -4.625999
v -4.904000 -8.261000 -4.372000
v -4.000000 -9.059000 -4.796000
v -4.904000 -8.500000 -3.886999
v -4.960000 -8.592000 -3.558999
v -4.960000 -6.744000 -2.793999
v -3.474000 -9.174000 -4.857999
v -3.590000 -8.840000 -4.664999
v -2.505000 -9.623000 -4.187999
v -2.643000 -9.564000 -4.313999
v -2.505000 -9.234000 -4.026999
v -2.643000 -9.303000 -3.852999
v -2.643000 -9.174000 -4.151999
v -2.830000 -9.293000 -3.848999
v -3.145000 -9.152000 -5.065000
v -3.284000 -9.189000 -4.925000
v -3.270000 -8.821000 -4.873000
v -3.409000 -8.854000 -4.731999
v -0.960000 -4.444000 -5.790999
v -0.960000 -5.162001 -5.162000
v -0.300000 -6.392001 -8.329999
v -2.399000 -6.392001 -8.329999
v -0.300000 -7.425001 -7.425000
v -0.228000 -7.353001 -7.353000
v -2.199000 -7.280001 -7.280000
v -1.999000 -7.280001 -7.280000
v 0.000000 -7.325000 -7.324999
v -1.799000 -7.425001 -7.425000
v -2.399000 -7.425001 -7.425000
v -3.094000 -7.408000 -7.408000
v -2.830000 -6.425001 -7.749000
v -2.830000 -6.681001 -8.082999
v -4.042000 -6.302001 -7.617000
v -4.000000 -6.534000 -7.897999
v -4.042000 -6.730000 -7.243000
v -4.904000 -6.361001 -6.848000
v -3.199000 -7.149001 -7.149000
v -4.000000 -6.977001 -7.508999
v -4.904000 -5.954000 -7.204000
v -4.960000 -5.162001 -5.162000
v -4.960000 -5.661000 -7.377999
v -4.960000 -6.576001 -6.576000
v -4.036000 -7.000000 -7.000000
v -4.960000 -4.444000 -5.790999
v -3.474000 -7.067000 -7.605000
v -3.590000 -6.794001 -7.330999
v -2.505000 -6.536000 -8.210999
v -2.643000 -6.642001 -8.120999
v -2.450000 -6.136001 -7.997000
v -2.505000 -6.280001 -7.876999
v -2.643000 -6.386001 -7.787000
v -2.830000 -7.415000 -7.414999
v 0.000000 -4.170001 -5.434000
v 0.000000 -4.844000 -4.843999
v -0.750000 -4.844000 -4.843999
v -3.145000 -7.261001 -7.528999
v -3.284000 -7.135001 -7.600999
v -3.270000 -6.990000 -7.258999
v -3.409000 -6.862000 -7.328000
v -3.590000 -7.080000 -7.079999
v -3.409000 -7.112000 -7.112000
v -2.643000 -7.419001 -7.419000
v -0.960000 -5.791000 -4.443999
v -1.999000 -8.168000 -6.267000
v 0.000000 -8.219000 -6.306000
v -2.830000 -7.749001 -6.425000
v -2.830000 -8.083001 -6.681000
v -4.042000 -7.617001 -6.302000
v -4.000000 -7.898000 -6.533999
v -4.042000 -7.243001 -6.730000
v -4.904000 -6.848001 -6.361000
v -4.000000 -7.509000 -6.977000
v -4.904000 -7.204000 -5.954000
v -4.960000 -7.378000 -5.660999
v -3.474000 -7.605000 -7.066999
v -3.590000 -7.331000 -6.794000
v -2.450000 -8.331001 -6.393000
v -2.505000 -8.211001 -6.535999
v -2.643000 -8.121001 -6.642000
v -2.450000 -7.997001 -6.136000
v -2.505000 -7.877000 -6.280000
v -2.643000 -7.787001 -6.386000
v -2.830000 -7.980000 -6.123000
v 0.000000 -5.434000 -4.170000
v -0.750000 -5.434000 -4.170000
v -3.145000 -7.529000 -7.261000
v -3.284000 -7.601000 -7.135000
v -3.270000 -7.259000 -6.989999
v -3.409000 -7.328001 -6.862000
v -0.960000 -2.794000 -6.744000
v -0.960000 -3.650001 -6.322000
v -1.799000 -4.018001 -9.701000
v -0.300000 -4.018001 -9.701000
v 0.000000 -3.964001 -9.571000
v -2.399000 -4.018001 -9.701000
v -0.300000 -5.250000 -9.093000
v -0.228000 -5.199000 -9.005000
v -2.199000 -5.148000 -8.916000
v -1.999000 -5.148000 -8.916000
v 0.000000 -5.180000 -8.972000
v -1.799000 -5.250000 -9.093000
v -2.399000 -5.250000 -9.093000
v -3.094000 -5.238000 -9.073000
v -2.830000 -4.200000 -9.148000
v -2.830000 -4.362001 -9.537000
v -4.042000 -4.115000 -8.989000
v -4.000000 -4.267001 -9.320000
v -4.042000 -4.626000 -8.738000
v -4.904000 -4.372001 -8.261000
v -3.199000 -5.055000 -8.756000
v -4.000000 -4.796000 -9.059000
v -4.904000 -3.887001 -8.500000
v -4.960000 -3.650001 -6.322000
v -4.036000 -3.789001 -9.147000
v -4.960000 -4.650001 -8.054000
v -4.036000 -4.950000 -8.574000
v -4.960000 -2.794000 -6.744000
v -3.474000 -4.858000 -9.174000
v -3.590000 -4.665000 -8.840000
v -2.505000 -4.188001 -9.623000
v -2.643000 -4.314001 -9.564000
v -2.450000 -3.857001 -9.313000
v -2.505000 -4.027000 -9.234000
v -2.643000 -4.152000 -9.174000
v -2.830000 -3.849001 -9.293000
v -2.830000 -5.243001 -9.082000
v 0.000000 -3.425000 -5.932000
v -0.750000 -3.425000 -5.932000
v -3.145000 -5.065001 -9.152000
v -3.284000 -4.925001 -9.189000
v -3.270000 -4.873001 -8.821000
v -3.409000 -4.732000 -8.854000
v -3.590000 -5.006001 -8.671000
v -3.409000 -5.029000 -8.710000
v -2.643000 -5.246000 -9.087000
v -1.799000 -6.392001 -8.329999
v -0.230000 -6.332000 -8.251999
v -2.199000 -6.267001 -8.168000
v -1.999000 -6.267001 -8.168000
v 0.000000 -6.306001 -8.219000
v -2.830000 -5.822001 -8.211000
v -2.830000 -6.078001 -8.546000
v -4.042000 -5.727001 -8.059000
v -4.000000 -5.938001 -8.355000
v -4.042000 -5.254001 -8.375000
v -4.904000 -4.968000 -7.916999
v -4.000000 -5.447001 -8.683000
v -4.904000 -5.418001 -7.616000
v -4.036000 -6.027000 -7.855000
v -3.474000 -5.516000 -8.794000
v -3.590000 -5.323000 -8.460000
v -2.450000 -6.393001 -8.330999
v -2.505000 -6.240000 -8.439000
v -2.643000 -6.126000 -8.518000
v -2.505000 -5.983000 -8.104000
v -2.643000 -6.130001 -7.987999
v -2.643000 -5.869000 -8.183000
v -2.830000 -6.123001 -7.980000
v -0.750000 -4.170001 -5.434000
v -3.145000 -5.394001 -8.962000
v -3.284000 -5.495000 -8.860000
v -3.270000 -5.202001 -8.631000
v -3.409000 -5.302001 -8.525000
v -0.960000 -1.889001 -7.051000
v -1.999000 -1.344001 -10.207000
v -2.399000 -1.371001 -10.410000
v -0.300000 -2.718001 -10.142000
v -0.228000 -2.691001 -10.044000
v -2.199000 -2.665001 -9.945000
v -1.999000 -2.665001 -9.945000
v 0.000000 -2.681001 -10.007000
v -1.799000 -2.718001 -10.142000
v -2.399000 -2.718001 -10.142000
v -3.094000 -2.711001 -10.119000
v -2.830000 -1.690001 -9.923000
v -2.830000 -1.745001 -10.341000
v -4.042000 -1.649001 -9.748000
v -4.000000 -1.709001 -10.106000
v -4.042000 -2.207001 -9.637000
v -4.904000 -2.085001 -9.111000
v -3.199000 -2.617001 -9.766000
v -4.000000 -2.288001 -9.991000
v -4.904000 -1.555001 -9.216000
v -4.960000 -1.889001 -7.051000
v -4.960000 -2.407001 -8.983000
v -4.036000 -2.562001 -9.563000
v -4.960000 -0.953001 -7.238000
v -3.474000 -2.318001 -10.119000
v -3.590000 -2.218001 -9.746000
v -2.505000 -1.555001 -10.379000
v -2.643000 -1.691001 -10.354000
v -2.505000 -1.500001 -9.961000
v -2.643000 -1.636001 -9.937000
v -2.830000 -2.714001 -10.130000
v 0.000000 -1.773000 -6.617000
v -0.750000 -1.773000 -6.617000
v -0.750000 -0.894001 -6.791000
v -3.145000 -2.523001 -10.151000
v -3.284000 -2.379001 -10.150000
v -3.270000 -2.424001 -9.782000
v -3.409000 -2.279001 -9.777000
v -3.590000 -2.591001 -9.671000
v -3.409000 -2.603001 -9.715000
v -2.643000 -2.716001 -10.135000
v -0.230000 -3.980001 -9.610000
v -2.199000 -3.940001 -9.512000
v -1.999000 -3.940001 -9.512000
v -2.830000 -3.498001 -9.438000
v -2.830000 -3.659001 -9.828000
v -4.042000 -3.446001 -9.266000
v -4.000000 -3.573001 -9.607000
v -4.042000 -2.907001 -9.450000
v -4.904000 -2.750001 -8.933000
v -4.000000 -3.014001 -9.797000
v -4.904000 -3.262001 -8.759000
v -4.960000 -3.559001 -8.592000
v -3.474000 -3.052001 -9.923000
v -3.590000 -2.952001 -9.549000
v -2.450000 -4.019001 -9.702000
v -2.505000 -3.843001 -9.766000
v -2.643000 -3.712001 -9.813000
v -2.505000 -3.682001 -9.377000
v -2.643000 -3.853001 -9.303000
v -2.643000 -3.551001 -9.424000
v 0.000000 -2.621001 -6.329000
v -0.750000 -2.621001 -6.329000
v -3.145000 -2.890001 -10.053000
v -3.284000 -3.015001 -9.980000
v -3.270000 -2.791001 -9.683000
v -3.409000 -2.915001 -9.607000
v -0.960000 -0.000001 -7.300000
v -0.300000 -0.000001 -10.500000
v -0.228000 -0.000001 -10.398000
v -2.199000 -0.000001 -10.295000
v -1.999000 -0.000001 -10.295000
v 0.000000 -0.000001 -10.360000
v -1.799000 -0.000001 -10.500000
v -2.399000 -0.000001 -10.500000
v -3.094000 -0.000001 -10.476000
v -3.199000 -0.000001 -10.110000
v -4.960000 -0.000001 -7.300000
v -4.960000 -0.000001 -9.299000
v -4.036000 -0.000001 -9.900000
v -2.830000 -0.000001 -10.487000
v 0.000000 -0.000001 -6.850000
v -0.750000 -0.000001 -6.850000
v -3.590000 -0.000001 -10.012000
v -3.409000 -0.000001 -10.057000
v -2.643000 -0.000001 -10.493000
v -0.960000 -0.953001 -7.238000
v -1.799000 -1.371001 -10.410000
v -0.300000 -1.371001 -10.410000
v -0.230000 -1.358001 -10.312000
v -2.199000 -1.344001 -10.207000
v 0.000000 -1.352001 -10.271000
v -2.830000 -0.936001 -10.022000
v -2.830000 -0.991001 -10.440000
v -4.042000 -0.930001 -9.842000
v -4.000000 -0.965001 -10.205000
v -4.042000 -0.362001 -9.880000
v -4.904000 -0.344001 -9.340000
v -4.000000 -0.376001 -10.243000
v -4.904000 -0.884001 -9.305000
v -4.960000 -1.214001 -9.220000
v -4.036000 -1.292001 -9.816000
v -3.474000 -0.380001 -10.374000
v -3.590000 -0.380001 -9.988000
v -2.450000 -1.371001 -10.412000
v -2.505000 -1.185001 -10.428000
v -2.643000 -1.046001 -10.439000
v -2.450000 -1.316001 -9.994000
v -2.505000 -1.130001 -10.010000
v -2.643000 -1.314001 -9.983000
v -2.643000 -0.991001 -10.022000
v -2.830000 -1.313001 -9.973000
v 0.000000 -0.894001 -6.791000
v -3.145000 -0.190001 -10.458000
v -3.284000 -0.329001 -10.420000
v -3.270000 -0.190001 -10.076000
v -3.409000 -0.329001 -10.034000
v 0.960000 -7.238000 0.953001
v 0.960000 -7.300000 0.000001
v 0.300000 -10.500000 0.000001
v 0.228000 -10.398000 0.000001
v 2.199000 -10.295000 0.000001
v 1.999000 -10.295000 0.000001
v 1.799000 -10.500000 0.000001
v 2.399000 -10.500000 0.000001
v 3.094000 -10.476000 0.000001
v 2.830000 -10.022000 0.936001
v 2.830000 -10.440000 0.991001
v 4.042000 -9.842000 0.930001
v 4.000000 -10.205000 0.965001
v 4.042000 -9.880000 0.362001
v 4.904000 -9.340000 0.344001
v 3.199000 -10.110000 0.000001
v 4.000000 -10.243000 0.376001
v 4.904000 -9.305000 0.884001
v 4.960000 -7.300000 0.000001
v 4.960000 -9.220000 1.214001
v 4.960000 -9.299000 0.000001
v 4.036000 -9.900000 0.000001
v 4.960000 -7.238000 0.953001
v 3.474000 -10.374000 0.380001
v 3.590000 -9.988000 0.380001
v 2.505000 -10.428000 1.185001
v 2.643000 -10.439000 1.046001
v 2.450000 -9.994000 1.316001
v 2.505000 -10.010000 1.130001
v 2.643000 -9.983000 1.314001
v 2.643000 -10.022000 0.991001
v 2.830000 -9.973000 1.313001
v 2.830000 -10.487000 0.000001
v 0.750000 -6.850000 0.000001
v 3.145000 -10.458000 0.190001
v 3.284000 -10.420000 0.329001
v 3.270000 -10.076000 0.190001
v 3.409000 -10.034000 0.329001
v 3.590000 -10.012000 0.000001
v 3.409000 -10.057000 0.000001
v 2.643000 -10.493000 0.000001
v 0.960000 -7.051000 1.889001
v 1.799000 -9.701000 4.018001
v 0.300000 -9.701000 4.018001
v 2.199000 -9.512000 3.940001
v 0.300000 -10.142000 2.718001
v 0.228000 -10.044000 2.691001
v 2.199000 -9.945000 2.665001
v 1.999000 -9.945000 2.665001
v 1.799000 -10.142000 2.718001
v 2.399000 -10.142000 2.718001
v 3.094000 -10.119000 2.712001
v 2.830000 -9.438000 3.498001
v 2.830000 -9.828000 3.659001
v 4.042000 -9.266000 3.446001
v 4.000000 -9.607000 3.573001
v 4.042000 -9.450000 2.907001
v 4.904000 -8.933000 2.750001
v 3.199000 -9.766000 2.617001
v 4.000000 -9.797000 3.014001
v 4.904000 -8.759000 3.262001
v 4.960000 -7.051000 1.889001
v 4.036000 -9.147000 3.789001
v 4.960000 -8.983000 2.407001
v 4.036000 -9.563000 2.562001
v 3.474000 -9.923000 3.052001
v 3.590000 -9.549000 2.952001
v 2.450000 -9.702000 4.019001
v 2.505000 -9.766000 3.843001
v 2.643000 -9.813000 3.712001
v 2.450000 -9.313000 3.857001
v 2.505000 -9.377000 3.682001
v 2.643000 -9.424000 3.551001
v 2.830000 -10.130000 2.714001
v 0.750000 -6.617000 1.773000
v 0.750000 -6.329000 2.621001
v 3.145000 -10.053000 2.890001
v 3.284000 -9.980000 3.015001
v 3.270000 -9.683000 2.791001
v 3.409000 -9.607000 2.915001
v 3.590000 -9.671000 2.591001
v 3.409000 -9.715000 2.603001
v 2.643000 -10.135000 2.716001
v 1.799000 -10.410000 1.371001
v 0.300000 -10.410000 1.371001
v 0.230000 -10.312000 1.358001
v 2.199000 -10.207000 1.344001
v 1.999000 -10.207000 1.344001
v 2.399000 -10.410000 1.371001
v 2.830000 -9.923000 1.690001
v 2.830000 -10.341000 1.745001
v 4.042000 -9.748000 1.649001
v 4.000000 -10.106000 1.709001
v 4.042000 -9.637000 2.207001
v 4.904000 -9.111000 2.085001
v 4.000000 -9.991000 2.288001
v 4.904000 -9.216000 1.555001
v 4.036000 -9.816000 1.292001
v 3.474000 -10.119000 2.318001
v 3.590000 -9.746000 2.218001
v 2.450000 -10.412000 1.371001
v 2.505000 -10.379000 1.555001
v 2.643000 -10.354000 1.691001
v 2.505000 -9.961000 1.500001
v 2.643000 -9.937000 1.636001
v 0.750000 -6.791000 0.894001
v 3.145000 -10.151000 2.523001
v 3.284000 -10.150000 2.379001
v 3.270000 -9.782000 2.424001
v 3.409000 -9.777000 2.279001
v 0.960000 -6.322000 3.650001
v 1.799000 -8.329999 6.392001
v 0.300000 -8.329999 6.392001
v 0.230000 -8.251999 6.332000
v 2.199000 -8.168000 6.267001
v 2.399000 -8.329999 6.392001
v 0.300000 -9.093000 5.250000
v 0.228000 -9.005000 5.199000
v 2.199000 -8.916000 5.148000
v 1.999000 -8.916000 5.148000
v 1.799000 -9.093000 5.250000
v 2.399000 -9.093000 5.250000
v 3.094000 -9.073000 5.238000
v 2.830000 -8.211000 5.822001
v 2.830000 -8.546000 6.078001
v 4.042000 -8.059000 5.727001
v 4.000000 -8.355000 5.938001
v 4.042000 -8.375000 5.254001
v 4.904000 -7.916999 4.968000
v 3.199000 -8.756000 5.055000
v 4.000000 -8.683000 5.447001
v 4.904000 -7.616000 5.418001
v 4.960000 -6.322000 3.650001
v 4.036000 -7.855000 6.027000
v 4.960000 -8.054000 4.650001
v 4.036000 -8.574000 4.950000
v 4.960000 -5.790999 4.444000
v 3.474000 -8.794000 5.516000
v 3.590000 -8.460000 5.323000
v 2.505000 -8.439000 6.240000
v 2.643000 -8.518000 6.126000
v 2.505000 -8.104000 5.983000
v 2.643000 -7.987999 6.130001
v 2.643000 -8.183000 5.869000
v 2.830000 -9.082000 5.243001
v 0.750000 -5.932000 3.425000
v 3.145000 -8.962000 5.394001
v 3.284000 -8.860000 5.495000
v 3.270000 -8.631000 5.202001
v 3.409000 -8.525000 5.302001
v 3.590000 -8.671000 5.006001
v 3.409000 -8.710000 5.029000
v 2.643000 -9.087000 5.246000
v 0.960000 -6.744000 2.794000
v 0.230000 -9.610000 3.980001
v 1.999000 -9.512000 3.940001
v 2.399000 -9.701000 4.018001
v 2.830000 -9.148000 4.200000
v 2.830000 -9.537000 4.362001
v 4.042000 -8.989000 4.115000
v 4.000000 -9.320000 4.267001
v 4.042000 -8.738000 4.626000
v 4.904000 -8.261000 4.372001
v 4.000000 -9.059000 4.796000
v 4.904000 -8.500000 3.887001
v 4.960000 -8.592000 3.559001
v 4.960000 -6.744000 2.794000
v 3.474000 -9.174000 4.858000
v 3.590000 -8.840000 4.665000
v 2.505000 -9.623000 4.188001
v 2.643000 -9.564000 4.314001
v 2.505000 -9.234000 4.027000
v 2.643000 -9.303000 3.853001
v 2.643000 -9.174000 4.152000
v 2.830000 -9.293000 3.849001
v 3.145000 -9.152000 5.065001
v 3.284000 -9.189000 4.925001
v 3.270000 -8.821000 4.873001
v 3.409000 -8.854000 4.732000
v 0.960000 -4.443999 5.791000
v 0.960000 -5.162000 5.162001
v 0.300000 -6.392000 8.330001
v 2.399000 -6.392000 8.330001
v 0.300000 -7.425000 7.425001
v 0.228000 -7.353000 7.353001
v 2.199000 -7.280000 7.280001
v 1.999000 -7.280000 7.280001
v 1.799000 -7.425000 7.425001
v 2.399000 -7.425000 7.425001
v 3.094000 -7.408000 7.408000
v 2.830000 -6.425000 7.749001
v 2.830000 -6.681000 8.083001
v 4.042000 -6.302000 7.617001
v 4.000000 -6.533999 7.898000
v 4.042000 -6.730000 7.243001
v 4.904000 -6.361000 6.848001
v 3.199000 -7.149000 7.149001
v 4.000000 -6.977000 7.509000
v 4.904000 -5.954000 7.204000
v 4.960000 -5.162000 5.162001
v 4.960000 -5.660999 7.378000
v 4.960000 -6.576000 6.576001
v 4.036000 -7.000000 7.000000
v 4.960000 -4.443999 5.791000
v 3.474000 -7.066999 7.605000
v 3.590000 -6.794000 7.331000
v 2.505000 -6.535999 8.211001
v 2.643000 -6.642000 8.121001
v 2.450000 -6.136000 7.997001
v 2.505000 -6.280000 7.877000
v 2.643000 -6.386000 7.787001
v 2.830000 -7.414999 7.415000
v 0.750000 -4.843999 4.844000
v 3.145000 -7.261000 7.529000
v 3.284000 -7.135000 7.601000
v 3.270000 -6.989999 7.259000
v 3.409000 -6.862000 7.328001
v 3.590000 -7.079999 7.080000
v 3.409000 -7.112000 7.112000
v 2.643000 -7.419000 7.419001
v 0.960000 -5.790999 4.444000
v 1.999000 -8.168000 6.267001
v 2.830000 -7.749000 6.425001
v 2.830000 -8.082999 6.681001
v 4.042000 -7.617000 6.302001
v 4.000000 -7.897999 6.534000
v 4.042000 -7.243000 6.730000
v 4.904000 -6.848000 6.361001
v 4.000000 -7.508999 6.977001
v 4.904000 -7.204000 5.954000
v 4.960000 -7.377999 5.661000
v 3.474000 -7.605000 7.067000
v 3.590000 -7.330999 6.794001
v 2.450000 -8.330999 6.393001
v 2.505000 -8.210999 6.536000
v 2.643000 -8.120999 6.642001
v 2.450000 -7.997000 6.136001
v 2.505000 -7.876999 6.280001
v 2.643000 -7.787000 6.386001
v 2.830000 -7.980000 6.123001
v 0.750000 -5.434000 4.170001
v 3.145000 -7.528999 7.261001
v 3.284000 -7.600999 7.135001
v 3.270000 -7.258999 6.990000
v 3.409000 -7.328000 6.862000
v 0.960000 -2.793999 6.744000
v 0.960000 -3.650000 6.322001
v 1.799000 -4.017999 9.701000
v 0.300000 -4.017999 9.701000
v 2.399000 -4.017999 9.701000
v 0.300000 -5.250000 9.093000
v 0.228000 -5.198999 9.005000
v 2.199000 -5.147999 8.916000
v 1.999000 -5.147999 8.916000
v 1.799000 -5.250000 9.093000
v 2.399000 -5.250000 9.093000
v 3.094000 -5.237999 9.073000
v 2.830000 -4.199999 9.148000
v 2.830000 -4.361999 9.537000
v 4.042000 -4.114999 8.989000
v 4.000000 -4.267000 9.320000
v 4.042000 -4.625999 8.738000
v 4.904000 -4.372000 8.261000
v 3.199000 -5.054999 8.756000
v 4.000000 -4.796000 9.059000
v 4.904000 -3.886999 8.500000
v 4.960000 -3.650000 6.322001
v 4.036000 -3.788999 9.147000
v 4.960000 -4.650000 8.054000
v 4.036000 -4.949999 8.574000
v 4.960000 -2.793999 6.744000
v 3.474000 -4.857999 9.174000
v 3.590000 -4.664999 8.840000
v 2.505000 -4.187999 9.623000
v 2.643000 -4.313999 9.564000
v 2.450000 -3.856999 9.313000
v 2.505000 -4.026999 9.234000
v 2.643000 -4.151999 9.174000
v 2.830000 -3.848999 9.293000
v 2.830000 -5.243000 9.082000
v 0.750000 -3.424999 5.932001
v 3.145000 -5.065000 9.152000
v 3.284000 -4.925000 9.189000
v 3.270000 -4.873000 8.821000
v 3.409000 -4.731999 8.854000
v 3.590000 -5.006000 8.671000
v 3.409000 -5.028999 8.710000
v 2.643000 -5.245999 9.087000
v 1.799000 -6.392000 8.330001
v 0.230000 -6.331999 8.252001
v 2.199000 -6.267000 8.168000
v 1.999000 -6.267000 8.168000
v 2.830000 -5.822000 8.211000
v 2.830000 -6.078000 8.546000
v 4.042000 -5.727000 8.059000
v 4.000000 -5.938000 8.355000
v 4.042000 -5.254000 8.375000
v 4.904000 -4.967999 7.917000
v 4.000000 -5.447000 8.683000
v 4.904000 -5.418000 7.616001
v 4.036000 -6.026999 7.855000
v 3.474000 -5.515999 8.794000
v 3.590000 -5.322999 8.460000
v 2.450000 -6.393000 8.331001
v 2.505000 -6.239999 8.439000
v 2.643000 -6.125999 8.518000
v 2.505000 -5.982999 8.104000
v 2.643000 -6.130000 7.988000
v 2.643000 -5.868999 8.183000
v 2.830000 -6.123000 7.980000
v 0.750000 -4.170000 5.434000
v 3.145000 -5.394000 8.962000
v 3.284000 -5.494999 8.860000
v 3.270000 -5.202000 8.631000
v 3.409000 -5.302000 8.525000
v 0.960000 -1.889000 7.051000
v 1.999000 -1.343999 10.207000
v 2.399000 -1.370999 10.410000
v 0.300000 -2.717999 10.142000
v 0.228000 -2.690999 10.044000
v 2.199000 -2.664999 9.945000
v 1.999000 -2.664999 9.945000
v 1.799000 -2.717999 10.142000
v 2.399000 -2.717999 10.142000
v 3.094000 -2.710999 10.119000
v 2.830000 -1.689999 9.923000
v 2.830000 -1.744999 10.341000
v 4.042000 -1.648999 9.748000
v 4.000000 -1.708999 10.106000
v 4.042000 -2.206999 9.637000
v 4.904000 -2.084999 9.111000
v 3.199000 -2.616999 9.766000
v 4.000000 -2.287999 9.991000
v 4.904000 -1.554999 9.216000
v 4.960000 -1.889000 7.051000
v 4.960000 -2.406999 8.983000
v 4.036000 -2.561999 9.563000
v 4.960000 -0.952999 7.238000
v 3.474000 -2.317999 10.119000
v 3.590000 -2.217999 9.746000
v 2.505000 -1.554999 10.379000
v 2.643000 -1.690999 10.354000
v 2.505000 -1.499999 9.961000
v 2.643000 -1.635999 9.937000
v 2.830000 -2.713999 10.130000
v 0.750000 -1.773000 6.617000
v 0.750000 -0.893999 6.791000
v 3.145000 -2.522999 10.151000
v 3.284000 -2.378999 10.150000
v 3.270000 -2.423999 9.782000
v 3.409000 -2.278999 9.777000
v 3.590000 -2.590999 9.671000
v 3.409000 -2.602999 9.715000
v 2.643000 -2.715999 10.135000
v 0.230000 -3.979999 9.610000
v 2.199000 -3.939999 9.512000
v 1.999000 -3.939999 9.512000
v 2.830000 -3.497999 9.438000
v 2.830000 -3.658999 9.828000
v 4.042000 -3.445999 9.266000
v 4.000000 -3.572999 9.607000
v 4.042000 -2.906999 9.450000
v 4.904000 -2.749999 8.933000
v 4.000000 -3.013999 9.797000
v 4.904000 -3.261999 8.759000
v 4.960000 -3.558999 8.592000
v 3.474000 -3.051999 9.923000
v 3.590000 -2.951999 9.549000
v 2.450000 -4.018999 9.702000
v 2.505000 -3.842999 9.766000
v 2.643000 -3.711999 9.813000
v 2.505000 -3.681999 9.377000
v 2.643000 -3.852999 9.303000
v 2.643000 -3.550999 9.424000
v 0.750000 -2.621000 6.329000
v 3.145000 -2.889999 10.053000
v 3.284000 -3.014999 9.980000
v 3.270000 -2.790999 9.683000
v 3.409000 -2.914999 9.607000
v 0.960000 0.000001 7.300000
v 0.300000 0.000001 10.500000
v 0.228000 0.000001 10.398000
v 2.199000 0.000001 10.295000
v 1.999000 0.000001 10.295000
v 1.799000 0.000001 10.500000
v 2.399000 0.000001 10.500000
v 3.094000 0.000001 10.476000
v 3.199000 0.000001 10.110000
v 4.960000 0.000001 7.300000
v 4.960000 0.000001 9.299000
v 4.036000 0.000001 9.900000
v 2.830000 0.000001 10.487000
v 0.750000 0.000001 6.850000
v 3.590000 0.000001 10.012000
v 3.409000 0.000001 10.057000
v 2.643000 0.000001 10.493000
v 0.960000 -0.952999 7.238000
v 1.799000 -1.370999 10.410000
v 0.300000 -1.370999 10.410000
v 0.230000 -1.357999 10.312000
v 2.199000 -1.343999 10.207000
v 2.830000 -0.935999 10.022000
v 2.830000 -0.990999 10.440000
v 4.042000 -0.929999 9.842000
v 4.000000 -0.964999 10.205000
v 4.042000 -0.361999 9.880000
v 4.904000 -0.343999 9.340000
v 4.000000 -0.375999 10.243000
v 4.904000 -0.883999 9.305000
v 4.960000 -1.213999 9.220000
v 4.036000 -1.291999 9.816000
v 3.474000 -0.379999 10.374000
v 3.590000 -0.379999 9.988000
v 2.450000 -1.370999 10.412000
v 2.505000 -1.184999 10.428000
v 2.643000 -1.045999 10.439000
v 2.450000 -1.315999 9.994000
v 2.505000 -1.129999 10.010000
v 2.643000 -1.313999 9.983000
v 2.643000 -0.990999 10.022000
v 2.830000 -1.312999 9.973000
v 3.145000 -0.189999 10.458000
v 3.284000 -0.328999 10.420000
v 3.270000 -0.189999 10.076000
v 3.409000 -0.328999 10.034000
v -0.960000 -7.238000 0.953001
v -0.960000 -7.300000 0.000001
v -0.300000 -10.500000 0.000001
v -0.228000 -10.398000 0.000001
v -2.199000 -10.295000 0.000001
v -1.999000 -10.295000 0.000001
v 0.000000 -10.360000 0.000001
v -1.799000 -10.500000 0.000001
v -2.399000 -10.500000 0.000001
v -3.094000 -10.476000 0.000001
v -2.830000 -10.022000 0.936001
v -2.830000 -10.440000 0.991001
v -4.042000 -9.842000 0.930001
v -4.000000 -10.205000 0.965001
v -4.042000 -9.880000 0.362001
v -4.904000 -9.340000 0.344001
v -3.199000 -10.110000 0.000001
v -4.000000 -10.243000 0.376001
v -4.904000 -9.305000 0.884001
v -4.960000 -7.300000 0.000001
v -4.960000 -9.220000 1.214001
v -4.960000 -9.299000 0.000001
v -4.036000 -9.900000 0.000001
v -4.960000 -7.238000 0.953001
v -3.474000 -10.374000 0.380001
v -3.590000 -9.988000 0.380001
v -2.505000 -10.428000 1.185001
v -2.643000 -10.439000 1.046001
v -2.450000 -9.994000 1.316001
v -2.505000 -10.010000 1.130001
v -2.643000 -9.983000 1.314001
v -2.643000 -10.022000 0.991001
v -2.830000 -9.973000 1.313001
v -2.830000 -10.487000 0.000001
v 0.000000 -6.850000 0.000001
v -0.750000 -6.850000 0.000001
v -3.145000 -10.458000 0.190001
v -3.284000 -10.420000 0.329001
v -3.270000 -10.076000 0.190001
v -3.409000 -10.034000 0.329001
v -3.590000 -10.012000 0.000001
v -3.409000 -10.057000 0.000001
v -2.643000 -10.493000 0.000001
v -0.960000 -7.051000 1.889001
v -1.799000 -9.701000 4.018001
v -0.300000 -9.701000 4.018001
v -2.199000 -9.512000 3.940001
v 0.000000 -9.571000 3.964001
v -0.300000 -10.142000 2.718001
v -0.228000 -10.044000 2.691001
v -2.199000 -9.945000 2.665001
v -1.999000 -9.945000 2.665001
v 0.000000 -10.007000 2.681001
v -1.799000 -10.142000 2.718001
v -2.399000 -10.142000 2.718001
v -3.094000 -10.119000 2.712001
v -2.830000 -9.438000 3.498001
v -2.830000 -9.828000 3.659001
v -4.042000 -9.266000 3.446001
v -4.000000 -9.607000 3.573001
v -4.042000 -9.450000 2.907001
v -4.904000 -8.933000 2.750001
v -3.199000 -9.766000 2.617001
v -4.000000 -9.797000 3.014001
v -4.904000 -8.759000 3.262001
v -4.960000 -7.051000 1.889001
v -4.036000 -9.147000 3.789001
v -4.960000 -8.983000 2.407001
v -4.036000 -9.563000 2.562001
v -3.474000 -9.923000 3.052001
v -3.590000 -9.549000 2.952001
v -2.450000 -9.702000 4.019001
v -2.505000 -9.766000 3.843001
v -2.643000 -9.813000 3.712001
v -2.450000 -9.313000 3.857001
v -2.505000 -9.377000 3.682001
v -2.643000 -9.424000 3.551001
v -2.830000 -10.130000 2.714001
v 0.000000 -6.329000 2.621001
v 0.000000 -6.617000 1.773000
v -0.750000 -6.617000 1.773000
v -0.750000 -6.329000 2.621001
v -3.145000 -10.053000 2.890001
v -3.284000 -9.980000 3.015001
v -3.270000 -9.683000 2.791001
v -3.409000 -9.607000 2.915001
v -3.590000 -9.671000 2.591001
v -3.409000 -9.715000 2.603001
v -2.643000 -10.135000 2.716001
v -1.799000 -10.410000 1.371001
v -0.300000 -10.410000 1.371001
v -0.230000 -10.312000 1.358001
v -2.199000 -10.207000 1.344001
v -1.999000 -10.207000 1.344001
v 0.000000 -10.271000 1.352001
v -2.399000 -10.410000 1.371001
v -2.830000 -9.923000 1.690001
v -2.830000 -10.341000 1.745001
v -4.042000 -9.748000 1.649001
v -4.000000 -10.106000 1.709001
v -4.042000 -9.637000 2.207001
v -4.904000 -9.111000 2.085001
v -4.000000 -9.991000 2.288001
v -4.904000 -9.216000 1.555001
v -4.036000 -9.816000 1.292001
v -3.474000 -10.119000 2.318001
v -3.590000 -9.746000 2.218001
v -2.450000 -10.412000 1.371001
v -2.505000 -10.379000 1.555001
v -2.643000 -10.354000 1.691001
v -2.505000 -9.961000 1.500001
v -2.643000 -9.937000 1.636001
v 0.000000 -6.791000 0.894001
v -0.750000 -6.791000 0.894001
v -3.145000 -10.151000 2.523001
v -3.284000 -10.150000 2.379001
v -3.270000 -9.782000 2.424001
v -3.409000 -9.777000 2.279001
v -0.960000 -6.322000 3.650001
v -1.799000 -8.329999 6.392001
v -0.300000 -8.329999 6.392001
v -0.230000 -8.251999 6.332000
v -2.199000 -8.168000 6.267001
v -2.399000 -8.329999 6.392001
v -0.300000 -9.093000 5.250000
v -0.228000 -9.005000 5.199000
v -2.199000 -8.916000 5.148000
v -1.999000 -8.916000 5.148000
v 0.000000 -8.972000 5.180000
v -1.799000 -9.093000 5.250000
v -2.399000 -9.093000 5.250000
v -3.094000 -9.073000 5.238000
v -2.830000 -8.211000 5.822001
v -2.830000 -8.546000 6.078001
v -4.042000 -8.059000 5.727001
v -4.000000 -8.355000 5.938001
v -4.042000 -8.375000 5.254001
v -4.904000 -7.916999 4.968000
v -3.199000 -8.756000 5.055000
v -4.000000 -8.683000 5.447001
v -4.904000 -7.616000 5.418001
v -4.960000 -6.322000 3.650001
v -4.036000 -7.855000 6.027000
v -4.960000 -8.054000 4.650001
v -4.036000 -8.574000 4.950000
v -4.960000 -5.790999 4.444000
v -3.474000 -8.794000 5.516000
v -3.590000 -8.460000 5.323000
v -2.505000 -8.439000 6.240000
v -2.643000 -8.518000 6.126000
v -2.505000 -8.104000 5.983000
v -2.643000 -7.987999 6.130001
v -2.643000 -8.183000 5.869000
v -2.830000 -9.082000 5.243001
v 0.000000 -5.932000 3.425000
v -0.750000 -5.932000 3.425000
v -3.145000 -8.962000 5.394001
v -3.284000 -8.860000 5.495000
v -3.270000 -8.631000 5.202001
v -3.409000 -8.525000 5.302001
v -3.590000 -8.671000 5.006001
v -3.409000 -8.710000 5.029000
v -2.643000 -9.087000 5.246000
v -0.960000 -6.744000 2.794000
v -0.230000 -9.610000 3.980001
v -1.999000 -9.512000 3.940001
v -2.399000 -9.701000 4.018001
v -2.830000 -9.148000 4.200000
v -2.830000 -9.537000 4.362001
v -4.042000 -8.989000 4.115000
v -4.000000 -9.320000 4.267001
v -4.042000 -8.738000 4.626000
v -4.904000 -8.261000 4.372001
v -4.000000 -9.059000 4.796000
v -4.904000 -8.500000 3.887001
v -4.960000 -8.592000 3.559001
v -4.960000 -6.744000 2.794000
v -3.474000 -9.174000 4.858000
v -3.590000 -8.840000 4.665000
v -2.505000 -9.623000 4.188001
v -2.643000 -9.564000 4.314001
v -2.505000 -9.234000 4.027000
v -2.643000 -9.303000 3.853001
v -2.643000 -9.174000 4.152000
v -2.830000 -9.293000 3.849001
v -3.145000 -9.152000 5.065001
v -3.284000 -9.189000 4.925001
v -3.270000 -8.821000 4.873001
v -3.409000 -8.854000 4.732000
v -0.960000 -4.443999 5.791000
v -0.960000 -5.162000 5.162001
v -0.300000 -6.392000 8.330001
v -2.399000 -6.392000 8.330001
v -0.300000 -7.425000 7.425001
v -0.228000 -7.353000 7.353001
v -2.199000 -7.280000 7.280001
v -1.999000 -7.280000 7.280001
v 0.000000 -7.324999 7.325000
v -1.799000 -7.425000 7.425001
v -2.399000 -7.425000 7.425001
v -3.094000 -7.408000 7.408000
v -2.830000 -6.425000 7.749001
v -2.830000 -6.681000 8.083001
v -4.042000 -6.302000 7.617001
v -4.000000 -6.533999 7.898000
v -4.042000 -6.730000 7.243001
v -4.904000 -6.361000 6.848001
v -3.199000 -7.149000 7.149001
v -4.000000 -6.977000 7.509000
v -4.904000 -5.954000 7.204000
v -4.960000 -5.162000 5.162001
v -4.960000 -5.660999 7.378000
v -4.960000 -6.576000 6.576001
v -4.036000 -7.000000 7.000000
v -4.960000 -4.443999 5.791000
v -3.474000 -7.066999 7.605000
v -3.590000 -6.794000 7.331000
v -2.505000 -6.535999 8.211001
v -2.643000 -6.642000 8.121001
v -2.450000 -6.136000 7.997001
v -2.505000 -6.280000 7.877000
v -2.643000 -6.386000 7.787001
v -2.830000 -7.414999 7.415000
v 0.000000 -4.170000 5.434000
v 0.000000 -4.843999 4.844000
v -0.750000 -4.843999 4.844000
v -3.145000 -7.261000 7.529000
v -3.284000 -7.135000 7.601000
v -3.270000 -6.989999 7.259000
v -3.409000 -6.862000 7.328001
v -3.590000 -7.079999 7.080000
v -3.409000 -7.112000 7.112000
v -2.643000 -7.419000 7.419001
v -0.960000 -5.790999 4.444000
v -1.999000 -8.168000 6.267001
v 0.000000 -8.219000 6.306001
v -2.830000 -7.749000 6.425001
v -2.830000 -8.082999 6.681001
v -4.042000 -7.617000 6.302001
v -4.000000 -7.897999 6.534000
v -4.042000 -7.243000 6.730000
v -4.904000 -6.848000 6.361001
v -4.000000 -7.508999 6.977001
v -4.904000 -7.204000 5.954000
v -4.960000 -7.377999 5.661000
v -3.474000 -7.605000 7.067000
v -3.590000 -7.330999 6.794001
v -2.450000 -8.330999 6.393001
v -2.505000 -8.210999 6.536000
v -2.643000 -8.120999 6.642001
v -2.450000 -7.997000 6.136001
v -2.505000 -7.876999 6.280001
v -2.643000 -7.787000 6.386001
v -2.830000 -7.980000 6.123001
v 0.000000 -5.434000 4.170001
v -0.750000 -5.434000 4.170001
v -3.145000 -7.528999 7.261001
v -3.284000 -7.600999 7.135001
v -3.270000 -7.258999 6.990000
v -3.409000 -7.328000 6.862000
v -0.960000 -2.793999 6.744000
v -0.960000 -3.650000 6.322001
v -1.799000 -4.017999 9.701000
v -0.300000 -4.017999 9.701000
v 0.000000 -3.963999 9.571000
v -2.399000 -4.017999 9.701000
v -0.300000 -5.250000 9.093000
v -0.228000 -5.198999 9.005000
v -2.199000 -5.147999 8.916000
v -1.999000 -5.147999 8.916000
v 0.000000 -5.179999 8.972000
v -1.799000 -5.250000 9.093000
v -2.399000 -5.250000 9.093000
v -3.094000 -5.237999 9.073000
v -2.830000 -4.199999 9.148000
v -2.830000 -4.361999 9.537000
v -4.042000 -4.114999 8.989000
v -4.000000 -4.267000 9.320000
v -4.042000 -4.625999 8.738000
v -4.904000 -4.372000 8.261000
v -3.199000 -5.054999 8.756000
v -4.000000 -4.796000 9.059000
v -4.904000 -3.886999 8.500000
v -4.960000 -3.650000 6.322001
v -4.036000 -3.788999 9.147000
v -4.960000 -4.650000 8.054000
v -4.036000 -4.949999 8.574000
v -4.960000 -2.793999 6.744000
v -3.474000 -4.857999 9.174000
v -3.590000 -4.664999 8.840000
v -2.505000 -4.187999 9.623000
v -2.643000 -4.313999 9.564000
v -2.450000 -3.856999 9.313000
v -2.505000 -4.026999 9.234000
v -2.643000 -4.151999 9.174000
v -2.830000 -3.848999 9.293000
v -2.830000 -5.243000 9.082000
v 0.000000 -3.424999 5.932001
v -0.750000 -3.424999 5.932001
v -3.145000 -5.065000 9.152000
v -3.284000 -4.925000 9.189000
v -3.270000 -4.873000 8.821000
v -3.409000 -4.731999 8.854000
v -3.590000 -5.006000 8.671000
v -3.409000 -5.028999 8.710000
v -2.643000 -5.245999 9.087000
v -1.799000 -6.392000 8.330001
v -0.230000 -6.331999 8.252001
v -2.199000 -6.267000 8.168000
v -1.999000 -6.267000 8.168000
v 0.000000 -6.306000 8.219000
v -2.830000 -5.822000 8.211000
v -2.830000 -6.078000 8.546000
v -4.042000 -5.727000 8.059000
v -4.000000 -5.938000 8.355000
v -4.042000 -5.254000 8.375000
v -4.904000 -4.967999 7.917000
v -4.000000 -5.447000 8.683000
v -4.904000 -5.418000 7.616001
v -4.036000 -6.026999 7.855000
v -3.474000 -5.515999 8.794000
v -3.590000 -5.322999 8.460000
v -2.450000 -6.393000 8.331001
v -2.505000 -6.239999 8.439000
v -2.643000 -6.125999 8.518000
v -2.505000 -5.982999 8.104000
v -2.643000 -6.130000 7.988000
v -2.643000 -5.868999 8.183000
v -2.830000 -6.123000 7.980000
v -0.750000 -4.170000 5.434000
v -3.145000 -5.394000 8.962000
v -3.284000 -5.494999 8.860000
v -3.270000 -5.202000 8.631000
v -3.409000 -5.302000 8.525000
v -0.960000 -1.889000 7.051000
v -1.999000 -1.343999 10.207000
v -2.399000 -1.370999 10.410000
v -0.300000 -2.717999 10.142000
v -0.228000 -2.690999 10.044000
v -2.199000 -2.664999 9.945000
v -1.999000 -2.664999 9.945000
v 0.000000 -2.680999 10.007000
v -1.799000 -2.717999 10.142000
v -2.399000 -2.717999 10.142000
v -3.094000 -2.710999 10.119000
v -2.830000 -1.689999 9.923000
v -2.830000 -1.744999 10.341000
v -4.042000 -1.648999 9.748000
v -4.000000 -1.708999 10.106000
v -4.042000 -2.206999 9.637000
v -4.904000 -2.084999 9.111000
v -3.199000 -2.616999 9.766000
v -4.000000 -2.287999 9.991000
v -4.904000 -1.554999 9.216000
v -4.960000 -1.889000 7.051000
v -4.960000 -2.406999 8.983000
v -4.036000 -2.561999 9.563000
v -4.960000 -0.952999 7.238000
v -3.474000 -2.317999 10.119000
v -3.590000 -2.217999 9.746000
v -2.505000 -1.554999 10.379000
v -2.643000 -1.690999 10.354000
v -2.505000 -1.499999 9.961000
v -2.643000 -1.635999 9.937000
v -2.830000 -2.713999 10.130000
v 0.000000 -1.773000 6.617000
v -0.750000 -1.773000 6.617000
v -0.750000 -0.893999 6.791000
v -3.145000 -2.522999 10.151000
v -3.284000 -2.378999 10.150000
v -3.270000 -2.423999 9.782000
v -3.409000 -2.278999 9.777000
v -3.590000 -2.590999 9.671000
v -3.409000 -2.602999 9.715000
v -2.643000 -2.715999 10.135000
v -0.230000 -3.979999 9.610000
v -2.199000 -3.939999 9.512000
v -1.999000 -3.939999 9.512000
v -2.830000 -3.497999 9.438000
v -2.830000 -3.658999 9.828000
v -4.042000 -3.445999 9.266000
v -4.000000 -3.572999 9.607000
v -4.042000 -2.906999 9.450000
v -4.904000 -2.749999 8.933000
v -4.000000 -3.013999 9.797000
v -4.904000 -3.261999 8.759000
v -4.960000 -3.558999 8.592000
v -3.474000 -3.051999 9.923000
v -3.590000 -2.951999 9.549000
v -2.450000 -4.018999 9.702000
v -2.505000 -3.842999 9.766000
v -2.643000 -3.711999 9.813000
v -2.505000 -3.681999 9.377000
v -2.643000 -3.852999 9.303000
v -2.643000 -3.550999 9.424000
v 0.000000 -2.621000 6.329000
v -0.750000 -2.621000 6.329000
v -3.145000 -2.889999 10.053000
v -3.284000 -3.014999 9.980000
v -3.270000 -2.790999 9.683000
v -3.409000 -2.914999 9.607000
v -0.960000 0.000001 7.300000
v -0.300000 0.000001 10.500000
v -0.228000 0.000001 10.398000
v -2.199000 0.000001 10.295000
v -1.999000 0.000001 10.295000
v 0.000000 0.000001 10.360000
v -1.799000 0.000001 10.500000
v -2.399000 0.000001 10.500000
v -3.094000 0.000001 10.476000
v -3.199000 0.000001 10.110000
v -4.960000 0.000001 7.300000
v -4.960000 0.000001 9.299000
v -4.036000 0.000001 9.900000
v -2.830000 0.000001 10.487000
v 0.000000 0.000001 6.850000
v -0.750000 0.000001 6.850000
v -3.590000 0.000001 10.012000
v -3.409000 0.000001 10.057000
v -2.643000 0.000001 10.493000
v -0.960000 -0.952999 7.238000
v -1.799000 -1.370999 10.410000
v -0.300000 -1.370999 10.410000
v -0.230000 -1.357999 10.312000
v -2.199000 -1.343999 10.207000
v 0.000000 -1.351999 10.271000
v -2.830000 -0.935999 10.022000
v -2.830000 -0.990999 10.440000
v -4.042000 -0.929999 9.842000
v -4.000000 -0.964999 10.205000
v -4.042000 -0.361999 9.880000
v -4.904000 -0.343999 9.340000
v -4.000000 -0.375999 10.243000
v -4.904000 -0.883999 9.305000
v -4.960000 -1.213999 9.220000
v -4.036000 -1.291999 9.816000
v -3.474000 -0.379999 10.374000
v -3.590000 -0.379999 9.988000
v -2.450000 -1.370999 10.412000
v -2.505000 -1.184999 10.428000
v -2.643000 -1.045999 10.439000
v -2.450000 -1.315999 9.994000
v -2.505000 -1.129999 10.010000
v -2.643000 -1.313999 9.983000
v -2.643000 -0.990999 10.022000
v -2.830000 -1.312999 9.973000
v 0.000000 -0.893999 6.791000
v -3.145000 -0.189999 10.458000
v -3.284000 -0.328999 10.420000
v -3.270000 -0.189999 10.076000
v -3.409000 -0.328999 10.034000
v 0.960000 7.300000 -0.000001
v 0.960000 7.238000 -0.953001
v 2.830000 10.022000 -0.936001
v 4.042000 9.842000 -0.930001
v 4.042000 9.842000 -0.930001
v 4.042000 9.880000 -0.362001
v 3.590000 9.988000 -0.380001
v 4.904000 9.340000 -0.344001
v 4.960000 9.220000 -1.214001
v 4.960000 9.299000 -0.000001
v 2.830000 10.440000 -0.991001
v 4.000000 10.205000 -0.965001
v 4.000000 10.205000 -0.965001
v 3.474000 10.374000 -0.380001
v 3.284000 10.420000 -0.329001
v 4.000000 10.243000 -0.376001
v 4.000000 10.243000 -0.376001
v 4.904000 9.305000 -0.884001
v 4.960000 7.300000 -0.000001
v 4.960000 7.238000 -0.953001
v 3.094000 10.476000 -0.000001
v 3.145000 10.458000 -0.190001
v 3.199000 10.110000 -0.000001
v 3.270000 10.076000 -0.190001
v 2.643000 10.022000 -0.991001
v 3.409000 10.034000 -0.329001
v 2.450000 9.994000 -1.316001
v 2.505000 10.010000 -1.130001
v 2.643000 10.439000 -1.046001
v 2.505000 10.428000 -1.185001
v 2.830000 9.438000 -3.498001
v 4.042000 9.266000 -3.446001
v 4.042000 9.266000 -3.446001
v 4.042000 9.450000 -2.907001
v 3.590000 9.549000 -2.952001
v 4.904000 8.933000 -2.750001
v 4.036000 9.147000 -3.789001
v 1.799000 9.701000 -4.018001
v 1.799000 10.142000 -2.718001
v 0.300000 9.701000 -4.018001
v 0.300000 10.142000 -2.718001
v 2.830000 9.828000 -3.659001
v 4.000000 9.607000 -3.573001
v 4.000000 9.607000 -3.573001
v 3.474000 9.923000 -3.052001
v 3.284000 9.980000 -3.015001
v 4.000000 9.797000 -3.014001
v 4.000000 9.797000 -3.014001
v 4.904000 8.759000 -3.262001
v 3.094000 10.119000 -2.712001
v 3.145000 10.053000 -2.890001
v 3.199000 9.766000 -2.617001
v 3.270000 9.683000 -2.791001
v 2.643000 9.424000 -3.551001
v 3.409000 9.607000 -2.915001
v 2.450000 9.702000 -4.019001
v 2.505000 9.766000 -3.843001
v 2.450000 9.313000 -3.857001
v 2.505000 9.377000 -3.682001
v 2.643000 9.813000 -3.712001
v 0.750000 6.617000 -1.773000
v 0.750000 6.329000 -2.621001
v 2.830000 9.923000 -1.690001
v 4.042000 9.748000 -1.649001
v 4.042000 9.748000 -1.649001
v 4.042000 9.637000 -2.207001
v 3.590000 9.746000 -2.218001
v 4.904000 9.111000 -2.085001
v 4.036000 9.816000 -1.292001
v 2.830000 10.341000 -1.745001
v 4.000000 10.106000 -1.709001
v 4.000000 10.106000 -1.709001
v 3.474000 10.119000 -2.318001
v 3.284000 10.150000 -2.379001
v 4.000000 9.991000 -2.288001
v 4.000000 9.991000 -2.288001
v 4.904000 9.216000 -1.555001
v 2.643000 9.937000 -1.636001
v 3.409000 9.777000 -2.279001
v 2.450000 10.412000 -1.371001
v 2.505000 10.379000 -1.555001
v 2.643000 10.354000 -1.691001
v 3.270000 9.782000 -2.424001
v 3.145000 10.151000 -2.523001
v 2.505000 9.961000 -1.500001
v 2.399000 10.410000 -1.371001
v 2.399000 10.142000 -2.718001
v 1.799000 10.410000 -1.371001
v 0.300000 10.410000 -1.371001
v 0.750000 6.791000 -0.894001
v 2.399000 8.329999 -6.392001
v 2.399000 9.093000 -5.250000
v 2.830000 8.211000 -5.822001
v 4.042000 8.059000 -5.727001
v 4.042000 8.059000 -5.727001
v 4.042000 8.375000 -5.254001
v 3.590000 8.460000 -5.323000
v 4.904000 7.916999 -4.968000
v 4.036000 7.855000 -6.027000
v 1.799000 8.329999 -6.392001
v 1.799000 9.093000 -5.250000
v 0.300000 8.329999 -6.392001
v 0.300000 9.093000 -5.250000
v 2.830000 8.546000 -6.078001
v 4.000000 8.355000 -5.938001
v 4.000000 8.355000 -5.938001
v 3.474000 8.794000 -5.516000
v 3.284000 8.860000 -5.495000
v 4.000000 8.683000 -5.447001
v 4.000000 8.683000 -5.447001
v 4.904000 7.616000 -5.418001
v 4.960000 6.322000 -3.650001
v 4.960000 5.790999 -4.444000
v 3.094000 9.073000 -5.238000
v 3.145000 8.962000 -5.394001
v 3.199000 8.756000 -5.055000
v 3.270000 8.631000 -5.202001
v 2.643000 8.183000 -5.869000
v 3.409000 8.525000 -5.302001
v 2.643000 8.518000 -6.126000
v 2.505000 8.439000 -6.240000
v 2.505000 8.104000 -5.983000
v 2.830000 9.148000 -4.200000
v 4.042000 8.989000 -4.115000
v 4.042000 8.989000 -4.115000
v 4.042000 8.738000 -4.626000
v 3.590000 8.840000 -4.665000
v 4.904000 8.261000 -4.372001
v 2.830000 9.537000 -4.362001
v 4.000000 9.320000 -4.267001
v 4.000000 9.320000 -4.267001
v 3.474000 9.174000 -4.858000
v 3.284000 9.189000 -4.925001
v 4.000000 9.059000 -4.796000
v 4.000000 9.059000 -4.796000
v 4.904000 8.500000 -3.887001
v 2.643000 9.174000 -4.152000
v 3.409000 8.854000 -4.732000
v 2.643000 9.564000 -4.314001
v 3.270000 8.821000 -4.873001
v 3.145000 9.152000 -5.065001
v 2.505000 9.623000 -4.188001
v 2.505000 9.234000 -4.027000
v 2.399000 9.701000 -4.018001
v 0.960000 6.322000 -3.650001
v 0.960000 6.744000 -2.794000
v 4.960000 8.592000 -3.559001
v 4.960000 8.054000 -4.650001
v 4.960000 6.744000 -2.794000
v 2.399000 6.392000 -8.330001
v 2.399000 7.425000 -7.425001
v 0.960000 5.162000 -5.162001
v 0.960000 4.443999 -5.791000
v 2.830000 6.425000 -7.749001
v 4.042000 6.302000 -7.617001
v 4.042000 6.302000 -7.617001
v 4.042000 6.730000 -7.243001
v 3.590000 6.794000 -7.331000
v 4.904000 6.361000 -6.848001
v 4.960000 5.660999 -7.378000
v 4.960000 6.576000 -6.576001
v 0.300000 6.392000 -8.330001
v 0.300000 7.425000 -7.425001
v 2.830000 6.681000 -8.083001
v 4.000000 6.533999 -7.898000
v 4.000000 6.533999 -7.898000
v 3.474000 7.066999 -7.605000
v 3.284000 7.135000 -7.601000
v 4.000000 6.977000 -7.509000
v 4.000000 6.977000 -7.509000
v 4.904000 5.954000 -7.204000
v 4.960000 5.162000 -5.162001
v 4.960000 4.443999 -5.791000
v 3.094000 7.408000 -7.408000
v 3.145000 7.261000 -7.529000
v 3.199000 7.149000 -7.149001
v 3.270000 6.989999 -7.259000
v 2.643000 6.386000 -7.787001
v 3.409000 6.862000 -7.328001
v 2.450000 6.136000 -7.997001
v 2.505000 6.280000 -7.877000
v 2.643000 6.642000 -8.121001
v 2.505000 6.535999 -8.211001
v 2.830000 7.749000 -6.425001
v 4.042000 7.617000 -6.302001
v 4.042000 7.617000 -6.302001
v 4.042000 7.243000 -6.730000
v 3.590000 7.330999 -6.794001
v 4.904000 6.848000 -6.361001
v 2.830000 8.082999 -6.681001
v 4.000000 7.897999 -6.534000
v 4.000000 7.897999 -6.534000
v 3.474000 7.605000 -7.067000
v 3.284000 7.600999 -7.135001
v 4.000000 7.508999 -6.977001
v 4.000000 7.508999 -6.977001
v 4.904000 7.204000 -5.954000
v 2.643000 7.787000 -6.386001
v 3.409000 7.328000 -6.862000
v 2.450000 8.330999 -6.393001
v 2.505000 8.210999 -6.536000
v 2.450000 7.997000 -6.136001
v 2.505000 7.876999 -6.280001
v 2.643000 8.120999 -6.642001
v 3.270000 7.258999 -6.990000
v 3.145000 7.528999 -7.261001
v 0.960000 5.790999 -4.444000
v 4.960000 7.377999 -5.661000
v 0.750000 4.843999 -4.844000
v 0.750000 5.434000 -4.170001
v 2.399000 4.017999 -9.701000
v 2.399000 5.250000 -9.093000
v 0.960000 3.650000 -6.322001
v 0.960000 2.793999 -6.744000
v 2.830000 4.199999 -9.148000
v 4.042000 4.114999 -8.989000
v 4.042000 4.114999 -8.989000
v 4.042000 4.625999 -8.738000
v 3.590000 4.664999 -8.840000
v 4.904000 4.372000 -8.261000
v 4.036000 3.788999 -9.147000
v 1.799000 4.017999 -9.701000
v 1.799000 5.250000 -9.093000
v 0.300000 4.017999 -9.701000
v 0.300000 5.250000 -9.093000
v 2.830000 4.361999 -9.537000
v 4.000000 4.267000 -9.320000
v 4.000000 4.267000 -9.320000
v 3.474000 4.857999 -9.174000
v 3.284000 4.925000 -9.189000
v 4.000000 4.796000 -9.059000
v 4.000000 4.796000 -9.059000
v 4.904000 3.886999 -8.500000
v 4.960000 3.650000 -6.322001
v 4.960000 2.793999 -6.744000
v 3.094000 5.237999 -9.073000
v 3.145000 5.065000 -9.152000
v 3.199000 5.054999 -8.756000
v 3.270000 4.873000 -8.821000
v 2.643000 4.151999 -9.174000
v 3.409000 4.731999 -8.854000
v 2.450000 3.856999 -9.313000
v 2.505000 4.026999 -9.234000
v 2.643000 4.313999 -9.564000
v 2.505000 4.187999 -9.623000
v 2.830000 5.822000 -8.211000
v 4.042000 5.727000 -8.059000
v 4.042000 5.727000 -8.059000
v 4.042000 5.254000 -8.375000
v 3.590000 5.322999 -8.460000
v 4.904000 4.967999 -7.917000
v 4.036000 6.026999 -7.855000
v 2.830000 6.078000 -8.546000
v 4.000000 5.938000 -8.355000
v 4.000000 5.938000 -8.355000
v 3.474000 5.515999 -8.794000
v 3.284000 5.494999 -8.860000
v 4.000000 5.447000 -8.683000
v 4.000000 5.447000 -8.683000
v 4.904000 5.418000 -7.616001
v 2.643000 5.868999 -8.183000
v 3.409000 5.302000 -8.525000
v 2.450000 6.393000 -8.331001
v 2.505000 6.239999 -8.439000
v 2.643000 6.125999 -8.518000
v 3.270000 5.202000 -8.631000
v 3.145000 5.394000 -8.962000
v 2.505000 5.982999 -8.104000
v 1.799000 6.392000 -8.330001
v 0.750000 3.424999 -5.932001
v 0.750000 4.170000 -5.434000
v 2.399000 1.370999 -10.410000
v 2.399000 2.717999 -10.142000
v 2.830000 1.689999 -9.923000
v 4.042000 1.648999 -9.748000
v 4.042000 1.648999 -9.748000
v 4.042000 2.206999 -9.637000
v 3.590000 2.217999 -9.746000
v 4.904000 2.084999 -9.111000
v 2.830000 1.744999 -10.341000
v 4.000000 1.708999 -10.106000
v 4.000000 1.708999 -10.106000
v 3.474000 2.317999 -10.119000
v 3.284000 2.378999 -10.150000
v 4.000000 2.287999 -9.991000
v 4.000000 2.287999 -9.991000
v 4.904000 1.554999 -9.216000
v 4.960000 1.889000 -7.051000
v 4.960000 0.952999 -7.238000
v 3.094000 2.710999 -10.119000
v 3.145000 2.522999 -10.151000
v 3.199000 2.616999 -9.766000
v 3.270000 2.423999 -9.782000
v 2.643000 1.635999 -9.937000
v 3.409000 2.278999 -9.777000
v 2.643000 1.690999 -10.354000
v 0.750000 1.773000 -6.617000
v 0.750000 0.893999 -6.791000
v 2.505000 1.554999 -10.379000
v 2.505000 1.499999 -9.961000
v 2.830000 3.497999 -9.438000
v 4.042000 3.445999 -9.266000
v 4.042000 3.445999 -9.266000
v 4.042000 2.906999 -9.450000
v 3.590000 2.951999 -9.549000
v 4.904000 2.749999 -8.933000
v 2.830000 3.658999 -9.828000
v 4.000000 3.572999 -9.607000
v 4.000000 3.572999 -9.607000
v 3.474000 3.051999 -9.923000
v 3.284000 3.014999 -9.980000
v 4.000000 3.013999 -9.797000
v 4.000000 3.013999 -9.797000
v 4.904000 3.261999 -8.759000
v 2.643000 3.550999 -9.424000
v 3.409000 2.914999 -9.607000
v 2.450000 4.018999 -9.702000
v 2.505000 3.842999 -9.766000
v 2.643000 3.711999 -9.813000
v 3.270000 2.790999 -9.683000
v 3.145000 2.889999 -10.053000
v 2.505000 3.681999 -9.377000
v 4.960000 3.558999 -8.592000
v 4.960000 2.406999 -8.983000
v 0.750000 2.621000 -6.329000
v 2.830000 0.935999 -10.022000
v 4.042000 0.929999 -9.842000
v 4.042000 0.929999 -9.842000
v 4.042000 0.361999 -9.880000
v 3.590000 0.379999 -9.988000
v 4.904000 0.343999 -9.340000
v 4.036000 1.291999 -9.816000
v 2.830000 0.990999 -10.440000
v 4.000000 0.964999 -10.205000
v 4.000000 0.964999 -10.205000
v 3.474000 0.379999 -10.374000
v 3.284000 0.328999 -10.420000
v 4.000000 0.375999 -10.243000
v 4.000000 0.375999 -10.243000
v 4.904000 0.883999 -9.305000
v 2.643000 0.990999 -10.022000
v 3.409000 0.328999 -10.034000
v 2.450000 1.370999 -10.412000
v 2.505000 1.184999 -10.428000
v 2.450000 1.315999 -9.994000
v 2.505000 1.129999 -10.010000
v 2.643000 1.045999 -10.439000
v 3.270000 0.189999 -10.076000
v 3.145000 0.189999 -10.458000
v 0.960000 -0.000001 -7.300000
v 0.960000 0.952999 -7.238000
v 4.960000 1.213999 -9.220000
v 4.960000 -0.000001 -9.299000
v 1.799000 1.370999 -10.410000
v 1.799000 -0.000001 -10.500000
v 0.300000 1.370999 -10.410000
v 0.300000 -0.000001 -10.500000
v 3.094000 -0.000001 -10.476000
v 3.199000 -0.000001 -10.110000
v 2.399000 10.500000 -0.000001
v 1.799000 10.500000 -0.000001
v 0.300000 10.500000 -0.000001
v 0.750000 6.850000 -0.000001
v 0.960000 7.051000 -1.889001
v 4.960000 8.983000 -2.407001
v 4.960000 7.051000 -1.889001
v 0.750000 5.932000 -3.425000
v 1.799000 7.425000 -7.425001
v 4.960000 4.650000 -8.054000
v 0.960000 1.889000 -7.051000
v 1.799000 2.717999 -10.142000
v 0.300000 2.717999 -10.142000
v 2.399000 -0.000001 -10.500000
v 4.960000 -0.000001 -7.300000
v 0.750000 -0.000001 -6.850000
v -0.960000 7.300000 -0.000001
v -0.960000 7.238000 -0.953001
v -2.830000 10.022000 -0.936001
v -4.042000 9.842000 -0.930001
v -4.042000 9.842000 -0.930001
v -4.042000 9.880000 -0.362001
v -3.590000 9.988000 -0.380001
v -4.904000 9.340000 -0.344001
v -4.960000 9.220000 -1.214001
v -4.960000 9.299000 -0.000001
v -2.830000 10.440000 -0.991001
v -4.000000 10.205000 -0.965001
v -4.000000 10.205000 -0.965001
v -3.474000 10.374000 -0.380001
v -3.284000 10.420000 -0.329001
v -4.000000 10.243000 -0.376001
v -4.000000 10.243000 -0.376001
v -4.904000 9.305000 -0.884001
v -4.960000 7.300000 -0.000001
v -4.960000 7.238000 -0.953001
v -3.094000 10.476000 -0.000001
v -3.145000 10.458000 -0.190001
v -3.199000 10.110000 -0.000001
v -3.270000 10.076000 -0.190001
v -2.643000 10.022000 -0.991001
v -3.409000 10.034000 -0.329001
v -2.450000 9.994000 -1.316001
v -2.505000 10.010000 -1.130001
v -2.643000 10.439000 -1.046001
v -2.505000 10.428000 -1.185001
v -2.830000 9.438000 -3.498001
v -4.042000 9.266000 -3.446001
v -4.042000 9.266000 -3.446001
v -4.042000 9.450000 -2.907001
v -3.590000 9.549000 -2.952001
v -4.904000 8.933000 -2.750001
v -4.036000 9.147000 -3.789001
v -1.799000 9.701000 -4.018001
v -1.799000 10.142000 -2.718001
v -0.300000 9.701000 -4.018001
v -0.300000 10.142000 -2.718001
v -2.830000 9.828000 -3.659001
v -4.000000 9.607000 -3.573001
v -4.000000 9.607000 -3.573001
v -3.474000 9.923000 -3.052001
v -3.284000 9.980000 -3.015001
v -4.000000 9.797000 -3.014001
v -4.000000 9.797000 -3.014001
v -4.904000 8.759000 -3.262001
v -3.094000 10.119000 -2.712001
v -3.145000 10.053000 -2.890001
v -3.199000 9.766000 -2.617001
v -3.270000 9.683000 -2.791001
v -2.643000 9.424000 -3.551001
v -3.409000 9.607000 -2.915001
v -2.450000 9.702000 -4.019001
v -2.505000 9.766000 -3.843001
v -2.450000 9.313000 -3.857001
v -2.505000 9.377000 -3.682001
v -2.643000 9.813000 -3.712001
v -0.750000 6.617000 -1.773000
v -0.750000 6.329000 -2.621001
v -2.830000 9.923000 -1.690001
v -4.042000 9.748000 -1.649001
v -4.042000 9.748000 -1.649001
v -4.042000 9.637000 -2.207001
v -3.590000 9.746000 -2.218001
v -4.904000 9.111000 -2.085001
v -4.036000 9.816000 -1.292001
v -2.830000 10.341000 -1.745001
v -4.000000 10.106000 -1.709001
v -4.000000 10.106000 -1.709001
v -3.474000 10.119000 -2.318001
v -3.284000 10.150000 -2.379001
v -4.000000 9.991000 -2.288001
v -4.000000 9.991000 -2.288001
v -4.904000 9.216000 -1.555001
v -2.643000 9.937000 -1.636001
v -3.409000 9.777000 -2.279001
v -2.450000 10.412000 -1.371001
v -2.505000 10.379000 -1.555001
v -2.643000 10.354000 -1.691001
v -3.270000 9.782000 -2.424001
v -3.145000 10.151000 -2.523001
v -2.505000 9.961000 -1.500001
v -2.399000 10.410000 -1.371001
v -2.399000 10.142000 -2.718001
v -1.799000 10.410000 -1.371001
v -0.300000 10.410000 -1.371001
v -0.750000 6.791000 -0.894001
v -2.399000 8.329999 -6.392001
v -2.399000 9.093000 -5.250000
v -2.830000 8.211000 -5.822001
v -4.042000 8.059000 -5.727001
v -4.042000 8.059000 -5.727001
v -4.042000 8.375000 -5.254001
v -3.590000 8.460000 -5.323000
v -4.904000 7.916999 -4.968000
v -4.036000 7.855000 -6.027000
v -1.799000 8.329999 -6.392001
v -1.799000 9.093000 -5.250000
v -0.300000 8.329999 -6.392001
v -0.300000 9.093000 -5.250000
v -2.830000 8.546000 -6.078001
v -4.000000 8.355000 -5.938001
v -4.000000 8.355000 -5.938001
v -3.474000 8.794000 -5.516000
v -3.284000 8.860000 -5.495000
v -4.000000 8.683000 -5.447001
v -4.000000 8.683000 -5.447001
v -4.904000 7.616000 -5.418001
v -4.960000 6.322000 -3.650001
v -4.960000 5.790999 -4.444000
v -3.094000 9.073000 -5.238000
v -3.145000 8.962000 -5.394001
v -3.199000 8.756000 -5.055000
v -3.270000 8.631000 -5.202001
v -2.643000 8.183000 -5.869000
v -3.409000 8.525000 -5.302001
v -2.643000 8.518000 -6.126000
v -2.505000 8.439000 -6.240000
v -2.505000 8.104000 -5.983000
v -2.830000 9.148000 -4.200000
v -4.042000 8.989000 -4.115000
v -4.042000 8.989000 -4.115000
v -4.042000 8.738000 -4.626000
v -3.590000 8.840000 -4.665000
v -4.904000 8.261000 -4.372001
v -2.830000 9.537000 -4.362001
v -4.000000 9.320000 -4.267001
v -4.000000 9.320000 -4.267001
v -3.474000 9.174000 -4.858000
v -3.284000 9.189000 -4.925001
v -4.000000 9.059000 -4.796000
v -4.000000 9.059000 -4.796000
v -4.904000 8.500000 -3.887001
v -2.643000 9.174000 -4.152000
v -3.409000 8.854000 -4.732000
v -2.643000 9.564000 -4.314001
v -3.270000 8.821000 -4.873001
v -3.145000 9.152000 -5.065001
v -2.505000 9.623000 -4.188001
v -2.505000 9.234000 -4.027000
v -2.399000 9.701000 -4.018001
v -0.960000 6.322000 -3.650001
v -0.960000 6.744000 -2.794000
v -4.960000 8.592000 -3.559001
v -4.960000 8.054000 -4.650001
v -4.960000 6.744000 -2.794000
v -2.399000 6.392000 -8.330001
v -2.399000 7.425000 -7.425001
v -0.960000 5.162000 -5.162001
v -0.960000 4.443999 -5.791000
v -2.830000 6.425000 -7.749001
v -4.042000 6.302000 -7.617001
v -4.042000 6.302000 -7.617001
v -4.042000 6.730000 -7.243001
v -3.590000 6.794000 -7.331000
v -4.904000 6.361000 -6.848001
v -4.960000 5.660999 -7.378000
v -4.960000 6.576000 -6.576001
v -0.300000 6.392000 -8.330001
v -0.300000 7.425000 -7.425001
v -2.830000 6.681000 -8.083001
v -4.000000 6.533999 -7.898000
v -4.000000 6.533999 -7.898000
v -3.474000 7.066999 -7.605000
v -3.284000 7.135000 -7.601000
v -4.000000 6.977000 -7.509000
v -4.000000 6.977000 -7.509000
v -4.904000 5.954000 -7.204000
v -4.960000 5.162000 -5.162001
v -4.960000 4.443999 -5.791000
v -3.094000 7.408000 -7.408000
v -3.145000 7.261000 -7.529000
v -3.199000 7.149000 -7.149001
v -3.270000 6.989999 -7.259000
v -2.643000 6.386000 -7.787001
v -3.409000 6.862000 -7.328001
v -2.450000 6.136000 -7.997001
v -2.505000 6.280000 -7.877000
v -2.643000 6.642000 -8.121001
v -2.505000 6.535999 -8.211001
v -2.830000 7.749000 -6.425001
v -4.042000 7.617000 -6.302001
v -4.042000 7.617000 -6.302001
v -4.042000 7.243000 -6.730000
v -3.590000 7.330999 -6.794001
v -4.904000 6.848000 -6.361001
v -2.830000 8.082999 -6.681001
v -4.000000 7.897999 -6.534000
v -4.000000 7.897999 -6.534000
v -3.474000 7.605000 -7.067000
v -3.284000 7.600999 -7.135001
v -4.000000 7.508999 -6.977001
v -4.000000 7.508999 -6.977001
v -4.904000 7.204000 -5.954000
v -2.643000 7.787000 -6.386001
v -3.409000 7.328000 -6.862000
v -2.450000 8.330999 -6.393001
v -2.505000 8.210999 -6.536000
v -2.450000 7.997000 -6.136001
v -2.505000 7.876999 -6.280001
v -2.643000 8.120999 -6.642001
v -3.270000 7.258999 -6.990000
v -3.145000 7.528999 -7.261001
v -0.960000 5.790999 -4.444000
v -4.960000 7.377999 -5.661000
v -0.750000 4.843999 -4.844000
v -0.750000 5.434000 -4.170001
v -2.399000 4.017999 -9.701000
v -2.399000 5.250000 -9.093000
v -0.960000 3.650000 -6.322001
v -0.960000 2.793999 -6.744000
v -2.830000 4.199999 -9.148000
v -4.042000 4.114999 -8.989000
v -4.042000 4.114999 -8.989000
v -4.042000 4.625999 -8.738000
v -3.590000 4.664999 -8.840000
v -4.904000 4.372000 -8.261000
v -4.036000 3.788999 -9.147000
v -1.799000 4.017999 -9.701000
v -1.799000 5.250000 -9.093000
v -0.300000 4.017999 -9.701000
v -0.300000 5.250000 -9.093000
v -2.830000 4.361999 -9.537000
v -4.000000 4.267000 -9.320000
v -4.000000 4.267000 -9.320000
v -3.474000 4.857999 -9.174000
v -3.284000 4.925000 -9.189000
v -4.000000 4.796000 -9.059000
v -4.000000 4.796000 -9.059000
v -4.904000 3.886999 -8.500000
v -4.960000 3.650000 -6.322001
v -4.960000 2.793999 -6.744000
v -3.094000 5.237999 -9.073000
v -3.145000 5.065000 -9.152000
v -3.199000 5.054999 -8.756000
v -3.270000 4.873000 -8.821000
v -2.643000 4.151999 -9.174000
v -3.409000 4.731999 -8.854000
v -2.450000 3.856999 -9.313000
v -2.505000 4.026999 -9.234000
v -2.643000 4.313999 -9.564000
v -2.505000 4.187999 -9.623000
v -2.830000 5.822000 -8.211000
v -4.042000 5.727000 -8.059000
v -4.042000 5.727000 -8.059000
v -4.042000 5.254000 -8.375000
v -3.590000 5.322999 -8.460000
v -4.904000 4.967999 -7.917000
v -4.036000 6.026999 -7.855000
v -2.830000 6.078000 -8.546000
v -4.000000 5.938000 -8.355000
v -4.000000 5.938000 -8.355000
v -3.474000 5.515999 -8.794000
v -3.284000 5.494999 -8.860000
v -4.000000 5.447000 -8.683000
v -4.000000 5.447000 -8.683000
v -4.904000 5.418000 -7.616001
v -2.643000 5.868999 -8.183000
v -3.409000 5.302000 -8.525000
v -2.450000 6.393000 -8.331001
v -2.505000 6.239999 -8.439000
v -2.643000 6.125999 -8.518000
v -3.270000 5.202000 -8.631000
v -3.145000 5.394000 -8.962000
v -2.505000 5.982999 -8.104000
v -1.799000 6.392000 -8.330001
v -0.750000 3.424999 -5.932001
v -0.750000 4.170000 -5.434000
v -2.399000 1.370999 -10.410000
v -2.399000 2.717999 -10.142000
v -2.830000 1.689999 -9.923000
v -4.042000 1.648999 -9.748000
v -4.042000 1.648999 -9.748000
v -4.042000 2.206999 -9.637000
v -3.590000 2.217999 -9.746000
v -4.904000 2.084999 -9.111000
v -2.830000 1.744999 -10.341000
v -4.000000 1.708999 -10.106000
v -4.000000 1.708999 -10.106000
v -3.474000 2.317999 -10.119000
v -3.284000 2.378999 -10.150000
v -4.000000 2.287999 -9.991000
v -4.000000 2.287999 -9.991000
v -4.904000 1.554999 -9.216000
v -4.960000 1.889000 -7.051000
v -4.960000 0.952999 -7.238000
v -3.094000 2.710999 -10.119000
v -3.145000 2.522999 -10.151000
v -3.199000 2.616999 -9.766000
v -3.270000 2.423999 -9.782000
v -2.643000 1.635999 -9.937000
v -3.409000 2.278999 -9.777000
v -2.643000 1.690999 -10.354000
v -0.750000 1.773000 -6.617000
v -0.750000 0.893999 -6.791000
v -2.505000 1.554999 -10.379000
v -2.505000 1.499999 -9.961000
v -2.830000 3.497999 -9.438000
v -4.042000 3.445999 -9.266000
v -4.042000 3.445999 -9.266000
v -4.042000 2.906999 -9.450000
v -3.590000 2.951999 -9.549000
v -4.904000 2.749999 -8.933000
v -2.830000 3.658999 -9.828000
v -4.000000 3.572999 -9.607000
v -4.000000 3.572999 -9.607000
v -3.474000 3.051999 -9.923000
v -3.284000 3.014999 -9.980000
v -4.000000 3.013999 -9.797000
v -4.000000 3.013999 -9.797000
v -4.904000 3.261999 -8.759000
v -2.643000 3.550999 -9.424000
v -3.409000 2.914999 -9.607000
v -2.450000 4.018999 -9.702000
v -2.505000 3.842999 -9.766000
v -2.643000 3.711999 -9.813000
v -3.270000 2.790999 -9.683000
v -3.145000 2.889999 -10.053000
v -2.505000 3.681999 -9.377000
v -4.960000 3.558999 -8.592000
v -4.960000 2.406999 -8.983000
v -0.750000 2.621000 -6.329000
v -2.830000 0.935999 -10.022000
v -4.042000 0.929999 -9.842000
v -4.042000 0.929999 -9.842000
v -4.042000 0.361999 -9.880000
v -3.590000 0.379999 -9.988000
v -4.904000 0.343999 -9.340000
v -4.036000 1.291999 -9.816000
v -2.830000 0.990999 -10.440000
v -4.000000 0.964999 -10.205000
v -4.000000 0.964999 -10.205000
v -3.474000 0.379999 -10.374000
v -3.284000 0.328999 -10.420000
v -4.000000 0.375999 -10.243000
v -4.000000 0.375999 -10.243000
v -4.904000 0.883999 -9.305000
v -2.643000 0.990999 -10.022000
v -3.409000 0.328999 -10.034000
v -2.450000 1.370999 -10.412000
v -2.505000 1.184999 -10.428000
v -2.450000 1.315999 -9.994000
v -2.505000 1.129999 -10.010000
v -2.643000 1.045999 -10.439000
v -3.270000 0.189999 -10.076000
v -3.145000 0.189999 -10.458000
v -0.960000 -0.000001 -7.300000
v -0.960000 0.952999 -7.238000
v -4.960000 1.213999 -9.220000
v -4.960000 -0.000001 -9.299000
v -1.799000 1.370999 -10.410000
v -1.799000 -0.000001 -10.500000
v -0.300000 1.370999 -10.410000
v -0.300000 -0.000001 -10.500000
v -3.094000 -0.000001 -10.476000
v -3.199000 -0.000001 -10.110000
v -2.399000 10.500000 -0.000001
v -1.799000 10.500000 -0.000001
v -0.300000 10.500000 -0.000001
v -0.750000 6.850000 -0.000001
v -0.960000 7.051000 -1.889001
v -4.960000 8.983000 -2.407001
v -4.960000 7.051000 -1.889001
v -0.750000 5.932000 -3.425000
v -1.799000 7.425000 -7.425001
v -4.960000 4.650000 -8.054000
v -0.960000 1.889000 -7.051000
v -1.799000 2.717999 -10.142000
v -0.300000 2.717999 -10.142000
v -2.399000 -0.000001 -10.500000
v -4.960000 -0.000001 -7.300000
v -0.750000 -0.000001 -6.850000
v 0.960000 7.238000 0.952999
v 2.830000 10.022000 0.935999
v 4.042000 9.842000 0.929999
v 4.042000 9.842000 0.929999
v 4.042000 9.880000 0.361999
v 3.590000 9.988000 0.379999
v 4.904000 9.340000 0.343999
v 4.960000 9.220000 1.213999
v 2.830000 10.440000 0.990999
v 4.000000 10.205000 0.964999
v 4.000000 10.205000 0.964999
v 3.474000 10.374000 0.379999
v 3.284000 10.420000 0.328999
v 4.000000 10.243000 0.375999
v 4.000000 10.243000 0.375999
v 4.904000 9.305000 0.883999
v 4.960000 7.238000 0.952999
v 3.145000 10.458000 0.189999
v 3.270000 10.076000 0.189999
v 2.643000 10.022000 0.990999
v 3.409000 10.034000 0.328999
v 2.450000 9.994000 1.315999
v 2.505000 10.010000 1.129999
v 2.643000 10.439000 1.045999
v 2.505000 10.428000 1.184999
v 2.830000 9.438000 3.497999
v 4.042000 9.266000 3.445999
v 4.042000 9.266000 3.445999
v 4.042000 9.450000 2.906999
v 3.590000 9.549000 2.951999
v 4.904000 8.933000 2.749999
v 4.036000 9.147000 3.788999
v 1.799000 9.701000 4.017999
v 1.799000 10.142000 2.717999
v 0.300000 9.701000 4.017999
v 0.300000 10.142000 2.717999
v 2.830000 9.828000 3.658999
v 4.000000 9.607000 3.572999
v 4.000000 9.607000 3.572999
v 3.474000 9.923000 3.051999
v 3.284000 9.980000 3.014999
v 4.000000 9.797000 3.013999
v 4.000000 9.797000 3.013999
v 4.904000 8.759000 3.261999
v 3.094000 10.119000 2.710999
v 3.145000 10.053000 2.889999
v 3.199000 9.766000 2.616999
v 3.270000 9.683000 2.790999
v 2.643000 9.424000 3.550999
v 3.409000 9.607000 2.914999
v 2.450000 9.702000 4.018999
v 2.505000 9.766000 3.842999
v 2.450000 9.313000 3.856999
v 2.505000 9.377000 3.681999
v 2.643000 9.813000 3.711999
v 0.750000 6.617000 1.773000
v 0.750000 6.329000 2.621000
v 2.830000 9.923000 1.689999
v 4.042000 9.748000 1.648999
v 4.042000 9.748000 1.648999
v 4.042000 9.637000 2.206999
v 3.590000 9.746000 2.217999
v 4.904000 9.111000 2.084999
v 4.036000 9.816000 1.291999
v 2.830000 10.341000 1.744999
v 4.000000 10.106000 1.708999
v 4.000000 10.106000 1.708999
v 3.474000 10.119000 2.317999
v 3.284000 10.150000 2.378999
v 4.000000 9.991000 2.287999
v 4.000000 9.991000 2.287999
v 4.904000 9.216000 1.554999
v 2.643000 9.937000 1.635999
v 3.409000 9.777000 2.278999
v 2.450000 10.412000 1.370999
v 2.505000 10.379000 1.554999
v 2.643000 10.354000 1.690999
v 3.270000 9.782000 2.423999
v 3.145000 10.151000 2.522999
v 2.505000 9.961000 1.499999
v 2.399000 10.410000 1.370999
v 2.399000 10.142000 2.717999
v 1.799000 10.410000 1.370999
v 0.300000 10.410000 1.370999
v 0.750000 6.791000 0.893999
v 2.399000 8.330001 6.392000
v 2.399000 9.093000 5.250000
v 2.830000 8.211000 5.822000
v 4.042000 8.059000 5.727000
v 4.042000 8.059000 5.727000
v 4.042000 8.375000 5.254000
v 3.590000 8.460000 5.322999
v 4.904000 7.917000 4.967999
v 4.036000 7.855000 6.026999
v 1.799000 8.330001 6.392000
v 1.799000 9.093000 5.250000
v 0.300000 8.330001 6.392000
v 0.300000 9.093000 5.250000
v 2.830000 8.546000 6.078000
v 4.000000 8.355000 5.938000
v 4.000000 8.355000 5.938000
v 3.474000 8.794000 5.515999
v 3.284000 8.860000 5.494999
v 4.000000 8.683000 5.447000
v 4.000000 8.683000 5.447000
v 4.904000 7.616001 5.418000
v 4.960000 6.322001 3.650000
v 4.960000 5.791000 4.443999
v 3.094000 9.073000 5.237999
v 3.145000 8.962000 5.394000
v 3.199000 8.756000 5.054999
v 3.270000 8.631000 5.202000
v 2.643000 8.183000 5.868999
v 3.409000 8.525000 5.302000
v 2.643000 8.518000 6.125999
v 2.505000 8.439000 6.239999
v 2.505000 8.104000 5.982999
v 2.830000 9.148000 4.199999
v 4.042000 8.989000 4.114999
v 4.042000 8.989000 4.114999
v 4.042000 8.738000 4.625999
v 3.590000 8.840000 4.664999
v 4.904000 8.261000 4.372000
v 2.830000 9.537000 4.361999
v 4.000000 9.320000 4.267000
v 4.000000 9.320000 4.267000
v 3.474000 9.174000 4.857999
v 3.284000 9.189000 4.925000
v 4.000000 9.059000 4.796000
v 4.000000 9.059000 4.796000
v 4.904000 8.500000 3.886999
v 2.643000 9.174000 4.151999
v 3.409000 8.854000 4.731999
v 2.643000 9.564000 4.313999
v 3.270000 8.821000 4.873000
v 3.145000 9.152000 5.065000
v 2.505000 9.623000 4.187999
v 2.505000 9.234000 4.026999
v 2.399000 9.701000 4.017999
v 0.960000 6.322001 3.650000
v 0.960000 6.744000 2.793999
v 4.960000 8.592000 3.558999
v 4.960000 8.054000 4.650000
v 4.960000 6.744000 2.793999
v 2.399000 6.392001 8.329999
v 2.399000 7.425001 7.425000
v 0.960000 5.162001 5.162000
v 0.960000 4.444000 5.790999
v 2.830000 6.425001 7.749000
v 4.042000 6.302001 7.617000
v 4.042000 6.302001 7.617000
v 4.042000 6.730000 7.243000
v 3.590000 6.794001 7.330999
v 4.904000 6.361001 6.848000
v 4.960000 5.661000 7.377999
v 4.960000 6.576001 6.576000
v 0.300000 6.392001 8.329999
v 0.300000 7.425001 7.425000
v 2.830000 6.681001 8.082999
v 4.000000 6.534000 7.897999
v 4.000000 6.534000 7.897999
v 3.474000 7.067000 7.605000
v 3.284000 7.135001 7.600999
v 4.000000 6.977001 7.508999
v 4.000000 6.977001 7.508999
v 4.904000 5.954000 7.204000
v 4.960000 5.162001 5.162000
v 4.960000 4.444000 5.790999
v 3.094000 7.408000 7.408000
v 3.145000 7.261001 7.528999
v 3.199000 7.149001 7.149000
v 3.270000 6.990000 7.258999
v 2.643000 6.386001 7.787000
v 3.409000 6.862000 7.328000
v 2.450000 6.136001 7.997000
v 2.505000 6.280001 7.876999
v 2.643000 6.642001 8.120999
v 2.505000 6.536000 8.210999
v 2.830000 7.749001 6.425000
v 4.042000 7.617001 6.302000
v 4.042000 7.617001 6.302000
v 4.042000 7.243001 6.730000
v 3.590000 7.331000 6.794000
v 4.904000 6.848001 6.361000
v 2.830000 8.083001 6.681000
v 4.000000 7.898000 6.533999
v 4.000000 7.898000 6.533999
v 3.474000 7.605000 7.066999
v 3.284000 7.601000 7.135000
v 4.000000 7.509000 6.977000
v 4.000000 7.509000 6.977000
v 4.904000 7.204000 5.954000
v 2.643000 7.787001 6.386000
v 3.409000 7.328001 6.862000
v 2.450000 8.331001 6.393000
v 2.505000 8.211001 6.535999
v 2.450000 7.997001 6.136000
v 2.505000 7.877000 6.280000
v 2.643000 8.121001 6.642000
v 3.270000 7.259000 6.989999
v 3.145000 7.529000 7.261000
v 0.960000 5.791000 4.443999
v 4.960000 7.378000 5.660999
v 0.750000 4.844000 4.843999
v 0.750000 5.434000 4.170000
v 2.399000 4.018001 9.701000
v 2.399000 5.250000 9.093000
v 0.960000 3.650001 6.322000
v 0.960000 2.794000 6.744000
v 2.830000 4.200000 9.148000
v 4.042000 4.115000 8.989000
v 4.042000 4.115000 8.989000
v 4.042000 4.626000 8.738000
v 3.590000 4.665000 8.840000
v 4.904000 4.372001 8.261000
v 4.036000 3.789001 9.147000
v 1.799000 4.018001 9.701000
v 1.799000 5.250000 9.093000
v 0.300000 4.018001 9.701000
v 0.300000 5.250000 9.093000
v 2.830000 4.362001 9.537000
v 4.000000 4.267001 9.320000
v 4.000000 4.267001 9.320000
v 3.474000 4.858000 9.174000
v 3.284000 4.925001 9.189000
v 4.000000 4.796000 9.059000
v 4.000000 4.796000 9.059000
v 4.904000 3.887001 8.500000
v 4.960000 3.650001 6.322000
v 4.960000 2.794000 6.744000
v 3.094000 5.238000 9.073000
v 3.145000 5.065001 9.152000
v 3.199000 5.055000 8.756000
v 3.270000 4.873001 8.821000
v 2.643000 4.152000 9.174000
v 3.409000 4.732000 8.854000
v 2.450000 3.857001 9.313000
v 2.505000 4.027000 9.234000
v 2.643000 4.314001 9.564000
v 2.505000 4.188001 9.623000
v 2.830000 5.822001 8.211000
v 4.042000 5.727001 8.059000
v 4.042000 5.727001 8.059000
v 4.042000 5.254001 8.375000
v 3.590000 5.323000 8.460000
v 4.904000 4.968000 7.916999
v 4.036000 6.027000 7.855000
v 2.830000 6.078001 8.546000
v 4.000000 5.938001 8.355000
v 4.000000 5.938001 8.355000
v 3.474000 5.516000 8.794000
v 3.284000 5.495000 8.860000
v 4.000000 5.447001 8.683000
v 4.000000 5.447001 8.683000
v 4.904000 5.418001 7.616000
v 2.643000 5.869000 8.183000
v 3.409000 5.302001 8.525000
v 2.450000 6.393001 8.330999
v 2.505000 6.240000 8.439000
v 2.643000 6.126000 8.518000
v 3.270000 5.202001 8.631000
v 3.145000 5.394001 8.962000
v 2.505000 5.983000 8.104000
v 1.799000 6.392001 8.329999
v 0.750000 3.425000 5.932000
v 0.750000 4.170001 5.434000
v 2.399000 1.371001 10.410000
v 2.399000 2.718001 10.142000
v 2.830000 1.690001 9.923000
v 4.042000 1.649001 9.748000
v 4.042000 1.649001 9.748000
v 4.042000 2.207001 9.637000
v 3.590000 2.218001 9.746000
v 4.904000 2.085001 9.111000
v 2.830000 1.745001 10.341000
v 4.000000 1.709001 10.106000
v 4.000000 1.709001 10.106000
v 3.474000 2.318001 10.119000
v 3.284000 2.379001 10.150000
v 4.000000 2.288001 9.991000
v 4.000000 2.288001 9.991000
v 4.904000 1.555001 9.216000
v 4.960000 1.889001 7.051000
v 4.960000 0.953001 7.238000
v 3.094000 2.711001 10.119000
v 3.145000 2.523001 10.151000
v 3.199000 2.617001 9.766000
v 3.270000 2.424001 9.782000
v 2.643000 1.636001 9.937000
v 3.409000 2.279001 9.777000
v 2.643000 1.691001 10.354000
v 0.750000 1.773000 6.617000
v 0.750000 0.894001 6.791000
v 2.505000 1.555001 10.379000
v 2.505000 1.500001 9.961000
v 2.830000 3.498001 9.438000
v 4.042000 3.446001 9.266000
v 4.042000 3.446001 9.266000
v 4.042000 2.907001 9.450000
v 3.590000 2.952001 9.549000
v 4.904000 2.750001 8.933000
v 2.830000 3.659001 9.828000
v 4.000000 3.573001 9.607000
v 4.000000 3.573001 9.607000
v 3.474000 3.052001 9.923000
v 3.284000 3.015001 9.980000
v 4.000000 3.014001 9.797000
v 4.000000 3.014001 9.797000
v 4.904000 3.262001 8.759000
v 2.643000 3.551001 9.424000
v 3.409000 2.915001 9.607000
v 2.450000 4.019001 9.702000
v 2.505000 3.843001 9.766000
v 2.643000 3.712001 9.813000
v 3.270000 2.791001 9.683000
v 3.145000 2.890001 10.053000
v 2.505000 3.682001 9.377000
v 4.960000 3.559001 8.592000
v 4.960000 2.407001 8.983000
v 0.750000 2.621001 6.329000
v 2.830000 0.936001 10.022000
v 4.042000 0.930001 9.842000
v 4.042000 0.930001 9.842000
v 4.042000 0.362001 9.880000
v 3.590000 0.380001 9.988000
v 4.904000 0.344001 9.340000
v 4.036000 1.292001 9.816000
v 2.830000 0.991001 10.440000
v 4.000000 0.965001 10.205000
v 4.000000 0.965001 10.205000
v 3.474000 0.380001 10.374000
v 3.284000 0.329001 10.420000
v 4.000000 0.376001 10.243000
v 4.000000 0.376001 10.243000
v 4.904000 0.884001 9.305000
v 2.643000 0.991001 10.022000
v 3.409000 0.329001 10.034000
v 2.450000 1.371001 10.412000
v 2.505000 1.185001 10.428000
v 2.450000 1.316001 9.994000
v 2.505000 1.130001 10.010000
v 2.643000 1.046001 10.439000
v 3.270000 0.190001 10.076000
v 3.145000 0.190001 10.458000
v 0.960000 0.000001 7.300000
v 0.960000 0.953001 7.238000
v 4.960000 1.214001 9.220000
v 4.960000 0.000001 9.299000
v 1.799000 1.371001 10.410000
v 1.799000 0.000001 10.500000
v 0.300000 1.371001 10.410000
v 0.300000 0.000001 10.500000
v 3.094000 0.000001 10.476000
v 3.199000 0.000001 10.110000
v 0.960000 7.051000 1.889000
v 4.960000 8.983000 2.406999
v 4.960000 7.051000 1.889000
v 0.750000 5.932001 3.424999
v 1.799000 7.425001 7.425000
v 4.960000 4.650001 8.054000
v 0.960000 1.889001 7.051000
v 1.799000 2.718001 10.142000
v 0.300000 2.718001 10.142000
v 2.399000 0.000001 10.500000
v 4.960000 0.000001 7.300000
v 0.750000 0.000001 6.850000
v -0.960000 7.238000 0.952999
v -2.830000 10.022000 0.935999
v -4.042000 9.842000 0.929999
v -4.042000 9.842000 0.929999
v -4.042000 9.880000 0.361999
v -3.590000 9.988000 0.379999
v -4.904000 9.340000 0.343999
v -4.960000 9.220000 1.213999
v -2.830000 10.440000 0.990999
v -4.000000 10.205000 0.964999
v -4.000000 10.205000 0.964999
v -3.474000 10.374000 0.379999
v -3.284000 10.420000 0.328999
v -4.000000 10.243000 0.375999
v -4.000000 10.243000 0.375999
v -4.904000 9.305000 0.883999
v -4.960000 7.238000 0.952999
v -3.145000 10.458000 0.189999
v -3.270000 10.076000 0.189999
v -2.643000 10.022000 0.990999
v -3.409000 10.034000 0.328999
v -2.450000 9.994000 1.315999
v -2.505000 10.010000 1.129999
v -2.643000 10.439000 1.045999
v -2.505000 10.428000 1.184999
v -2.830000 9.438000 3.497999
v -4.042000 9.266000 3.445999
v -4.042000 9.266000 3.445999
v -4.042000 9.450000 2.906999
v -3.590000 9.549000 2.951999
v -4.904000 8.933000 2.749999
v -4.036000 9.147000 3.788999
v -1.799000 9.701000 4.017999
v -1.799000 10.142000 2.717999
v -0.300000 9.701000 4.017999
v -0.300000 10.142000 2.717999
v -2.830000 9.828000 3.658999
v -4.000000 9.607000 3.572999
v -4.000000 9.607000 3.572999
v -3.474000 9.923000 3.051999
v -3.284000 9.980000 3.014999
v -4.000000 9.797000 3.013999
v -4.000000 9.797000 3.013999
v -4.904000 8.759000 3.261999
v -3.094000 10.119000 2.710999
v -3.145000 10.053000 2.889999
v -3.199000 9.766000 2.616999
v -3.270000 9.683000 2.790999
v -2.643000 9.424000 3.550999
v -3.409000 9.607000 2.914999
v -2.450000 9.702000 4.018999
v -2.505000 9.766000 3.842999
v -2.450000 9.313000 3.856999
v -2.505000 9.377000 3.681999
v -2.643000 9.813000 3.711999
v -0.750000 6.617000 1.773000
v -0.750000 6.329000 2.621000
v -2.830000 9.923000 1.689999
v -4.042000 9.748000 1.648999
v -4.042000 9.748000 1.648999
v -4.042000 9.637000 2.206999
v -3.590000 9.746000 2.217999
v -4.904000 9.111000 2.084999
v -4.036000 9.816000 1.291999
v -2.830000 10.341000 1.744999
v -4.000000 10.106000 1.708999
v -4.000000 10.106000 1.708999
v -3.474000 10.119000 2.317999
v -3.284000 10.150000 2.378999
v -4.000000 9.991000 2.287999
v -4.000000 9.991000 2.287999
v -4.904000 9.216000 1.554999
v -2.643000 9.937000 1.635999
v -3.409000 9.777000 2.278999
v -2.450000 10.412000 1.370999
v -2.505000 10.379000 1.554999
v -2.643000 10.354000 1.690999
v -3.270000 9.782000 2.423999
v -3.145000 10.151000 2.522999
v -2.505000 9.961000 1.499999
v -2.399000 10.410000 1.370999
v -2.399000 10.142000 2.717999
v -1.799000 10.410000 1.370999
v -0.300000 10.410000 1.370999
v -0.750000 6.791000 0.893999
v -2.399000 8.330001 6.392000
v -2.399000 9.093000 5.250000
v -2.830000 8.211000 5.822000
v -4.042000 8.059000 5.727000
v -4.042000 8.059000 5.727000
v -4.042000 8.375000 5.254000
v -3.590000 8.460000 5.322999
v -4.904000 7.917000 4.967999
v -4.036000 7.855000 6.026999
v -1.799000 8.330001 6.392000
v -1.799000 9.093000 5.250000
v -0.300000 8.330001 6.392000
v -0.300000 9.093000 5.250000
v -2.830000 8.546000 6.078000
v -4.000000 8.355000 5.938000
v -4.000000 8.355000 5.938000
v -3.474000 8.794000 5.515999
v -3.284000 8.860000 5.494999
v -4.000000 8.683000 5.447000
v -4.000000 8.683000 5.447000
v -4.904000 7.616001 5.418000
v -4.960000 6.322001 3.650000
v -4.960000 5.791000 4.443999
v -3.094000 9.073000 5.237999
v -3.145000 8.962000 5.394000
v -3.199000 8.756000 5.054999
v -3.270000 8.631000 5.202000
v -2.643000 8.183000 5.868999
v -3.409000 8.525000 5.302000
v -2.643000 8.518000 6.125999
v -2.505000 8.439000 6.239999
v -2.505000 8.104000 5.982999
v -2.830000 9.148000 4.199999
v -4.042000 8.989000 4.114999
v -4.042000 8.989000 4.114999
v -4.042000 8.738000 4.625999
v -3.590000 8.840000 4.664999
v -4.904000 8.261000 4.372000
v -2.830000 9.537000 4.361999
v -4.000000 9.320000 4.267000
v -4.000000 9.320000 4.267000
v -3.474000 9.174000 4.857999
v -3.284000 9.189000 4.925000
v -4.000000 9.059000 4.796000
v -4.000000 9.059000 4.796000
v -4.904000 8.500000 3.886999
v -2.643000 9.174000 4.151999
v -3.409000 8.854000 4.731999
v -2.643000 9.564000 4.313999
v -3.270000 8.821000 4.873000
v -3.145000 9.152000 5.065000
v -2.505000 9.623000 4.187999
v -2.505000 9.234000 4.026999
v -2.399000 9.701000 4.017999
v -0.960000 6.322001 3.650000
v -0.960000 6.744000 2.793999
v -4.960000 8.592000 3.558999
v -4.960000 8.054000 4.650000
v -4.960000 6.744000 2.793999
v -2.399000 6.392001 8.329999
v -2.399000 7.425001 7.425000
v -0.960000 5.162001 5.162000
v -0.960000 4.444000 5.790999
v -2.830000 6.425001 7.749000
v -4.042000 6.302001 7.617000
v -4.042000 6.302001 7.617000
v -4.042000 6.730000 7.243000
v -3.590000 6.794001 7.330999
v -4.904000 6.361001 6.848000
v -4.960000 5.661000 7.377999
v -4.960000 6.576001 6.576000
v -0.300000 6.392001 8.329999
v -0.300000 7.425001 7.425000
v -2.830000 6.681001 8.082999
v -4.000000 6.534000 7.897999
v -4.000000 6.534000 7.897999
v -3.474000 7.067000 7.605000
v -3.284000 7.135001 7.600999
v -4.000000 6.977001 7.508999
v -4.000000 6.977001 7.508999
v -4.904000 5.954000 7.204000
v -4.960000 5.162001 5.162000
v -4.960000 4.444000 5.790999
v -3.094000 7.408000 7.408000
v -3.145000 7.261001 7.528999
v -3.199000 7.149001 7.149000
v -3.270000 6.990000 7.258999
v -2.643000 6.386001 7.787000
v -3.409000 6.862000 7.328000
v -2.450000 6.136001 7.997000
v -2.505000 6.280001 7.876999
v -2.643000 6.642001 8.120999
v -2.505000 6.536000 8.210999
v -2.830000 7.749001 6.425000
v -4.042000 7.617001 6.302000
v -4.042000 7.617001 6.302000
v -4.042000 7.243001 6.730000
v -3.590000 7.331000 6.794000
v -4.904000 6.848001 6.361000
v -2.830000 8.083001 6.681000
v -4.000000 7.898000 6.533999
v -4.000000 7.898000 6.533999
v -3.474000 7.605000 7.066999
v -3.284000 7.601000 7.135000
v -4.000000 7.509000 6.977000
v -4.000000 7.509000 6.977000
v -4.904000 7.204000 5.954000
v -2.643000 7.787001 6.386000
v -3.409000 7.328001 6.862000
v -2.450000 8.331001 6.393000
v -2.505000 8.211001 6.535999
v -2.450000 7.997001 6.136000
v -2.505000 7.877000 6.280000
v -2.643000 8.121001 6.642000
v -3.270000 7.259000 6.989999
v -3.145000 7.529000 7.261000
v -0.960000 5.791000 4.443999
v -4.960000 7.378000 5.660999
v -0.750000 4.844000 4.843999
v -0.750000 5.434000 4.170000
v -2.399000 4.018001 9.701000
v -2.399000 5.250000 9.093000
v -0.960000 3.650001 6.322000
v -0.960000 2.794000 6.744000
v -2.830000 4.200000 9.148000
v -4.042000 4.115000 8.989000
v -4.042000 4.115000 8.989000
v -4.042000 4.626000 8.738000
v -3.590000 4.665000 8.840000
v -4.904000 4.372001 8.261000
v -4.036000 3.789001 9.147000
v -1.799000 4.018001 9.701000
v -1.799000 5.250000 9.093000
v -0.300000 4.018001 9.701000
v -0.300000 5.250000 9.093000
v -2.830000 4.362001 9.537000
v -4.000000 4.267001 9.320000
v -4.000000 4.267001 9.320000
v -3.474000 4.858000 9.174000
v -3.284000 4.925001 9.189000
v -4.000000 4.796000 9.059000
v -4.000000 4.796000 9.059000
v -4.904000 3.887001 8.500000
v -4.960000 3.650001 6.322000
v -4.960000 2.794000 6.744000
v -3.094000 5.238000 9.073000
v -3.145000 5.065001 9.152000
v -3.199000 5.055000 8.756000
v -3.270000 4.873001 8.821000
v -2.643000 4.152000 9.174000
v -3.409000 4.732000 8.854000
v -2.450000 3.857001 9.313000
v -2.505000 4.027000 9.234000
v -2.643000 4.314001 9.564000
v -2.505000 4.188001 9.623000
v -2.830000 5.822001 8.211000
v -4.042000 5.727001 8.059000
v -4.042000 5.727001 8.059000
v -4.042000 5.254001 8.375000
v -3.590000 5.323000 8.460000
v -4.904000 4.968000 7.916999
v -4.036000 6.027000 7.855000
v -2.830000 6.078001 8.546000
v -4.000000 5.938001 8.355000
v -4.000000 5.938001 8.355000
v -3.474000 5.516000 8.794000
v -3.284000 5.495000 8.860000
v -4.000000 5.447001 8.683000
v -4.000000 5.447001 8.683000
v -4.904000 5.418001 7.616000
v -2.643000 5.869000 8.183000
v -3.409000 5.302001 8.525000
v -2.450000 6.393001 8.330999
v -2.505000 6.240000 8.439000
v -2.643000 6.126000 8.518000
v -3.270000 5.202001 8.631000
v -3.145000 5.394001 8.962000
v -2.505000 5.983000 8.104000
v -1.799000 6.392001 8.329999
v -0.750000 3.425000 5.932000
v -0.750000 4.170001 5.434000
v -2.399000 1.371001 10.410000
v -2.399000 2.718001 10.142000
v -2.830000 1.690001 9.923000
v -4.042000 1.649001 9.748000
v -4.042000 1.649001 9.748000
v -4.042000 2.207001 9.637000
v -3.590000 2.218001 9.746000
v -4.904000 2.085001 9.111000
v -2.830000 1.745001 10.341000
v -4.000000 1.709001 10.106000
v -4.000000 1.709001 10.106000
v -3.474000 2.318001 10.119000
v -3.284000 2.379001 10.150000
v -4.000000 2.288001 9.991000
v -4.000000 2.288001 9.991000
v -4.904000 1.555001 9.216000
v -4.960000 1.889001 7.051000
v -4.960000 0.953001 7.238000
v -3.094000 2.711001 10.119000
v -3.145000 2.523001 10.151000
v -3.199000 2.617001 9.766000
v -3.270000 2.424001 9.782000
v -2.643000 1.636001 9.937000
v -3.409000 2.279001 9.777000
v -2.643000 1.691001 10.354000
v -0.750000 1.773000 6.617000
v -0.750000 0.894001 6.791000
v -2.505000 1.555001 10.379000
v -2.505000 1.500001 9.961000
v -2.830000 3.498001 9.438000
v -4.042000 3.446001 9.266000
v -4.042000 3.446001 9.266000
v -4.042000 2.907001 9.450000
v -3.590000 2.952001 9.549000
v -4.904000 2.750001 8.933000
v -2.830000 3.659001 9.828000
v -4.000000 3.573001 9.607000
v -4.000000 3.573001 9.607000
v -3.474000 3.052001 9.923000
v -3.284000 3.015001 9.980000
v -4.000000 3.014001 9.797000
v -4.000000 3.014001 9.797000
v -4.904000 3.262001 8.759000
v -2.643000 3.551001 9.424000
v -3.409000 2.915001 9.607000
v -2.450000 4.019001 9.702000
v -2.505000 3.843001 9.766000
v -2.643000 3.712001 9.813000
v -3.270000 2.791001 9.683000
v -3.145000 2.890001 10.053000
v -2.505000 3.682001 9.377000
v -4.960000 3.559001 8.592000
v -4.960000 2.407001 8.983000
v -0.750000 2.621001 6.329000
v -2.830000 0.936001 10.022000
v -4.042000 0.930001 9.842000
v -4.042000 0.930001 9.842000
v -4.042000 0.362001 9.880000
v -3.590000 0.380001 9.988000
v -4.904000 0.344001 9.340000
v -4.036000 1.292001 9.816000
v -2.830000 0.991001 10.440000
v -4.000000 0.965001 10.205000
v -4.000000 0.965001 10.205000
v -3.474000 0.380001 10.374000
v -3.284000 0.329001 10.420000
v -4.000000 0.376001 10.243000
v -4.000000 0.376001 10.243000
v -4.904000 0.884001 9.305000
v -2.643000 0.991001 10.022000
v -3.409000 0.329001 10.034000
v -2.450000 1.371001 10.412000
v -2.505000 1.185001 10.428000
v -2.450000 1.316001 9.994000
v -2.505000 1.130001 10.010000
v -2.643000 1.046001 10.439000
v -3.270000 0.190001 10.076000
v -3.145000 0.190001 10.458000
v -0.960000 0.000001 7.300000
v -0.960000 0.953001 7.238000
v -4.960000 1.214001 9.220000
v -4.960000 0.000001 9.299000
v -1.799000 1.371001 10.410000
v -1.799000 0.000001 10.500000
v -0.300000 1.371001 10.410000
v -0.300000 0.000001 10.500000
v -3.094000 0.000001 10.476000
v -3.199000 0.000001 10.110000
v -0.960000 7.051000 1.889000
v -4.960000 8.983000 2.406999
v -4.960000 7.051000 1.889000
v -0.750000 5.932001 3.424999
v -1.799000 7.425001 7.425000
v -4.960000 4.650001 8.054000
v -0.960000 1.889001 7.051000
v -1.799000 2.718001 10.142000
v -0.300000 2.718001 10.142000
v -2.399000 0.000001 10.500000
v -4.960000 0.000001 7.300000
v -0.750000 0.000001 6.850000
v 0.960000 -7.300000 0.000001
v 0.960000 -7.238000 -0.952999
v 2.830000 -10.022000 -0.935999
v 4.042000 -9.842000 -0.929999
v 4.042000 -9.842000 -0.929999
v 4.042000 -9.880000 -0.361999
v 3.590000 -9.988000 -0.379999
v 4.904000 -9.340000 -0.343999
v 4.960000 -9.220000 -1.213999
v 4.960000 -9.299000 0.000001
v 2.830000 -10.440000 -0.990999
v 4.000000 -10.205000 -0.964999
v 4.000000 -10.205000 -0.964999
v 3.474000 -10.374000 -0.379999
v 3.284000 -10.420000 -0.328999
v 4.000000 -10.243000 -0.375999
v 4.000000 -10.243000 -0.375999
v 4.904000 -9.305000 -0.883999
v 4.960000 -7.300000 0.000001
v 4.960000 -7.238000 -0.952999
v 3.094000 -10.476000 0.000001
v 3.145000 -10.458000 -0.189999
v 3.199000 -10.110000 0.000001
v 3.270000 -10.076000 -0.189999
v 2.643000 -10.022000 -0.990999
v 3.409000 -10.034000 -0.328999
v 2.450000 -9.994000 -1.315999
v 2.505000 -10.010000 -1.129999
v 2.643000 -10.439000 -1.045999
v 2.505000 -10.428000 -1.184999
v 2.830000 -9.438000 -3.497999
v 4.042000 -9.266000 -3.445999
v 4.042000 -9.266000 -3.445999
v 4.042000 -9.450000 -2.906999
v 3.590000 -9.549000 -2.951999
v 4.904000 -8.933000 -2.749999
v 4.036000 -9.147000 -3.788999
v 1.799000 -9.701000 -4.017999
v 1.799000 -10.142000 -2.717999
v 0.300000 -9.701000 -4.017999
v 0.300000 -10.142000 -2.717999
v 2.830000 -9.828000 -3.658999
v 4.000000 -9.607000 -3.572999
v 4.000000 -9.607000 -3.572999
v 3.474000 -9.923000 -3.051999
v 3.284000 -9.980000 -3.014999
v 4.000000 -9.797000 -3.013999
v 4.000000 -9.797000 -3.013999
v 4.904000 -8.759000 -3.261999
v 3.094000 -10.119000 -2.710999
v 3.145000 -10.053000 -2.889999
v 3.199000 -9.766000 -2.616999
v 3.270000 -9.683000 -2.790999
v 2.643000 -9.424000 -3.550999
v 3.409000 -9.607000 -2.914999
v 2.450000 -9.702000 -4.018999
v 2.505000 -9.766000 -3.842999
v 2.450000 -9.313000 -3.856999
v 2.505000 -9.377000 -3.681999
v 2.643000 -9.813000 -3.711999
v 0.750000 -6.617000 -1.773000
v 0.750000 -6.329000 -2.621000
v 2.830000 -9.923000 -1.689999
v 4.042000 -9.748000 -1.648999
v 4.042000 -9.748000 -1.648999
v 4.042000 -9.637000 -2.206999
v 3.590000 -9.746000 -2.217999
v 4.904000 -9.111000 -2.084999
v 4.036000 -9.816000 -1.291999
v 2.830000 -10.341000 -1.744999
v 4.000000 -10.106000 -1.708999
v 4.000000 -10.106000 -1.708999
v 3.474000 -10.119000 -2.317999
v 3.284000 -10.150000 -2.378999
v 4.000000 -9.991000 -2.287999
v 4.000000 -9.991000 -2.287999
v 4.904000 -9.216000 -1.554999
v 2.643000 -9.937000 -1.635999
v 3.409000 -9.777000 -2.278999
v 2.450000 -10.412000 -1.370999
v 2.505000 -10.379000 -1.554999
v 2.643000 -10.354000 -1.690999
v 3.270000 -9.782000 -2.423999
v 3.145000 -10.151000 -2.522999
v 2.505000 -9.961000 -1.499999
v 2.399000 -10.410000 -1.370999
v 2.399000 -10.142000 -2.717999
v 1.799000 -10.410000 -1.370999
v 0.300000 -10.410000 -1.370999
v 0.750000 -6.791000 -0.893999
v 2.399000 -8.330001 -6.392000
v 2.399000 -9.093000 -5.250000
v 2.830000 -8.211000 -5.822000
v 4.042000 -8.059000 -5.727000
v 4.042000 -8.059000 -5.727000
v 4.042000 -8.375000 -5.254000
v 3.590000 -8.460000 -5.322999
v 4.904000 -7.917000 -4.967999
v 4.036000 -7.855000 -6.026999
v 1.799000 -8.330001 -6.392000
v 1.799000 -9.093000 -5.250000
v 0.300000 -8.330001 -6.392000
v 0.300000 -9.093000 -5.250000
v 2.830000 -8.546000 -6.078000
v 4.000000 -8.355000 -5.938000
v 4.000000 -8.355000 -5.938000
v 3.474000 -8.794000 -5.515999
v 3.284000 -8.860000 -5.494999
v 4.000000 -8.683000 -5.447000
v 4.000000 -8.683000 -5.447000
v 4.904000 -7.616001 -5.418000
v 4.960000 -6.322001 -3.650000
v 4.960000 -5.791000 -4.443999
v 3.094000 -9.073000 -5.237999
v 3.145000 -8.962000 -5.394000
v 3.199000 -8.756000 -5.054999
v 3.270000 -8.631000 -5.202000
v 2.643000 -8.183000 -5.868999
v 3.409000 -8.525000 -5.302000
v 2.643000 -8.518000 -6.125999
v 2.505000 -8.439000 -6.239999
v 2.505000 -8.104000 -5.982999
v 2.830000 -9.148000 -4.199999
v 4.042000 -8.989000 -4.114999
v 4.042000 -8.989000 -4.114999
v 4.042000 -8.738000 -4.625999
v 3.590000 -8.840000 -4.664999
v 4.904000 -8.261000 -4.372000
v 2.830000 -9.537000 -4.361999
v 4.000000 -9.320000 -4.267000
v 4.000000 -9.320000 -4.267000
v 3.474000 -9.174000 -4.857999
v 3.284000 -9.189000 -4.925000
v 4.000000 -9.059000 -4.796000
v 4.000000 -9.059000 -4.796000
v 4.904000 -8.500000 -3.886999
v 2.643000 -9.174000 -4.151999
v 3.409000 -8.854000 -4.731999
v 2.643000 -9.564000 -4.313999
v 3.270000 -8.821000 -4.873000
v 3.145000 -9.152000 -5.065000
v 2.505000 -9.623000 -4.187999
v 2.505000 -9.234000 -4.026999
v 2.399000 -9.701000 -4.017999
v 0.960000 -6.322001 -3.650000
v 0.960000 -6.744000 -2.793999
v 4.960000 -8.592000 -3.558999
v 4.960000 -8.054000 -4.650000
v 4.960000 -6.744000 -2.793999
v 2.399000 -6.392001 -8.329999
v 2.399000 -7.425001 -7.425000
v 0.960000 -5.162001 -5.162000
v 0.960000 -4.444000 -5.790999
v 2.830000 -6.425001 -7.749000
v 4.042000 -6.302001 -7.617000
v 4.042000 -6.302001 -7.617000
v 4.042000 -6.730000 -7.243000
v 3.590000 -6.794001 -7.330999
v 4.904000 -6.361001 -6.848000
v 4.960000 -5.661000 -7.377999
v 4.960000 -6.576001 -6.576000
v 0.300000 -6.392001 -8.329999
v 0.300000 -7.425001 -7.425000
v 2.830000 -6.681001 -8.082999
v 4.000000 -6.534000 -7.897999
v 4.000000 -6.534000 -7.897999
v 3.474000 -7.067000 -7.605000
v 3.284000 -7.135001 -7.600999
v 4.000000 -6.977001 -7.508999
v 4.000000 -6.977001 -7.508999
v 4.904000 -5.954000 -7.204000
v 4.960000 -5.162001 -5.162000
v 4.960000 -4.444000 -5.790999
v 3.094000 -7.408000 -7.408000
v 3.145000 -7.261001 -7.528999
v 3.199000 -7.149001 -7.149000
v 3.270000 -6.990000 -7.258999
v 2.643000 -6.386001 -7.787000
v 3.409000 -6.862000 -7.328000
v 2.450000 -6.136001 -7.997000
v 2.505000 -6.280001 -7.876999
v 2.643000 -6.642001 -8.120999
v 2.505000 -6.536000 -8.210999
v 2.830000 -7.749001 -6.425000
v 4.042000 -7.617001 -6.302000
v 4.042000 -7.617001 -6.302000
v 4.042000 -7.243001 -6.730000
v 3.590000 -7.331000 -6.794000
v 4.904000 -6.848001 -6.361000
v 2.830000 -8.083001 -6.681000
v 4.000000 -7.898000 -6.533999
v 4.000000 -7.898000 -6.533999
v 3.474000 -7.605000 -7.066999
v 3.284000 -7.601000 -7.135000
v 4.000000 -7.509000 -6.977000
v 4.000000 -7.509000 -6.977000
v 4.904000 -7.204000 -5.954000
v 2.643000 -7.787001 -6.386000
v 3.409000 -7.328001 -6.862000
v 2.450000 -8.331001 -6.393000
v 2.505000 -8.211001 -6.535999
v 2.450000 -7.997001 -6.136000
v 2.505000 -7.877000 -6.280000
v 2.643000 -8.121001 -6.642000
v 3.270000 -7.259000 -6.989999
v 3.145000 -7.529000 -7.261000
v 0.960000 -5.791000 -4.443999
v 4.960000 -7.378000 -5.660999
v 0.750000 -4.844000 -4.843999
v 0.750000 -5.434000 -4.170000
v 2.399000 -4.018001 -9.701000
v 2.399000 -5.250000 -9.093000
v 0.960000 -3.650001 -6.322000
v 0.960000 -2.794000 -6.744000
v 2.830000 -4.200000 -9.148000
v 4.042000 -4.115000 -8.989000
v 4.042000 -4.115000 -8.989000
v 4.042000 -4.626000 -8.738000
v 3.590000 -4.665000 -8.840000
v 4.904000 -4.372001 -8.261000
v 4.036000 -3.789001 -9.147000
v 1.799000 -4.018001 -9.701000
v 1.799000 -5.250000 -9.093000
v 0.300000 -4.018001 -9.701000
v 0.300000 -5.250000 -9.093000
v 2.830000 -4.362001 -9.537000
v 4.000000 -4.267001 -9.320000
v 4.000000 -4.267001 -9.320000
v 3.474000 -4.858000 -9.174000
v 3.284000 -4.925001 -9.189000
v 4.000000 -4.796000 -9.059000
v 4.000000 -4.796000 -9.059000
v 4.904000 -3.887001 -8.500000
v 4.960000 -3.650001 -6.322000
v 4.960000 -2.794000 -6.744000
v 3.094000 -5.238000 -9.073000
v 3.145000 -5.065001 -9.152000
v 3.199000 -5.055000 -8.756000
v 3.270000 -4.873001 -8.821000
v 2.643000 -4.152000 -9.174000
v 3.409000 -4.732000 -8.854000
v 2.450000 -3.857001 -9.313000
v 2.505000 -4.027000 -9.234000
v 2.643000 -4.314001 -9.564000
v 2.505000 -4.188001 -9.623000
v 2.830000 -5.822001 -8.211000
v 4.042000 -5.727001 -8.059000
v 4.042000 -5.727001 -8.059000
v 4.042000 -5.254001 -8.375000
v 3.590000 -5.323000 -8.460000
v 4.904000 -4.968000 -7.916999
v 4.036000 -6.027000 -7.855000
v 2.830000 -6.078001 -8.546000
v 4.000000 -5.938001 -8.355000
v 4.000000 -5.938001 -8.355000
v 3.474000 -5.516000 -8.794000
v 3.284000 -5.495000 -8.860000
v 4.000000 -5.447001 -8.683000
v 4.000000 -5.447001 -8.683000
v 4.904000 -5.418001 -7.616000
v 2.643000 -5.869000 -8.183000
v 3.409000 -5.302001 -8.525000
v 2.450000 -6.393001 -8.330999
v 2.505000 -6.240000 -8.439000
v 2.643000 -6.126000 -8.518000
v 3.270000 -5.202001 -8.631000
v 3.145000 -5.394001 -8.962000
v 2.505000 -5.983000 -8.104000
v 1.799000 -6.392001 -8.329999
v 0.750000 -3.425000 -5.932000
v 0.750000 -4.170001 -5.434000
v 2.399000 -1.371001 -10.410000
v 2.399000 -2.718001 -10.142000
v 2.830000 -1.690001 -9.923000
v 4.042000 -1.649001 -9.748000
v 4.042000 -1.649001 -9.748000
v 4.042000 -2.207001 -9.637000
v 3.590000 -2.218001 -9.746000
v 4.904000 -2.085001 -9.111000
v 2.830000 -1.745001 -10.341000
v 4.000000 -1.709001 -10.106000
v 4.000000 -1.709001 -10.106000
v 3.474000 -2.318001 -10.119000
v 3.284000 -2.379001 -10.150000
v 4.000000 -2.288001 -9.991000
v 4.000000 -2.288001 -9.991000
v 4.904000 -1.555001 -9.216000
v 4.960000 -1.889001 -7.051000
v 4.960000 -0.953001 -7.238000
v 3.094000 -2.711001 -10.119000
v 3.145000 -2.523001 -10.151000
v 3.199000 -2.617001 -9.766000
v 3.270000 -2.424001 -9.782000
v 2.643000 -1.636001 -9.937000
v 3.409000 -2.279001 -9.777000
v 2.643000 -1.691001 -10.354000
v 0.750000 -1.773000 -6.617000
v 0.750000 -0.894001 -6.791000
v 2.505000 -1.555001 -10.379000
v 2.505000 -1.500001 -9.961000
v 2.830000 -3.498001 -9.438000
v 4.042000 -3.446001 -9.266000
v 4.042000 -3.446001 -9.266000
v 4.042000 -2.907001 -9.450000
v 3.590000 -2.952001 -9.549000
v 4.904000 -2.750001 -8.933000
v 2.830000 -3.659001 -9.828000
v 4.000000 -3.573001 -9.607000
v 4.000000 -3.573001 -9.607000
v 3.474000 -3.052001 -9.923000
v 3.284000 -3.015001 -9.980000
v 4.000000 -3.014001 -9.797000
v 4.000000 -3.014001 -9.797000
v 4.904000 -3.262001 -8.759000
v 2.643000 -3.551001 -9.424000
v 3.409000 -2.915001 -9.607000
v 2.450000 -4.019001 -9.702000
v 2.505000 -3.843001 -9.766000
v 2.643000 -3.712001 -9.813000
v 3.270000 -2.791001 -9.683000
v 3.145000 -2.890001 -10.053000
v 2.505000 -3.682001 -9.377000
v 4.960000 -3.559001 -8.592000
v 4.960000 -2.407001 -8.983000
v 0.750000 -2.621001 -6.329000
v 2.830000 -0.936001 -10.022000
v 4.042000 -0.930001 -9.842000
v 4.042000 -0.930001 -9.842000
v 4.042000 -0.362001 -9.880000
v 3.590000 -0.380001 -9.988000
v 4.904000 -0.344001 -9.340000
v 4.036000 -1.292001 -9.816000
v 2.830000 -0.991001 -10.440000
v 4.000000 -0.965001 -10.205000
v 4.000000 -0.965001 -10.205000
v 3.474000 -0.380001 -10.374000
v 3.284000 -0.329001 -10.420000
v 4.000000 -0.376001 -10.243000
v 4.000000 -0.376001 -10.243000
v 4.904000 -0.884001 -9.305000
v 2.643000 -0.991001 -10.022000
v 3.409000 -0.329001 -10.034000
v 2.450000 -1.371001 -10.412000
v 2.505000 -1.185001 -10.428000
v 2.450000 -1.316001 -9.994000
v 2.505000 -1.130001 -10.010000
v 2.643000 -1.046001 -10.439000
v 3.270000 -0.190001 -10.076000
v 3.145000 -0.190001 -10.458000
v 0.960000 -0.953001 -7.238000
v 4.960000 -1.214001 -9.220000
v 1.799000 -1.371001 -10.410000
v 0.300000 -1.371001 -10.410000
v 2.399000 -10.500000 0.000001
v 1.799000 -10.500000 0.000001
v 0.300000 -10.500000 0.000001
v 0.750000 -6.850000 0.000001
v 0.960000 -7.051000 -1.889000
v 4.960000 -8.983000 -2.406999
v 4.960000 -7.051000 -1.889000
v 0.750000 -5.932001 -3.424999
v 1.799000 -7.425001 -7.425000
v 4.960000 -4.650001 -8.054000
v 0.960000 -1.889001 -7.051000
v 1.799000 -2.718001 -10.142000
v 0.300000 -2.718001 -10.142000
v -0.960000 -7.300000 0.000001
v -0.960000 -7.238000 -0.952999
v -2.830000 -10.022000 -0.935999
v -4.042000 -9.842000 -0.929999
v -4.042000 -9.842000 -0.929999
v -4.042000 -9.880000 -0.361999
v -3.590000 -9.988000 -0.379999
v -4.904000 -9.340000 -0.343999
v -4.960000 -9.220000 -1.213999
v -4.960000 -9.299000 0.000001
v -2.830000 -10.440000 -0.990999
v -4.000000 -10.205000 -0.964999
v -4.000000 -10.205000 -0.964999
v -3.474000 -10.374000 -0.379999
v -3.284000 -10.420000 -0.328999
v -4.000000 -10.243000 -0.375999
v -4.000000 -10.243000 -0.375999
v -4.904000 -9.305000 -0.883999
v -4.960000 -7.300000 0.000001
v -4.960000 -7.238000 -0.952999
v -3.094000 -10.476000 0.000001
v -3.145000 -10.458000 -0.189999
v -3.199000 -10.110000 0.000001
v -3.270000 -10.076000 -0.189999
v -2.643000 -10.022000 -0.990999
v -3.409000 -10.034000 -0.328999
v -2.450000 -9.994000 -1.315999
v -2.505000 -10.010000 -1.129999
v -2.643000 -10.439000 -1.045999
v -2.505000 -10.428000 -1.184999
v -2.830000 -9.438000 -3.497999
v -4.042000 -9.266000 -3.445999
v -4.042000 -9.266000 -3.445999
v -4.042000 -9.450000 -2.906999
v -3.590000 -9.549000 -2.951999
v -4.904000 -8.933000 -2.749999
v -4.036000 -9.147000 -3.788999
v -1.799000 -9.701000 -4.017999
v -1.799000 -10.142000 -2.717999
v -0.300000 -9.701000 -4.017999
v -0.300000 -10.142000 -2.717999
v -2.830000 -9.828000 -3.658999
v -4.000000 -9.607000 -3.572999
v -4.000000 -9.607000 -3.572999
v -3.474000 -9.923000 -3.051999
v -3.284000 -9.980000 -3.014999
v -4.000000 -9.797000 -3.013999
v -4.000000 -9.797000 -3.013999
v -4.904000 -8.759000 -3.261999
v -3.094000 -10.119000 -2.710999
v -3.145000 -10.053000 -2.889999
v -3.199000 -9.766000 -2.616999
v -3.270000 -9.683000 -2.790999
v -2.643000 -9.424000 -3.550999
v -3.409000 -9.607000 -2.914999
v -2.450000 -9.702000 -4.018999
v -2.505000 -9.766000 -3.842999
v -2.450000 -9.313000 -3.856999
v -2.505000 -9.377000 -3.681999
v -2.643000 -9.813000 -3.711999
v -0.750000 -6.617000 -1.773000
v -0.750000 -6.329000 -2.621000
v -2.830000 -9.923000 -1.689999
v -4.042000 -9.748000 -1.648999
v -4.042000 -9.748000 -1.648999
v -4.042000 -9.637000 -2.206999
v -3.590000 -9.746000 -2.217999
v -4.904000 -9.111000 -2.084999
v -4.036000 -9.816000 -1.291999
v -2.830000 -10.341000 -1.744999
v -4.000000 -10.106000 -1.708999
v -4.000000 -10.106000 -1.708999
v -3.474000 -10.119000 -2.317999
v -3.284000 -10.150000 -2.378999
v -4.000000 -9.991000 -2.287999
v -4.000000 -9.991000 -2.287999
v -4.904000 -9.216000 -1.554999
v -2.643000 -9.937000 -1.635999
v -3.409000 -9.777000 -2.278999
v -2.450000 -10.412000 -1.370999
v -2.505000 -10.379000 -1.554999
v -2.643000 -10.354000 -1.690999
v -3.270000 -9.782000 -2.423999
v -3.145000 -10.151000 -2.522999
v -2.505000 -9.961000 -1.499999
v -2.399000 -10.410000 -1.370999
v -2.399000 -10.142000 -2.717999
v -1.799000 -10.410000 -1.370999
v -0.300000 -10.410000 -1.370999
v -0.750000 -6.791000 -0.893999
v -2.399000 -8.330001 -6.392000
v -2.399000 -9.093000 -5.250000
v -2.830000 -8.211000 -5.822000
v -4.042000 -8.059000 -5.727000
v -4.042000 -8.059000 -5.727000
v -4.042000 -8.375000 -5.254000
v -3.590000 -8.460000 -5.322999
v -4.904000 -7.917000 -4.967999
v -4.036000 -7.855000 -6.026999
v -1.799000 -8.330001 -6.392000
v -1.799000 -9.093000 -5.250000
v -0.300000 -8.330001 -6.392000
v -0.300000 -9.093000 -5.250000
v -2.830000 -8.546000 -6.078000
v -4.000000 -8.355000 -5.938000
v -4.000000 -8.355000 -5.938000
v -3.474000 -8.794000 -5.515999
v -3.284000 -8.860000 -5.494999
v -4.000000 -8.683000 -5.447000
v -4.000000 -8.683000 -5.447000
v -4.904000 -7.616001 -5.418000
v -4.960000 -6.322001 -3.650000
v -4.960000 -5.791000 -4.443999
v -3.094000 -9.073000 -5.237999
v -3.145000 -8.962000 -5.394000
v -3.199000 -8.756000 -5.054999
v -3.270000 -8.631000 -5.202000
v -2.643000 -8.183000 -5.868999
v -3.409000 -8.525000 -5.302000
v -2.643000 -8.518000 -6.125999
v -2.505000 -8.439000 -6.239999
v -2.505000 -8.104000 -5.982999
v -2.830000 -9.148000 -4.199999
v -4.042000 -8.989000 -4.114999
v -4.042000 -8.989000 -4.114999
v -4.042000 -8.738000 -4.625999
v -3.590000 -8.840000 -4.664999
v -4.904000 -8.261000 -4.372000
v -2.830000 -9.537000 -4.361999
v -4.000000 -9.320000 -4.267000
v -4.000000 -9.320000 -4.267000
v -3.474000 -9.174000 -4.857999
v -3.284000 -9.189000 -4.925000
v -4.000000 -9.059000 -4.796000
v -4.000000 -9.059000 -4.796000
v -4.904000 -8.500000 -3.886999
v -2.643000 -9.174000 -4.151999
v -3.409000 -8.854000 -4.731999
v -2.643000 -9.564000 -4.313999
v -3.270000 -8.821000 -4.873000
v -3.145000 -9.152000 -5.065000
v -2.505000 -9.623000 -4.187999
v -2.505000 -9.234000 -4.026999
v -2.399000 -9.701000 -4.017999
v -0.960000 -6.322001 -3.650000
v -0.960000 -6.744000 -2.793999
v -4.960000 -8.592000 -3.558999
v -4.960000 -8.054000 -4.650000
v -4.960000 -6.744000 -2.793999
v -2.399000 -6.392001 -8.329999
v -2.399000 -7.425001 -7.425000
v -0.960000 -5.162001 -5.162000
v -0.960000 -4.444000 -5.790999
v -2.830000 -6.425001 -7.749000
v -4.042000 -6.302001 -7.617000
v -4.042000 -6.302001 -7.617000
v -4.042000 -6.730000 -7.243000
v -3.590000 -6.794001 -7.330999
v -4.904000 -6.361001 -6.848000
v -4.960000 -5.661000 -7.377999
v -4.960000 -6.576001 -6.576000
v -0.300000 -6.392001 -8.329999
v -0.300000 -7.425001 -7.425000
v -2.830000 -6.681001 -8.082999
v -4.000000 -6.534000 -7.897999
v -4.000000 -6.534000 -7.897999
v -3.474000 -7.067000 -7.605000
v -3.284000 -7.135001 -7.600999
v -4.000000 -6.977001 -7.508999
v -4.000000 -6.977001 -7.508999
v -4.904000 -5.954000 -7.204000
v -4.960000 -5.162001 -5.162000
v -4.960000 -4.444000 -5.790999
v -3.094000 -7.408000 -7.408000
v -3.145000 -7.261001 -7.528999
v -3.199000 -7.149001 -7.149000
v -3.270000 -6.990000 -7.258999
v -2.643000 -6.386001 -7.787000
v -3.409000 -6.862000 -7.328000
v -2.450000 -6.136001 -7.997000
v -2.505000 -6.280001 -7.876999
v -2.643000 -6.642001 -8.120999
v -2.505000 -6.536000 -8.210999
v -2.830000 -7.749001 -6.425000
v -4.042000 -7.617001 -6.302000
v -4.042000 -7.617001 -6.302000
v -4.042000 -7.243001 -6.730000
v -3.590000 -7.331000 -6.794000
v -4.904000 -6.848001 -6.361000
v -2.830000 -8.083001 -6.681000
v -4.000000 -7.898000 -6.533999
v -4.000000 -7.898000 -6.533999
v -3.474000 -7.605000 -7.066999
v -3.284000 -7.601000 -7.135000
v -4.000000 -7.509000 -6.977000
v -4.000000 -7.509000 -6.977000
v -4.904000 -7.204000 -5.954000
v -2.643000 -7.787001 -6.386000
v -3.409000 -7.328001 -6.862000
v -2.450000 -8.331001 -6.393000
v -2.505000 -8.211001 -6.535999
v -2.450000 -7.997001 -6.136000
v -2.505000 -7.877000 -6.280000
v -2.643000 -8.121001 -6.642000
v -3.270000 -7.259000 -6.989999
v -3.145000 -7.529000 -7.261000
v -0.960000 -5.791000 -4.443999
v -4.960000 -7.378000 -5.660999
v -0.750000 -4.844000 -4.843999
v -0.750000 -5.434000 -4.170000
v -2.399000 -4.018001 -9.701000
v -2.399000 -5.250000 -9.093000
v -0.960000 -3.650001 -6.322000
v -0.960000 -2.794000 -6.744000
v -2.830000 -4.200000 -9.148000
v -4.042000 -4.115000 -8.989000
v -4.042000 -4.115000 -8.989000
v -4.042000 -4.626000 -8.738000
v -3.590000 -4.665000 -8.840000
v -4.904000 -4.372001 -8.261000
v -4.036000 -3.789001 -9.147000
v -1.799000 -4.018001 -9.701000
v -1.799000 -5.250000 -9.093000
v -0.300000 -4.018001 -9.701000
v -0.300000 -5.250000 -9.093000
v -2.830000 -4.362001 -9.537000
v -4.000000 -4.267001 -9.320000
v -4.000000 -4.267001 -9.320000
v -3.474000 -4.858000 -9.174000
v -3.284000 -4.925001 -9.189000
v -4.000000 -4.796000 -9.059000
v -4.000000 -4.796000 -9.059000
v -4.904000 -3.887001 -8.500000
v -4.960000 -3.650001 -6.322000
v -4.960000 -2.794000 -6.744000
v -3.094000 -5.238000 -9.073000
v -3.145000 -5.065001 -9.152000
v -3.199000 -5.055000 -8.756000
v -3.270000 -4.873001 -8.821000
v -2.643000 -4.152000 -9.174000
v -3.409000 -4.732000 -8.854000
v -2.450000 -3.857001 -9.313000
v -2.505000 -4.027000 -9.234000
v -2.643000 -4.314001 -9.564000
v -2.505000 -4.188001 -9.623000
v -2.830000 -5.822001 -8.211000
v -4.042000 -5.727001 -8.059000
v -4.042000 -5.727001 -8.059000
v -4.042000 -5.254001 -8.375000
v -3.590000 -5.323000 -8.460000
v -4.904000 -4.968000 -7.916999
v -4.036000 -6.027000 -7.855000
v -2.830000 -6.078001 -8.546000
v -4.000000 -5.938001 -8.355000
v -4.000000 -5.938001 -8.355000
v -3.474000 -5.516000 -8.794000
v -3.284000 -5.495000 -8.860000
v -4.000000 -5.447001 -8.683000
v -4.000000 -5.447001 -8.683000
v -4.904000 -5.418001 -7.616000
v -2.643000 -5.869000 -8.183000
v -3.409000 -5.302001 -8.525000
v -2.450000 -6.393001 -8.330999
v -2.505000 -6.240000 -8.439000
v -2.643000 -6.126000 -8.518000
v -3.270000 -5.202001 -8.631000
v -3.145000 -5.394001 -8.962000
v -2.505000 -5.983000 -8.104000
v -1.799000 -6.392001 -8.329999
v -0.750000 -3.425000 -5.932000
v -0.750000 -4.170001 -5.434000
v -2.399000 -1.371001 -10.410000
v -2.399000 -2.718001 -10.142000
v -2.830000 -1.690001 -9.923000
v -4.042000 -1.649001 -9.748000
v -4.042000 -1.649001 -9.748000
v -4.042000 -2.207001 -9.637000
v -3.590000 -2.218001 -9.746000
v -4.904000 -2.085001 -9.111000
v -2.830000 -1.745001 -10.341000
v -4.000000 -1.709001 -10.106000
v -4.000000 -1.709001 -10.106000
v -3.474000 -2.318001 -10.119000
v -3.284000 -2.379001 -10.150000
v -4.000000 -2.288001 -9.991000
v -4.000000 -2.288001 -9.991000
v -4.904000 -1.555001 -9.216000
v -4.960000 -1.889001 -7.051000
v -4.960000 -0.953001 -7.238000
v -3.094000 -2.711001 -10.119000
v -3.145000 -2.523001 -10.151000
v -3.199000 -2.617001 -9.766000
v -3.270000 -2.424001 -9.782000
v -2.643000 -1.636001 -9.937000
v -3.409000 -2.279001 -9.777000
v -2.643000 -1.691001 -10.354000
v -0.750000 -1.773000 -6.617000
v -0.750000 -0.894001 -6.791000
v -2.505000 -1.555001 -10.379000
v -2.505000 -1.500001 -9.961000
v -2.830000 -3.498001 -9.438000
v -4.042000 -3.446001 -9.266000
v -4.042000 -3.446001 -9.266000
v -4.042000 -2.907001 -9.450000
v -3.590000 -2.952001 -9.549000
v -4.904000 -2.750001 -8.933000
v -2.830000 -3.659001 -9.828000
v -4.000000 -3.573001 -9.607000
v -4.000000 -3.573001 -9.607000
v -3.474000 -3.052001 -9.923000
v -3.284000 -3.015001 -9.980000
v -4.000000 -3.014001 -9.797000
v -4.000000 -3.014001 -9.797000
v -4.904000 -3.262001 -8.759000
v -2.643000 -3.551001 -9.424000
v -3.409000 -2.915001 -9.607000
v -2.450000 -4.019001 -9.702000
v -2.505000 -3.843001 -9.766000
v -2.643000 -3.712001 -9.813000
v -3.270000 -2.791001 -9.683000
v -3.145000 -2.890001 -10.053000
v -2.505000 -3.682001 -9.377000
v -4.960000 -3.559001 -8.592000
v -4.960000 -2.407001 -8.983000
v -0.750000 -2.621001 -6.329000
v -2.830000 -0.936001 -10.022000
v -4.042000 -0.930001 -9.842000
v -4.042000 -0.930001 -9.842000
v -4.042000 -0.362001 -9.880000
v -3.590000 -0.380001 -9.988000
v -4.904000 -0.344001 -9.340000
v -4.036000 -1.292001 -9.816000
v -2.830000 -0.991001 -10.440000
v -4.000000 -0.965001 -10.205000
v -4.000000 -0.965001 -10.205000
v -3.474000 -0.380001 -10.374000
v -3.284000 -0.329001 -10.420000
v -4.000000 -0.376001 -10.243000
v -4.000000 -0.376001 -10.243000
v -4.904000 -0.884001 -9.305000
v -2.643000 -0.991001 -10.022000
v -3.409000 -0.329001 -10.034000
v -2.450000 -1.371001 -10.412000
v -2.505000 -1.185001 -10.428000
v -2.450000 -1.316001 -9.994000
v -2.505000 -1.130001 -10.010000
v -2.643000 -1.046001 -10.439000
v -3.270000 -0.190001 -10.076000
v -3.145000 -0.190001 -10.458000
v -0.960000 -0.953001 -7.238000
v -4.960000 -1.214001 -9.220000
v -1.799000 -1.371001 -10.410000
v -0.300000 -1.371001 -10.410000
v -2.399000 -10.500000 0.000001
v -1.799000 -10.500000 0.000001
v -0.300000 -10.500000 0.000001
v -0.750000 -6.850000 0.000001
v -0.960000 -7.051000 -1.889000
v -4.960000 -8.983000 -2.406999
v -4.960000 -7.051000 -1.889000
v -0.750000 -5.932001 -3.424999
v -1.799000 -7.425001 -7.425000
v -4.960000 -4.650001 -8.054000
v -0.960000 -1.889001 -7.051000
v -1.799000 -2.718001 -10.142000
v -0.300000 -2.718001 -10.142000
v 0.960000 -7.238000 0.953001
v 2.830000 -10.022000 0.936001
v 4.042000 -9.842000 0.930001
v 4.042000 -9.842000 0.930001
v 4.042000 -9.880000 0.362001
v 3.590000 -9.988000 0.380001
v 4.904000 -9.340000 0.344001
v 4.960000 -9.220000 1.214001
v 2.830000 -10.440000 0.991001
v 4.000000 -10.205000 0.965001
v 4.000000 -10.205000 0.965001
v 3.474000 -10.374000 0.380001
v 3.284000 -10.420000 0.329001
v 4.000000 -10.243000 0.376001
v 4.000000 -10.243000 0.376001
v 4.904000 -9.305000 0.884001
v 4.960000 -7.238000 0.953001
v 3.145000 -10.458000 0.190001
v 3.270000 -10.076000 0.190001
v 2.643000 -10.022000 0.991001
v 3.409000 -10.034000 0.329001
v 2.450000 -9.994000 1.316001
v 2.505000 -10.010000 1.130001
v 2.643000 -10.439000 1.046001
v 2.505000 -10.428000 1.185001
v 2.830000 -9.438000 3.498001
v 4.042000 -9.266000 3.446001
v 4.042000 -9.266000 3.446001
v 4.042000 -9.450000 2.907001
v 3.590000 -9.549000 2.952001
v 4.904000 -8.933000 2.750001
v 4.036000 -9.147000 3.789001
v 1.799000 -9.701000 4.018001
v 1.799000 -10.142000 2.718001
v 0.300000 -9.701000 4.018001
v 0.300000 -10.142000 2.718001
v 2.830000 -9.828000 3.659001
v 4.000000 -9.607000 3.573001
v 4.000000 -9.607000 3.573001
v 3.474000 -9.923000 3.052001
v 3.284000 -9.980000 3.015001
v 4.000000 -9.797000 3.014001
v 4.000000 -9.797000 3.014001
v 4.904000 -8.759000 3.262001
v 3.094000 -10.119000 2.712001
v 3.145000 -10.053000 2.890001
v 3.199000 -9.766000 2.617001
v 3.270000 -9.683000 2.791001
v 2.643000 -9.424000 3.551001
v 3.409000 -9.607000 2.915001
v 2.450000 -9.702000 4.019001
v 2.505000 -9.766000 3.843001
v 2.450000 -9.313000 3.857001
v 2.505000 -9.377000 3.682001
v 2.643000 -9.813000 3.712001
v 0.750000 -6.617000 1.773000
v 0.750000 -6.329000 2.621001
v 2.830000 -9.923000 1.690001
v 4.042000 -9.748000 1.649001
v 4.042000 -9.748000 1.649001
v 4.042000 -9.637000 2.207001
v 3.590000 -9.746000 2.218001
v 4.904000 -9.111000 2.085001
v 4.036000 -9.816000 1.292001
v 2.830000 -10.341000 1.745001
v 4.000000 -10.106000 1.709001
v 4.000000 -10.106000 1.709001
v 3.474000 -10.119000 2.318001
v 3.284000 -10.150000 2.379001
v 4.000000 -9.991000 2.288001
v 4.000000 -9.991000 2.288001
v 4.904000 -9.216000 1.555001
v 2.643000 -9.937000 1.636001
v 3.409000 -9.777000 2.279001
v 2.450000 -10.412000 1.371001
v 2.505000 -10.379000 1.555001
v 2.643000 -10.354000 1.691001
v 3.270000 -9.782000 2.424001
v 3.145000 -10.151000 2.523001
v 2.505000 -9.961000 1.500001
v 2.399000 -10.410000 1.371001
v 2.399000 -10.142000 2.718001
v 1.799000 -10.410000 1.371001
v 0.300000 -10.410000 1.371001
v 0.750000 -6.791000 0.894001
v 2.399000 -8.329999 6.392001
v 2.399000 -9.093000 5.250000
v 2.830000 -8.211000 5.822001
v 4.042000 -8.059000 5.727001
v 4.042000 -8.059000 5.727001
v 4.042000 -8.375000 5.254001
v 3.590000 -8.460000 5.323000
v 4.904000 -7.916999 4.968000
v 4.036000 -7.855000 6.027000
v 1.799000 -8.329999 6.392001
v 1.799000 -9.093000 5.250000
v 0.300000 -8.329999 6.392001
v 0.300000 -9.093000 5.250000
v 2.830000 -8.546000 6.078001
v 4.000000 -8.355000 5.938001
v 4.000000 -8.355000 5.938001
v 3.474000 -8.794000 5.516000
v 3.284000 -8.860000 5.495000
v 4.000000 -8.683000 5.447001
v 4.000000 -8.683000 5.447001
v 4.904000 -7.616000 5.418001
v 4.960000 -6.322000 3.650001
v 4.960000 -5.790999 4.444000
v 3.094000 -9.073000 5.238000
v 3.145000 -8.962000 5.394001
v 3.199000 -8.756000 5.055000
v 3.270000 -8.631000 5.202001
v 2.643000 -8.183000 5.869000
v 3.409000 -8.525000 5.302001
v 2.643000 -8.518000 6.126000
v 2.505000 -8.439000 6.240000
v 2.505000 -8.104000 5.983000
v 2.830000 -9.148000 4.200000
v 4.042000 -8.989000 4.115000
v 4.042000 -8.989000 4.115000
v 4.042000 -8.738000 4.626000
v 3.590000 -8.840000 4.665000
v 4.904000 -8.261000 4.372001
v 2.830000 -9.537000 4.362001
v 4.000000 -9.320000 4.267001
v 4.000000 -9.320000 4.267001
v 3.474000 -9.174000 4.858000
v 3.284000 -9.189000 4.925001
v 4.000000 -9.059000 4.796000
v 4.000000 -9.059000 4.796000
v 4.904000 -8.500000 3.887001
v 2.643000 -9.174000 4.152000
v 3.409000 -8.854000 4.732000
v 2.643000 -9.564000 4.314001
v 3.270000 -8.821000 4.873001
v 3.145000 -9.152000 5.065001
v 2.505000 -9.623000 4.188001
v 2.505000 -9.234000 4.027000
v 2.399000 -9.701000 4.018001
v 0.960000 -6.322000 3.650001
v 0.960000 -6.744000 2.794000
v 4.960000 -8.592000 3.559001
v 4.960000 -8.054000 4.650001
v 4.960000 -6.744000 2.794000
v 2.399000 -6.392000 8.330001
v 2.399000 -7.425000 7.425001
v 0.960000 -5.162000 5.162001
v 0.960000 -4.443999 5.791000
v 2.830000 -6.425000 7.749001
v 4.042000 -6.302000 7.617001
v 4.042000 -6.302000 7.617001
v 4.042000 -6.730000 7.243001
v 3.590000 -6.794000 7.331000
v 4.904000 -6.361000 6.848001
v 4.960000 -5.660999 7.378000
v 4.960000 -6.576000 6.576001
v 0.300000 -6.392000 8.330001
v 0.300000 -7.425000 7.425001
v 2.830000 -6.681000 8.083001
v 4.000000 -6.533999 7.898000
v 4.000000 -6.533999 7.898000
v 3.474000 -7.066999 7.605000
v 3.284000 -7.135000 7.601000
v 4.000000 -6.977000 7.509000
v 4.000000 -6.977000 7.509000
v 4.904000 -5.954000 7.204000
v 4.960000 -5.162000 5.162001
v 4.960000 -4.443999 5.791000
v 3.094000 -7.408000 7.408000
v 3.145000 -7.261000 7.529000
v 3.199000 -7.149000 7.149001
v 3.270000 -6.989999 7.259000
v 2.643000 -6.386000 7.787001
v 3.409000 -6.862000 7.328001
v 2.450000 -6.136000 7.997001
v 2.505000 -6.280000 7.877000
v 2.643000 -6.642000 8.121001
v 2.505000 -6.535999 8.211001
v 2.830000 -7.749000 6.425001
v 4.042000 -7.617000 6.302001
v 4.042000 -7.617000 6.302001
v 4.042000 -7.243000 6.730000
v 3.590000 -7.330999 6.794001
v 4.904000 -6.848000 6.361001
v 2.830000 -8.082999 6.681001
v 4.000000 -7.897999 6.534000
v 4.000000 -7.897999 6.534000
v 3.474000 -7.605000 7.067000
v 3.284000 -7.600999 7.135001
v 4.000000 -7.508999 6.977001
v 4.000000 -7.508999 6.977001
v 4.904000 -7.204000 5.954000
v 2.643000 -7.787000 6.386001
v 3.409000 -7.328000 6.862000
v 2.450000 -8.330999 6.393001
v 2.505000 -8.210999 6.536000
v 2.450000 -7.997000 6.136001
v 2.505000 -7.876999 6.280001
v 2.643000 -8.120999 6.642001
v 3.270000 -7.258999 6.990000
v 3.145000 -7.528999 7.261001
v 0.960000 -5.790999 4.444000
v 4.960000 -7.377999 5.661000
v 0.750000 -4.843999 4.844000
v 0.750000 -5.434000 4.170001
v 2.399000 -4.017999 9.701000
v 2.399000 -5.250000 9.093000
v 0.960000 -3.650000 6.322001
v 0.960000 -2.793999 6.744000
v 2.830000 -4.199999 9.148000
v 4.042000 -4.114999 8.989000
v 4.042000 -4.114999 8.989000
v 4.042000 -4.625999 8.738000
v 3.590000 -4.664999 8.840000
v 4.904000 -4.372000 8.261000
v 4.036000 -3.788999 9.147000
v 1.799000 -4.017999 9.701000
v 1.799000 -5.250000 9.093000
v 0.300000 -4.017999 9.701000
v 0.300000 -5.250000 9.093000
v 2.830000 -4.361999 9.537000
v 4.000000 -4.267000 9.320000
v 4.000000 -4.267000 9.320000
v 3.474000 -4.857999 9.174000
v 3.284000 -4.925000 9.189000
v 4.000000 -4.796000 9.059000
v 4.000000 -4.796000 9.059000
v 4.904000 -3.886999 8.500000
v 4.960000 -3.650000 6.322001
v 4.960000 -2.793999 6.744000
v 3.094000 -5.237999 9.073000
v 3.145000 -5.065000 9.152000
v 3.199000 -5.054999 8.756000
v 3.270000 -4.873000 8.821000
v 2.643000 -4.151999 9.174000
v 3.409000 -4.731999 8.854000
v 2.450000 -3.856999 9.313000
v 2.505000 -4.026999 9.234000
v 2.643000 -4.313999 9.564000
v 2.505000 -4.187999 9.623000
v 2.830000 -5.822000 8.211000
v 4.042000 -5.727000 8.059000
v 4.042000 -5.727000 8.059000
v 4.042000 -5.254000 8.375000
v 3.590000 -5.322999 8.460000
v 4.904000 -4.967999 7.917000
v 4.036000 -6.026999 7.855000
v 2.830000 -6.078000 8.546000
v 4.000000 -5.938000 8.355000
v 4.000000 -5.938000 8.355000
v 3.474000 -5.515999 8.794000
v 3.284000 -5.494999 8.860000
v 4.000000 -5.447000 8.683000
v 4.000000 -5.447000 8.683000
v 4.904000 -5.418000 7.616001
v 2.643000 -5.868999 8.183000
v 3.409000 -5.302000 8.525000
v 2.450000 -6.393000 8.331001
v 2.505000 -6.239999 8.439000
v 2.643000 -6.125999 8.518000
v 3.270000 -5.202000 8.631000
v 3.145000 -5.394000 8.962000
v 2.505000 -5.982999 8.104000
v 1.799000 -6.392000 8.330001
v 0.750000 -3.424999 5.932001
v 0.750000 -4.170000 5.434000
v 2.399000 -1.370999 10.410000
v 2.399000 -2.717999 10.142000
v 2.830000 -1.689999 9.923000
v 4.042000 -1.648999 9.748000
v 4.042000 -1.648999 9.748000
v 4.042000 -2.206999 9.637000
v 3.590000 -2.217999 9.746000
v 4.904000 -2.084999 9.111000
v 2.830000 -1.744999 10.341000
v 4.000000 -1.708999 10.106000
v 4.000000 -1.708999 10.106000
v 3.474000 -2.317999 10.119000
v 3.284000 -2.378999 10.150000
v 4.000000 -2.287999 9.991000
v 4.000000 -2.287999 9.991000
v 4.904000 -1.554999 9.216000
v 4.960000 -1.889000 7.051000
v 4.960000 -0.952999 7.238000
v 3.094000 -2.710999 10.119000
v 3.145000 -2.522999 10.151000
v 3.199000 -2.616999 9.766000
v 3.270000 -2.423999 9.782000
v 2.643000 -1.635999 9.937000
v 3.409000 -2.278999 9.777000
v 2.643000 -1.690999 10.354000
v 0.750000 -1.773000 6.617000
v 0.750000 -0.893999 6.791000
v 2.505000 -1.554999 10.379000
v 2.505000 -1.499999 9.961000
v 2.830000 -3.497999 9.438000
v 4.042000 -3.445999 9.266000
v 4.042000 -3.445999 9.266000
v 4.042000 -2.906999 9.450000
v 3.590000 -2.951999 9.549000
v 4.904000 -2.749999 8.933000
v 2.830000 -3.658999 9.828000
v 4.000000 -3.572999 9.607000
v 4.000000 -3.572999 9.607000
v 3.474000 -3.051999 9.923000
v 3.284000 -3.014999 9.980000
v 4.000000 -3.013999 9.797000
v 4.000000 -3.013999 9.797000
v 4.904000 -3.261999 8.759000
v 2.643000 -3.550999 9.424000
v 3.409000 -2.914999 9.607000
v 2.450000 -4.018999 9.702000
v 2.505000 -3.842999 9.766000
v 2.643000 -3.711999 9.813000
v 3.270000 -2.790999 9.683000
v 3.145000 -2.889999 10.053000
v 2.505000 -3.681999 9.377000
v 4.960000 -3.558999 8.592000
v 4.960000 -2.406999 8.983000
v 0.750000 -2.621000 6.329000
v 2.830000 -0.935999 10.022000
v 4.042000 -0.929999 9.842000
v 4.042000 -0.929999 9.842000
v 4.042000 -0.361999 9.880000
v 3.590000 -0.379999 9.988000
v 4.904000 -0.343999 9.340000
v 4.036000 -1.291999 9.816000
v 2.830000 -0.990999 10.440000
v 4.000000 -0.964999 10.205000
v 4.000000 -0.964999 10.205000
v 3.474000 -0.379999 10.374000
v 3.284000 -0.328999 10.420000
v 4.000000 -0.375999 10.243000
v 4.000000 -0.375999 10.243000
v 4.904000 -0.883999 9.305000
v 2.643000 -0.990999 10.022000
v 3.409000 -0.328999 10.034000
v 2.450000 -1.370999 10.412000
v 2.505000 -1.184999 10.428000
v 2.450000 -1.315999 9.994000
v 2.505000 -1.129999 10.010000
v 2.643000 -1.045999 10.439000
v 3.270000 -0.189999 10.076000
v 3.145000 -0.189999 10.458000
v 0.960000 -0.952999 7.238000
v 4.960000 -1.213999 9.220000
v 1.799000 -1.370999 10.410000
v 0.300000 -1.370999 10.410000
v 0.960000 -7.051000 1.889001
v 4.960000 -8.983000 2.407001
v 4.960000 -7.051000 1.889001
v 0.750000 -5.932000 3.425000
v 1.799000 -7.425000 7.425001
v 4.960000 -4.650000 8.054000
v 0.960000 -1.889000 7.051000
v 1.799000 -2.717999 10.142000
v 0.300000 -2.717999 10.142000
v -0.960000 -7.238000 0.953001
v -2.830000 -10.022000 0.936001
v -4.042000 -9.842000 0.930001
v -4.042000 -9.842000 0.930001
v -4.042000 -9.880000 0.362001
v -3.590000 -9.988000 0.380001
v -4.904000 -9.340000 0.344001
v -4.960000 -9.220000 1.214001
v -2.830000 -10.440000 0.991001
v -4.000000 -10.205000 0.965001
v -4.000000 -10.205000 0.965001
v -3.474000 -10.374000 0.380001
v -3.284000 -10.420000 0.329001
v -4.000000 -10.243000 0.376001
v -4.000000 -10.243000 0.376001
v -4.904000 -9.305000 0.884001
v -4.960000 -7.238000 0.953001
v -3.145000 -10.458000 0.190001
v -3.270000 -10.076000 0.190001
v -2.643000 -10.022000 0.991001
v -3.409000 -10.034000 0.329001
v -2.450000 -9.994000 1.316001
v -2.505000 -10.010000 1.130001
v -2.643000 -10.439000 1.046001
v -2.505000 -10.428000 1.185001
v -2.830000 -9.438000 3.498001
v -4.042000 -9.266000 3.446001
v -4.042000 -9.266000 3.446001
v -4.042000 -9.450000 2.907001
v -3.590000 -9.549000 2.952001
v -4.904000 -8.933000 2.750001
v -4.036000 -9.147000 3.789001
v -1.799000 -9.701000 4.018001
v -1.799000 -10.142000 2.718001
v -0.300000 -9.701000 4.018001
v -0.300000 -10.142000 2.718001
v -2.830000 -9.828000 3.659001
v -4.000000 -9.607000 3.573001
v -4.000000 -9.607000 3.573001
v -3.474000 -9.923000 3.052001
v -3.284000 -9.980000 3.015001
v -4.000000 -9.797000 3.014001
v -4.000000 -9.797000 3.014001
v -4.904000 -8.759000 3.262001
v -3.094000 -10.119000 2.712001
v -3.145000 -10.053000 2.890001
v -3.199000 -9.766000 2.617001
v -3.270000 -9.683000 2.791001
v -2.643000 -9.424000 3.551001
v -3.409000 -9.607000 2.915001
v -2.450000 -9.702000 4.019001
v -2.505000 -9.766000 3.843001
v -2.450000 -9.313000 3.857001
v -2.505000 -9.377000 3.682001
v -2.643000 -9.813000 3.712001
v -0.750000 -6.617000 1.773000
v -0.750000 -6.329000 2.621001
v -2.830000 -9.923000 1.690001
v -4.042000 -9.748000 1.649001
v -4.042000 -9.748000 1.649001
v -4.042000 -9.637000 2.207001
v -3.590000 -9.746000 2.218001
v -4.904000 -9.111000 2.085001
v -4.036000 -9.816000 1.292001
v -2.830000 -10.341000 1.745001
v -4.000000 -10.106000 1.709001
v -4.000000 -10.106000 1.709001
v -3.474000 -10.119000 2.318001
v -3.284000 -10.150000 2.379001
v -4.000000 -9.991000 2.288001
v -4.000000 -9.991000 2.288001
v -4.904000 -9.216000 1.555001
v -2.643000 -9.937000 1.636001
v -3.409000 -9.777000 2.279001
v -2.450000 -10.412000 1.371001
v -2.505000 -10.379000 1.555001
v -2.643000 -10.354000 1.691001
v -3.270000 -9.782000 2.424001
v -3.145000 -10.151000 2.523001
v -2.505000 -9.961000 1.500001
v -2.399000 -10.410000 1.371001
v -2.399000 -10.142000 2.718001
v -1.799000 -10.410000 1.371001
v -0.300000 -10.410000 1.371001
v -0.750000 -6.791000 0.894001
v -2.399000 -8.329999 6.392001
v -2.399000 -9.093000 5.250000
v -2.830000 -8.211000 5.822001
v -4.042000 -8.059000 5.727001
v -4.042000 -8.059000 5.727001
v -4.042000 -8.375000 5.254001
v -3.590000 -8.460000 5.323000
v -4.904000 -7.916999 4.968000
v -4.036000 -7.855000 6.027000
v -1.799000 -8.329999 6.392001
v -1.799000 -9.093000 5.250000
v -0.300000 -8.329999 6.392001
v -0.300000 -9.093000 5.250000
v -2.830000 -8.546000 6.078001
v -4.000000 -8.355000 5.938001
v -4.000000 -8.355000 5.938001
v -3.474000 -8.794000 5.516000
v -3.284000 -8.860000 5.495000
v -4.000000 -8.683000 5.447001
v -4.000000 -8.683000 5.447001
v -4.904000 -7.616000 5.418001
v -4.960000 -6.322000 3.650001
v -4.960000 -5.790999 4.444000
v -3.094000 -9.073000 5.238000
v -3.145000 -8.962000 5.394001
v -3.199000 -8.756000 5.055000
v -3.270000 -8.631000 5.202001
v -2.643000 -8.183000 5.869000
v -3.409000 -8.525000 5.302001
v -2.643000 -8.518000 6.126000
v -2.505000 -8.439000 6.240000
v -2.505000 -8.104000 5.983000
v -2.830000 -9.148000 4.200000
v -4.042000 -8.989000 4.115000
v -4.042000 -8.989000 4.115000
v -4.042000 -8.738000 4.626000
v -3.590000 -8.840000 4.665000
v -4.904000 -8.261000 4.372001
v -2.830000 -9.537000 4.362001
v -4.000000 -9.320000 4.267001
v -4.000000 -9.320000 4.267001
v -3.474000 -9.174000 4.858000
v -3.284000 -9.189000 4.925001
v -4.000000 -9.059000 4.796000
v -4.000000 -9.059000 4.796000
v -4.904000 -8.500000 3.887001
v -2.643000 -9.174000 4.152000
v -3.409000 -8.854000 4.732000
v -2.643000 -9.564000 4.314001
v -3.270000 -8.821000 4.873001
v -3.145000 -9.152000 5.065001
v -2.505000 -9.623000 4.188001
v -2.505000 -9.234000 4.027000
v -2.399000 -9.701000 4.018001
v -0.960000 -6.322000 3.650001
v -0.960000 -6.744000 2.794000
v -4.960000 -8.592000 3.559001
v -4.960000 -8.054000 4.650001
v -4.960000 -6.744000 2.794000
v -2.399000 -6.392000 8.330001
v -2.399000 -7.425000 7.425001
v -0.960000 -5.162000 5.162001
v -0.960000 -4.443999 5.791000
v -2.830000 -6.425000 7.749001
v -4.042000 -6.302000 7.617001
v -4.042000 -6.302000 7.617001
v -4.042000 -6.730000 7.243001
v -3.590000 -6.794000 7.331000
v -4.904000 -6.361000 6.848001
v -4.960000 -5.660999 7.378000
v -4.960000 -6.576000 6.576001
v -0.300000 -6.392000 8.330001
v -0.300000 -7.425000 7.425001
v -2.830000 -6.681000 8.083001
v -4.000000 -6.533999 7.898000
v -4.000000 -6.533999 7.898000
v -3.474000 -7.066999 7.605000
v -3.284000 -7.135000 7.601000
v -4.000000 -6.977000 7.509000
v -4.000000 -6.977000 7.509000
v -4.904000 -5.954000 7.204000
v -4.960000 -5.162000 5.162001
v -4.960000 -4.443999 5.791000
v -3.094000 -7.408000 7.408000
v -3.145000 -7.261000 7.529000
v -3.199000 -7.149000 7.149001
v -3.270000 -6.989999 7.259000
v -2.643000 -6.386000 7.787001
v -3.409000 -6.862000 7.328001
v -2.450000 -6.136000 7.997001
v -2.505000 -6.280000 7.877000
v -2.643000 -6.642000 8.121001
v -2.505000 -6.535999 8.211001
v -2.830000 -7.749000 6.425001
v -4.042000 -7.617000 6.302001
v -4.042000 -7.617000 6.302001
v -4.042000 -7.243000 6.730000
v -3.590000 -7.330999 6.794001
v -4.904000 -6.848000 6.361001
v -2.830000 -8.082999 6.681001
v -4.000000 -7.897999 6.534000
v -4.000000 -7.897999 6.534000
v -3.474000 -7.605000 7.067000
v -3.284000 -7.600999 7.135001
v -4.000000 -7.508999 6.977001
v -4.000000 -7.508999 6.977001
v -4.904000 -7.204000 5.954000
v -2.643000 -7.787000 6.386001
v -3.409000 -7.328000 6.862000
v -2.450000 -8.330999 6.393001
v -2.505000 -8.210999 6.536000
v -2.450000 -7.997000 6.136001
v -2.505000 -7.876999 6.280001
v -2.643000 -8.120999 6.642001
v -3.270000 -7.258999 6.990000
v -3.145000 -7.528999 7.261001
v -0.960000 -5.790999 4.444000
v -4.960000 -7.377999 5.661000
v -0.750000 -4.843999 4.844000
v -0.750000 -5.434000 4.170001
v -2.399000 -4.017999 9.701000
v -2.399000 -5.250000 9.093000
v -0.960000 -3.650000 6.322001
v -0.960000 -2.793999 6.744000
v -2.830000 -4.199999 9.148000
v -4.042000 -4.114999 8.989000
v -4.042000 -4.114999 8.989000
v -4.042000 -4.625999 8.738000
v -3.590000 -4.664999 8.840000
v -4.904000 -4.372000 8.261000
v -4.036000 -3.788999 9.147000
v -1.799000 -4.017999 9.701000
v -1.799000 -5.250000 9.093000
v -0.300000 -4.017999 9.701000
v -0.300000 -5.250000 9.093000
v -2.830000 -4.361999 9.537000
v -4.000000 -4.267000 9.320000
v -4.000000 -4.267000 9.320000
v -3.474000 -4.857999 9.174000
v -3.284000 -4.925000 9.189000
v -4.000000 -4.796000 9.059000
v -4.000000 -4.796000 9.059000
v -4.904000 -3.886999 8.500000
v -4.960000 -3.650000 6.322001
v -4.960000 -2.793999 6.744000
v -3.094000 -5.237999 9.073000
v -3.145000 -5.065000 9.152000
v -3.199000 -5.054999 8.756000
v -3.270000 -4.873000 8.821000
v -2.643000 -4.151999 9.174000
v -3.409000 -4.731999 8.854000
v -2.450000 -3.856999 9.313000
v -2.505000 -4.026999 9.234000
v -2.643000 -4.313999 9.564000
v -2.505000 -4.187999 9.623000
v -2.830000 -5.822000 8.211000
v -4.042000 -5.727000 8.059000
v -4.042000 -5.727000 8.059000
v -4.042000 -5.254000 8.375000
v -3.590000 -5.322999 8.460000
v -4.904000 -4.967999 7.917000
v -4.036000 -6.026999 7.855000
v -2.830000 -6.078000 8.546000
v -4.000000 -5.938000 8.355000
v -4.000000 -5.938000 8.355000
v -3.474000 -5.515999 8.794000
v -3.284000 -5.494999 8.860000
v -4.000000 -5.447000 8.683000
v -4.000000 -5.447000 8.683000
v -4.904000 -5.418000 7.616001
v -2.643000 -5.868999 8.183000
v -3.409000 -5.302000 8.525000
v -2.450000 -6.393000 8.331001
v -2.505000 -6.239999 8.439000
v -2.643000 -6.125999 8.518000
v -3.270000 -5.202000 8.631000
v -3.145000 -5.394000 8.962000
v -2.505000 -5.982999 8.104000
v -1.799000 -6.392000 8.330001
v -0.750000 -3.424999 5.932001
v -0.750000 -4.170000 5.434000
v -2.399000 -1.370999 10.410000
v -2.399000 -2.717999 10.142000
v -2.830000 -1.689999 9.923000
v -4.042000 -1.648999 9.748000
v -4.042000 -1.648999 9.748000
v -4.042000 -2.206999 9.637000
v -3.590000 -2.217999 9.746000
v -4.904000 -2.084999 9.111000
v -2.830000 -1.744999 10.341000
v -4.000000 -1.708999 10.106000
v -4.000000 -1.708999 10.106000
v -3.474000 -2.317999 10.119000
v -3.284000 -2.378999 10.150000
v -4.000000 -2.287999 9.991000
v -4.000000 -2.287999 9.991000
v -4.904000 -1.554999 9.216000
v -4.960000 -1.889000 7.051000
v -4.960000 -0.952999 7.238000
v -3.094000 -2.710999 10.119000
v -3.145000 -2.522999 10.151000
v -3.199000 -2.616999 9.766000
v -3.270000 -2.423999 9.782000
v -2.643000 -1.635999 9.937000
v -3.409000 -2.278999 9.777000
v -2.643000 -1.690999 10.354000
v -0.750000 -1.773000 6.617000
v -0.750000 -0.893999 6.791000
v -2.505000 -1.554999 10.379000
v -2.505000 -1.499999 9.961000
v -2.830000 -3.497999 9.438000
v -4.042000 -3.445999 9.266000
v -4.042000 -3.445999 9.266000
v -4.042000 -2.906999 9.450000
v -3.590000 -2.951999 9.549000
v -4.904000 -2.749999 8.933000
v -2.830000 -3.658999 9.828000
v -4.000000 -3.572999 9.607000
v -4.000000 -3.572999 9.607000
v -3.474000 -3.051999 9.923000
v -3.284000 -3.014999 9.980000
v -4.000000 -3.013999 9.797000
v -4.000000 -3.013999 9.797000
v -4.904000 -3.261999 8.759000
v -2.643000 -3.550999 9.424000
v -3.409000 -2.914999 9.607000
v -2.450000 -4.018999 9.702000
v -2.505000 -3.842999 9.766000
v -2.643000 -3.711999 9.813000
v -3.270000 -2.790999 9.683000
v -3.145000 -2.889999 10.053000
v -2.505000 -3.681999 9.377000
v -4.960000 -3.558999 8.592000
v -4.960000 -2.406999 8.983000
v -0.750000 -2.621000 6.329000
v -2.830000 -0.935999 10.022000
v -4.042000 -0.929999 9.842000
v -4.042000 -0.929999 9.842000
v -4.042000 -0.361999 9.880000
v -3.590000 -0.379999 9.988000
v -4.904000 -0.343999 9.340000
v -4.036000 -1.291999 9.816000
v -2.830000 -0.990999 10.440000
v -4.000000 -0.964999 10.205000
v -4.000000 -0.964999 10.205000
v -3.474000 -0.379999 10.374000
v -3.284000 -0.328999 10.420000
v -4.000000 -0.375999 10.243000
v -4.000000 -0.375999 10.243000
v -4.904000 -0.883999 9.305000
v -2.643000 -0.990999 10.022000
v -3.409000 -0.328999 10.034000
v -2.450000 -1.370999 10.412000
v -2.505000 -1.184999 10.428000
v -2.450000 -1.315999 9.994000
v -2.505000 -1.129999 10.010000
v -2.643000 -1.045999 10.439000
v -3.270000 -0.189999 10.076000
v -3.145000 -0.189999 10.458000
v -0.960000 -0.952999 7.238000
v -4.960000 -1.213999 9.220000
v -1.799000 -1.370999 10.410000
v -0.300000 -1.370999 10.410000
v -0.960000 -7.051000 1.889001
v -4.960000 -8.983000 2.407001
v -4.960000 -7.051000 1.889001
v -0.750000 -5.932000 3.425000
v -1.799000 -7.425000 7.425001
v -4.960000 -4.650000 8.054000
v -0.960000 -1.889000 7.051000
v -1.799000 -2.717999 10.142000
v -0.300000 -2.717999 10.142000
vn -0.0000 0.9979 -0.0653
vn -0.1641 0.9843 -0.0648
vn -0.1767 0.9823 -0.0625
vn -0.7146 0.6980 -0.0458
vn -0.7150 0.6976 -0.0457
vn 0.7146 0.6980 -0.0458
vn 0.7150 0.6976 -0.0457
vn 0.5301 0.8451 -0.0695
vn 0.5453 0.8295 -0.1211
vn 0.7069 0.7059 -0.0458
vn 0.7068 0.7060 -0.0455
vn 0.0536 0.9902 -0.1287
vn 0.0352 0.9922 -0.1198
vn 0.1981 0.9747 -0.1035
vn 0.2416 0.9684 -0.0625
vn 0.0072 0.0968 0.9953
vn 0.0035 0.0389 0.9992
vn -0.8155 0.5775 -0.0379
vn -0.8164 0.5763 -0.0377
vn 0.7495 0.6607 -0.0430
vn 0.7483 0.6620 -0.0429
vn 0.2055 0.9723 -0.1115
vn -0.0000 0.9979 -0.0655
vn -0.0029 0.0956 0.9954
vn 0.0145 0.1304 0.9914
vn 0.1765 0.9800 -0.0914
vn 1.0000 -0.0000 -0.0000
vn 0.9271 0.3034 0.2201
vn 0.9182 0.2634 0.2960
vn -0.0429 -0.0129 0.9990
vn 0.0021 0.0388 0.9992
vn 0.5452 0.8382 0.0112
vn 0.5311 0.8465 -0.0380
vn 0.2785 0.0902 0.9562
vn 0.2907 0.0874 0.9528
vn -0.2806 0.1252 0.9516
vn -0.2799 0.1255 0.9518
vn 0.0320 0.9982 -0.0515
vn 0.0086 0.9988 -0.0474
vn -0.7103 0.0920 0.6979
vn -0.7106 0.0918 0.6976
vn -0.9592 0.0369 0.2804
vn 0.0577 0.9931 -0.1025
vn 0.0344 0.9922 -0.1198
vn 0.0286 0.9979 -0.0581
vn -0.0277 0.9983 -0.0515
vn 0.0415 0.9957 -0.0832
vn 0.0633 0.9969 -0.0473
vn 0.1463 0.9810 -0.1275
vn 0.1300 0.9888 -0.0732
vn -0.0653 0.9957 -0.0663
vn -0.0391 0.9971 -0.0655
vn -0.0000 0.9979 -0.0649
vn -0.0000 0.9978 -0.0659
vn -0.9061 0.4221 -0.0275
vn -0.9058 0.4227 -0.0279
vn 0.7219 0.2338 0.6513
vn 0.7187 0.2352 0.6544
vn 0.1920 0.9760 -0.1029
vn 0.2441 0.9674 -0.0676
vn 0.2343 0.9702 -0.0613
vn 0.2433 0.9687 -0.0495
vn 0.2277 0.9714 -0.0679
vn 0.2408 0.9686 -0.0612
vn -0.0000 0.9469 -0.3216
vn -0.1654 0.9338 -0.3173
vn -0.1799 0.9322 -0.3141
vn -0.7141 0.6629 -0.2249
vn -0.7134 0.6636 -0.2254
vn 0.7141 0.6629 -0.2249
vn 0.7134 0.6636 -0.2254
vn 0.5304 0.7980 -0.2861
vn 0.5451 0.7705 -0.3305
vn 0.7067 0.6699 -0.2277
vn 0.0575 0.9227 -0.3812
vn 0.0359 0.9277 -0.3717
vn 0.1986 0.9140 -0.3538
vn 0.2426 0.9185 -0.3122
vn -0.0057 -0.3496 -0.9369
vn -0.0029 -0.2950 -0.9555
vn -0.8148 0.5490 -0.1862
vn -0.8156 0.5480 -0.1858
vn 0.7457 0.6309 -0.2141
vn 0.7475 0.6289 -0.2137
vn 0.2035 0.9111 -0.3585
vn -0.0000 0.9470 -0.3212
vn 0.0030 -0.3487 -0.9372
vn -0.0145 -0.3815 -0.9242
vn 0.1767 0.9228 -0.3424
vn -0.9270 -0.3496 -0.1360
vn -0.9183 -0.3314 -0.2166
vn 0.0426 -0.2457 -0.9684
vn -0.0016 -0.2948 -0.9555
vn 0.5448 0.8125 -0.2074
vn 0.5311 0.8079 -0.2554
vn -0.2757 -0.3340 -0.9013
vn -0.2894 -0.3300 -0.8985
vn 0.2808 -0.3662 -0.8871
vn 0.2790 -0.3672 -0.8873
vn 0.0287 0.9511 -0.3075
vn 0.0099 0.9525 -0.3044
vn 0.7097 -0.2694 -0.6510
vn 0.9594 -0.1079 -0.2606
vn 0.9590 -0.1089 -0.2616
vn 0.0557 0.9319 -0.3583
vn 0.0369 0.9276 -0.3717
vn 0.0298 0.9488 -0.3143
vn -0.0320 0.9510 -0.3075
vn 0.0417 0.9406 -0.3368
vn 0.0626 0.9507 -0.3038
vn 0.1460 0.9143 -0.3777
vn 0.1296 0.9361 -0.3270
vn -0.0683 0.9443 -0.3220
vn -0.0249 0.9467 -0.3211
vn -0.9057 0.4015 -0.1362
vn -0.9055 0.4017 -0.1364
vn -0.7224 -0.3944 -0.5680
vn -0.7202 -0.3958 -0.5698
vn 0.1743 0.9145 -0.3651
vn 0.2437 0.9165 -0.3172
vn 0.2328 0.9213 -0.3114
vn 0.2429 0.9231 -0.2981
vn 0.2296 0.9197 -0.3184
vn 0.2439 0.9187 -0.3105
vn -0.0000 0.9809 -0.1945
vn -0.1654 0.9673 -0.1922
vn -0.1771 0.9649 -0.1937
vn -0.7147 0.6860 -0.1365
vn -0.7133 0.6875 -0.1364
vn 0.7147 0.6860 -0.1365
vn 0.7133 0.6875 -0.1363
vn 0.5311 0.8340 -0.1499
vn 0.5453 0.8324 -0.0993
vn 0.7067 0.6940 -0.1375
vn 0.7066 0.6941 -0.1379
vn 0.0536 0.9899 -0.1313
vn 0.0333 0.9894 -0.1413
vn 0.1991 0.9682 -0.1513
vn 0.2423 0.9516 -0.1890
vn 0.0060 -0.1646 -0.9863
vn -0.0020 0.2228 0.9749
vn -0.8156 0.5676 -0.1129
vn -0.8153 0.5679 -0.1130
vn 0.7449 0.6544 -0.1300
vn 0.7473 0.6518 -0.1291
vn 0.2045 0.9680 -0.1452
vn -0.0000 0.9808 -0.1951
vn -0.0029 -0.1656 -0.9862
vn 0.0147 -0.1304 -0.9913
vn 0.1778 0.9701 -0.1649
vn -0.9273 -0.2363 0.2902
vn -0.9186 -0.1783 0.3527
vn 0.0419 0.2709 0.9617
vn -0.0014 0.2229 0.9748
vn 0.5448 0.8075 -0.2262
vn 0.5308 0.8278 -0.1815
vn -0.2778 0.1608 0.9471
vn -0.2900 0.1627 0.9431
vn -0.2833 -0.1251 -0.9508
vn -0.2839 -0.1254 -0.9506
vn 0.0284 0.9775 -0.2089
vn 0.0065 0.9771 -0.2128
vn -0.7074 -0.0924 -0.7008
vn -0.7070 -0.0923 -0.7011
vn -0.9593 -0.0369 -0.2801
vn 0.0578 0.9855 -0.1595
vn 0.0328 0.9894 -0.1413
vn 0.0297 0.9789 -0.2022
vn -0.0287 0.9775 -0.2089
vn 0.0423 0.9831 -0.1779
vn 0.0637 0.9751 -0.2123
vn 0.1460 0.9807 -0.1301
vn 0.1300 0.9744 -0.1834
vn -0.0613 0.9791 -0.1939
vn -0.0384 0.9801 -0.1950
vn -0.0000 0.9806 -0.1959
vn -0.0000 0.9810 -0.1942
vn -0.9061 0.4148 -0.0829
vn -0.9056 0.4162 -0.0824
vn -0.7217 -0.0569 0.6899
vn -0.7185 -0.0574 0.6932
vn 0.1926 0.9695 -0.1513
vn 0.2435 0.9526 -0.1823
vn 0.2345 0.9530 -0.1916
vn 0.2429 0.9488 -0.2019
vn 0.2256 0.9569 -0.1831
vn 0.2438 0.9508 -0.1912
vn -0.0000 0.8314 -0.5557
vn -0.1644 0.8199 -0.5483
vn -0.1791 0.8192 -0.5448
vn -0.7143 0.5819 -0.3888
vn -0.7138 0.5823 -0.3892
vn 0.7143 0.5819 -0.3888
vn 0.7138 0.5823 -0.3892
vn 0.5310 0.6958 -0.4837
vn 0.5454 0.6582 -0.5190
vn 0.7069 0.5880 -0.3933
vn 0.7067 0.5883 -0.3930
vn 0.0566 0.7920 -0.6078
vn 0.0305 0.8007 -0.5982
vn 0.1984 0.7923 -0.5770
vn 0.2410 0.8070 -0.5391
vn 0.0069 0.5811 0.8138
vn -0.0011 -0.5311 -0.8473
vn -0.8143 0.4827 -0.3225
vn -0.8156 0.4812 -0.3212
vn 0.7463 0.5534 -0.3700
vn 0.7470 0.5526 -0.3696
vn 0.2079 0.7844 -0.5844
vn -0.0000 0.8315 -0.5555
vn -0.0027 0.5802 0.8145
vn 0.0139 0.6071 0.7945
vn 0.1756 0.8031 -0.5693
vn -0.9273 -0.3724 -0.0382
vn -0.9184 -0.3758 -0.1240
vn 0.0410 -0.4892 -0.8712
vn -0.0009 -0.5311 -0.8473
vn 0.5448 0.7310 -0.4109
vn 0.5308 0.7138 -0.4568
vn -0.2795 -0.5555 -0.7831
vn -0.2890 -0.5522 -0.7820
vn -0.2828 0.5824 0.7621
vn -0.2790 0.5845 0.7619
vn 0.0312 0.8393 -0.5427
vn 0.0127 0.8415 -0.5402
vn -0.7085 0.4296 0.5599
vn -0.9594 0.1716 0.2237
vn -0.9592 0.1725 0.2242
vn 0.0559 0.8087 -0.5856
vn 0.0358 0.8006 -0.5981
vn 0.0295 0.8355 -0.5487
vn -0.0322 0.8393 -0.5427
vn 0.0388 0.8201 -0.5709
vn 0.0615 0.8399 -0.5392
vn 0.1456 0.7849 -0.6023
vn 0.1294 0.8188 -0.5594
vn -0.0803 0.8277 -0.5554
vn -0.0272 0.8312 -0.5553
vn -0.0000 0.8312 -0.5559
vn -0.9058 0.3521 -0.2355
vn -0.9059 0.3520 -0.2353
vn -0.7231 -0.5270 -0.4465
vn -0.7173 -0.5319 -0.4500
vn 0.1828 0.7908 -0.5841
vn 0.2433 0.8030 -0.5441
vn 0.2344 0.8093 -0.5387
vn 0.2433 0.8137 -0.5279
vn 0.2262 0.8064 -0.5464
vn 0.2423 0.8076 -0.5376
vn -0.0000 0.8968 -0.4425
vn -0.1644 0.8849 -0.4359
vn -0.1798 0.8813 -0.4371
vn -0.7141 0.6278 -0.3098
vn -0.7138 0.6280 -0.3099
vn 0.7141 0.6278 -0.3098
vn 0.7138 0.6280 -0.3099
vn 0.5306 0.7666 -0.3618
vn 0.5451 0.7784 -0.3114
vn 0.7069 0.6344 -0.3126
vn 0.7068 0.6344 -0.3130
vn 0.0260 0.9179 -0.3960
vn 0.1984 0.8957 -0.3979
vn 0.2409 0.8704 -0.4294
vn -0.0039 0.4169 0.9089
vn -0.0015 0.4679 0.8838
vn -0.8149 0.5197 -0.2565
vn -0.8156 0.5188 -0.2562
vn 0.7451 0.5982 -0.2950
vn 0.7463 0.5970 -0.2942
vn 0.2076 0.8981 -0.3877
vn -0.0000 0.8967 -0.4425
vn 0.0037 0.4177 0.9086
vn -0.0143 0.3844 0.9231
vn 0.1759 0.8945 -0.4110
vn -0.9272 -0.1515 0.3425
vn -0.9185 -0.0807 0.3871
vn 0.0411 0.5106 0.8589
vn -0.0019 0.4678 0.8838
vn 0.5448 0.7214 -0.4274
vn 0.5312 0.7519 -0.3905
vn -0.2765 0.4002 0.8737
vn -0.2906 0.4011 0.8687
vn 0.2807 0.3690 0.8860
vn 0.2789 0.3684 0.8869
vn 0.0311 0.8898 -0.4554
vn 0.0105 0.8885 -0.4588
vn 0.7096 0.2703 0.6507
vn 0.7082 0.2700 0.6523
vn 0.9591 0.1082 0.2615
vn 0.9595 0.1083 0.2601
vn 0.0557 0.9122 -0.4059
vn 0.0404 0.9174 -0.3958
vn 0.0293 0.8932 -0.4487
vn -0.0354 0.8896 -0.4553
vn 0.0389 0.9046 -0.4245
vn 0.0617 0.8868 -0.4580
vn 0.1464 0.9143 -0.3777
vn 0.1296 0.8932 -0.4305
vn -0.0665 0.8954 -0.4402
vn -0.0262 0.8964 -0.4424
vn -0.0000 0.8969 -0.4422
vn -0.0000 0.8966 -0.4427
vn -0.9057 0.3802 -0.1874
vn -0.9059 0.3797 -0.1875
vn -0.7210 0.1238 0.6818
vn -0.7203 0.1238 0.6825
vn 0.1860 0.9001 -0.3940
vn 0.2436 0.8727 -0.4231
vn 0.2338 0.8712 -0.4317
vn 0.2433 0.8636 -0.4416
vn 0.2252 0.8767 -0.4251
vn 0.2421 0.8694 -0.4308
vn -0.0000 0.6592 -0.7520
vn -0.1708 0.6498 -0.7407
vn -0.1794 0.6499 -0.7385
vn -0.7145 0.4611 -0.5263
vn -0.7151 0.4608 -0.5256
vn 0.7145 0.4611 -0.5263
vn 0.7151 0.4608 -0.5256
vn 0.5309 0.5479 -0.6465
vn 0.5454 0.5026 -0.6708
vn 0.7072 0.4655 -0.5322
vn 0.7068 0.4668 -0.5316
vn 0.0566 0.6066 -0.7930
vn 0.0310 0.6173 -0.7862
vn 0.1980 0.6150 -0.7633
vn 0.2426 0.6401 -0.7290
vn 0.0068 0.7716 0.6361
vn -0.0020 -0.7330 -0.6803
vn -0.8143 0.3825 -0.4366
vn -0.8159 0.3812 -0.4347
vn 0.7436 0.4407 -0.5028
vn 0.7484 0.4367 -0.4993
vn 0.2024 0.6105 -0.7657
vn -0.0000 0.6590 -0.7522
vn -0.0039 0.7708 0.6370
vn 0.0143 0.7936 0.6083
vn 0.1767 0.6280 -0.7579
vn -0.9273 -0.3697 0.0583
vn -0.9185 -0.3947 -0.0223
vn 0.0399 -0.6993 -0.7137
vn -0.0012 -0.7329 -0.6803
vn 0.5443 0.6000 -0.5863
vn 0.5313 0.5732 -0.6238
vn -0.2777 -0.7399 -0.6127
vn -0.2869 -0.7366 -0.6125
vn -0.2778 0.7625 0.5844
vn -0.2778 0.7624 0.5844
vn 0.0302 0.6701 -0.7417
vn 0.0099 0.6730 -0.7395
vn -0.7094 0.5594 0.4288
vn -0.9592 0.2245 0.1721
vn -0.9595 0.2233 0.1718
vn 0.0557 0.6265 -0.7774
vn 0.0386 0.6171 -0.7859
vn 0.0347 0.6643 -0.7467
vn -0.0310 0.6701 -0.7417
vn 0.0373 0.6428 -0.7651
vn 0.0613 0.6718 -0.7382
vn 0.1466 0.6010 -0.7857
vn 0.1294 0.6473 -0.7512
vn -0.0671 0.6564 -0.7514
vn -0.0277 0.6587 -0.7519
vn -0.0000 0.6589 -0.7522
vn -0.0000 0.6587 -0.7524
vn -0.9059 0.2791 -0.3186
vn -0.9057 0.2792 -0.3189
vn -0.7224 -0.6255 -0.2948
vn -0.7211 -0.6268 -0.2953
vn 0.1835 0.6134 -0.7682
vn 0.2412 0.6345 -0.7344
vn 0.2331 0.6414 -0.7309
vn 0.2456 0.6515 -0.7178
vn 0.2270 0.6367 -0.7369
vn 0.2421 0.6400 -0.7292
vn -0.0000 0.7520 -0.6592
vn -0.1708 0.7407 -0.6498
vn -0.1794 0.7385 -0.6499
vn -0.7145 0.5263 -0.4611
vn -0.7151 0.5256 -0.4608
vn 0.7145 0.5263 -0.4611
vn 0.7151 0.5256 -0.4608
vn 0.5309 0.6465 -0.5479
vn 0.5454 0.6708 -0.5026
vn 0.7072 0.5322 -0.4655
vn 0.7068 0.5316 -0.4668
vn 0.0566 0.7930 -0.6066
vn 0.0310 0.7862 -0.6173
vn 0.1980 0.7633 -0.6150
vn 0.2426 0.7290 -0.6401
vn 0.0068 -0.6361 -0.7716
vn -0.0020 0.6803 0.7330
vn -0.8143 0.4366 -0.3825
vn -0.8159 0.4347 -0.3812
vn 0.7436 0.5028 -0.4407
vn 0.7484 0.4993 -0.4367
vn 0.2024 0.7657 -0.6105
vn -0.0000 0.7522 -0.6590
vn -0.0039 -0.6370 -0.7708
vn 0.0143 -0.6083 -0.7936
vn 0.1767 0.7579 -0.6280
vn -0.9273 -0.0583 0.3697
vn -0.9185 0.0223 0.3947
vn 0.0399 0.7137 0.6993
vn -0.0012 0.6803 0.7329
vn 0.5443 0.5863 -0.6000
vn 0.5313 0.6238 -0.5732
vn -0.2777 0.6127 0.7399
vn -0.2869 0.6125 0.7366
vn -0.2778 -0.5844 -0.7624
vn 0.0302 0.7417 -0.6701
vn 0.0099 0.7395 -0.6730
vn -0.7093 -0.4288 -0.5594
vn -0.7094 -0.4288 -0.5594
vn -0.9592 -0.1721 -0.2245
vn -0.9595 -0.1718 -0.2233
vn 0.0557 0.7774 -0.6265
vn 0.0386 0.7859 -0.6171
vn 0.0347 0.7467 -0.6643
vn -0.0310 0.7417 -0.6701
vn 0.0373 0.7652 -0.6428
vn 0.0613 0.7382 -0.6718
vn 0.1466 0.7857 -0.6010
vn 0.1294 0.7512 -0.6473
vn -0.0671 0.7514 -0.6564
vn -0.0277 0.7519 -0.6587
vn -0.0000 0.7522 -0.6589
vn -0.0000 0.7524 -0.6587
vn -0.9059 0.3186 -0.2791
vn -0.9057 0.3189 -0.2792
vn -0.7224 0.2948 0.6255
vn -0.7211 0.2953 0.6268
vn 0.1835 0.7682 -0.6134
vn 0.2412 0.7344 -0.6345
vn 0.2331 0.7309 -0.6414
vn 0.2456 0.7178 -0.6515
vn 0.2270 0.7369 -0.6367
vn 0.2421 0.7292 -0.6400
vn -0.0000 0.4425 -0.8968
vn -0.1644 0.4359 -0.8849
vn -0.1798 0.4371 -0.8813
vn -0.7141 0.3098 -0.6278
vn -0.7138 0.3099 -0.6280
vn 0.7141 0.3098 -0.6278
vn 0.7138 0.3099 -0.6280
vn 0.5306 0.3618 -0.7666
vn 0.5451 0.3114 -0.7784
vn 0.7069 0.3126 -0.6344
vn 0.7068 0.3130 -0.6344
vn 0.0575 0.3812 -0.9227
vn 0.0260 0.3960 -0.9179
vn 0.1984 0.3979 -0.8957
vn 0.2409 0.4294 -0.8704
vn -0.0039 -0.9089 -0.4169
vn -0.0015 -0.8838 -0.4679
vn -0.8149 0.2565 -0.5197
vn -0.8156 0.2562 -0.5188
vn 0.7451 0.2950 -0.5982
vn 0.7463 0.2942 -0.5970
vn 0.2076 0.3877 -0.8981
vn -0.0000 0.4425 -0.8967
vn 0.0037 -0.9086 -0.4177
vn -0.0143 -0.9231 -0.3844
vn 0.1759 0.4110 -0.8945
vn -0.9272 -0.3425 0.1515
vn -0.9185 -0.3871 0.0807
vn 0.0411 -0.8589 -0.5106
vn -0.0019 -0.8838 -0.4678
vn 0.5448 0.4274 -0.7215
vn 0.5312 0.3904 -0.7519
vn -0.2765 -0.8737 -0.4002
vn -0.2906 -0.8687 -0.4011
vn 0.2807 -0.8860 -0.3690
vn 0.2789 -0.8869 -0.3684
vn 0.0311 0.4554 -0.8898
vn 0.0105 0.4588 -0.8885
vn 0.7096 -0.6507 -0.2703
vn 0.7082 -0.6523 -0.2700
vn 0.9591 -0.2615 -0.1082
vn 0.9595 -0.2601 -0.1083
vn 0.0557 0.4059 -0.9122
vn 0.0404 0.3958 -0.9174
vn 0.0293 0.4487 -0.8932
vn -0.0354 0.4553 -0.8896
vn 0.0389 0.4245 -0.9046
vn 0.0617 0.4580 -0.8868
vn 0.1464 0.3777 -0.9143
vn 0.1296 0.4305 -0.8932
vn -0.0665 0.4402 -0.8954
vn -0.0262 0.4424 -0.8964
vn -0.0000 0.4422 -0.8969
vn -0.0000 0.4427 -0.8966
vn -0.9057 0.1874 -0.3802
vn -0.9059 0.1875 -0.3797
vn -0.7210 -0.6818 -0.1238
vn -0.7203 -0.6825 -0.1238
vn 0.1860 0.3940 -0.9001
vn 0.2436 0.4231 -0.8727
vn 0.2338 0.4317 -0.8712
vn 0.2433 0.4416 -0.8636
vn 0.2252 0.4251 -0.8767
vn 0.2421 0.4309 -0.8694
vn -0.0000 0.5557 -0.8314
vn -0.1644 0.5483 -0.8199
vn -0.1791 0.5448 -0.8192
vn -0.7143 0.3888 -0.5819
vn -0.7138 0.3892 -0.5823
vn 0.7143 0.3888 -0.5819
vn 0.7138 0.3892 -0.5823
vn 0.5310 0.4837 -0.6958
vn 0.5454 0.5190 -0.6582
vn 0.7069 0.3933 -0.5880
vn 0.7067 0.3930 -0.5883
vn 0.0567 0.6078 -0.7920
vn 0.0305 0.5982 -0.8007
vn 0.1984 0.5770 -0.7923
vn 0.2410 0.5391 -0.8070
vn 0.0069 -0.8138 -0.5811
vn -0.0011 0.8473 0.5311
vn -0.8143 0.3225 -0.4827
vn -0.8156 0.3212 -0.4812
vn 0.7462 0.3700 -0.5534
vn 0.7470 0.3696 -0.5526
vn 0.2079 0.5844 -0.7844
vn -0.0000 0.5555 -0.8315
vn -0.0027 -0.8145 -0.5802
vn 0.0139 -0.7945 -0.6071
vn 0.1756 0.5693 -0.8031
vn -0.9273 0.0382 0.3724
vn -0.9184 0.1240 0.3758
vn 0.0410 0.8712 0.4892
vn -0.0009 0.8473 0.5311
vn 0.5448 0.4109 -0.7310
vn 0.5308 0.4568 -0.7138
vn -0.2795 0.7831 0.5555
vn -0.2890 0.7820 0.5522
vn -0.2828 -0.7621 -0.5824
vn -0.2790 -0.7619 -0.5845
vn 0.0312 0.5427 -0.8393
vn 0.0127 0.5402 -0.8415
vn -0.7085 -0.5599 -0.4296
vn -0.9594 -0.2237 -0.1716
vn -0.9592 -0.2242 -0.1725
vn 0.0559 0.5856 -0.8087
vn 0.0358 0.5981 -0.8006
vn 0.0295 0.5487 -0.8355
vn -0.0322 0.5427 -0.8393
vn 0.0388 0.5709 -0.8201
vn 0.0615 0.5392 -0.8399
vn 0.1456 0.6023 -0.7849
vn 0.1294 0.5594 -0.8188
vn -0.0803 0.5554 -0.8277
vn -0.0272 0.5553 -0.8312
vn -0.0000 0.5559 -0.8312
vn -0.9058 0.2355 -0.3521
vn -0.9059 0.2353 -0.3520
vn -0.7231 0.4465 0.5270
vn -0.7173 0.4500 0.5319
vn 0.1828 0.5841 -0.7908
vn 0.2432 0.5441 -0.8030
vn 0.2344 0.5387 -0.8093
vn 0.2433 0.5279 -0.8137
vn 0.2262 0.5464 -0.8064
vn 0.2423 0.5376 -0.8076
vn -0.0000 0.1945 -0.9809
vn -0.1654 0.1922 -0.9673
vn -0.1771 0.1937 -0.9649
vn -0.7147 0.1365 -0.6860
vn -0.7133 0.1364 -0.6875
vn 0.7147 0.1365 -0.6860
vn 0.7133 0.1364 -0.6875
vn 0.5310 0.1499 -0.8340
vn 0.5453 0.0993 -0.8324
vn 0.7067 0.1375 -0.6940
vn 0.7066 0.1379 -0.6941
vn 0.0536 0.1313 -0.9899
vn 0.0333 0.1413 -0.9894
vn 0.1991 0.1513 -0.9682
vn 0.2423 0.1890 -0.9516
vn 0.0060 0.9863 0.1646
vn -0.0020 -0.9749 -0.2228
vn -0.8156 0.1129 -0.5676
vn -0.8153 0.1130 -0.5679
vn 0.7449 0.1300 -0.6544
vn 0.7473 0.1291 -0.6518
vn 0.2045 0.1452 -0.9680
vn -0.0000 0.1951 -0.9808
vn -0.0029 0.9862 0.1656
vn 0.0147 0.9913 0.1304
vn 0.1778 0.1649 -0.9701
vn -0.9270 -0.2916 0.2358
vn -0.9184 -0.3527 0.1793
vn 0.0419 -0.9617 -0.2709
vn -0.0014 -0.9748 -0.2229
vn 0.5448 0.2262 -0.8075
vn 0.5308 0.1815 -0.8278
vn -0.2778 -0.9471 -0.1608
vn -0.2900 -0.9431 -0.1627
vn -0.2833 0.9508 0.1251
vn -0.2839 0.9506 0.1254
vn 0.0284 0.2089 -0.9775
vn 0.0065 0.2128 -0.9771
vn -0.7074 0.7008 0.0924
vn -0.7070 0.7011 0.0923
vn -0.9593 0.2801 0.0369
vn 0.0578 0.1595 -0.9855
vn 0.0328 0.1413 -0.9894
vn 0.0297 0.2022 -0.9789
vn -0.0287 0.2089 -0.9775
vn 0.0430 0.1790 -0.9829
vn 0.0637 0.2123 -0.9751
vn 0.1460 0.1301 -0.9807
vn 0.1300 0.1834 -0.9744
vn -0.0613 0.1939 -0.9791
vn -0.0384 0.1950 -0.9801
vn -0.0000 0.1959 -0.9806
vn -0.0000 0.1942 -0.9810
vn -0.9061 0.0829 -0.4148
vn -0.9056 0.0824 -0.4162
vn -0.7217 -0.6899 0.0569
vn -0.7185 -0.6932 0.0574
vn 0.1926 0.1512 -0.9695
vn 0.2435 0.1823 -0.9526
vn 0.2345 0.1916 -0.9530
vn 0.2429 0.2019 -0.9488
vn 0.2256 0.1831 -0.9569
vn 0.2438 0.1912 -0.9508
vn -0.0000 0.3216 -0.9469
vn -0.1655 0.3173 -0.9338
vn -0.1799 0.3141 -0.9322
vn -0.7141 0.2249 -0.6629
vn -0.7133 0.2254 -0.6636
vn 0.7141 0.2249 -0.6629
vn 0.7133 0.2254 -0.6636
vn 0.5304 0.2861 -0.7980
vn 0.5451 0.3305 -0.7705
vn 0.7067 0.2277 -0.6699
vn 0.0359 0.3717 -0.9277
vn 0.1986 0.3538 -0.9140
vn 0.2426 0.3122 -0.9185
vn -0.0057 0.9369 0.3496
vn -0.0029 0.9555 0.2950
vn -0.8148 0.1862 -0.5490
vn -0.8156 0.1858 -0.5480
vn 0.7457 0.2141 -0.6309
vn 0.7475 0.2137 -0.6289
vn 0.2035 0.3585 -0.9111
vn -0.0000 0.3212 -0.9470
vn 0.0030 0.9372 0.3487
vn -0.0145 0.9242 0.3815
vn 0.1767 0.3424 -0.9228
vn -0.9271 0.1353 0.3494
vn -0.9184 0.2169 0.3309
vn 0.0426 0.9684 0.2457
vn -0.0016 0.9555 0.2948
vn 0.5448 0.2074 -0.8125
vn 0.5311 0.2554 -0.8079
vn -0.2757 0.9013 0.3340
vn -0.2894 0.8985 0.3300
vn 0.2808 0.8871 0.3662
vn 0.2790 0.8873 0.3672
vn 0.0287 0.3075 -0.9511
vn 0.0099 0.3044 -0.9525
vn 0.7097 0.6510 0.2694
vn 0.9594 0.2606 0.1079
vn 0.9590 0.2616 0.1089
vn 0.0557 0.3583 -0.9319
vn 0.0369 0.3717 -0.9276
vn 0.0298 0.3143 -0.9488
vn -0.0320 0.3075 -0.9510
vn 0.0430 0.3348 -0.9413
vn 0.0626 0.3038 -0.9507
vn 0.1460 0.3777 -0.9143
vn 0.1296 0.3270 -0.9361
vn -0.0683 0.3220 -0.9443
vn -0.0249 0.3211 -0.9467
vn -0.9057 0.1362 -0.4015
vn -0.9056 0.1364 -0.4017
vn -0.7224 0.5680 0.3944
vn -0.7202 0.5698 0.3958
vn 0.1743 0.3651 -0.9145
vn 0.2437 0.3172 -0.9165
vn 0.2328 0.3114 -0.9213
vn 0.2429 0.2981 -0.9231
vn 0.2296 0.3184 -0.9197
vn 0.2439 0.3105 -0.9187
vn -0.0000 0.0653 -0.9979
vn -0.1640 0.0648 -0.9843
vn -0.1767 0.0625 -0.9823
vn -0.7146 0.0458 -0.6980
vn -0.7150 0.0457 -0.6976
vn 0.7146 0.0458 -0.6980
vn 0.7150 0.0457 -0.6976
vn 0.5301 0.0695 -0.8451
vn 0.5453 0.1211 -0.8295
vn 0.7069 0.0458 -0.7059
vn 0.7068 0.0455 -0.7060
vn 0.0536 0.1287 -0.9902
vn 0.0352 0.1198 -0.9922
vn 0.1981 0.1035 -0.9747
vn 0.2416 0.0625 -0.9684
vn 0.0072 -0.9953 -0.0968
vn 0.0035 -0.9992 -0.0389
vn -0.8155 0.0379 -0.5775
vn -0.8164 0.0377 -0.5763
vn 0.7494 0.0430 -0.6607
vn 0.7483 0.0429 -0.6620
vn 0.2055 0.1115 -0.9723
vn -0.0000 0.0655 -0.9979
vn -0.0029 -0.9954 -0.0956
vn 0.0145 -0.9914 -0.1304
vn 0.1765 0.0914 -0.9800
vn 0.9271 -0.2201 -0.3034
vn 0.9182 -0.2960 -0.2634
vn -0.0429 -0.9990 0.0129
vn 0.0021 -0.9992 -0.0388
vn 0.5452 -0.0111 -0.8382
vn 0.5311 0.0380 -0.8465
vn 0.2785 -0.9562 -0.0902
vn 0.2907 -0.9528 -0.0874
vn -0.2806 -0.9516 -0.1252
vn -0.2799 -0.9518 -0.1255
vn 0.0320 0.0515 -0.9982
vn 0.0086 0.0474 -0.9988
vn -0.7103 -0.6979 -0.0920
vn -0.7106 -0.6976 -0.0918
vn -0.9592 -0.2805 -0.0369
vn -0.9592 -0.2804 -0.0369
vn 0.0577 0.1025 -0.9931
vn 0.0344 0.1198 -0.9922
vn 0.0286 0.0581 -0.9979
vn -0.0276 0.0515 -0.9983
vn 0.0415 0.0832 -0.9957
vn 0.0633 0.0473 -0.9969
vn 0.1463 0.1275 -0.9810
vn 0.1300 0.0732 -0.9888
vn -0.0653 0.0663 -0.9957
vn -0.0391 0.0655 -0.9971
vn -0.0000 0.0649 -0.9979
vn -0.0000 0.0659 -0.9978
vn -0.9061 0.0275 -0.4221
vn -0.9058 0.0279 -0.4227
vn 0.7219 -0.6513 -0.2338
vn 0.7187 -0.6544 -0.2352
vn 0.1920 0.1029 -0.9760
vn 0.2442 0.0676 -0.9674
vn 0.2343 0.0613 -0.9702
vn 0.2433 0.0495 -0.9687
vn 0.2277 0.0679 -0.9714
vn 0.2408 0.0612 -0.9686
vn 0.1641 0.9843 -0.0648
vn 0.1767 0.9823 -0.0625
vn -0.5301 0.8451 -0.0695
vn -0.5453 0.8295 -0.1211
vn -0.7069 0.7059 -0.0458
vn -0.7068 0.7060 -0.0455
vn -0.0536 0.9902 -0.1287
vn -0.0352 0.9922 -0.1198
vn -0.1981 0.9747 -0.1035
vn -0.2416 0.9684 -0.0625
vn -0.0072 0.0968 0.9953
vn -0.0035 0.0389 0.9992
vn 0.8155 0.5775 -0.0379
vn 0.8164 0.5763 -0.0377
vn -0.7495 0.6607 -0.0430
vn -0.7483 0.6620 -0.0429
vn -0.2055 0.9723 -0.1115
vn 0.0029 0.0956 0.9954
vn -0.0145 0.1304 0.9914
vn -0.1765 0.9800 -0.0914
vn -1.0000 -0.0000 -0.0000
vn -0.9271 0.3034 0.2201
vn -0.9182 0.2634 0.2960
vn 0.0429 -0.0129 0.9990
vn -0.0021 0.0388 0.9992
vn -0.5452 0.8382 0.0112
vn -0.5311 0.8465 -0.0380
vn -0.2785 0.0902 0.9562
vn -0.2907 0.0874 0.9528
vn 0.2806 0.1252 0.9516
vn 0.2799 0.1255 0.9518
vn -0.0320 0.9982 -0.0515
vn -0.0086 0.9988 -0.0474
vn 0.7103 0.0920 0.6979
vn 0.7106 0.0918 0.6976
vn 0.9592 0.0369 0.2804
vn -0.0577 0.9931 -0.1025
vn -0.0344 0.9922 -0.1198
vn -0.0286 0.9979 -0.0581
vn 0.0277 0.9983 -0.0515
vn -0.0415 0.9957 -0.0832
vn -0.0633 0.9969 -0.0473
vn -0.1463 0.9810 -0.1275
vn -0.1300 0.9888 -0.0732
vn 0.0653 0.9957 -0.0663
vn 0.0391 0.9971 -0.0655
vn 0.9061 0.4221 -0.0275
vn 0.9058 0.4227 -0.0279
vn -0.7219 0.2338 0.6513
vn -0.7187 0.2352 0.6544
vn -0.1920 0.9760 -0.1029
vn -0.2441 0.9674 -0.0676
vn -0.2343 0.9702 -0.0613
vn -0.2433 0.9687 -0.0495
vn -0.2277 0.9714 -0.0679
vn -0.2408 0.9686 -0.0612
vn 0.1654 0.9338 -0.3173
vn 0.1799 0.9322 -0.3141
vn -0.5304 0.7980 -0.2861
vn -0.5451 0.7705 -0.3305
vn -0.7067 0.6699 -0.2277
vn -0.0575 0.9227 -0.3812
vn -0.0359 0.9277 -0.3717
vn -0.1986 0.9140 -0.3538
vn -0.2426 0.9185 -0.3122
vn 0.0057 -0.3496 -0.9369
vn 0.0029 -0.2950 -0.9555
vn 0.8148 0.5490 -0.1862
vn 0.8156 0.5480 -0.1858
vn -0.7457 0.6309 -0.2141
vn -0.7475 0.6289 -0.2137
vn -0.2035 0.9111 -0.3585
vn -0.0030 -0.3487 -0.9372
vn 0.0145 -0.3815 -0.9242
vn -0.1767 0.9228 -0.3424
vn 0.9270 -0.3496 -0.1360
vn 0.9183 -0.3314 -0.2166
vn -0.0426 -0.2457 -0.9684
vn 0.0016 -0.2948 -0.9555
vn -0.5448 0.8125 -0.2074
vn -0.5311 0.8079 -0.2554
vn 0.2757 -0.3340 -0.9013
vn 0.2894 -0.3300 -0.8985
vn -0.2808 -0.3662 -0.8871
vn -0.2790 -0.3672 -0.8873
vn -0.0287 0.9511 -0.3075
vn -0.0099 0.9525 -0.3044
vn -0.7097 -0.2694 -0.6510
vn -0.9594 -0.1079 -0.2606
vn -0.9590 -0.1089 -0.2616
vn -0.0557 0.9319 -0.3583
vn -0.0369 0.9276 -0.3717
vn -0.0298 0.9488 -0.3143
vn 0.0320 0.9510 -0.3075
vn -0.0417 0.9406 -0.3368
vn -0.0626 0.9507 -0.3038
vn -0.1460 0.9143 -0.3777
vn -0.1296 0.9361 -0.3270
vn 0.0683 0.9443 -0.3220
vn 0.0249 0.9467 -0.3212
vn 0.9057 0.4015 -0.1362
vn 0.9055 0.4017 -0.1364
vn 0.7224 -0.3944 -0.5680
vn 0.7202 -0.3958 -0.5698
vn -0.1743 0.9145 -0.3651
vn -0.2437 0.9165 -0.3172
vn -0.2328 0.9213 -0.3114
vn -0.2429 0.9231 -0.2981
vn -0.2296 0.9197 -0.3184
vn -0.2439 0.9187 -0.3105
vn 0.1654 0.9673 -0.1922
vn 0.1771 0.9649 -0.1937
vn 0.7133 0.6875 -0.1364
vn -0.7133 0.6875 -0.1363
vn -0.5311 0.8340 -0.1499
vn -0.5453 0.8324 -0.0993
vn -0.7067 0.6940 -0.1375
vn -0.7066 0.6941 -0.1379
vn -0.0536 0.9899 -0.1313
vn -0.0333 0.9894 -0.1413
vn -0.1991 0.9682 -0.1513
vn -0.2423 0.9516 -0.1890
vn -0.0060 -0.1646 -0.9863
vn 0.0020 0.2228 0.9749
vn 0.8156 0.5676 -0.1129
vn 0.8153 0.5679 -0.1130
vn -0.7449 0.6544 -0.1300
vn -0.7473 0.6518 -0.1291
vn -0.2045 0.9680 -0.1452
vn 0.0029 -0.1656 -0.9862
vn -0.0147 -0.1304 -0.9913
vn -0.1778 0.9701 -0.1649
vn 0.9273 -0.2363 0.2902
vn 0.9186 -0.1783 0.3527
vn -0.0419 0.2709 0.9617
vn 0.0014 0.2229 0.9748
vn -0.5448 0.8075 -0.2262
vn -0.5308 0.8278 -0.1815
vn 0.2778 0.1608 0.9471
vn 0.2900 0.1627 0.9431
vn 0.2833 -0.1251 -0.9508
vn 0.2839 -0.1254 -0.9506
vn -0.0284 0.9775 -0.2089
vn -0.0065 0.9771 -0.2128
vn 0.7074 -0.0924 -0.7008
vn 0.7070 -0.0923 -0.7011
vn 0.9593 -0.0369 -0.2801
vn -0.0578 0.9855 -0.1595
vn -0.0328 0.9894 -0.1413
vn -0.0297 0.9789 -0.2022
vn 0.0287 0.9775 -0.2089
vn -0.0423 0.9831 -0.1779
vn -0.0637 0.9751 -0.2123
vn -0.1460 0.9807 -0.1301
vn -0.1300 0.9744 -0.1834
vn 0.0613 0.9791 -0.1939
vn 0.0384 0.9801 -0.1950
vn 0.9061 0.4148 -0.0829
vn 0.9056 0.4162 -0.0824
vn 0.7217 -0.0569 0.6899
vn 0.7185 -0.0574 0.6932
vn -0.1926 0.9695 -0.1513
vn -0.2435 0.9526 -0.1823
vn -0.2345 0.9530 -0.1916
vn -0.2429 0.9488 -0.2019
vn -0.2256 0.9569 -0.1831
vn -0.2438 0.9508 -0.1912
vn 0.1644 0.8199 -0.5483
vn 0.1791 0.8192 -0.5448
vn -0.5310 0.6958 -0.4837
vn -0.5454 0.6582 -0.5190
vn -0.7069 0.5880 -0.3933
vn -0.7067 0.5883 -0.3930
vn -0.0566 0.7920 -0.6078
vn -0.0305 0.8007 -0.5982
vn -0.1984 0.7923 -0.5770
vn -0.2410 0.8070 -0.5391
vn -0.0069 0.5811 0.8138
vn 0.0011 -0.5311 -0.8473
vn 0.8143 0.4827 -0.3225
vn 0.8156 0.4812 -0.3212
vn -0.7463 0.5534 -0.3700
vn -0.7470 0.5526 -0.3696
vn -0.2079 0.7844 -0.5844
vn 0.0027 0.5802 0.8145
vn -0.0139 0.6071 0.7945
vn -0.1756 0.8031 -0.5693
vn 0.9273 -0.3724 -0.0382
vn 0.9184 -0.3758 -0.1240
vn -0.0410 -0.4892 -0.8712
vn 0.0009 -0.5311 -0.8473
vn -0.5448 0.7310 -0.4109
vn -0.5308 0.7138 -0.4568
vn 0.2795 -0.5555 -0.7831
vn 0.2890 -0.5522 -0.7820
vn 0.2828 0.5824 0.7621
vn 0.2790 0.5845 0.7619
vn -0.0312 0.8393 -0.5427
vn -0.0127 0.8415 -0.5402
vn 0.7085 0.4296 0.5599
vn 0.9594 0.1716 0.2237
vn 0.9592 0.1725 0.2242
vn -0.0559 0.8087 -0.5856
vn -0.0358 0.8006 -0.5981
vn -0.0295 0.8355 -0.5487
vn 0.0322 0.8393 -0.5427
vn -0.0388 0.8201 -0.5709
vn -0.0615 0.8399 -0.5392
vn -0.1456 0.7849 -0.6023
vn -0.1294 0.8188 -0.5594
vn 0.0803 0.8277 -0.5554
vn 0.0272 0.8312 -0.5553
vn 0.9058 0.3521 -0.2355
vn 0.9059 0.3520 -0.2353
vn 0.7231 -0.5270 -0.4465
vn 0.7173 -0.5319 -0.4500
vn -0.1828 0.7908 -0.5841
vn -0.2433 0.8030 -0.5441
vn -0.2344 0.8093 -0.5387
vn -0.2433 0.8137 -0.5279
vn -0.2262 0.8064 -0.5464
vn -0.2423 0.8076 -0.5376
vn 0.1644 0.8849 -0.4359
vn 0.1798 0.8813 -0.4371
vn -0.5306 0.7666 -0.3618
vn -0.5451 0.7784 -0.3114
vn -0.7069 0.6344 -0.3126
vn -0.7068 0.6344 -0.3130
vn -0.0260 0.9179 -0.3960
vn -0.1984 0.8957 -0.3979
vn -0.2409 0.8704 -0.4294
vn 0.0039 0.4169 0.9089
vn 0.0015 0.4679 0.8838
vn 0.8149 0.5197 -0.2565
vn 0.8156 0.5188 -0.2562
vn -0.7451 0.5982 -0.2950
vn -0.7463 0.5970 -0.2942
vn -0.2076 0.8981 -0.3877
vn -0.0037 0.4177 0.9086
vn 0.0143 0.3844 0.9231
vn -0.1759 0.8945 -0.4110
vn 0.9272 -0.1515 0.3425
vn 0.9185 -0.0807 0.3871
vn -0.0411 0.5106 0.8589
vn 0.0019 0.4678 0.8838
vn -0.5448 0.7214 -0.4274
vn -0.5312 0.7519 -0.3905
vn 0.2765 0.4002 0.8737
vn 0.2906 0.4011 0.8687
vn -0.2807 0.3690 0.8860
vn -0.2789 0.3684 0.8869
vn -0.0311 0.8898 -0.4554
vn -0.0105 0.8885 -0.4588
vn -0.7096 0.2703 0.6507
vn -0.7082 0.2700 0.6523
vn -0.9591 0.1082 0.2615
vn -0.9595 0.1083 0.2601
vn -0.0557 0.9122 -0.4059
vn -0.0404 0.9174 -0.3958
vn -0.0293 0.8932 -0.4487
vn 0.0354 0.8896 -0.4553
vn -0.0389 0.9046 -0.4245
vn -0.0617 0.8868 -0.4580
vn -0.1464 0.9143 -0.3777
vn -0.1296 0.8932 -0.4305
vn 0.0665 0.8954 -0.4402
vn 0.0262 0.8964 -0.4424
vn 0.9057 0.3802 -0.1874
vn 0.9059 0.3797 -0.1875
vn 0.7210 0.1238 0.6818
vn 0.7203 0.1238 0.6825
vn -0.1860 0.9001 -0.3940
vn -0.2436 0.8727 -0.4231
vn -0.2338 0.8712 -0.4317
vn -0.2433 0.8636 -0.4416
vn -0.2252 0.8767 -0.4251
vn -0.2421 0.8694 -0.4308
vn 0.1708 0.6498 -0.7407
vn 0.1794 0.6499 -0.7385
vn -0.5309 0.5479 -0.6465
vn -0.5454 0.5026 -0.6708
vn -0.7072 0.4655 -0.5322
vn -0.7068 0.4668 -0.5316
vn -0.0566 0.6066 -0.7930
vn -0.0310 0.6173 -0.7862
vn -0.1980 0.6150 -0.7633
vn -0.2426 0.6401 -0.7290
vn -0.0068 0.7716 0.6361
vn 0.0020 -0.7330 -0.6803
vn 0.8143 0.3825 -0.4366
vn 0.8159 0.3812 -0.4347
vn -0.7436 0.4407 -0.5028
vn -0.7484 0.4367 -0.4993
vn -0.2024 0.6105 -0.7657
vn 0.0039 0.7708 0.6370
vn -0.0143 0.7936 0.6083
vn -0.1767 0.6280 -0.7579
vn 0.9273 -0.3697 0.0583
vn 0.9185 -0.3947 -0.0223
vn -0.0399 -0.6993 -0.7137
vn 0.0012 -0.7329 -0.6803
vn -0.5443 0.6000 -0.5863
vn -0.5313 0.5732 -0.6238
vn 0.2777 -0.7399 -0.6127
vn 0.2869 -0.7366 -0.6125
vn 0.2778 0.7625 0.5844
vn 0.2778 0.7624 0.5844
vn -0.0302 0.6701 -0.7417
vn -0.0099 0.6730 -0.7395
vn 0.7094 0.5594 0.4288
vn 0.9592 0.2245 0.1721
vn 0.9595 0.2233 0.1718
vn -0.0557 0.6265 -0.7774
vn -0.0386 0.6171 -0.7859
vn -0.0347 0.6643 -0.7467
vn 0.0310 0.6701 -0.7417
vn -0.0373 0.6428 -0.7651
vn -0.0613 0.6718 -0.7382
vn -0.1466 0.6010 -0.7857
vn -0.1294 0.6473 -0.7512
vn 0.0671 0.6564 -0.7514
vn 0.0276 0.6587 -0.7519
vn 0.9059 0.2791 -0.3186
vn 0.9057 0.2792 -0.3189
vn 0.7224 -0.6255 -0.2948
vn 0.7211 -0.6268 -0.2953
vn -0.1835 0.6134 -0.7682
vn -0.2412 0.6345 -0.7344
vn -0.2331 0.6414 -0.7309
vn -0.2456 0.6515 -0.7178
vn -0.2270 0.6367 -0.7369
vn -0.2421 0.6400 -0.7292
vn 0.1708 0.7407 -0.6498
vn 0.1794 0.7385 -0.6499
vn -0.5309 0.6465 -0.5479
vn -0.5454 0.6708 -0.5026
vn -0.7072 0.5322 -0.4655
vn -0.7068 0.5316 -0.4668
vn -0.0566 0.7930 -0.6066
vn -0.0310 0.7862 -0.6173
vn -0.1980 0.7633 -0.6150
vn -0.2426 0.7290 -0.6401
vn -0.0068 -0.6361 -0.7716
vn 0.0020 0.6803 0.7330
vn 0.8143 0.4366 -0.3825
vn 0.8159 0.4347 -0.3812
vn -0.7436 0.5028 -0.4407
vn -0.7484 0.4993 -0.4367
vn -0.2024 0.7657 -0.6105
vn 0.0039 -0.6370 -0.7708
vn -0.0143 -0.6083 -0.7936
vn -0.1767 0.7579 -0.6280
vn 0.9273 -0.0583 0.3697
vn 0.9185 0.0223 0.3947
vn -0.0399 0.7137 0.6993
vn 0.0012 0.6803 0.7329
vn -0.5443 0.5863 -0.6000
vn -0.5313 0.6238 -0.5732
vn 0.2777 0.6127 0.7399
vn 0.2869 0.6125 0.7366
vn 0.2778 -0.5844 -0.7624
vn -0.0302 0.7417 -0.6701
vn -0.0099 0.7395 -0.6730
vn 0.7093 -0.4288 -0.5594
vn 0.7094 -0.4288 -0.5594
vn 0.9592 -0.1721 -0.2245
vn 0.9595 -0.1718 -0.2233
vn -0.0557 0.7774 -0.6265
vn -0.0386 0.7859 -0.6171
vn -0.0347 0.7467 -0.6643
vn 0.0310 0.7417 -0.6701
vn -0.0373 0.7652 -0.6428
vn -0.0613 0.7382 -0.6718
vn -0.1466 0.7857 -0.6010
vn -0.1294 0.7512 -0.6473
vn 0.0671 0.7514 -0.6564
vn 0.0277 0.7519 -0.6587
vn 0.9059 0.3186 -0.2791
vn 0.9057 0.3189 -0.2792
vn 0.7224 0.2948 0.6255
vn 0.7211 0.2953 0.6268
vn -0.1835 0.7682 -0.6134
vn -0.2412 0.7344 -0.6345
vn -0.2331 0.7309 -0.6414
vn -0.2456 0.7178 -0.6515
vn -0.2270 0.7369 -0.6367
vn -0.2421 0.7292 -0.6400
vn 0.1644 0.4359 -0.8849
vn 0.1798 0.4371 -0.8813
vn -0.5306 0.3618 -0.7666
vn -0.5451 0.3114 -0.7784
vn -0.7069 0.3126 -0.6344
vn -0.7068 0.3130 -0.6344
vn -0.0575 0.3812 -0.9227
vn -0.0260 0.3960 -0.9179
vn -0.1984 0.3979 -0.8957
vn -0.2409 0.4294 -0.8704
vn 0.0039 -0.9089 -0.4169
vn 0.0015 -0.8838 -0.4679
vn 0.8149 0.2565 -0.5197
vn 0.8156 0.2562 -0.5188
vn -0.7451 0.2950 -0.5982
vn -0.7463 0.2942 -0.5970
vn -0.2076 0.3877 -0.8981
vn -0.0037 -0.9086 -0.4177
vn 0.0143 -0.9231 -0.3844
vn -0.1759 0.4110 -0.8945
vn 0.9272 -0.3425 0.1515
vn 0.9185 -0.3871 0.0807
vn -0.0411 -0.8589 -0.5106
vn 0.0019 -0.8838 -0.4678
vn -0.5448 0.4274 -0.7215
vn -0.5312 0.3904 -0.7519
vn 0.2765 -0.8737 -0.4002
vn 0.2906 -0.8687 -0.4011
vn -0.2807 -0.8860 -0.3690
vn -0.2789 -0.8869 -0.3684
vn -0.0311 0.4554 -0.8898
vn -0.0105 0.4588 -0.8885
vn -0.7096 -0.6507 -0.2703
vn -0.7082 -0.6523 -0.2700
vn -0.9591 -0.2615 -0.1082
vn -0.9595 -0.2601 -0.1083
vn -0.0557 0.4059 -0.9122
vn -0.0404 0.3958 -0.9174
vn -0.0293 0.4487 -0.8932
vn 0.0354 0.4553 -0.8896
vn -0.0389 0.4245 -0.9046
vn -0.0617 0.4580 -0.8868
vn -0.1464 0.3777 -0.9143
vn -0.1296 0.4305 -0.8932
vn 0.0665 0.4402 -0.8954
vn 0.0262 0.4424 -0.8964
vn 0.9057 0.1874 -0.3802
vn 0.9059 0.1875 -0.3797
vn 0.7210 -0.6818 -0.1238
vn 0.7203 -0.6825 -0.1238
vn -0.1860 0.3940 -0.9001
vn -0.2436 0.4231 -0.8727
vn -0.2338 0.4317 -0.8712
vn -0.2433 0.4416 -0.8636
vn -0.2252 0.4251 -0.8767
vn -0.2421 0.4309 -0.8694
vn 0.1644 0.5483 -0.8199
vn 0.1791 0.5448 -0.8192
vn -0.5310 0.4837 -0.6958
vn -0.5454 0.5190 -0.6582
vn -0.7069 0.3933 -0.5880
vn -0.7067 0.3930 -0.5883
vn -0.0567 0.6078 -0.7920
vn -0.0305 0.5982 -0.8007
vn -0.1984 0.5770 -0.7923
vn -0.2410 0.5391 -0.8070
vn -0.0069 -0.8138 -0.5811
vn 0.0011 0.8473 0.5311
vn 0.8143 0.3225 -0.4827
vn 0.8156 0.3212 -0.4812
vn -0.7462 0.3700 -0.5534
vn -0.7470 0.3696 -0.5526
vn -0.2079 0.5844 -0.7844
vn 0.0027 -0.8145 -0.5802
vn -0.0139 -0.7945 -0.6071
vn -0.1756 0.5693 -0.8031
vn 0.9273 0.0382 0.3724
vn 0.9184 0.1240 0.3758
vn -0.0410 0.8712 0.4892
vn 0.0009 0.8473 0.5311
vn -0.5448 0.4109 -0.7310
vn -0.5308 0.4568 -0.7138
vn 0.2795 0.7831 0.5555
vn 0.2890 0.7820 0.5522
vn 0.2828 -0.7621 -0.5824
vn 0.2790 -0.7619 -0.5845
vn -0.0312 0.5427 -0.8393
vn -0.0127 0.5402 -0.8415
vn 0.7085 -0.5599 -0.4296
vn 0.9594 -0.2237 -0.1716
vn 0.9592 -0.2242 -0.1725
vn -0.0559 0.5856 -0.8087
vn -0.0358 0.5981 -0.8006
vn -0.0295 0.5487 -0.8355
vn 0.0322 0.5427 -0.8393
vn -0.0388 0.5709 -0.8201
vn -0.0615 0.5392 -0.8399
vn -0.1456 0.6023 -0.7849
vn -0.1294 0.5594 -0.8188
vn 0.0803 0.5554 -0.8277
vn 0.0272 0.5553 -0.8312
vn 0.9058 0.2355 -0.3521
vn 0.9059 0.2353 -0.3520
vn 0.7231 0.4465 0.5270
vn 0.7173 0.4500 0.5319
vn -0.1828 0.5841 -0.7908
vn -0.2432 0.5441 -0.8030
vn -0.2344 0.5387 -0.8093
vn -0.2433 0.5279 -0.8137
vn -0.2262 0.5464 -0.8064
vn -0.2423 0.5376 -0.8076
vn 0.1654 0.1922 -0.9673
vn 0.1771 0.1937 -0.9649
vn -0.5310 0.1499 -0.8340
vn -0.5453 0.0993 -0.8324
vn -0.7067 0.1375 -0.6940
vn -0.7066 0.1379 -0.6941
vn -0.0536 0.1313 -0.9899
vn -0.0333 0.1413 -0.9894
vn -0.1991 0.1513 -0.9682
vn -0.2423 0.1890 -0.9516
vn -0.0060 0.9863 0.1646
vn 0.0020 -0.9749 -0.2228
vn 0.8156 0.1129 -0.5676
vn 0.8153 0.1130 -0.5679
vn -0.7449 0.1300 -0.6544
vn -0.7473 0.1291 -0.6518
vn -0.2045 0.1452 -0.9680
vn 0.0029 0.9862 0.1656
vn -0.0147 0.9913 0.1304
vn -0.1778 0.1649 -0.9701
vn 0.9270 -0.2916 0.2358
vn 0.9184 -0.3527 0.1793
vn -0.0419 -0.9617 -0.2709
vn 0.0014 -0.9748 -0.2229
vn -0.5448 0.2262 -0.8075
vn -0.5308 0.1815 -0.8278
vn 0.2778 -0.9471 -0.1608
vn 0.2900 -0.9431 -0.1627
vn 0.2833 0.9508 0.1251
vn 0.2839 0.9506 0.1254
vn -0.0284 0.2089 -0.9775
vn -0.0065 0.2128 -0.9771
vn 0.7074 0.7008 0.0924
vn 0.7070 0.7011 0.0923
vn 0.9593 0.2801 0.0369
vn -0.0578 0.1595 -0.9855
vn -0.0328 0.1413 -0.9894
vn -0.0297 0.2022 -0.9789
vn 0.0287 0.2089 -0.9775
vn -0.0430 0.1790 -0.9829
vn -0.0637 0.2123 -0.9751
vn -0.1460 0.1301 -0.9807
vn -0.1300 0.1834 -0.9744
vn 0.0613 0.1939 -0.9791
vn 0.0384 0.1950 -0.9801
vn 0.9061 0.0829 -0.4148
vn 0.9056 0.0824 -0.4162
vn 0.7217 -0.6899 0.0569
vn 0.7185 -0.6932 0.0574
vn -0.1926 0.1512 -0.9695
vn -0.2435 0.1823 -0.9526
vn -0.2345 0.1916 -0.9530
vn -0.2429 0.2019 -0.9488
vn -0.2256 0.1831 -0.9569
vn -0.2438 0.1912 -0.9508
vn 0.1655 0.3173 -0.9338
vn 0.1799 0.3141 -0.9322
vn -0.5304 0.2861 -0.7980
vn -0.5451 0.3305 -0.7705
vn -0.7067 0.2277 -0.6699
vn -0.0359 0.3717 -0.9277
vn -0.1986 0.3538 -0.9140
vn -0.2426 0.3122 -0.9185
vn 0.0057 0.9369 0.3496
vn 0.0029 0.9555 0.2950
vn 0.8148 0.1862 -0.5490
vn 0.8156 0.1858 -0.5480
vn -0.7457 0.2141 -0.6309
vn -0.7475 0.2137 -0.6289
vn -0.2035 0.3585 -0.9111
vn -0.0030 0.9372 0.3487
vn 0.0145 0.9242 0.3815
vn -0.1767 0.3424 -0.9228
vn 0.9271 0.1353 0.3494
vn 0.9184 0.2169 0.3309
vn -0.0426 0.9684 0.2457
vn 0.0016 0.9555 0.2948
vn -0.5448 0.2074 -0.8125
vn -0.5311 0.2554 -0.8079
vn 0.2757 0.9013 0.3340
vn 0.2894 0.8985 0.3300
vn -0.2808 0.8871 0.3662
vn -0.2790 0.8873 0.3672
vn -0.0287 0.3075 -0.9511
vn -0.0099 0.3044 -0.9525
vn -0.7097 0.6510 0.2694
vn -0.9594 0.2606 0.1079
vn -0.9590 0.2616 0.1089
vn -0.0557 0.3583 -0.9319
vn -0.0369 0.3717 -0.9276
vn -0.0298 0.3143 -0.9488
vn 0.0320 0.3075 -0.9510
vn -0.0430 0.3348 -0.9413
vn -0.0626 0.3038 -0.9507
vn -0.1460 0.3777 -0.9143
vn -0.1296 0.3270 -0.9361
vn 0.0683 0.3220 -0.9443
vn 0.0249 0.3211 -0.9467
vn 0.9057 0.1362 -0.4015
vn 0.9055 0.1364 -0.4017
vn 0.7224 0.5680 0.3944
vn 0.7202 0.5698 0.3958
vn -0.1743 0.3651 -0.9145
vn -0.2437 0.3172 -0.9165
vn -0.2328 0.3114 -0.9213
vn -0.2429 0.2981 -0.9231
vn -0.2296 0.3184 -0.9197
vn -0.2439 0.3105 -0.9187
vn 0.1640 0.0648 -0.9843
vn 0.1767 0.0625 -0.9823
vn -0.5301 0.0695 -0.8451
vn -0.5453 0.1211 -0.8295
vn -0.7069 0.0458 -0.7059
vn -0.7068 0.0455 -0.7060
vn -0.0536 0.1287 -0.9902
vn -0.0352 0.1198 -0.9922
vn -0.1981 0.1035 -0.9747
vn -0.2416 0.0625 -0.9684
vn -0.0072 -0.9953 -0.0968
vn -0.0035 -0.9992 -0.0389
vn 0.8155 0.0379 -0.5775
vn 0.8164 0.0377 -0.5763
vn -0.7494 0.0430 -0.6607
vn -0.7483 0.0429 -0.6620
vn -0.2055 0.1115 -0.9723
vn 0.0029 -0.9954 -0.0956
vn -0.0145 -0.9914 -0.1304
vn -0.1765 0.0914 -0.9800
vn -0.9271 -0.2201 -0.3034
vn -0.9182 -0.2960 -0.2634
vn 0.0429 -0.9990 0.0129
vn -0.0021 -0.9992 -0.0388
vn -0.5452 -0.0111 -0.8382
vn -0.5311 0.0380 -0.8465
vn -0.2785 -0.9562 -0.0902
vn -0.2907 -0.9528 -0.0874
vn 0.2806 -0.9516 -0.1252
vn 0.2799 -0.9518 -0.1255
vn -0.0320 0.0515 -0.9982
vn -0.0086 0.0474 -0.9988
vn 0.7103 -0.6979 -0.0920
vn 0.7106 -0.6976 -0.0918
vn 0.9592 -0.2805 -0.0369
vn 0.9592 -0.2804 -0.0369
vn -0.0577 0.1025 -0.9931
vn -0.0344 0.1198 -0.9922
vn -0.0286 0.0581 -0.9979
vn 0.0276 0.0515 -0.9983
vn -0.0415 0.0832 -0.9957
vn -0.0633 0.0473 -0.9969
vn -0.1463 0.1275 -0.9810
vn -0.1300 0.0732 -0.9888
vn 0.0653 0.0663 -0.9957
vn 0.0391 0.0655 -0.9971
vn 0.9061 0.0275 -0.4221
vn 0.9058 0.0279 -0.4227
vn -0.7219 -0.6513 -0.2338
vn -0.7187 -0.6544 -0.2352
vn -0.1920 0.1029 -0.9760
vn -0.2442 0.0676 -0.9674
vn -0.2343 0.0613 -0.9702
vn -0.2433 0.0495 -0.9687
vn -0.2277 0.0679 -0.9714
vn -0.2408 0.0612 -0.9686
vn -0.0000 0.9979 0.0653
vn -0.1641 0.9843 0.0648
vn -0.1767 0.9823 0.0625
vn -0.7146 0.6980 0.0458
vn -0.7150 0.6976 0.0457
vn 0.7146 0.6980 0.0458
vn 0.7150 0.6976 0.0457
vn 0.5301 0.8451 0.0695
vn 0.5453 0.8295 0.1211
vn 0.7069 0.7059 0.0458
vn 0.7068 0.7060 0.0455
vn 0.0536 0.9902 0.1287
vn 0.0352 0.9922 0.1198
vn 0.1981 0.9747 0.1035
vn 0.2416 0.9684 0.0625
vn 0.0072 0.0968 -0.9953
vn 0.0035 0.0389 -0.9992
vn -0.8155 0.5775 0.0379
vn -0.8164 0.5763 0.0377
vn 0.7495 0.6607 0.0430
vn 0.7483 0.6620 0.0429
vn 0.2055 0.9723 0.1115
vn -0.0000 0.9979 0.0655
vn -0.0029 0.0956 -0.9954
vn 0.0145 0.1304 -0.9914
vn 0.1765 0.9800 0.0914
vn 0.9271 0.3034 -0.2201
vn 0.9182 0.2634 -0.2960
vn -0.0429 -0.0129 -0.9990
vn 0.0021 0.0388 -0.9992
vn 0.5452 0.8382 -0.0112
vn 0.5311 0.8465 0.0380
vn 0.2785 0.0902 -0.9562
vn 0.2907 0.0874 -0.9528
vn -0.2806 0.1252 -0.9516
vn -0.2799 0.1255 -0.9518
vn 0.0320 0.9982 0.0515
vn 0.0086 0.9988 0.0474
vn -0.7103 0.0920 -0.6979
vn -0.7106 0.0918 -0.6976
vn -0.9592 0.0369 -0.2804
vn 0.0577 0.9931 0.1025
vn 0.0344 0.9922 0.1198
vn 0.0286 0.9979 0.0581
vn -0.0277 0.9983 0.0515
vn 0.0415 0.9957 0.0832
vn 0.0633 0.9969 0.0473
vn 0.1463 0.9810 0.1275
vn 0.1300 0.9888 0.0732
vn -0.0653 0.9957 0.0663
vn -0.0391 0.9971 0.0655
vn -0.0000 0.9979 0.0649
vn -0.0000 0.9978 0.0659
vn -0.9061 0.4221 0.0275
vn -0.9058 0.4227 0.0279
vn 0.7219 0.2338 -0.6513
vn 0.7187 0.2352 -0.6544
vn 0.1920 0.9760 0.1029
vn 0.2441 0.9674 0.0676
vn 0.2343 0.9702 0.0613
vn 0.2433 0.9687 0.0495
vn 0.2277 0.9714 0.0679
vn 0.2408 0.9686 0.0612
vn -0.0000 0.9469 0.3216
vn -0.1654 0.9338 0.3173
vn -0.1799 0.9322 0.3141
vn -0.7141 0.6629 0.2249
vn -0.7134 0.6636 0.2254
vn 0.7141 0.6629 0.2249
vn 0.7134 0.6636 0.2254
vn 0.5304 0.7980 0.2861
vn 0.5451 0.7705 0.3305
vn 0.7067 0.6699 0.2277
vn 0.0575 0.9227 0.3812
vn 0.0359 0.9277 0.3717
vn 0.1986 0.9140 0.3538
vn 0.2426 0.9185 0.3122
vn -0.0057 -0.3496 0.9369
vn -0.0029 -0.2950 0.9555
vn -0.8148 0.5490 0.1862
vn -0.8156 0.5480 0.1858
vn 0.7457 0.6309 0.2141
vn 0.7475 0.6289 0.2137
vn 0.2035 0.9111 0.3585
vn -0.0000 0.9470 0.3212
vn 0.0030 -0.3487 0.9372
vn -0.0145 -0.3815 0.9242
vn 0.1767 0.9228 0.3424
vn -0.9271 -0.3494 0.1353
vn -0.9184 -0.3309 0.2169
vn 0.0426 -0.2457 0.9684
vn -0.0016 -0.2948 0.9555
vn 0.5448 0.8125 0.2074
vn 0.5311 0.8079 0.2554
vn -0.2757 -0.3340 0.9013
vn -0.2894 -0.3300 0.8985
vn 0.2808 -0.3662 0.8871
vn 0.2790 -0.3672 0.8873
vn 0.0287 0.9511 0.3075
vn 0.0099 0.9525 0.3044
vn 0.7097 -0.2694 0.6510
vn 0.9594 -0.1079 0.2606
vn 0.9590 -0.1089 0.2616
vn 0.0557 0.9319 0.3583
vn 0.0369 0.9276 0.3717
vn 0.0298 0.9488 0.3143
vn -0.0320 0.9510 0.3075
vn 0.0430 0.9413 0.3348
vn 0.0626 0.9507 0.3038
vn 0.1460 0.9143 0.3777
vn 0.1296 0.9361 0.3270
vn -0.0683 0.9443 0.3220
vn -0.0249 0.9467 0.3211
vn -0.9057 0.4015 0.1362
vn -0.9055 0.4017 0.1364
vn -0.7224 -0.3944 0.5680
vn -0.7202 -0.3958 0.5698
vn 0.1743 0.9145 0.3651
vn 0.2437 0.9165 0.3172
vn 0.2328 0.9213 0.3114
vn 0.2429 0.9231 0.2981
vn 0.2296 0.9197 0.3184
vn 0.2439 0.9187 0.3105
vn -0.0000 0.9809 0.1945
vn -0.1654 0.9673 0.1922
vn -0.1771 0.9649 0.1937
vn -0.7147 0.6860 0.1365
vn -0.7133 0.6875 0.1363
vn 0.7147 0.6860 0.1365
vn 0.7133 0.6875 0.1363
vn 0.5311 0.8340 0.1499
vn 0.5453 0.8324 0.0993
vn 0.7067 0.6940 0.1375
vn 0.7066 0.6941 0.1379
vn 0.0536 0.9899 0.1313
vn 0.0333 0.9894 0.1413
vn 0.1991 0.9682 0.1513
vn 0.2423 0.9516 0.1890
vn 0.0060 -0.1646 0.9863
vn -0.0020 0.2228 -0.9749
vn -0.8156 0.5676 0.1129
vn -0.8153 0.5679 0.1130
vn 0.7449 0.6544 0.1300
vn 0.7473 0.6518 0.1291
vn 0.2045 0.9680 0.1452
vn -0.0000 0.9808 0.1951
vn -0.0029 -0.1656 0.9862
vn 0.0147 -0.1304 0.9913
vn 0.1778 0.9701 0.1649
vn -0.9270 -0.2358 -0.2916
vn -0.9184 -0.1793 -0.3527
vn 0.0419 0.2709 -0.9617
vn -0.0014 0.2229 -0.9748
vn 0.5448 0.8075 0.2262
vn 0.5308 0.8278 0.1815
vn -0.2778 0.1608 -0.9471
vn -0.2900 0.1627 -0.9431
vn -0.2833 -0.1251 0.9508
vn -0.2839 -0.1254 0.9506
vn 0.0284 0.9775 0.2089
vn 0.0065 0.9771 0.2128
vn -0.7074 -0.0924 0.7008
vn -0.7070 -0.0923 0.7011
vn -0.9593 -0.0369 0.2801
vn 0.0578 0.9855 0.1595
vn 0.0328 0.9894 0.1413
vn 0.0297 0.9789 0.2022
vn -0.0287 0.9775 0.2089
vn 0.0430 0.9829 0.1790
vn 0.0637 0.9751 0.2123
vn 0.1460 0.9807 0.1301
vn 0.1300 0.9744 0.1834
vn -0.0613 0.9791 0.1939
vn -0.0384 0.9801 0.1950
vn -0.0000 0.9806 0.1959
vn -0.0000 0.9810 0.1942
vn -0.9061 0.4148 0.0829
vn -0.9056 0.4162 0.0824
vn -0.7217 -0.0569 -0.6899
vn -0.7185 -0.0574 -0.6932
vn 0.1926 0.9695 0.1513
vn 0.2435 0.9526 0.1823
vn 0.2345 0.9530 0.1916
vn 0.2429 0.9488 0.2019
vn 0.2256 0.9569 0.1831
vn 0.2438 0.9508 0.1912
vn -0.0000 0.8314 0.5557
vn -0.1644 0.8199 0.5483
vn -0.1791 0.8192 0.5448
vn -0.7143 0.5819 0.3888
vn -0.7138 0.5823 0.3892
vn 0.7143 0.5819 0.3888
vn 0.7138 0.5823 0.3892
vn 0.5310 0.6958 0.4837
vn 0.5454 0.6582 0.5190
vn 0.7069 0.5880 0.3933
vn 0.7067 0.5883 0.3930
vn 0.0566 0.7920 0.6078
vn 0.0305 0.8007 0.5982
vn 0.1984 0.7923 0.5770
vn 0.2410 0.8070 0.5391
vn 0.0069 0.5811 -0.8138
vn -0.0011 -0.5311 0.8473
vn -0.8143 0.4827 0.3225
vn -0.8156 0.4812 0.3212
vn 0.7463 0.5534 0.3700
vn 0.7470 0.5526 0.3696
vn 0.2079 0.7844 0.5844
vn -0.0000 0.8315 0.5555
vn -0.0027 0.5802 -0.8145
vn 0.0139 0.6071 -0.7945
vn 0.1756 0.8031 0.5693
vn -0.9273 -0.3724 0.0382
vn -0.9184 -0.3758 0.1240
vn 0.0410 -0.4892 0.8712
vn -0.0009 -0.5311 0.8473
vn 0.5448 0.7310 0.4109
vn 0.5308 0.7138 0.4568
vn -0.2795 -0.5555 0.7831
vn -0.2890 -0.5522 0.7820
vn -0.2828 0.5824 -0.7621
vn -0.2790 0.5845 -0.7619
vn 0.0312 0.8393 0.5427
vn 0.0127 0.8415 0.5402
vn -0.7085 0.4296 -0.5599
vn -0.9594 0.1716 -0.2237
vn -0.9592 0.1725 -0.2242
vn 0.0559 0.8087 0.5856
vn 0.0358 0.8006 0.5981
vn 0.0295 0.8355 0.5487
vn -0.0322 0.8393 0.5427
vn 0.0388 0.8201 0.5709
vn 0.0615 0.8399 0.5392
vn 0.1456 0.7849 0.6023
vn 0.1294 0.8188 0.5594
vn -0.0803 0.8277 0.5554
vn -0.0272 0.8312 0.5553
vn -0.0000 0.8312 0.5559
vn -0.9058 0.3521 0.2355
vn -0.9059 0.3520 0.2353
vn -0.7231 -0.5270 0.4465
vn -0.7173 -0.5319 0.4500
vn 0.1828 0.7908 0.5841
vn 0.2433 0.8030 0.5441
vn 0.2344 0.8093 0.5387
vn 0.2433 0.8137 0.5279
vn 0.2262 0.8064 0.5464
vn 0.2423 0.8076 0.5376
vn -0.0000 0.8968 0.4425
vn -0.1644 0.8849 0.4359
vn -0.1798 0.8813 0.4371
vn -0.7141 0.6278 0.3098
vn -0.7138 0.6280 0.3099
vn 0.7141 0.6278 0.3098
vn 0.7138 0.6280 0.3099
vn 0.5306 0.7666 0.3618
vn 0.5451 0.7784 0.3114
vn 0.7069 0.6344 0.3126
vn 0.7068 0.6344 0.3130
vn 0.0260 0.9179 0.3960
vn 0.1984 0.8957 0.3979
vn 0.2409 0.8704 0.4294
vn -0.0039 0.4169 -0.9089
vn -0.0015 0.4679 -0.8838
vn -0.8149 0.5197 0.2565
vn -0.8156 0.5188 0.2562
vn 0.7451 0.5982 0.2950
vn 0.7463 0.5970 0.2942
vn 0.2076 0.8981 0.3877
vn -0.0000 0.8967 0.4425
vn 0.0037 0.4177 -0.9086
vn -0.0143 0.3844 -0.9231
vn 0.1759 0.8945 0.4110
vn -0.9272 -0.1515 -0.3425
vn -0.9185 -0.0807 -0.3871
vn 0.0411 0.5106 -0.8589
vn -0.0019 0.4678 -0.8838
vn 0.5448 0.7215 0.4274
vn 0.5312 0.7519 0.3905
vn -0.2765 0.4002 -0.8737
vn -0.2906 0.4011 -0.8687
vn 0.2807 0.3690 -0.8860
vn 0.2789 0.3684 -0.8869
vn 0.0311 0.8898 0.4554
vn 0.0105 0.8885 0.4588
vn 0.7096 0.2703 -0.6507
vn 0.7082 0.2700 -0.6523
vn 0.9591 0.1082 -0.2615
vn 0.9595 0.1083 -0.2601
vn 0.0557 0.9122 0.4059
vn 0.0404 0.9174 0.3958
vn 0.0293 0.8932 0.4487
vn -0.0354 0.8896 0.4553
vn 0.0389 0.9046 0.4245
vn 0.0617 0.8868 0.4580
vn 0.1464 0.9143 0.3777
vn 0.1296 0.8932 0.4305
vn -0.0665 0.8954 0.4402
vn -0.0262 0.8964 0.4424
vn -0.0000 0.8969 0.4422
vn -0.0000 0.8966 0.4427
vn -0.9057 0.3802 0.1874
vn -0.9059 0.3797 0.1875
vn -0.7210 0.1238 -0.6818
vn -0.7203 0.1238 -0.6825
vn 0.1860 0.9001 0.3940
vn 0.2436 0.8727 0.4231
vn 0.2338 0.8712 0.4317
vn 0.2433 0.8636 0.4416
vn 0.2252 0.8767 0.4251
vn 0.2421 0.8694 0.4308
vn -0.0000 0.6592 0.7520
vn -0.1708 0.6498 0.7407
vn -0.1794 0.6499 0.7385
vn -0.7145 0.4611 0.5263
vn -0.7151 0.4608 0.5256
vn 0.7145 0.4611 0.5263
vn 0.7151 0.4608 0.5256
vn 0.5309 0.5479 0.6465
vn 0.5454 0.5026 0.6708
vn 0.7072 0.4655 0.5322
vn 0.7068 0.4668 0.5316
vn 0.0566 0.6066 0.7930
vn 0.0310 0.6173 0.7862
vn 0.1980 0.6150 0.7633
vn 0.2426 0.6401 0.7290
vn 0.0068 0.7716 -0.6361
vn -0.0020 -0.7330 0.6803
vn -0.8143 0.3825 0.4366
vn -0.8159 0.3812 0.4347
vn 0.7436 0.4407 0.5028
vn 0.7484 0.4367 0.4993
vn 0.2024 0.6105 0.7657
vn -0.0000 0.6590 0.7522
vn -0.0039 0.7708 -0.6370
vn 0.0143 0.7936 -0.6083
vn 0.1767 0.6280 0.7579
vn -0.9273 -0.3697 -0.0583
vn -0.9185 -0.3947 0.0223
vn 0.0399 -0.6993 0.7137
vn -0.0012 -0.7329 0.6803
vn 0.5443 0.6000 0.5863
vn 0.5313 0.5732 0.6238
vn -0.2777 -0.7399 0.6127
vn -0.2869 -0.7366 0.6125
vn -0.2778 0.7625 -0.5844
vn -0.2778 0.7624 -0.5844
vn 0.0302 0.6701 0.7417
vn 0.0099 0.6730 0.7395
vn -0.7094 0.5594 -0.4288
vn -0.9592 0.2245 -0.1721
vn -0.9595 0.2233 -0.1718
vn 0.0557 0.6265 0.7774
vn 0.0386 0.6171 0.7859
vn 0.0347 0.6643 0.7467
vn -0.0310 0.6701 0.7417
vn 0.0373 0.6428 0.7651
vn 0.0613 0.6718 0.7382
vn 0.1466 0.6010 0.7857
vn 0.1294 0.6473 0.7512
vn -0.0671 0.6564 0.7514
vn -0.0276 0.6587 0.7519
vn -0.0000 0.6589 0.7522
vn -0.0000 0.6587 0.7524
vn -0.9059 0.2791 0.3186
vn -0.9057 0.2792 0.3189
vn -0.7224 -0.6255 0.2948
vn -0.7211 -0.6268 0.2953
vn 0.1835 0.6134 0.7682
vn 0.2412 0.6345 0.7344
vn 0.2331 0.6414 0.7309
vn 0.2456 0.6515 0.7178
vn 0.2270 0.6367 0.7369
vn 0.2421 0.6400 0.7292
vn -0.0000 0.7520 0.6592
vn -0.1708 0.7407 0.6498
vn -0.1794 0.7385 0.6499
vn -0.7145 0.5263 0.4611
vn -0.7151 0.5256 0.4608
vn 0.7145 0.5263 0.4611
vn 0.7151 0.5256 0.4608
vn 0.5309 0.6465 0.5479
vn 0.5454 0.6708 0.5026
vn 0.7072 0.5322 0.4655
vn 0.7068 0.5316 0.4668
vn 0.0566 0.7930 0.6066
vn 0.0310 0.7862 0.6173
vn 0.1980 0.7633 0.6150
vn 0.2426 0.7290 0.6401
vn 0.0068 -0.6361 0.7716
vn -0.0020 0.6803 -0.7330
vn -0.8143 0.4366 0.3825
vn -0.8159 0.4347 0.3812
vn 0.7436 0.5028 0.4407
vn 0.7484 0.4993 0.4367
vn 0.2024 0.7657 0.6105
vn -0.0000 0.7522 0.6590
vn -0.0039 -0.6370 0.7708
vn 0.0143 -0.6083 0.7936
vn 0.1767 0.7579 0.6280
vn -0.9273 -0.0583 -0.3697
vn -0.9185 0.0223 -0.3947
vn 0.0399 0.7137 -0.6993
vn -0.0012 0.6803 -0.7329
vn 0.5443 0.5863 0.6000
vn 0.5313 0.6238 0.5732
vn -0.2777 0.6127 -0.7399
vn -0.2869 0.6125 -0.7366
vn -0.2778 -0.5844 0.7624
vn 0.0302 0.7417 0.6701
vn 0.0099 0.7395 0.6730
vn -0.7093 -0.4288 0.5594
vn -0.7094 -0.4288 0.5594
vn -0.9592 -0.1721 0.2245
vn -0.9595 -0.1718 0.2233
vn 0.0557 0.7774 0.6265
vn 0.0386 0.7859 0.6171
vn 0.0347 0.7467 0.6643
vn -0.0310 0.7417 0.6701
vn 0.0373 0.7652 0.6428
vn 0.0613 0.7382 0.6718
vn 0.1466 0.7857 0.6010
vn 0.1294 0.7512 0.6473
vn -0.0671 0.7514 0.6564
vn -0.0277 0.7519 0.6587
vn -0.0000 0.7522 0.6589
vn -0.0000 0.7524 0.6587
vn -0.9059 0.3186 0.2791
vn -0.9057 0.3189 0.2792
vn -0.7224 0.2948 -0.6255
vn -0.7211 0.2953 -0.6268
vn 0.1835 0.7682 0.6134
vn 0.2412 0.7344 0.6345
vn 0.2331 0.7309 0.6414
vn 0.2456 0.7178 0.6515
vn 0.2270 0.7369 0.6367
vn 0.2421 0.7292 0.6400
vn -0.0000 0.4425 0.8968
vn -0.1644 0.4359 0.8849
vn -0.1798 0.4371 0.8813
vn -0.7141 0.3098 0.6278
vn -0.7138 0.3099 0.6280
vn 0.7141 0.3098 0.6278
vn 0.7138 0.3099 0.6280
vn 0.5306 0.3618 0.7666
vn 0.5451 0.3114 0.7784
vn 0.7069 0.3126 0.6344
vn 0.7068 0.3130 0.6344
vn 0.0575 0.3812 0.9227
vn 0.0260 0.3960 0.9179
vn 0.1984 0.3979 0.8957
vn 0.2409 0.4294 0.8704
vn -0.0039 -0.9089 0.4169
vn -0.0015 -0.8838 0.4679
vn -0.8149 0.2565 0.5197
vn -0.8156 0.2562 0.5188
vn 0.7451 0.2950 0.5982
vn 0.7463 0.2942 0.5970
vn 0.2076 0.3877 0.8981
vn -0.0000 0.4425 0.8967
vn 0.0037 -0.9086 0.4177
vn -0.0143 -0.9231 0.3844
vn 0.1759 0.4110 0.8945
vn -0.9272 -0.3425 -0.1515
vn -0.9185 -0.3871 -0.0807
vn 0.0411 -0.8589 0.5106
vn -0.0019 -0.8838 0.4678
vn 0.5448 0.4274 0.7215
vn 0.5312 0.3904 0.7519
vn -0.2765 -0.8737 0.4002
vn -0.2906 -0.8687 0.4011
vn 0.2807 -0.8860 0.3690
vn 0.2789 -0.8869 0.3684
vn 0.0311 0.4554 0.8898
vn 0.0105 0.4588 0.8885
vn 0.7096 -0.6507 0.2703
vn 0.7082 -0.6523 0.2700
vn 0.9591 -0.2615 0.1082
vn 0.9595 -0.2601 0.1083
vn 0.0557 0.4059 0.9122
vn 0.0404 0.3958 0.9174
vn 0.0293 0.4487 0.8932
vn -0.0354 0.4553 0.8896
vn 0.0389 0.4245 0.9046
vn 0.0617 0.4580 0.8868
vn 0.1464 0.3777 0.9143
vn 0.1296 0.4305 0.8932
vn -0.0665 0.4402 0.8954
vn -0.0262 0.4424 0.8964
vn -0.0000 0.4422 0.8969
vn -0.0000 0.4427 0.8966
vn -0.9057 0.1874 0.3802
vn -0.9059 0.1875 0.3797
vn -0.7210 -0.6818 0.1238
vn -0.7203 -0.6825 0.1238
vn 0.1860 0.3940 0.9001
vn 0.2436 0.4231 0.8727
vn 0.2338 0.4317 0.8712
vn 0.2433 0.4416 0.8636
vn 0.2252 0.4251 0.8767
vn 0.2421 0.4309 0.8694
vn -0.0000 0.5557 0.8314
vn -0.1644 0.5483 0.8199
vn -0.1791 0.5448 0.8192
vn -0.7143 0.3888 0.5819
vn -0.7138 0.3892 0.5823
vn 0.7143 0.3888 0.5819
vn 0.7138 0.3892 0.5823
vn 0.5310 0.4837 0.6958
vn 0.5454 0.5190 0.6582
vn 0.7069 0.3933 0.5880
vn 0.7067 0.3930 0.5883
vn 0.0567 0.6078 0.7920
vn 0.0305 0.5982 0.8007
vn 0.1984 0.5770 0.7923
vn 0.2410 0.5391 0.8070
vn 0.0069 -0.8138 0.5811
vn -0.0011 0.8473 -0.5311
vn -0.8143 0.3225 0.4827
vn -0.8156 0.3212 0.4812
vn 0.7462 0.3700 0.5534
vn 0.7470 0.3696 0.5526
vn 0.2079 0.5844 0.7844
vn -0.0000 0.5555 0.8315
vn -0.0027 -0.8145 0.5802
vn 0.0139 -0.7945 0.6071
vn 0.1756 0.5693 0.8031
vn -0.9273 0.0382 -0.3724
vn -0.9184 0.1240 -0.3758
vn 0.0410 0.8712 -0.4892
vn -0.0009 0.8473 -0.5311
vn 0.5448 0.4109 0.7310
vn 0.5308 0.4568 0.7138
vn -0.2795 0.7831 -0.5555
vn -0.2890 0.7820 -0.5522
vn -0.2828 -0.7621 0.5824
vn -0.2790 -0.7619 0.5845
vn 0.0312 0.5427 0.8393
vn 0.0127 0.5402 0.8415
vn -0.7085 -0.5599 0.4296
vn -0.9594 -0.2237 0.1716
vn -0.9592 -0.2242 0.1725
vn 0.0559 0.5856 0.8087
vn 0.0358 0.5981 0.8006
vn 0.0295 0.5488 0.8355
vn -0.0322 0.5427 0.8393
vn 0.0388 0.5709 0.8201
vn 0.0615 0.5392 0.8399
vn 0.1456 0.6023 0.7848
vn 0.1294 0.5594 0.8188
vn -0.0803 0.5554 0.8277
vn -0.0272 0.5553 0.8312
vn -0.0000 0.5559 0.8312
vn -0.9058 0.2355 0.3521
vn -0.9059 0.2353 0.3520
vn -0.7231 0.4465 -0.5270
vn -0.7173 0.4500 -0.5319
vn 0.1828 0.5841 0.7908
vn 0.2432 0.5441 0.8030
vn 0.2344 0.5387 0.8093
vn 0.2433 0.5279 0.8137
vn 0.2262 0.5464 0.8064
vn 0.2423 0.5376 0.8076
vn -0.0000 0.1945 0.9809
vn -0.1654 0.1922 0.9673
vn -0.1771 0.1937 0.9649
vn -0.7147 0.1365 0.6860
vn -0.7133 0.1364 0.6875
vn 0.7147 0.1365 0.6860
vn 0.7133 0.1364 0.6875
vn 0.5310 0.1499 0.8340
vn 0.5453 0.0993 0.8324
vn 0.7067 0.1375 0.6940
vn 0.7066 0.1379 0.6941
vn 0.0536 0.1313 0.9899
vn 0.0333 0.1413 0.9894
vn 0.1991 0.1513 0.9682
vn 0.2423 0.1890 0.9516
vn 0.0060 0.9863 -0.1646
vn -0.0020 -0.9749 0.2228
vn -0.8156 0.1129 0.5676
vn -0.8153 0.1130 0.5679
vn 0.7449 0.1300 0.6544
vn 0.7473 0.1291 0.6518
vn 0.2045 0.1452 0.9680
vn -0.0000 0.1951 0.9808
vn -0.0029 0.9862 -0.1656
vn 0.0147 0.9913 -0.1304
vn 0.1778 0.1649 0.9701
vn -0.9270 -0.2916 -0.2358
vn -0.9184 -0.3527 -0.1793
vn 0.0419 -0.9617 0.2709
vn -0.0014 -0.9748 0.2229
vn 0.5448 0.2262 0.8075
vn 0.5308 0.1815 0.8278
vn -0.2778 -0.9471 0.1608
vn -0.2900 -0.9431 0.1627
vn -0.2833 0.9508 -0.1251
vn -0.2839 0.9506 -0.1254
vn 0.0284 0.2089 0.9775
vn 0.0065 0.2128 0.9771
vn -0.7074 0.7008 -0.0924
vn -0.7070 0.7011 -0.0923
vn -0.9593 0.2801 -0.0369
vn 0.0578 0.1595 0.9855
vn 0.0328 0.1413 0.9894
vn 0.0297 0.2022 0.9789
vn -0.0287 0.2089 0.9775
vn 0.0430 0.1790 0.9829
vn 0.0637 0.2123 0.9751
vn 0.1460 0.1301 0.9807
vn 0.1300 0.1834 0.9744
vn -0.0613 0.1939 0.9791
vn -0.0384 0.1950 0.9801
vn -0.0000 0.1959 0.9806
vn -0.0000 0.1942 0.9810
vn -0.9061 0.0829 0.4148
vn -0.9056 0.0824 0.4162
vn -0.7217 -0.6899 -0.0569
vn -0.7185 -0.6932 -0.0574
vn 0.1926 0.1512 0.9695
vn 0.2435 0.1823 0.9526
vn 0.2345 0.1916 0.9530
vn 0.2429 0.2019 0.9488
vn 0.2256 0.1831 0.9569
vn 0.2438 0.1912 0.9508
vn -0.0000 0.3216 0.9469
vn -0.1655 0.3173 0.9338
vn -0.1799 0.3141 0.9322
vn -0.7141 0.2249 0.6629
vn -0.7133 0.2254 0.6636
vn 0.7141 0.2249 0.6629
vn 0.7133 0.2254 0.6636
vn 0.5304 0.2861 0.7980
vn 0.5451 0.3305 0.7705
vn 0.7067 0.2277 0.6699
vn 0.0359 0.3717 0.9277
vn 0.1986 0.3538 0.9140
vn 0.2426 0.3122 0.9185
vn -0.0057 0.9369 -0.3496
vn -0.0029 0.9555 -0.2950
vn -0.8148 0.1862 0.5490
vn -0.8156 0.1858 0.5480
vn 0.7457 0.2141 0.6309
vn 0.7475 0.2137 0.6289
vn 0.2035 0.3585 0.9111
vn -0.0000 0.3212 0.9470
vn 0.0030 0.9372 -0.3487
vn -0.0145 0.9242 -0.3815
vn 0.1767 0.3424 0.9228
vn -0.9271 0.1353 -0.3494
vn -0.9184 0.2169 -0.3309
vn 0.0426 0.9684 -0.2457
vn -0.0016 0.9555 -0.2948
vn 0.5448 0.2074 0.8125
vn 0.5311 0.2554 0.8079
vn -0.2757 0.9013 -0.3340
vn -0.2894 0.8985 -0.3300
vn 0.2808 0.8871 -0.3662
vn 0.2790 0.8873 -0.3672
vn 0.0287 0.3075 0.9511
vn 0.0099 0.3044 0.9525
vn 0.7097 0.6510 -0.2694
vn 0.9594 0.2606 -0.1079
vn 0.9590 0.2616 -0.1089
vn 0.0557 0.3583 0.9319
vn 0.0369 0.3717 0.9276
vn 0.0298 0.3143 0.9488
vn -0.0320 0.3075 0.9510
vn 0.0430 0.3348 0.9413
vn 0.0626 0.3038 0.9507
vn 0.1460 0.3777 0.9143
vn 0.1296 0.3270 0.9361
vn -0.0683 0.3220 0.9443
vn -0.0249 0.3211 0.9467
vn -0.9057 0.1362 0.4015
vn -0.9055 0.1364 0.4017
vn -0.7224 0.5680 -0.3944
vn -0.7202 0.5698 -0.3958
vn 0.1743 0.3651 0.9145
vn 0.2437 0.3172 0.9165
vn 0.2328 0.3114 0.9213
vn 0.2429 0.2981 0.9231
vn 0.2296 0.3184 0.9197
vn 0.2439 0.3105 0.9187
vn -0.0000 0.0653 0.9979
vn -0.1640 0.0648 0.9843
vn -0.1767 0.0625 0.9823
vn -0.7146 0.0458 0.6980
vn -0.7150 0.0457 0.6976
vn 0.7146 0.0458 0.6980
vn 0.7150 0.0457 0.6976
vn 0.5301 0.0695 0.8451
vn 0.5453 0.1211 0.8295
vn 0.7069 0.0458 0.7059
vn 0.7068 0.0455 0.7060
vn 0.0536 0.1287 0.9902
vn 0.0352 0.1198 0.9922
vn 0.1981 0.1035 0.9747
vn 0.2416 0.0625 0.9684
vn 0.0072 -0.9953 0.0968
vn 0.0035 -0.9992 0.0389
vn -0.8155 0.0379 0.5775
vn -0.8164 0.0377 0.5763
vn 0.7494 0.0430 0.6607
vn 0.7483 0.0429 0.6620
vn 0.2055 0.1115 0.9723
vn -0.0000 0.0655 0.9979
vn -0.0029 -0.9954 0.0956
vn 0.0145 -0.9914 0.1304
vn 0.1765 0.0914 0.9800
vn 0.9271 -0.2201 0.3034
vn 0.9182 -0.2960 0.2634
vn -0.0429 -0.9990 -0.0129
vn 0.0021 -0.9992 0.0388
vn 0.5452 -0.0111 0.8382
vn 0.5311 0.0380 0.8465
vn 0.2785 -0.9562 0.0902
vn 0.2907 -0.9528 0.0874
vn -0.2806 -0.9516 0.1252
vn -0.2799 -0.9518 0.1255
vn 0.0320 0.0515 0.9982
vn 0.0086 0.0474 0.9988
vn -0.7103 -0.6979 0.0920
vn -0.7106 -0.6976 0.0918
vn -0.9592 -0.2805 0.0369
vn -0.9592 -0.2804 0.0369
vn 0.0577 0.1025 0.9931
vn 0.0344 0.1198 0.9922
vn 0.0286 0.0581 0.9979
vn -0.0276 0.0515 0.9983
vn 0.0415 0.0832 0.9957
vn 0.0633 0.0473 0.9969
vn 0.1463 0.1275 0.9810
vn 0.1300 0.0732 0.9888
vn -0.0653 0.0663 0.9957
vn -0.0391 0.0655 0.9971
vn -0.0000 0.0649 0.9979
vn -0.0000 0.0659 0.9978
vn -0.9061 0.0275 0.4221
vn -0.9058 0.0279 0.4227
vn 0.7219 -0.6513 0.2338
vn 0.7187 -0.6544 0.2352
vn 0.1920 0.1029 0.9760
vn 0.2442 0.0676 0.9674
vn 0.2343 0.0613 0.9702
vn 0.2433 0.0495 0.9687
vn 0.2277 0.0679 0.9714
vn 0.2408 0.0612 0.9686
vn 0.1641 0.9843 0.0648
vn 0.1767 0.9823 0.0625
vn -0.5301 0.8451 0.0695
vn -0.5453 0.8295 0.1211
vn -0.7069 0.7059 0.0458
vn -0.7068 0.7060 0.0455
vn -0.0536 0.9902 0.1287
vn -0.0352 0.9922 0.1198
vn -0.1981 0.9747 0.1035
vn -0.2416 0.9684 0.0625
vn -0.0072 0.0968 -0.9953
vn -0.0035 0.0389 -0.9992
vn 0.8155 0.5775 0.0379
vn 0.8164 0.5763 0.0377
vn -0.7495 0.6607 0.0430
vn -0.7483 0.6620 0.0429
vn -0.2055 0.9723 0.1115
vn 0.0029 0.0956 -0.9954
vn -0.0145 0.1304 -0.9914
vn -0.1765 0.9800 0.0914
vn -0.9271 0.3034 -0.2201
vn -0.9182 0.2634 -0.2960
vn 0.0429 -0.0129 -0.9990
vn -0.0021 0.0388 -0.9992
vn -0.5452 0.8382 -0.0112
vn -0.5311 0.8465 0.0380
vn -0.2785 0.0902 -0.9562
vn -0.2907 0.0874 -0.9528
vn 0.2806 0.1252 -0.9516
vn 0.2799 0.1255 -0.9518
vn -0.0320 0.9982 0.0515
vn -0.0086 0.9988 0.0474
vn 0.7103 0.0920 -0.6979
vn 0.7106 0.0918 -0.6976
vn 0.9592 0.0369 -0.2804
vn -0.0577 0.9931 0.1025
vn -0.0344 0.9922 0.1198
vn -0.0286 0.9979 0.0581
vn 0.0277 0.9983 0.0515
vn -0.0415 0.9957 0.0832
vn -0.0633 0.9969 0.0473
vn -0.1463 0.9810 0.1275
vn -0.1300 0.9888 0.0732
vn 0.0653 0.9957 0.0663
vn 0.0391 0.9971 0.0655
vn 0.9061 0.4221 0.0275
vn 0.9058 0.4227 0.0279
vn -0.7219 0.2338 -0.6513
vn -0.7187 0.2352 -0.6544
vn -0.1920 0.9760 0.1029
vn -0.2441 0.9674 0.0676
vn -0.2343 0.9702 0.0613
vn -0.2433 0.9687 0.0495
vn -0.2277 0.9714 0.0679
vn -0.2408 0.9686 0.0612
vn 0.1654 0.9338 0.3173
vn 0.1799 0.9322 0.3141
vn -0.5304 0.7980 0.2861
vn -0.5451 0.7705 0.3305
vn -0.7067 0.6699 0.2277
vn -0.0575 0.9227 0.3812
vn -0.0359 0.9277 0.3717
vn -0.1986 0.9140 0.3538
vn -0.2426 0.9185 0.3122
vn 0.0057 -0.3496 0.9369
vn 0.0029 -0.2950 0.9555
vn 0.8148 0.5490 0.1862
vn 0.8156 0.5480 0.1858
vn -0.7457 0.6309 0.2141
vn -0.7475 0.6289 0.2137
vn -0.2035 0.9111 0.3585
vn -0.0030 -0.3487 0.9372
vn 0.0145 -0.3815 0.9242
vn -0.1767 0.9228 0.3424
vn 0.9271 -0.3494 0.1353
vn 0.9184 -0.3309 0.2169
vn -0.0426 -0.2457 0.9684
vn 0.0016 -0.2948 0.9555
vn -0.5448 0.8125 0.2074
vn -0.5311 0.8079 0.2554
vn 0.2757 -0.3340 0.9013
vn 0.2894 -0.3300 0.8985
vn -0.2808 -0.3662 0.8871
vn -0.2790 -0.3672 0.8873
vn -0.0287 0.9511 0.3075
vn -0.0099 0.9525 0.3044
vn -0.7097 -0.2694 0.6510
vn -0.9594 -0.1079 0.2606
vn -0.9590 -0.1089 0.2616
vn -0.0557 0.9319 0.3583
vn -0.0369 0.9276 0.3717
vn -0.0298 0.9488 0.3143
vn 0.0320 0.9510 0.3075
vn -0.0430 0.9413 0.3348
vn -0.0626 0.9507 0.3038
vn -0.1460 0.9143 0.3777
vn -0.1296 0.9361 0.3270
vn 0.0683 0.9443 0.3220
vn 0.0249 0.9467 0.3211
vn 0.9057 0.4015 0.1362
vn 0.9055 0.4017 0.1364
vn 0.7224 -0.3944 0.5680
vn 0.7202 -0.3958 0.5698
vn -0.1743 0.9145 0.3651
vn -0.2437 0.9165 0.3172
vn -0.2328 0.9213 0.3114
vn -0.2429 0.9231 0.2981
vn -0.2296 0.9197 0.3184
vn -0.2439 0.9187 0.3105
vn 0.1654 0.9673 0.1922
vn 0.1771 0.9649 0.1937
vn -0.5311 0.8340 0.1499
vn -0.5453 0.8324 0.0993
vn -0.7067 0.6940 0.1375
vn -0.7066 0.6941 0.1379
vn -0.0536 0.9899 0.1313
vn -0.0333 0.9894 0.1413
vn -0.1991 0.9682 0.1513
vn -0.2423 0.9516 0.1890
vn -0.0060 -0.1646 0.9863
vn 0.0020 0.2228 -0.9749
vn 0.8156 0.5676 0.1129
vn 0.8153 0.5679 0.1130
vn -0.7449 0.6544 0.1300
vn -0.7473 0.6518 0.1291
vn -0.2045 0.9680 0.1452
vn 0.0029 -0.1656 0.9862
vn -0.0147 -0.1304 0.9913
vn -0.1778 0.9701 0.1649
vn 0.9270 -0.2358 -0.2916
vn 0.9184 -0.1793 -0.3527
vn -0.0419 0.2709 -0.9617
vn 0.0014 0.2229 -0.9748
vn -0.5448 0.8075 0.2262
vn -0.5308 0.8278 0.1815
vn 0.2778 0.1608 -0.9471
vn 0.2900 0.1627 -0.9431
vn 0.2833 -0.1251 0.9508
vn 0.2839 -0.1254 0.9506
vn -0.0284 0.9775 0.2089
vn -0.0065 0.9771 0.2128
vn 0.7074 -0.0924 0.7008
vn 0.7070 -0.0923 0.7011
vn 0.9593 -0.0369 0.2801
vn -0.0578 0.9855 0.1595
vn -0.0328 0.9894 0.1413
vn -0.0297 0.9789 0.2022
vn 0.0287 0.9775 0.2089
vn -0.0430 0.9829 0.1790
vn -0.0637 0.9751 0.2123
vn -0.1460 0.9807 0.1301
vn -0.1300 0.9744 0.1834
vn 0.0613 0.9791 0.1939
vn 0.0384 0.9801 0.1950
vn 0.9061 0.4148 0.0829
vn 0.9056 0.4162 0.0824
vn 0.7217 -0.0569 -0.6899
vn 0.7185 -0.0574 -0.6932
vn -0.1926 0.9695 0.1513
vn -0.2435 0.9526 0.1823
vn -0.2345 0.9530 0.1916
vn -0.2429 0.9488 0.2019
vn -0.2256 0.9569 0.1831
vn -0.2438 0.9508 0.1912
vn 0.1644 0.8199 0.5483
vn 0.1791 0.8192 0.5448
vn -0.5310 0.6958 0.4837
vn -0.5454 0.6582 0.5190
vn -0.7069 0.5880 0.3933
vn -0.7067 0.5883 0.3930
vn -0.0566 0.7920 0.6078
vn -0.0305 0.8007 0.5982
vn -0.1984 0.7923 0.5770
vn -0.2410 0.8070 0.5391
vn -0.0069 0.5811 -0.8138
vn 0.0011 -0.5311 0.8473
vn 0.8143 0.4827 0.3225
vn 0.8156 0.4812 0.3212
vn -0.7463 0.5534 0.3700
vn -0.7470 0.5526 0.3696
vn -0.2079 0.7844 0.5844
vn 0.0027 0.5802 -0.8145
vn -0.0139 0.6071 -0.7945
vn -0.1756 0.8031 0.5693
vn 0.9273 -0.3724 0.0382
vn 0.9184 -0.3758 0.1240
vn -0.0410 -0.4892 0.8712
vn 0.0009 -0.5311 0.8473
vn -0.5448 0.7310 0.4109
vn -0.5308 0.7138 0.4568
vn 0.2795 -0.5555 0.7831
vn 0.2890 -0.5522 0.7820
vn 0.2828 0.5824 -0.7621
vn 0.2790 0.5845 -0.7619
vn -0.0312 0.8393 0.5427
vn -0.0127 0.8415 0.5402
vn 0.7085 0.4296 -0.5599
vn 0.9594 0.1716 -0.2237
vn 0.9592 0.1725 -0.2242
vn -0.0559 0.8087 0.5856
vn -0.0358 0.8006 0.5981
vn -0.0295 0.8355 0.5487
vn 0.0322 0.8393 0.5427
vn -0.0388 0.8201 0.5709
vn -0.0615 0.8399 0.5392
vn -0.1456 0.7849 0.6023
vn -0.1294 0.8188 0.5594
vn 0.0803 0.8277 0.5554
vn 0.0272 0.8312 0.5553
vn 0.9058 0.3521 0.2355
vn 0.9059 0.3520 0.2353
vn 0.7231 -0.5270 0.4465
vn 0.7173 -0.5319 0.4500
vn -0.1828 0.7908 0.5841
vn -0.2433 0.8030 0.5441
vn -0.2344 0.8093 0.5387
vn -0.2433 0.8137 0.5279
vn -0.2262 0.8064 0.5464
vn -0.2423 0.8076 0.5376
vn 0.1644 0.8849 0.4359
vn 0.1798 0.8813 0.4371
vn -0.5306 0.7666 0.3618
vn -0.5451 0.7784 0.3114
vn -0.7069 0.6344 0.3126
vn -0.7068 0.6344 0.3130
vn -0.0260 0.9179 0.3960
vn -0.1984 0.8957 0.3979
vn -0.2409 0.8704 0.4294
vn 0.0039 0.4169 -0.9089
vn 0.0015 0.4679 -0.8838
vn 0.8149 0.5197 0.2565
vn 0.8156 0.5188 0.2562
vn -0.7451 0.5982 0.2950
vn -0.7463 0.5970 0.2942
vn -0.2076 0.8981 0.3877
vn -0.0037 0.4177 -0.9086
vn 0.0143 0.3844 -0.9231
vn -0.1759 0.8945 0.4110
vn 0.9272 -0.1515 -0.3425
vn 0.9185 -0.0807 -0.3871
vn -0.0411 0.5106 -0.8589
vn 0.0019 0.4678 -0.8838
vn -0.5448 0.7215 0.4274
vn -0.5312 0.7519 0.3905
vn 0.2765 0.4002 -0.8737
vn 0.2906 0.4011 -0.8687
vn -0.2807 0.3690 -0.8860
vn -0.2789 0.3684 -0.8869
vn -0.0311 0.8898 0.4554
vn -0.0105 0.8885 0.4588
vn -0.7096 0.2703 -0.6507
vn -0.7082 0.2700 -0.6523
vn -0.9591 0.1082 -0.2615
vn -0.9595 0.1083 -0.2601
vn -0.0557 0.9122 0.4059
vn -0.0404 0.9174 0.3958
vn -0.0293 0.8932 0.4487
vn 0.0354 0.8896 0.4553
vn -0.0389 0.9046 0.4245
vn -0.0617 0.8868 0.4580
vn -0.1464 0.9143 0.3777
vn -0.1296 0.8932 0.4305
vn 0.0665 0.8954 0.4402
vn 0.0262 0.8964 0.4424
vn 0.9057 0.3802 0.1874
vn 0.9059 0.3797 0.1875
vn 0.7210 0.1238 -0.6818
vn 0.7203 0.1238 -0.6825
vn -0.1860 0.9001 0.3940
vn -0.2436 0.8727 0.4231
vn -0.2338 0.8712 0.4317
vn -0.2433 0.8636 0.4416
vn -0.2252 0.8767 0.4251
vn -0.2421 0.8694 0.4308
vn 0.1708 0.6498 0.7407
vn 0.1794 0.6499 0.7385
vn -0.5309 0.5479 0.6465
vn -0.5454 0.5026 0.6708
vn -0.7072 0.4655 0.5322
vn -0.7068 0.4668 0.5316
vn -0.0566 0.6066 0.7930
vn -0.0310 0.6173 0.7862
vn -0.1980 0.6150 0.7633
vn -0.2426 0.6401 0.7290
vn -0.0068 0.7716 -0.6361
vn 0.0020 -0.7330 0.6803
vn 0.8143 0.3825 0.4366
vn 0.8159 0.3812 0.4347
vn -0.7436 0.4407 0.5028
vn -0.7484 0.4367 0.4993
vn -0.2024 0.6105 0.7657
vn 0.0039 0.7708 -0.6370
vn -0.0143 0.7936 -0.6083
vn -0.1767 0.6280 0.7579
vn 0.9273 -0.3697 -0.0583
vn 0.9185 -0.3947 0.0223
vn -0.0399 -0.6993 0.7137
vn 0.0012 -0.7329 0.6803
vn -0.5443 0.6000 0.5863
vn -0.5313 0.5732 0.6238
vn 0.2777 -0.7399 0.6127
vn 0.2869 -0.7366 0.6125
vn 0.2778 0.7625 -0.5844
vn 0.2778 0.7624 -0.5844
vn -0.0302 0.6701 0.7417
vn -0.0099 0.6730 0.7395
vn 0.7094 0.5594 -0.4288
vn 0.9592 0.2245 -0.1721
vn 0.9595 0.2233 -0.1718
vn -0.0557 0.6265 0.7774
vn -0.0386 0.6171 0.7859
vn -0.0347 0.6643 0.7467
vn 0.0310 0.6701 0.7417
vn -0.0373 0.6428 0.7651
vn -0.0613 0.6718 0.7382
vn -0.1466 0.6010 0.7857
vn -0.1294 0.6473 0.7512
vn 0.0671 0.6564 0.7514
vn 0.0277 0.6587 0.7519
vn 0.9059 0.2791 0.3186
vn 0.9057 0.2792 0.3189
vn 0.7224 -0.6255 0.2948
vn 0.7211 -0.6268 0.2953
vn -0.1835 0.6134 0.7682
vn -0.2412 0.6345 0.7344
vn -0.2331 0.6414 0.7309
vn -0.2456 0.6515 0.7178
vn -0.2270 0.6367 0.7369
vn -0.2421 0.6400 0.7292
vn 0.1708 0.7407 0.6498
vn 0.1794 0.7385 0.6499
vn -0.5309 0.6465 0.5479
vn -0.5454 0.6708 0.5026
vn -0.7072 0.5322 0.4655
vn -0.7068 0.5316 0.4668
vn -0.0566 0.7930 0.6066
vn -0.0310 0.7862 0.6173
vn -0.1980 0.7633 0.6150
vn -0.2426 0.7290 0.6401
vn -0.0068 -0.6361 0.7716
vn 0.0020 0.6803 -0.7330
vn 0.8143 0.4366 0.3825
vn 0.8159 0.4347 0.3812
vn -0.7436 0.5028 0.4407
vn -0.7484 0.4993 0.4367
vn -0.2024 0.7657 0.6105
vn 0.0039 -0.6370 0.7708
vn -0.0143 -0.6083 0.7936
vn -0.1767 0.7579 0.6280
vn 0.9273 -0.0583 -0.3697
vn 0.9185 0.0223 -0.3947
vn -0.0399 0.7137 -0.6993
vn 0.0012 0.6803 -0.7329
vn -0.5443 0.5863 0.6000
vn -0.5313 0.6238 0.5732
vn 0.2777 0.6127 -0.7399
vn 0.2869 0.6125 -0.7366
vn 0.2778 -0.5844 0.7624
vn -0.0302 0.7417 0.6701
vn -0.0099 0.7395 0.6730
vn 0.7093 -0.4288 0.5594
vn 0.7094 -0.4288 0.5594
vn 0.9592 -0.1721 0.2245
vn 0.9595 -0.1718 0.2233
vn -0.0557 0.7774 0.6265
vn -0.0386 0.7859 0.6171
vn -0.0347 0.7467 0.6643
vn 0.0310 0.7417 0.6701
vn -0.0373 0.7652 0.6428
vn -0.0613 0.7382 0.6718
vn -0.1466 0.7857 0.6010
vn -0.1294 0.7512 0.6473
vn 0.0671 0.7514 0.6564
vn 0.0277 0.7519 0.6587
vn 0.9059 0.3186 0.2791
vn 0.9057 0.3189 0.2792
vn 0.7224 0.2948 -0.6255
vn 0.7211 0.2953 -0.6268
vn -0.1835 0.7682 0.6134
vn -0.2412 0.7344 0.6345
vn -0.2331 0.7309 0.6414
vn -0.2456 0.7178 0.6515
vn -0.2270 0.7369 0.6367
vn -0.2421 0.7292 0.6400
vn 0.1644 0.4359 0.8849
vn 0.1798 0.4371 0.8813
vn -0.5306 0.3618 0.7666
vn -0.5451 0.3114 0.7784
vn -0.7069 0.3126 0.6344
vn -0.7068 0.3130 0.6344
vn -0.0575 0.3812 0.9227
vn -0.0260 0.3960 0.9179
vn -0.1984 0.3979 0.8957
vn -0.2409 0.4294 0.8704
vn 0.0039 -0.9089 0.4169
vn 0.0015 -0.8838 0.4679
vn 0.8149 0.2565 0.5197
vn 0.8156 0.2562 0.5188
vn -0.7451 0.2950 0.5982
vn -0.7463 0.2942 0.5970
vn -0.2076 0.3877 0.8981
vn -0.0037 -0.9086 0.4177
vn 0.0143 -0.9231 0.3844
vn -0.1759 0.4110 0.8945
vn 0.9272 -0.3425 -0.1515
vn 0.9185 -0.3871 -0.0807
vn -0.0411 -0.8589 0.5106
vn 0.0019 -0.8838 0.4678
vn -0.5448 0.4274 0.7215
vn -0.5312 0.3905 0.7519
vn 0.2765 -0.8737 0.4002
vn 0.2906 -0.8687 0.4011
vn -0.2807 -0.8860 0.3690
vn -0.2789 -0.8869 0.3684
vn -0.0311 0.4554 0.8898
vn -0.0105 0.4589 0.8885
vn -0.7096 -0.6507 0.2703
vn -0.7082 -0.6523 0.2700
vn -0.9591 -0.2615 0.1082
vn -0.9595 -0.2601 0.1083
vn -0.0557 0.4059 0.9122
vn -0.0404 0.3958 0.9174
vn -0.0293 0.4487 0.8932
vn 0.0354 0.4553 0.8896
vn -0.0389 0.4245 0.9046
vn -0.0617 0.4580 0.8868
vn -0.1464 0.3777 0.9143
vn -0.1296 0.4305 0.8932
vn 0.0665 0.4402 0.8954
vn 0.0262 0.4424 0.8964
vn 0.9057 0.1874 0.3802
vn 0.9059 0.1875 0.3797
vn 0.7210 -0.6818 0.1238
vn 0.7203 -0.6825 0.1238
vn -0.1860 0.3940 0.9001
vn -0.2436 0.4231 0.8727
vn -0.2338 0.4317 0.8712
vn -0.2433 0.4416 0.8636
vn -0.2252 0.4251 0.8767
vn -0.2421 0.4309 0.8694
vn 0.1644 0.5483 0.8199
vn 0.1791 0.5448 0.8192
vn -0.5310 0.4837 0.6958
vn -0.5454 0.5190 0.6582
vn -0.7069 0.3933 0.5880
vn -0.7067 0.3930 0.5883
vn -0.0567 0.6078 0.7920
vn -0.0305 0.5982 0.8007
vn -0.1984 0.5770 0.7923
vn -0.2410 0.5391 0.8070
vn -0.0069 -0.8138 0.5811
vn 0.0011 0.8473 -0.5311
vn 0.8143 0.3225 0.4827
vn 0.8156 0.3212 0.4812
vn -0.7462 0.3700 0.5534
vn -0.7470 0.3696 0.5526
vn -0.2079 0.5844 0.7844
vn 0.0027 -0.8145 0.5802
vn -0.0139 -0.7945 0.6071
vn -0.1756 0.5693 0.8031
vn 0.9273 0.0382 -0.3724
vn 0.9184 0.1240 -0.3758
vn -0.0410 0.8712 -0.4892
vn 0.0009 0.8473 -0.5311
vn -0.5448 0.4109 0.7310
vn -0.5308 0.4568 0.7138
vn 0.2795 0.7831 -0.5555
vn 0.2890 0.7820 -0.5522
vn 0.2828 -0.7621 0.5824
vn 0.2790 -0.7619 0.5845
vn -0.0312 0.5427 0.8393
vn -0.0127 0.5402 0.8415
vn 0.7085 -0.5599 0.4296
vn 0.9594 -0.2237 0.1716
vn 0.9592 -0.2242 0.1725
vn -0.0559 0.5856 0.8087
vn -0.0358 0.5981 0.8006
vn -0.0295 0.5488 0.8355
vn 0.0322 0.5427 0.8393
vn -0.0388 0.5709 0.8201
vn -0.0615 0.5392 0.8399
vn -0.1456 0.6023 0.7848
vn -0.1294 0.5594 0.8188
vn 0.0803 0.5554 0.8277
vn 0.0272 0.5553 0.8312
vn 0.9058 0.2355 0.3521
vn 0.9059 0.2353 0.3520
vn 0.7231 0.4465 -0.5270
vn 0.7173 0.4500 -0.5319
vn -0.1828 0.5841 0.7908
vn -0.2432 0.5441 0.8030
vn -0.2344 0.5387 0.8093
vn -0.2433 0.5279 0.8137
vn -0.2262 0.5464 0.8064
vn -0.2423 0.5376 0.8076
vn 0.1654 0.1922 0.9673
vn 0.1771 0.1937 0.9649
vn -0.5310 0.1499 0.8340
vn -0.5453 0.0993 0.8324
vn -0.7067 0.1375 0.6940
vn -0.7066 0.1379 0.6941
vn -0.0536 0.1313 0.9899
vn -0.0333 0.1413 0.9894
vn -0.1991 0.1513 0.9682
vn -0.2423 0.1890 0.9516
vn -0.0060 0.9863 -0.1646
vn 0.0020 -0.9749 0.2228
vn 0.8156 0.1129 0.5676
vn 0.8153 0.1130 0.5679
vn -0.7449 0.1300 0.6544
vn -0.7473 0.1291 0.6518
vn -0.2045 0.1452 0.9680
vn 0.0029 0.9862 -0.1656
vn -0.0147 0.9913 -0.1304
vn -0.1778 0.1649 0.9701
vn 0.9270 -0.2916 -0.2358
vn 0.9184 -0.3527 -0.1793
vn -0.0419 -0.9617 0.2709
vn 0.0014 -0.9748 0.2229
vn -0.5448 0.2262 0.8075
vn -0.5308 0.1815 0.8278
vn 0.2778 -0.9471 0.1608
vn 0.2900 -0.9431 0.1627
vn 0.2833 0.9508 -0.1251
vn 0.2839 0.9506 -0.1254
vn -0.0284 0.2089 0.9775
vn -0.0065 0.2128 0.9771
vn 0.7074 0.7008 -0.0924
vn 0.7070 0.7011 -0.0923
vn 0.9593 0.2801 -0.0369
vn -0.0578 0.1595 0.9855
vn -0.0328 0.1413 0.9894
vn -0.0297 0.2022 0.9789
vn 0.0287 0.2089 0.9775
vn -0.0430 0.1790 0.9829
vn -0.0637 0.2123 0.9751
vn -0.1460 0.1301 0.9807
vn -0.1300 0.1834 0.9744
vn 0.0613 0.1939 0.9791
vn 0.0384 0.1950 0.9801
vn 0.9061 0.0829 0.4148
vn 0.9056 0.0824 0.4162
vn 0.7217 -0.6899 -0.0569
vn 0.7185 -0.6932 -0.0574
vn -0.1926 0.1512 0.9695
vn -0.2435 0.1823 0.9526
vn -0.2345 0.1916 0.9530
vn -0.2429 0.2019 0.9488
vn -0.2256 0.1831 0.9569
vn -0.2438 0.1912 0.9508
vn 0.1655 0.3173 0.9338
vn 0.1799 0.3141 0.9322
vn -0.5304 0.2861 0.7980
vn -0.5451 0.3305 0.7705
vn -0.7067 0.2277 0.6699
vn -0.0359 0.3717 0.9277
vn -0.1986 0.3538 0.9140
vn -0.2426 0.3122 0.9185
vn 0.0057 0.9369 -0.3496
vn 0.0029 0.9555 -0.2950
vn 0.8148 0.1862 0.5490
vn 0.8156 0.1858 0.5480
vn -0.7457 0.2141 0.6309
vn -0.7475 0.2137 0.6289
vn -0.2035 0.3585 0.9111
vn -0.0030 0.9372 -0.3487
vn 0.0145 0.9242 -0.3815
vn -0.1767 0.3424 0.9228
vn 0.9271 0.1353 -0.3494
vn 0.9184 0.2169 -0.3309
vn -0.0426 0.9684 -0.2457
vn 0.0016 0.9555 -0.2948
vn -0.5448 0.2074 0.8125
vn -0.5311 0.2554 0.8079
vn 0.2757 0.9013 -0.3340
vn 0.2894 0.8985 -0.3300
vn -0.2808 0.8871 -0.3662
vn -0.2790 0.8873 -0.3672
vn -0.0287 0.3075 0.9511
vn -0.0099 0.3044 0.9525
vn -0.7097 0.6510 -0.2694
vn -0.9594 0.2606 -0.1079
vn -0.9590 0.2616 -0.1089
vn -0.0557 0.3583 0.9319
vn -0.0369 0.3717 0.9276
vn -0.0298 0.3143 0.9488
vn 0.0320 0.3075 0.9510
vn -0.0430 0.3348 0.9413
vn -0.0626 0.3038 0.9507
vn -0.1460 0.3777 0.9143
vn -0.1296 0.3270 0.9361
vn 0.0683 0.3220 0.9443
vn 0.0249 0.3211 0.9467
vn 0.9057 0.1362 0.4015
vn 0.9056 0.1364 0.4017
vn 0.7224 0.5680 -0.3944
vn 0.7202 0.5698 -0.3958
vn -0.1743 0.3651 0.9145
vn -0.2437 0.3172 0.9165
vn -0.2328 0.3114 0.9213
vn -0.2429 0.2981 0.9231
vn -0.2296 0.3184 0.9197
vn -0.2439 0.3105 0.9187
vn 0.1640 0.0648 0.9843
vn 0.1767 0.0625 0.9823
vn -0.5301 0.0695 0.8451
vn -0.5453 0.1211 0.8295
vn -0.7069 0.0458 0.7059
vn -0.7068 0.0455 0.7060
vn -0.0536 0.1287 0.9902
vn -0.0352 0.1198 0.9922
vn -0.1981 0.1035 0.9747
vn -0.2416 0.0625 0.9684
vn -0.0072 -0.9953 0.0968
vn -0.0035 -0.9992 0.0389
vn 0.8155 0.0379 0.5775
vn 0.8164 0.0377 0.5763
vn -0.7494 0.0430 0.6607
vn -0.7483 0.0429 0.6620
vn -0.2055 0.1115 0.9723
vn 0.0029 -0.9954 0.0956
vn -0.0145 -0.9914 0.1304
vn -0.1765 0.0914 0.9800
vn -0.9271 -0.2201 0.3034
vn -0.9182 -0.2960 0.2634
vn 0.0429 -0.9990 -0.0129
vn -0.0021 -0.9992 0.0388
vn -0.5452 -0.0111 0.8382
vn -0.5311 0.0380 0.8465
vn -0.2785 -0.9562 0.0902
vn -0.2907 -0.9528 0.0874
vn 0.2806 -0.9516 0.1252
vn 0.2799 -0.9518 0.1255
vn -0.0320 0.0515 0.9982
vn -0.0086 0.0474 0.9988
vn 0.7103 -0.6979 0.0920
vn 0.7106 -0.6976 0.0918
vn 0.9592 -0.2805 0.0369
vn 0.9592 -0.2804 0.0369
vn -0.0577 0.1025 0.9931
vn -0.0344 0.1198 0.9922
vn -0.0286 0.0581 0.9979
vn 0.0276 0.0515 0.9983
vn -0.0415 0.0832 0.9957
vn -0.0633 0.0473 0.9969
vn -0.1463 0.1275 0.9810
vn -0.1300 0.0732 0.9888
vn 0.0653 0.0663 0.9957
vn 0.0391 0.0655 0.9971
vn 0.9061 0.0275 0.4221
vn 0.9058 0.0279 0.4227
vn -0.7219 -0.6513 0.2338
vn -0.7187 -0.6544 0.2352
vn -0.1920 0.1029 0.9760
vn -0.2442 0.0676 0.9674
vn -0.2343 0.0613 0.9702
vn -0.2433 0.0495 0.9687
vn -0.2277 0.0679 0.9714
vn -0.2408 0.0612 0.9686
vn -0.0000 -0.9979 -0.0653
vn -0.1641 -0.9843 -0.0648
vn -0.1767 -0.9823 -0.0625
vn -0.7146 -0.6980 -0.0458
vn -0.7150 -0.6976 -0.0457
vn 0.7146 -0.6980 -0.0458
vn 0.7150 -0.6976 -0.0457
vn 0.5301 -0.8451 -0.0695
vn 0.5453 -0.8295 -0.1211
vn 0.7069 -0.7059 -0.0458
vn 0.7068 -0.7060 -0.0455
vn 0.0536 -0.9902 -0.1287
vn 0.0352 -0.9922 -0.1198
vn 0.1981 -0.9747 -0.1035
vn 0.2416 -0.9684 -0.0625
vn 0.0072 -0.0968 0.9953
vn 0.0035 -0.0389 0.9992
vn -0.8155 -0.5775 -0.0379
vn -0.8164 -0.5763 -0.0377
vn 0.7495 -0.6607 -0.0430
vn 0.7483 -0.6620 -0.0429
vn 0.2055 -0.9723 -0.1115
vn -0.0000 -0.9979 -0.0655
vn -0.0029 -0.0956 0.9954
vn 0.0145 -0.1304 0.9914
vn 0.1765 -0.9800 -0.0914
vn 0.9271 -0.3034 0.2201
vn 0.9182 -0.2634 0.2960
vn -0.0429 0.0129 0.9990
vn 0.0021 -0.0388 0.9992
vn 0.5452 -0.8382 0.0112
vn 0.5311 -0.8465 -0.0380
vn 0.2785 -0.0902 0.9562
vn 0.2907 -0.0874 0.9528
vn -0.2806 -0.1252 0.9516
vn -0.2799 -0.1255 0.9518
vn 0.0320 -0.9982 -0.0515
vn 0.0086 -0.9988 -0.0474
vn -0.7103 -0.0920 0.6979
vn -0.7106 -0.0918 0.6976
vn -0.9592 -0.0369 0.2804
vn 0.0577 -0.9931 -0.1025
vn 0.0344 -0.9922 -0.1198
vn 0.0286 -0.9979 -0.0581
vn -0.0277 -0.9983 -0.0515
vn 0.0415 -0.9957 -0.0832
vn 0.0633 -0.9969 -0.0473
vn 0.1463 -0.9810 -0.1275
vn 0.1300 -0.9888 -0.0732
vn -0.0653 -0.9957 -0.0663
vn -0.0391 -0.9971 -0.0655
vn -0.0000 -0.9979 -0.0649
vn -0.0000 -0.9978 -0.0659
vn -0.9061 -0.4221 -0.0275
vn -0.9058 -0.4227 -0.0279
vn 0.7219 -0.2338 0.6513
vn 0.7187 -0.2352 0.6544
vn 0.1920 -0.9760 -0.1029
vn 0.2441 -0.9674 -0.0676
vn 0.2343 -0.9702 -0.0613
vn 0.2433 -0.9687 -0.0495
vn 0.2277 -0.9714 -0.0679
vn 0.2408 -0.9686 -0.0612
vn -0.0000 -0.9469 -0.3216
vn -0.1654 -0.9338 -0.3173
vn -0.1799 -0.9322 -0.3141
vn -0.7141 -0.6629 -0.2249
vn -0.7134 -0.6636 -0.2254
vn 0.7141 -0.6629 -0.2249
vn 0.7134 -0.6636 -0.2254
vn 0.5304 -0.7980 -0.2861
vn 0.5451 -0.7705 -0.3305
vn 0.7067 -0.6699 -0.2277
vn 0.0575 -0.9227 -0.3812
vn 0.0359 -0.9277 -0.3717
vn 0.1986 -0.9140 -0.3538
vn 0.2426 -0.9185 -0.3122
vn -0.0057 0.3496 -0.9369
vn -0.0029 0.2950 -0.9555
vn -0.8148 -0.5490 -0.1862
vn -0.8156 -0.5480 -0.1858
vn 0.7457 -0.6309 -0.2141
vn 0.7475 -0.6289 -0.2137
vn 0.2035 -0.9111 -0.3585
vn -0.0000 -0.9470 -0.3212
vn 0.0030 0.3487 -0.9372
vn -0.0145 0.3815 -0.9242
vn 0.1767 -0.9228 -0.3424
vn -0.9271 0.3494 -0.1353
vn -0.9184 0.3309 -0.2169
vn 0.0426 0.2457 -0.9684
vn -0.0016 0.2948 -0.9555
vn 0.5448 -0.8125 -0.2074
vn 0.5311 -0.8079 -0.2554
vn -0.2757 0.3340 -0.9013
vn -0.2894 0.3300 -0.8985
vn 0.2808 0.3662 -0.8871
vn 0.2790 0.3672 -0.8873
vn 0.0287 -0.9511 -0.3075
vn 0.0099 -0.9525 -0.3044
vn 0.7097 0.2694 -0.6510
vn 0.9594 0.1079 -0.2606
vn 0.9590 0.1089 -0.2616
vn 0.0557 -0.9319 -0.3583
vn 0.0369 -0.9276 -0.3717
vn 0.0298 -0.9488 -0.3143
vn -0.0320 -0.9510 -0.3075
vn 0.0430 -0.9413 -0.3348
vn 0.0626 -0.9507 -0.3038
vn 0.1460 -0.9143 -0.3777
vn 0.1296 -0.9361 -0.3270
vn -0.0683 -0.9443 -0.3220
vn -0.0249 -0.9467 -0.3211
vn -0.9057 -0.4015 -0.1362
vn -0.9055 -0.4017 -0.1364
vn -0.7224 0.3944 -0.5680
vn -0.7202 0.3958 -0.5698
vn 0.1743 -0.9145 -0.3651
vn 0.2437 -0.9165 -0.3172
vn 0.2328 -0.9213 -0.3114
vn 0.2429 -0.9231 -0.2981
vn 0.2296 -0.9197 -0.3184
vn 0.2439 -0.9187 -0.3105
vn -0.0000 -0.9809 -0.1945
vn -0.1654 -0.9673 -0.1922
vn -0.1771 -0.9649 -0.1937
vn -0.7147 -0.6860 -0.1365
vn -0.7133 -0.6875 -0.1363
vn 0.7147 -0.6860 -0.1365
vn 0.7133 -0.6875 -0.1363
vn 0.5311 -0.8340 -0.1499
vn 0.5453 -0.8324 -0.0993
vn 0.7067 -0.6940 -0.1375
vn 0.7066 -0.6941 -0.1379
vn 0.0536 -0.9899 -0.1313
vn 0.0333 -0.9894 -0.1413
vn 0.1991 -0.9682 -0.1513
vn 0.2423 -0.9516 -0.1890
vn 0.0060 0.1646 -0.9863
vn -0.0020 -0.2228 0.9749
vn -0.8156 -0.5676 -0.1129
vn -0.8153 -0.5679 -0.1130
vn 0.7449 -0.6544 -0.1300
vn 0.7473 -0.6518 -0.1291
vn 0.2045 -0.9680 -0.1452
vn -0.0000 -0.9808 -0.1951
vn -0.0029 0.1656 -0.9862
vn 0.0147 0.1304 -0.9913
vn 0.1778 -0.9701 -0.1649
vn -0.9270 0.2358 0.2916
vn -0.9184 0.1793 0.3527
vn 0.0419 -0.2709 0.9617
vn -0.0014 -0.2229 0.9748
vn 0.5448 -0.8075 -0.2262
vn 0.5308 -0.8278 -0.1815
vn -0.2778 -0.1608 0.9471
vn -0.2900 -0.1627 0.9431
vn -0.2833 0.1251 -0.9508
vn -0.2839 0.1254 -0.9506
vn 0.0284 -0.9775 -0.2089
vn 0.0065 -0.9771 -0.2128
vn -0.7074 0.0924 -0.7008
vn -0.7070 0.0923 -0.7011
vn -0.9593 0.0369 -0.2801
vn 0.0578 -0.9855 -0.1595
vn 0.0328 -0.9894 -0.1413
vn 0.0297 -0.9789 -0.2022
vn -0.0287 -0.9775 -0.2089
vn 0.0430 -0.9829 -0.1790
vn 0.0637 -0.9751 -0.2123
vn 0.1460 -0.9807 -0.1301
vn 0.1300 -0.9744 -0.1834
vn -0.0613 -0.9791 -0.1939
vn -0.0384 -0.9801 -0.1950
vn -0.0000 -0.9806 -0.1959
vn -0.0000 -0.9810 -0.1942
vn -0.9061 -0.4148 -0.0829
vn -0.9056 -0.4162 -0.0824
vn -0.7217 0.0569 0.6899
vn -0.7185 0.0574 0.6932
vn 0.1926 -0.9695 -0.1513
vn 0.2435 -0.9526 -0.1823
vn 0.2345 -0.9530 -0.1916
vn 0.2429 -0.9488 -0.2019
vn 0.2256 -0.9569 -0.1831
vn 0.2438 -0.9508 -0.1912
vn -0.0000 -0.8314 -0.5557
vn -0.1644 -0.8199 -0.5483
vn -0.1791 -0.8192 -0.5448
vn -0.7143 -0.5819 -0.3888
vn -0.7138 -0.5823 -0.3892
vn 0.7143 -0.5819 -0.3888
vn 0.7138 -0.5823 -0.3892
vn 0.5310 -0.6958 -0.4837
vn 0.5454 -0.6582 -0.5190
vn 0.7069 -0.5880 -0.3933
vn 0.7067 -0.5883 -0.3930
vn 0.0566 -0.7920 -0.6078
vn 0.0305 -0.8007 -0.5982
vn 0.1984 -0.7923 -0.5770
vn 0.2410 -0.8070 -0.5391
vn 0.0069 -0.5811 0.8138
vn -0.0011 0.5311 -0.8473
vn -0.8143 -0.4827 -0.3225
vn -0.8156 -0.4812 -0.3212
vn 0.7463 -0.5534 -0.3700
vn 0.7470 -0.5526 -0.3696
vn 0.2079 -0.7844 -0.5844
vn -0.0000 -0.8315 -0.5555
vn -0.0027 -0.5802 0.8145
vn 0.0139 -0.6071 0.7945
vn 0.1756 -0.8031 -0.5693
vn -0.9273 0.3724 -0.0382
vn -0.9184 0.3758 -0.1240
vn 0.0410 0.4892 -0.8712
vn -0.0009 0.5311 -0.8473
vn 0.5448 -0.7310 -0.4109
vn 0.5308 -0.7138 -0.4568
vn -0.2795 0.5555 -0.7831
vn -0.2890 0.5522 -0.7820
vn -0.2828 -0.5824 0.7621
vn -0.2790 -0.5845 0.7619
vn 0.0312 -0.8393 -0.5427
vn 0.0127 -0.8415 -0.5402
vn -0.7085 -0.4296 0.5599
vn -0.9594 -0.1716 0.2237
vn -0.9592 -0.1725 0.2242
vn 0.0559 -0.8087 -0.5856
vn 0.0358 -0.8006 -0.5981
vn 0.0295 -0.8355 -0.5487
vn -0.0322 -0.8393 -0.5427
vn 0.0388 -0.8201 -0.5709
vn 0.0615 -0.8399 -0.5392
vn 0.1456 -0.7849 -0.6023
vn 0.1294 -0.8188 -0.5594
vn -0.0803 -0.8277 -0.5554
vn -0.0272 -0.8312 -0.5553
vn -0.0000 -0.8312 -0.5559
vn -0.9058 -0.3521 -0.2355
vn -0.9059 -0.3520 -0.2353
vn -0.7231 0.5270 -0.4465
vn -0.7173 0.5319 -0.4500
vn 0.1828 -0.7908 -0.5841
vn 0.2433 -0.8030 -0.5441
vn 0.2344 -0.8093 -0.5387
vn 0.2433 -0.8137 -0.5279
vn 0.2262 -0.8064 -0.5464
vn 0.2423 -0.8076 -0.5376
vn -0.0000 -0.8968 -0.4425
vn -0.1644 -0.8849 -0.4359
vn -0.1798 -0.8813 -0.4371
vn -0.7141 -0.6278 -0.3098
vn -0.7138 -0.6280 -0.3099
vn 0.7141 -0.6278 -0.3098
vn 0.7138 -0.6280 -0.3099
vn 0.5306 -0.7666 -0.3618
vn 0.5451 -0.7784 -0.3114
vn 0.7069 -0.6344 -0.3126
vn 0.7068 -0.6344 -0.3130
vn 0.0260 -0.9179 -0.3960
vn 0.1984 -0.8957 -0.3979
vn 0.2409 -0.8704 -0.4294
vn -0.0039 -0.4169 0.9089
vn -0.0015 -0.4679 0.8838
vn -0.8149 -0.5197 -0.2565
vn -0.8156 -0.5188 -0.2562
vn 0.7451 -0.5982 -0.2950
vn 0.7463 -0.5970 -0.2942
vn 0.2076 -0.8981 -0.3877
vn -0.0000 -0.8967 -0.4425
vn 0.0037 -0.4177 0.9086
vn -0.0143 -0.3844 0.9231
vn 0.1759 -0.8945 -0.4110
vn -0.9272 0.1515 0.3425
vn -0.9185 0.0807 0.3871
vn 0.0411 -0.5106 0.8589
vn -0.0019 -0.4678 0.8838
vn 0.5448 -0.7215 -0.4274
vn 0.5312 -0.7519 -0.3905
vn -0.2765 -0.4002 0.8737
vn -0.2906 -0.4011 0.8687
vn 0.2807 -0.3690 0.8860
vn 0.2789 -0.3684 0.8869
vn 0.0311 -0.8898 -0.4554
vn 0.0105 -0.8885 -0.4588
vn 0.7096 -0.2703 0.6507
vn 0.7082 -0.2700 0.6523
vn 0.9591 -0.1082 0.2615
vn 0.9595 -0.1083 0.2601
vn 0.0557 -0.9122 -0.4059
vn 0.0404 -0.9174 -0.3958
vn 0.0293 -0.8932 -0.4487
vn -0.0354 -0.8896 -0.4553
vn 0.0389 -0.9046 -0.4245
vn 0.0617 -0.8868 -0.4580
vn 0.1464 -0.9143 -0.3777
vn 0.1296 -0.8932 -0.4305
vn -0.0665 -0.8954 -0.4402
vn -0.0262 -0.8964 -0.4424
vn -0.0000 -0.8969 -0.4422
vn -0.0000 -0.8966 -0.4427
vn -0.9057 -0.3802 -0.1874
vn -0.9059 -0.3797 -0.1875
vn -0.7210 -0.1238 0.6818
vn -0.7203 -0.1238 0.6825
vn 0.1860 -0.9001 -0.3940
vn 0.2436 -0.8727 -0.4231
vn 0.2338 -0.8712 -0.4317
vn 0.2433 -0.8636 -0.4416
vn 0.2252 -0.8767 -0.4251
vn 0.2421 -0.8694 -0.4308
vn -0.0000 -0.6592 -0.7520
vn -0.1708 -0.6498 -0.7407
vn -0.1794 -0.6499 -0.7385
vn -0.7145 -0.4611 -0.5263
vn -0.7151 -0.4608 -0.5256
vn 0.7145 -0.4611 -0.5263
vn 0.7151 -0.4608 -0.5256
vn 0.5309 -0.5479 -0.6465
vn 0.5454 -0.5026 -0.6708
vn 0.7072 -0.4655 -0.5322
vn 0.7068 -0.4668 -0.5316
vn 0.0566 -0.6066 -0.7930
vn 0.0310 -0.6173 -0.7862
vn 0.1980 -0.6150 -0.7633
vn 0.2426 -0.6401 -0.7290
vn 0.0068 -0.7716 0.6361
vn -0.0020 0.7330 -0.6803
vn -0.8143 -0.3825 -0.4366
vn -0.8159 -0.3812 -0.4347
vn 0.7436 -0.4407 -0.5028
vn 0.7484 -0.4367 -0.4993
vn 0.2024 -0.6105 -0.7657
vn -0.0000 -0.6590 -0.7522
vn -0.0039 -0.7708 0.6370
vn 0.0143 -0.7936 0.6083
vn 0.1767 -0.6280 -0.7579
vn -0.9273 0.3697 0.0583
vn -0.9185 0.3947 -0.0223
vn 0.0399 0.6993 -0.7137
vn -0.0012 0.7329 -0.6803
vn 0.5443 -0.6000 -0.5863
vn 0.5313 -0.5732 -0.6238
vn -0.2777 0.7399 -0.6127
vn -0.2869 0.7366 -0.6125
vn -0.2778 -0.7625 0.5844
vn -0.2778 -0.7624 0.5844
vn 0.0302 -0.6701 -0.7417
vn 0.0099 -0.6730 -0.7395
vn -0.7094 -0.5594 0.4288
vn -0.9592 -0.2245 0.1721
vn -0.9595 -0.2233 0.1718
vn 0.0557 -0.6265 -0.7774
vn 0.0386 -0.6171 -0.7859
vn 0.0347 -0.6643 -0.7467
vn -0.0310 -0.6701 -0.7417
vn 0.0373 -0.6428 -0.7651
vn 0.0613 -0.6718 -0.7382
vn 0.1466 -0.6010 -0.7857
vn 0.1294 -0.6473 -0.7512
vn -0.0671 -0.6564 -0.7514
vn -0.0276 -0.6587 -0.7519
vn -0.0000 -0.6589 -0.7522
vn -0.0000 -0.6587 -0.7524
vn -0.9059 -0.2791 -0.3186
vn -0.9057 -0.2792 -0.3189
vn -0.7224 0.6255 -0.2948
vn -0.7211 0.6268 -0.2953
vn 0.1835 -0.6134 -0.7682
vn 0.2412 -0.6345 -0.7344
vn 0.2331 -0.6414 -0.7309
vn 0.2456 -0.6515 -0.7178
vn 0.2270 -0.6367 -0.7369
vn 0.2421 -0.6400 -0.7292
vn -0.0000 -0.7520 -0.6592
vn -0.1708 -0.7407 -0.6498
vn -0.1794 -0.7385 -0.6499
vn -0.7145 -0.5263 -0.4611
vn -0.7151 -0.5256 -0.4608
vn 0.7145 -0.5263 -0.4611
vn 0.7151 -0.5256 -0.4608
vn 0.5309 -0.6465 -0.5479
vn 0.5454 -0.6708 -0.5026
vn 0.7072 -0.5322 -0.4655
vn 0.7068 -0.5316 -0.4668
vn 0.0566 -0.7930 -0.6066
vn 0.0310 -0.7862 -0.6173
vn 0.1980 -0.7633 -0.6150
vn 0.2426 -0.7290 -0.6401
vn 0.0068 0.6361 -0.7716
vn -0.0020 -0.6803 0.7330
vn -0.8143 -0.4366 -0.3825
vn -0.8159 -0.4347 -0.3812
vn 0.7436 -0.5028 -0.4407
vn 0.7484 -0.4993 -0.4367
vn 0.2024 -0.7657 -0.6105
vn -0.0000 -0.7522 -0.6590
vn -0.0039 0.6370 -0.7708
vn 0.0143 0.6083 -0.7936
vn 0.1767 -0.7579 -0.6280
vn -0.9273 0.0583 0.3697
vn -0.9185 -0.0223 0.3947
vn 0.0399 -0.7137 0.6993
vn -0.0012 -0.6803 0.7329
vn 0.5443 -0.5863 -0.6000
vn 0.5313 -0.6238 -0.5732
vn -0.2777 -0.6127 0.7399
vn -0.2869 -0.6125 0.7366
vn -0.2778 0.5844 -0.7624
vn 0.0302 -0.7417 -0.6701
vn 0.0099 -0.7395 -0.6730
vn -0.7093 0.4288 -0.5594
vn -0.7094 0.4288 -0.5594
vn -0.9592 0.1721 -0.2245
vn -0.9595 0.1718 -0.2233
vn 0.0557 -0.7774 -0.6265
vn 0.0386 -0.7859 -0.6171
vn 0.0347 -0.7467 -0.6643
vn -0.0310 -0.7417 -0.6701
vn 0.0373 -0.7652 -0.6428
vn 0.0613 -0.7382 -0.6718
vn 0.1466 -0.7857 -0.6010
vn 0.1294 -0.7512 -0.6473
vn -0.0671 -0.7514 -0.6564
vn -0.0277 -0.7519 -0.6587
vn -0.0000 -0.7522 -0.6589
vn -0.0000 -0.7524 -0.6587
vn -0.9059 -0.3186 -0.2791
vn -0.9057 -0.3189 -0.2792
vn -0.7224 -0.2948 0.6255
vn -0.7211 -0.2953 0.6268
vn 0.1835 -0.7682 -0.6134
vn 0.2412 -0.7344 -0.6345
vn 0.2331 -0.7309 -0.6414
vn 0.2456 -0.7178 -0.6515
vn 0.2270 -0.7369 -0.6367
vn 0.2421 -0.7292 -0.6400
vn -0.0000 -0.4425 -0.8968
vn -0.1644 -0.4359 -0.8849
vn -0.1798 -0.4371 -0.8813
vn -0.7141 -0.3098 -0.6278
vn -0.7138 -0.3099 -0.6280
vn 0.7141 -0.3098 -0.6278
vn 0.7138 -0.3099 -0.6280
vn 0.5306 -0.3618 -0.7666
vn 0.5451 -0.3114 -0.7784
vn 0.7069 -0.3126 -0.6344
vn 0.7068 -0.3130 -0.6344
vn 0.0575 -0.3812 -0.9227
vn 0.0260 -0.3960 -0.9179
vn 0.1984 -0.3979 -0.8957
vn 0.2409 -0.4294 -0.8704
vn -0.0039 0.9089 -0.4169
vn -0.0015 0.8838 -0.4679
vn -0.8149 -0.2565 -0.5197
vn -0.8156 -0.2562 -0.5188
vn 0.7451 -0.2950 -0.5982
vn 0.7463 -0.2942 -0.5970
vn 0.2076 -0.3877 -0.8981
vn -0.0000 -0.4425 -0.8967
vn 0.0037 0.9086 -0.4177
vn -0.0143 0.9231 -0.3844
vn 0.1759 -0.4110 -0.8945
vn -0.9272 0.3425 0.1515
vn -0.9185 0.3871 0.0807
vn 0.0411 0.8589 -0.5106
vn -0.0019 0.8838 -0.4678
vn 0.5448 -0.4274 -0.7215
vn 0.5312 -0.3904 -0.7519
vn -0.2765 0.8737 -0.4002
vn -0.2906 0.8687 -0.4011
vn 0.2807 0.8860 -0.3690
vn 0.2789 0.8869 -0.3684
vn 0.0311 -0.4554 -0.8898
vn 0.0105 -0.4588 -0.8885
vn 0.7096 0.6507 -0.2703
vn 0.7082 0.6523 -0.2700
vn 0.9591 0.2615 -0.1082
vn 0.9595 0.2601 -0.1083
vn 0.0557 -0.4059 -0.9122
vn 0.0404 -0.3958 -0.9174
vn 0.0293 -0.4487 -0.8932
vn -0.0354 -0.4553 -0.8896
vn 0.0389 -0.4245 -0.9046
vn 0.0617 -0.4580 -0.8868
vn 0.1464 -0.3777 -0.9143
vn 0.1296 -0.4305 -0.8932
vn -0.0665 -0.4402 -0.8954
vn -0.0262 -0.4424 -0.8964
vn -0.0000 -0.4422 -0.8969
vn -0.0000 -0.4427 -0.8966
vn -0.9057 -0.1874 -0.3802
vn -0.9059 -0.1875 -0.3797
vn -0.7210 0.6818 -0.1238
vn -0.7203 0.6825 -0.1238
vn 0.1860 -0.3940 -0.9001
vn 0.2436 -0.4231 -0.8727
vn 0.2338 -0.4317 -0.8712
vn 0.2433 -0.4416 -0.8636
vn 0.2252 -0.4251 -0.8767
vn 0.2421 -0.4309 -0.8694
vn -0.0000 -0.5557 -0.8314
vn -0.1644 -0.5483 -0.8199
vn -0.1791 -0.5448 -0.8192
vn -0.7143 -0.3888 -0.5819
vn -0.7138 -0.3892 -0.5823
vn 0.7143 -0.3888 -0.5819
vn 0.7138 -0.3892 -0.5823
vn 0.5310 -0.4837 -0.6958
vn 0.5454 -0.5190 -0.6582
vn 0.7069 -0.3933 -0.5880
vn 0.7067 -0.3930 -0.5883
vn 0.0567 -0.6078 -0.7920
vn 0.0305 -0.5982 -0.8007
vn 0.1984 -0.5770 -0.7923
vn 0.2410 -0.5391 -0.8070
vn 0.0069 0.8138 -0.5811
vn -0.0011 -0.8473 0.5311
vn -0.8143 -0.3225 -0.4827
vn -0.8156 -0.3212 -0.4812
vn 0.7462 -0.3700 -0.5534
vn 0.7470 -0.3696 -0.5526
vn 0.2079 -0.5844 -0.7844
vn -0.0000 -0.5555 -0.8315
vn -0.0027 0.8145 -0.5802
vn 0.0139 0.7945 -0.6071
vn 0.1756 -0.5693 -0.8031
vn -0.9273 -0.0382 0.3724
vn -0.9184 -0.1240 0.3758
vn 0.0410 -0.8712 0.4892
vn -0.0009 -0.8473 0.5311
vn 0.5448 -0.4109 -0.7310
vn 0.5308 -0.4568 -0.7138
vn -0.2795 -0.7831 0.5555
vn -0.2890 -0.7820 0.5522
vn -0.2828 0.7621 -0.5824
vn -0.2790 0.7619 -0.5845
vn 0.0312 -0.5427 -0.8393
vn 0.0127 -0.5402 -0.8415
vn -0.7085 0.5599 -0.4296
vn -0.9594 0.2237 -0.1716
vn -0.9592 0.2242 -0.1725
vn 0.0559 -0.5856 -0.8087
vn 0.0358 -0.5981 -0.8006
vn 0.0295 -0.5488 -0.8355
vn -0.0322 -0.5427 -0.8393
vn 0.0388 -0.5709 -0.8201
vn 0.0615 -0.5392 -0.8399
vn 0.1456 -0.6023 -0.7848
vn 0.1294 -0.5594 -0.8188
vn -0.0803 -0.5554 -0.8277
vn -0.0272 -0.5553 -0.8312
vn -0.0000 -0.5559 -0.8312
vn -0.9058 -0.2355 -0.3521
vn -0.9059 -0.2353 -0.3520
vn -0.7231 -0.4465 0.5270
vn -0.7173 -0.4500 0.5319
vn 0.1828 -0.5841 -0.7908
vn 0.2432 -0.5441 -0.8030
vn 0.2344 -0.5387 -0.8093
vn 0.2433 -0.5279 -0.8137
vn 0.2262 -0.5464 -0.8064
vn 0.2423 -0.5376 -0.8076
vn -0.0000 -0.1945 -0.9809
vn -0.1654 -0.1922 -0.9673
vn -0.1771 -0.1937 -0.9649
vn -0.7147 -0.1365 -0.6860
vn -0.7133 -0.1364 -0.6875
vn 0.7147 -0.1365 -0.6860
vn 0.7133 -0.1364 -0.6875
vn 0.5310 -0.1499 -0.8340
vn 0.5453 -0.0993 -0.8324
vn 0.7067 -0.1375 -0.6940
vn 0.7066 -0.1379 -0.6941
vn 0.0536 -0.1313 -0.9899
vn 0.0333 -0.1413 -0.9894
vn 0.1991 -0.1513 -0.9682
vn 0.2423 -0.1890 -0.9516
vn 0.0060 -0.9863 0.1646
vn -0.0020 0.9749 -0.2228
vn -0.8156 -0.1129 -0.5676
vn -0.8153 -0.1130 -0.5679
vn 0.7449 -0.1300 -0.6544
vn 0.7473 -0.1291 -0.6518
vn 0.2045 -0.1452 -0.9680
vn -0.0000 -0.1951 -0.9808
vn -0.0029 -0.9862 0.1656
vn 0.0147 -0.9913 0.1304
vn 0.1778 -0.1649 -0.9701
vn -0.9270 0.2916 0.2358
vn -0.9184 0.3527 0.1793
vn 0.0419 0.9617 -0.2709
vn -0.0014 0.9748 -0.2229
vn 0.5448 -0.2262 -0.8075
vn 0.5308 -0.1815 -0.8278
vn -0.2778 0.9471 -0.1608
vn -0.2900 0.9431 -0.1627
vn -0.2833 -0.9508 0.1251
vn -0.2839 -0.9506 0.1254
vn 0.0284 -0.2089 -0.9775
vn 0.0065 -0.2128 -0.9771
vn -0.7074 -0.7008 0.0924
vn -0.7070 -0.7011 0.0923
vn -0.9593 -0.2801 0.0369
vn 0.0578 -0.1595 -0.9855
vn 0.0328 -0.1413 -0.9894
vn 0.0297 -0.2022 -0.9789
vn -0.0287 -0.2089 -0.9775
vn 0.0430 -0.1790 -0.9829
vn 0.0637 -0.2123 -0.9751
vn 0.1460 -0.1301 -0.9807
vn 0.1300 -0.1834 -0.9744
vn -0.0613 -0.1939 -0.9791
vn -0.0384 -0.1950 -0.9801
vn -0.0000 -0.1959 -0.9806
vn -0.0000 -0.1942 -0.9810
vn -0.9061 -0.0829 -0.4148
vn -0.9056 -0.0824 -0.4162
vn -0.7217 0.6899 0.0569
vn -0.7185 0.6932 0.0574
vn 0.1926 -0.1512 -0.9695
vn 0.2435 -0.1823 -0.9526
vn 0.2345 -0.1916 -0.9530
vn 0.2429 -0.2019 -0.9488
vn 0.2256 -0.1831 -0.9569
vn 0.2438 -0.1912 -0.9508
vn -0.0000 -0.3216 -0.9469
vn -0.1655 -0.3173 -0.9338
vn -0.1799 -0.3141 -0.9322
vn -0.7141 -0.2249 -0.6629
vn -0.7133 -0.2254 -0.6636
vn 0.7141 -0.2249 -0.6629
vn 0.7133 -0.2254 -0.6636
vn 0.5304 -0.2861 -0.7980
vn 0.5451 -0.3305 -0.7705
vn 0.7067 -0.2277 -0.6699
vn 0.0359 -0.3717 -0.9277
vn 0.1986 -0.3538 -0.9140
vn 0.2426 -0.3122 -0.9185
vn -0.0057 -0.9369 0.3496
vn -0.0029 -0.9555 0.2950
vn -0.8148 -0.1862 -0.5490
vn -0.8156 -0.1858 -0.5480
vn 0.7457 -0.2141 -0.6309
vn 0.7475 -0.2137 -0.6289
vn 0.2035 -0.3585 -0.9111
vn -0.0000 -0.3212 -0.9470
vn 0.0030 -0.9372 0.3487
vn -0.0145 -0.9242 0.3815
vn 0.1767 -0.3424 -0.9228
vn -0.9271 -0.1353 0.3494
vn -0.9184 -0.2169 0.3309
vn 0.0426 -0.9684 0.2457
vn -0.0016 -0.9555 0.2948
vn 0.5448 -0.2074 -0.8125
vn 0.5311 -0.2554 -0.8079
vn -0.2757 -0.9013 0.3340
vn -0.2894 -0.8985 0.3300
vn 0.2808 -0.8871 0.3662
vn 0.2790 -0.8873 0.3672
vn 0.0287 -0.3075 -0.9511
vn 0.0099 -0.3044 -0.9525
vn 0.7097 -0.6510 0.2694
vn 0.9594 -0.2606 0.1079
vn 0.9590 -0.2616 0.1089
vn 0.0557 -0.3583 -0.9319
vn 0.0369 -0.3717 -0.9276
vn 0.0298 -0.3143 -0.9488
vn -0.0320 -0.3075 -0.9510
vn 0.0430 -0.3348 -0.9413
vn 0.0626 -0.3038 -0.9507
vn 0.1460 -0.3777 -0.9143
vn 0.1296 -0.3270 -0.9361
vn -0.0683 -0.3220 -0.9443
vn -0.0249 -0.3211 -0.9467
vn -0.9057 -0.1362 -0.4015
vn -0.9055 -0.1364 -0.4017
vn -0.7224 -0.5680 0.3944
vn -0.7202 -0.5698 0.3958
vn 0.1743 -0.3651 -0.9145
vn 0.2437 -0.3172 -0.9165
vn 0.2328 -0.3114 -0.9213
vn 0.2429 -0.2981 -0.9231
vn 0.2296 -0.3184 -0.9197
vn 0.2439 -0.3105 -0.9187
vn -0.0000 -0.0653 -0.9979
vn -0.1640 -0.0648 -0.9843
vn -0.1767 -0.0625 -0.9823
vn -0.7146 -0.0458 -0.6980
vn -0.7150 -0.0457 -0.6976
vn 0.7146 -0.0458 -0.6980
vn 0.7150 -0.0457 -0.6976
vn 0.5301 -0.0695 -0.8451
vn 0.5453 -0.1211 -0.8295
vn 0.7069 -0.0458 -0.7059
vn 0.7068 -0.0455 -0.7060
vn 0.0536 -0.1287 -0.9902
vn 0.0352 -0.1198 -0.9922
vn 0.1981 -0.1035 -0.9747
vn 0.2416 -0.0625 -0.9684
vn 0.0072 0.9953 -0.0968
vn 0.0035 0.9992 -0.0389
vn -0.8155 -0.0379 -0.5775
vn -0.8164 -0.0377 -0.5763
vn 0.7494 -0.0430 -0.6607
vn 0.7483 -0.0429 -0.6620
vn 0.2055 -0.1115 -0.9723
vn -0.0000 -0.0655 -0.9979
vn -0.0029 0.9954 -0.0956
vn 0.0145 0.9914 -0.1304
vn 0.1765 -0.0914 -0.9800
vn 0.9271 0.2201 -0.3034
vn 0.9182 0.2960 -0.2634
vn -0.0429 0.9990 0.0129
vn 0.0021 0.9992 -0.0388
vn 0.5452 0.0111 -0.8382
vn 0.5311 -0.0380 -0.8465
vn 0.2785 0.9562 -0.0902
vn 0.2907 0.9528 -0.0874
vn -0.2806 0.9516 -0.1252
vn -0.2799 0.9518 -0.1255
vn 0.0320 -0.0515 -0.9982
vn 0.0086 -0.0474 -0.9988
vn -0.7103 0.6979 -0.0920
vn -0.7106 0.6976 -0.0918
vn -0.9592 0.2805 -0.0369
vn -0.9592 0.2804 -0.0369
vn 0.0577 -0.1025 -0.9931
vn 0.0344 -0.1198 -0.9922
vn 0.0286 -0.0581 -0.9979
vn -0.0276 -0.0515 -0.9983
vn 0.0415 -0.0832 -0.9957
vn 0.0633 -0.0473 -0.9969
vn 0.1463 -0.1275 -0.9810
vn 0.1300 -0.0732 -0.9888
vn -0.0653 -0.0663 -0.9957
vn -0.0391 -0.0655 -0.9971
vn -0.0000 -0.0649 -0.9979
vn -0.0000 -0.0659 -0.9978
vn -0.9061 -0.0275 -0.4221
vn -0.9058 -0.0279 -0.4227
vn 0.7219 0.6513 -0.2338
vn 0.7187 0.6544 -0.2352
vn 0.1920 -0.1029 -0.9760
vn 0.2442 -0.0676 -0.9674
vn 0.2343 -0.0613 -0.9702
vn 0.2433 -0.0495 -0.9687
vn 0.2277 -0.0679 -0.9714
vn 0.2408 -0.0612 -0.9686
vn 0.1641 -0.9843 -0.0648
vn 0.1767 -0.9823 -0.0625
vn -0.5301 -0.8451 -0.0695
vn -0.5453 -0.8295 -0.1211
vn -0.7069 -0.7059 -0.0458
vn -0.7068 -0.7060 -0.0455
vn -0.0536 -0.9902 -0.1287
vn -0.0352 -0.9922 -0.1198
vn -0.1981 -0.9747 -0.1035
vn -0.2416 -0.9684 -0.0625
vn -0.0072 -0.0968 0.9953
vn -0.0035 -0.0389 0.9992
vn 0.8155 -0.5775 -0.0379
vn 0.8164 -0.5763 -0.0377
vn -0.7495 -0.6607 -0.0430
vn -0.7483 -0.6620 -0.0429
vn -0.2055 -0.9723 -0.1115
vn 0.0029 -0.0956 0.9954
vn -0.0145 -0.1304 0.9914
vn -0.1765 -0.9800 -0.0914
vn -0.9271 -0.3034 0.2201
vn -0.9182 -0.2634 0.2960
vn 0.0429 0.0129 0.9990
vn -0.0021 -0.0388 0.9992
vn -0.5452 -0.8382 0.0112
vn -0.5311 -0.8465 -0.0380
vn -0.2785 -0.0902 0.9562
vn -0.2907 -0.0874 0.9528
vn 0.2806 -0.1252 0.9516
vn 0.2799 -0.1255 0.9518
vn -0.0320 -0.9982 -0.0515
vn -0.0086 -0.9988 -0.0474
vn 0.7103 -0.0920 0.6979
vn 0.7106 -0.0918 0.6976
vn 0.9592 -0.0369 0.2804
vn -0.0577 -0.9931 -0.1025
vn -0.0344 -0.9922 -0.1198
vn -0.0286 -0.9979 -0.0581
vn 0.0277 -0.9983 -0.0515
vn -0.0415 -0.9957 -0.0832
vn -0.0633 -0.9969 -0.0473
vn -0.1463 -0.9810 -0.1275
vn -0.1300 -0.9888 -0.0732
vn 0.0653 -0.9957 -0.0663
vn 0.0391 -0.9971 -0.0655
vn 0.9061 -0.4221 -0.0275
vn 0.9058 -0.4227 -0.0279
vn -0.7219 -0.2338 0.6513
vn -0.7187 -0.2352 0.6544
vn -0.1920 -0.9760 -0.1029
vn -0.2441 -0.9674 -0.0676
vn -0.2343 -0.9702 -0.0613
vn -0.2433 -0.9687 -0.0495
vn -0.2277 -0.9714 -0.0679
vn -0.2408 -0.9686 -0.0612
vn 0.1654 -0.9338 -0.3173
vn 0.1799 -0.9322 -0.3141
vn -0.5304 -0.7980 -0.2861
vn -0.5451 -0.7705 -0.3305
vn -0.7067 -0.6699 -0.2277
vn -0.0575 -0.9227 -0.3812
vn -0.0359 -0.9277 -0.3717
vn -0.1986 -0.9140 -0.3538
vn -0.2426 -0.9185 -0.3122
vn 0.0057 0.3496 -0.9369
vn 0.0029 0.2950 -0.9555
vn 0.8148 -0.5490 -0.1862
vn 0.8156 -0.5480 -0.1858
vn -0.7457 -0.6309 -0.2141
vn -0.7475 -0.6289 -0.2137
vn -0.2035 -0.9111 -0.3585
vn -0.0030 0.3487 -0.9372
vn 0.0145 0.3815 -0.9242
vn -0.1767 -0.9228 -0.3424
vn 0.9271 0.3494 -0.1353
vn 0.9184 0.3309 -0.2169
vn -0.0426 0.2457 -0.9684
vn 0.0016 0.2948 -0.9555
vn -0.5448 -0.8125 -0.2074
vn -0.5311 -0.8079 -0.2554
vn 0.2757 0.3340 -0.9013
vn 0.2894 0.3300 -0.8985
vn -0.2808 0.3662 -0.8871
vn -0.2790 0.3672 -0.8873
vn -0.0287 -0.9511 -0.3075
vn -0.0099 -0.9525 -0.3044
vn -0.7097 0.2694 -0.6510
vn -0.9594 0.1079 -0.2606
vn -0.9590 0.1089 -0.2616
vn -0.0557 -0.9319 -0.3583
vn -0.0369 -0.9276 -0.3717
vn -0.0298 -0.9488 -0.3143
vn 0.0320 -0.9510 -0.3075
vn -0.0430 -0.9413 -0.3348
vn -0.0626 -0.9507 -0.3038
vn -0.1460 -0.9143 -0.3777
vn -0.1296 -0.9361 -0.3270
vn 0.0683 -0.9443 -0.3220
vn 0.0249 -0.9467 -0.3211
vn 0.9057 -0.4015 -0.1362
vn 0.9055 -0.4017 -0.1364
vn 0.7224 0.3944 -0.5680
vn 0.7202 0.3958 -0.5698
vn -0.1743 -0.9145 -0.3651
vn -0.2437 -0.9165 -0.3172
vn -0.2328 -0.9213 -0.3114
vn -0.2429 -0.9231 -0.2981
vn -0.2296 -0.9197 -0.3184
vn -0.2439 -0.9187 -0.3105
vn 0.1654 -0.9673 -0.1922
vn 0.1771 -0.9649 -0.1937
vn -0.5311 -0.8340 -0.1499
vn -0.5453 -0.8324 -0.0993
vn -0.7067 -0.6940 -0.1375
vn -0.7066 -0.6941 -0.1379
vn -0.0536 -0.9899 -0.1313
vn -0.0333 -0.9894 -0.1413
vn -0.1991 -0.9682 -0.1513
vn -0.2423 -0.9516 -0.1890
vn -0.0060 0.1646 -0.9863
vn 0.0020 -0.2228 0.9749
vn 0.8156 -0.5676 -0.1129
vn 0.8153 -0.5679 -0.1130
vn -0.7449 -0.6544 -0.1300
vn -0.7473 -0.6518 -0.1291
vn -0.2045 -0.9680 -0.1452
vn 0.0029 0.1656 -0.9862
vn -0.0147 0.1304 -0.9913
vn -0.1778 -0.9701 -0.1649
vn 0.9270 0.2358 0.2916
vn 0.9184 0.1793 0.3527
vn -0.0419 -0.2709 0.9617
vn 0.0014 -0.2229 0.9748
vn -0.5448 -0.8075 -0.2262
vn -0.5308 -0.8278 -0.1815
vn 0.2778 -0.1608 0.9471
vn 0.2900 -0.1627 0.9431
vn 0.2833 0.1251 -0.9508
vn 0.2839 0.1254 -0.9506
vn -0.0284 -0.9775 -0.2089
vn -0.0065 -0.9771 -0.2128
vn 0.7074 0.0924 -0.7008
vn 0.7070 0.0923 -0.7011
vn 0.9593 0.0369 -0.2801
vn -0.0578 -0.9855 -0.1595
vn -0.0328 -0.9894 -0.1413
vn -0.0297 -0.9789 -0.2022
vn 0.0287 -0.9775 -0.2089
vn -0.0430 -0.9829 -0.1790
vn -0.0637 -0.9751 -0.2123
vn -0.1460 -0.9807 -0.1301
vn -0.1300 -0.9744 -0.1834
vn 0.0613 -0.9791 -0.1939
vn 0.0384 -0.9801 -0.1950
vn 0.9061 -0.4148 -0.0829
vn 0.9056 -0.4162 -0.0824
vn 0.7217 0.0569 0.6899
vn 0.7185 0.0574 0.6932
vn -0.1926 -0.9695 -0.1513
vn -0.2435 -0.9526 -0.1823
vn -0.2345 -0.9530 -0.1916
vn -0.2429 -0.9488 -0.2019
vn -0.2256 -0.9569 -0.1831
vn -0.2438 -0.9508 -0.1912
vn 0.1644 -0.8199 -0.5483
vn 0.1791 -0.8192 -0.5448
vn -0.5310 -0.6958 -0.4837
vn -0.5454 -0.6582 -0.5190
vn -0.7069 -0.5880 -0.3933
vn -0.7067 -0.5883 -0.3930
vn -0.0566 -0.7920 -0.6078
vn -0.0305 -0.8007 -0.5982
vn -0.1984 -0.7923 -0.5770
vn -0.2410 -0.8070 -0.5391
vn -0.0069 -0.5811 0.8138
vn 0.0011 0.5311 -0.8473
vn 0.8143 -0.4827 -0.3225
vn 0.8156 -0.4812 -0.3212
vn -0.7463 -0.5534 -0.3700
vn -0.7470 -0.5526 -0.3696
vn -0.2079 -0.7844 -0.5844
vn 0.0027 -0.5802 0.8145
vn -0.0139 -0.6071 0.7945
vn -0.1756 -0.8031 -0.5693
vn 0.9273 0.3724 -0.0382
vn 0.9184 0.3758 -0.1240
vn -0.0410 0.4892 -0.8712
vn 0.0009 0.5311 -0.8473
vn -0.5448 -0.7310 -0.4109
vn -0.5308 -0.7138 -0.4568
vn 0.2795 0.5555 -0.7831
vn 0.2890 0.5522 -0.7820
vn 0.2828 -0.5824 0.7621
vn 0.2790 -0.5845 0.7619
vn -0.0312 -0.8393 -0.5427
vn -0.0127 -0.8415 -0.5402
vn 0.7085 -0.4296 0.5599
vn 0.9594 -0.1716 0.2237
vn 0.9592 -0.1725 0.2242
vn -0.0559 -0.8087 -0.5856
vn -0.0358 -0.8006 -0.5981
vn -0.0295 -0.8355 -0.5487
vn 0.0322 -0.8393 -0.5427
vn -0.0388 -0.8201 -0.5709
vn -0.0615 -0.8399 -0.5392
vn -0.1456 -0.7849 -0.6023
vn -0.1294 -0.8188 -0.5594
vn 0.0803 -0.8277 -0.5554
vn 0.0272 -0.8312 -0.5553
vn 0.9058 -0.3521 -0.2355
vn 0.9059 -0.3520 -0.2353
vn 0.7231 0.5270 -0.4465
vn 0.7173 0.5319 -0.4500
vn -0.1828 -0.7908 -0.5841
vn -0.2433 -0.8030 -0.5441
vn -0.2344 -0.8093 -0.5387
vn -0.2433 -0.8137 -0.5279
vn -0.2262 -0.8064 -0.5464
vn -0.2423 -0.8076 -0.5376
vn 0.1644 -0.8849 -0.4359
vn 0.1798 -0.8813 -0.4371
vn -0.5306 -0.7666 -0.3618
vn -0.5451 -0.7784 -0.3114
vn -0.7069 -0.6344 -0.3126
vn -0.7068 -0.6344 -0.3130
vn -0.0260 -0.9179 -0.3960
vn -0.1984 -0.8957 -0.3979
vn -0.2409 -0.8704 -0.4294
vn 0.0039 -0.4169 0.9089
vn 0.0015 -0.4679 0.8838
vn 0.8149 -0.5197 -0.2565
vn 0.8156 -0.5188 -0.2562
vn -0.7451 -0.5982 -0.2950
vn -0.7463 -0.5970 -0.2942
vn -0.2076 -0.8981 -0.3877
vn -0.0037 -0.4177 0.9086
vn 0.0143 -0.3844 0.9231
vn -0.1759 -0.8945 -0.4110
vn 0.9272 0.1515 0.3425
vn 0.9185 0.0807 0.3871
vn -0.0411 -0.5106 0.8589
vn 0.0019 -0.4678 0.8838
vn -0.5448 -0.7215 -0.4274
vn -0.5312 -0.7519 -0.3905
vn 0.2765 -0.4002 0.8737
vn 0.2906 -0.4011 0.8687
vn -0.2807 -0.3690 0.8860
vn -0.2789 -0.3684 0.8869
vn -0.0311 -0.8898 -0.4554
vn -0.0105 -0.8885 -0.4588
vn -0.7096 -0.2703 0.6507
vn -0.7082 -0.2700 0.6523
vn -0.9591 -0.1082 0.2615
vn -0.9595 -0.1083 0.2601
vn -0.0557 -0.9122 -0.4059
vn -0.0404 -0.9174 -0.3958
vn -0.0293 -0.8932 -0.4487
vn 0.0354 -0.8896 -0.4553
vn -0.0389 -0.9046 -0.4245
vn -0.0617 -0.8868 -0.4580
vn -0.1464 -0.9143 -0.3777
vn -0.1296 -0.8932 -0.4305
vn 0.0665 -0.8954 -0.4402
vn 0.0262 -0.8964 -0.4424
vn 0.9057 -0.3802 -0.1874
vn 0.9059 -0.3797 -0.1875
vn 0.7210 -0.1238 0.6818
vn 0.7203 -0.1238 0.6825
vn -0.1860 -0.9001 -0.3940
vn -0.2436 -0.8727 -0.4231
vn -0.2338 -0.8712 -0.4317
vn -0.2433 -0.8636 -0.4416
vn -0.2252 -0.8767 -0.4251
vn -0.2421 -0.8694 -0.4308
vn 0.1708 -0.6498 -0.7407
vn 0.1794 -0.6499 -0.7385
vn -0.5309 -0.5479 -0.6465
vn -0.5454 -0.5026 -0.6708
vn -0.7072 -0.4655 -0.5322
vn -0.7068 -0.4668 -0.5316
vn -0.0566 -0.6066 -0.7930
vn -0.0310 -0.6173 -0.7862
vn -0.1980 -0.6150 -0.7633
vn -0.2426 -0.6401 -0.7290
vn -0.0068 -0.7716 0.6361
vn 0.0020 0.7330 -0.6803
vn 0.8143 -0.3825 -0.4366
vn 0.8159 -0.3812 -0.4347
vn -0.7436 -0.4407 -0.5028
vn -0.7484 -0.4367 -0.4993
vn -0.2024 -0.6105 -0.7657
vn 0.0039 -0.7708 0.6370
vn -0.0143 -0.7936 0.6083
vn -0.1767 -0.6280 -0.7579
vn 0.9273 0.3697 0.0583
vn 0.9185 0.3947 -0.0223
vn -0.0399 0.6993 -0.7137
vn 0.0012 0.7329 -0.6803
vn -0.5443 -0.6000 -0.5863
vn -0.5313 -0.5732 -0.6238
vn 0.2777 0.7399 -0.6127
vn 0.2869 0.7366 -0.6125
vn 0.2778 -0.7625 0.5844
vn 0.2778 -0.7624 0.5844
vn -0.0302 -0.6701 -0.7417
vn -0.0099 -0.6730 -0.7395
vn 0.7094 -0.5594 0.4288
vn 0.9592 -0.2245 0.1721
vn 0.9595 -0.2233 0.1718
vn -0.0557 -0.6265 -0.7774
vn -0.0386 -0.6171 -0.7859
vn -0.0347 -0.6643 -0.7467
vn 0.0310 -0.6701 -0.7417
vn -0.0373 -0.6428 -0.7651
vn -0.0613 -0.6718 -0.7382
vn -0.1466 -0.6010 -0.7857
vn -0.1294 -0.6473 -0.7512
vn 0.0671 -0.6564 -0.7514
vn 0.0277 -0.6587 -0.7519
vn 0.9059 -0.2791 -0.3186
vn 0.9057 -0.2792 -0.3189
vn 0.7224 0.6255 -0.2948
vn 0.7211 0.6268 -0.2953
vn -0.1835 -0.6134 -0.7682
vn -0.2412 -0.6345 -0.7344
vn -0.2331 -0.6414 -0.7309
vn -0.2456 -0.6515 -0.7178
vn -0.2270 -0.6367 -0.7369
vn -0.2421 -0.6400 -0.7292
vn 0.1708 -0.7407 -0.6498
vn 0.1794 -0.7385 -0.6499
vn -0.5309 -0.6465 -0.5479
vn -0.5454 -0.6708 -0.5026
vn -0.7072 -0.5322 -0.4655
vn -0.7068 -0.5316 -0.4668
vn -0.0566 -0.7930 -0.6066
vn -0.0310 -0.7862 -0.6173
vn -0.1980 -0.7633 -0.6150
vn -0.2426 -0.7290 -0.6401
vn -0.0068 0.6361 -0.7716
vn 0.0020 -0.6803 0.7330
vn 0.8143 -0.4366 -0.3825
vn 0.8159 -0.4347 -0.3812
vn -0.7436 -0.5028 -0.4407
vn -0.7484 -0.4993 -0.4367
vn -0.2024 -0.7657 -0.6105
vn 0.0039 0.6370 -0.7708
vn -0.0143 0.6083 -0.7936
vn -0.1767 -0.7579 -0.6280
vn 0.9273 0.0583 0.3697
vn 0.9185 -0.0223 0.3947
vn -0.0399 -0.7137 0.6993
vn 0.0012 -0.6803 0.7329
vn -0.5443 -0.5863 -0.6000
vn -0.5313 -0.6238 -0.5732
vn 0.2777 -0.6127 0.7399
vn 0.2869 -0.6125 0.7366
vn 0.2778 0.5844 -0.7624
vn -0.0302 -0.7417 -0.6701
vn -0.0099 -0.7395 -0.6730
vn 0.7093 0.4288 -0.5594
vn 0.7094 0.4288 -0.5594
vn 0.9592 0.1721 -0.2245
vn 0.9595 0.1718 -0.2233
vn -0.0557 -0.7774 -0.6265
vn -0.0386 -0.7859 -0.6171
vn -0.0347 -0.7467 -0.6643
vn 0.0310 -0.7417 -0.6701
vn -0.0373 -0.7652 -0.6428
vn -0.0613 -0.7382 -0.6718
vn -0.1466 -0.7857 -0.6010
vn -0.1294 -0.7512 -0.6473
vn 0.0671 -0.7514 -0.6564
vn 0.0277 -0.7519 -0.6587
vn 0.9059 -0.3186 -0.2791
vn 0.9057 -0.3189 -0.2792
vn 0.7224 -0.2948 0.6255
vn 0.7211 -0.2953 0.6268
vn -0.1835 -0.7682 -0.6134
vn -0.2412 -0.7344 -0.6345
vn -0.2331 -0.7309 -0.6414
vn -0.2456 -0.7178 -0.6515
vn -0.2270 -0.7369 -0.6367
vn -0.2421 -0.7292 -0.6400
vn 0.1644 -0.4359 -0.8849
vn 0.1798 -0.4371 -0.8813
vn -0.5306 -0.3618 -0.7666
vn -0.5451 -0.3114 -0.7784
vn -0.7069 -0.3126 -0.6344
vn -0.7068 -0.3130 -0.6344
vn -0.0575 -0.3812 -0.9227
vn -0.0260 -0.3960 -0.9179
vn -0.1984 -0.3979 -0.8957
vn -0.2409 -0.4294 -0.8704
vn 0.0039 0.9089 -0.4169
vn 0.0015 0.8838 -0.4679
vn 0.8149 -0.2565 -0.5197
vn 0.8156 -0.2562 -0.5188
vn -0.7451 -0.2950 -0.5982
vn -0.7463 -0.2942 -0.5970
vn -0.2076 -0.3877 -0.8981
vn -0.0037 0.9086 -0.4177
vn 0.0143 0.9231 -0.3844
vn -0.1759 -0.4110 -0.8945
vn 0.9272 0.3425 0.1515
vn 0.9185 0.3871 0.0807
vn -0.0411 0.8589 -0.5106
vn 0.0019 0.8838 -0.4678
vn -0.5448 -0.4274 -0.7215
vn -0.5312 -0.3905 -0.7519
vn 0.2765 0.8737 -0.4002
vn 0.2906 0.8687 -0.4011
vn -0.2807 0.8860 -0.3690
vn -0.2789 0.8869 -0.3684
vn -0.0311 -0.4554 -0.8898
vn -0.0105 -0.4589 -0.8885
vn -0.7096 0.6507 -0.2703
vn -0.7082 0.6523 -0.2700
vn -0.9591 0.2615 -0.1082
vn -0.9595 0.2601 -0.1083
vn -0.0557 -0.4059 -0.9122
vn -0.0404 -0.3958 -0.9174
vn -0.0293 -0.4487 -0.8932
vn 0.0354 -0.4553 -0.8896
vn -0.0389 -0.4245 -0.9046
vn -0.0617 -0.4580 -0.8868
vn -0.1464 -0.3777 -0.9143
vn -0.1296 -0.4305 -0.8932
vn 0.0665 -0.4402 -0.8954
vn 0.0262 -0.4424 -0.8964
vn 0.9057 -0.1874 -0.3802
vn 0.9059 -0.1875 -0.3797
vn 0.7210 0.6818 -0.1238
vn 0.7203 0.6825 -0.1238
vn -0.1860 -0.3940 -0.9001
vn -0.2436 -0.4231 -0.8727
vn -0.2338 -0.4317 -0.8712
vn -0.2433 -0.4416 -0.8636
vn -0.2252 -0.4251 -0.8767
vn -0.2421 -0.4309 -0.8694
vn 0.1644 -0.5483 -0.8199
vn 0.1791 -0.5448 -0.8192
vn -0.5310 -0.4837 -0.6958
vn -0.5454 -0.5190 -0.6582
vn -0.7069 -0.3933 -0.5880
vn -0.7067 -0.3930 -0.5883
vn -0.0567 -0.6078 -0.7920
vn -0.0305 -0.5982 -0.8007
vn -0.1984 -0.5770 -0.7923
vn -0.2410 -0.5391 -0.8070
vn -0.0069 0.8138 -0.5811
vn 0.0011 -0.8473 0.5311
vn 0.8143 -0.3225 -0.4827
vn 0.8156 -0.3212 -0.4812
vn -0.7462 -0.3700 -0.5534
vn -0.7470 -0.3696 -0.5526
vn -0.2079 -0.5844 -0.7844
vn 0.0027 0.8145 -0.5802
vn -0.0139 0.7945 -0.6071
vn -0.1756 -0.5693 -0.8031
vn 0.9273 -0.0382 0.3724
vn 0.9184 -0.1240 0.3758
vn -0.0410 -0.8712 0.4892
vn 0.0009 -0.8473 0.5311
vn -0.5448 -0.4109 -0.7310
vn -0.5308 -0.4568 -0.7138
vn 0.2795 -0.7831 0.5555
vn 0.2890 -0.7820 0.5522
vn 0.2828 0.7621 -0.5824
vn 0.2790 0.7619 -0.5845
vn -0.0312 -0.5427 -0.8393
vn -0.0127 -0.5402 -0.8415
vn 0.7085 0.5599 -0.4296
vn 0.9594 0.2237 -0.1716
vn 0.9592 0.2242 -0.1725
vn -0.0559 -0.5856 -0.8087
vn -0.0358 -0.5981 -0.8006
vn -0.0295 -0.5488 -0.8355
vn 0.0322 -0.5427 -0.8393
vn -0.0388 -0.5709 -0.8201
vn -0.0615 -0.5392 -0.8399
vn -0.1456 -0.6023 -0.7848
vn -0.1294 -0.5594 -0.8188
vn 0.0803 -0.5554 -0.8277
vn 0.0272 -0.5553 -0.8312
vn 0.9058 -0.2355 -0.3521
vn 0.9059 -0.2353 -0.3520
vn 0.7231 -0.4465 0.5270
vn 0.7173 -0.4500 0.5319
vn -0.1828 -0.5841 -0.7908
vn -0.2432 -0.5441 -0.8030
vn -0.2344 -0.5387 -0.8093
vn -0.2433 -0.5279 -0.8137
vn -0.2262 -0.5464 -0.8064
vn -0.2423 -0.5376 -0.8076
vn 0.1654 -0.1922 -0.9673
vn 0.1771 -0.1937 -0.9649
vn -0.5310 -0.1499 -0.8340
vn -0.5453 -0.0993 -0.8324
vn -0.7067 -0.1375 -0.6940
vn -0.7066 -0.1379 -0.6941
vn -0.0536 -0.1313 -0.9899
vn -0.0333 -0.1413 -0.9894
vn -0.1991 -0.1513 -0.9682
vn -0.2423 -0.1890 -0.9516
vn -0.0060 -0.9863 0.1646
vn 0.0020 0.9749 -0.2228
vn 0.8156 -0.1129 -0.5676
vn 0.8153 -0.1130 -0.5679
vn -0.7449 -0.1300 -0.6544
vn -0.7473 -0.1291 -0.6518
vn -0.2045 -0.1452 -0.9680
vn 0.0029 -0.9862 0.1656
vn -0.0147 -0.9913 0.1304
vn -0.1778 -0.1649 -0.9701
vn 0.9270 0.2916 0.2358
vn 0.9184 0.3527 0.1793
vn -0.0419 0.9617 -0.2709
vn 0.0014 0.9748 -0.2229
vn -0.5448 -0.2262 -0.8075
vn -0.5308 -0.1815 -0.8278
vn 0.2778 0.9471 -0.1608
vn 0.2900 0.9431 -0.1627
vn 0.2833 -0.9508 0.1251
vn 0.2839 -0.9506 0.1254
vn -0.0284 -0.2089 -0.9775
vn -0.0065 -0.2128 -0.9771
vn 0.7074 -0.7008 0.0924
vn 0.7070 -0.7011 0.0923
vn 0.9593 -0.2801 0.0369
vn -0.0578 -0.1595 -0.9855
vn -0.0328 -0.1413 -0.9894
vn -0.0297 -0.2022 -0.9789
vn 0.0287 -0.2089 -0.9775
vn -0.0430 -0.1790 -0.9829
vn -0.0637 -0.2123 -0.9751
vn -0.1460 -0.1301 -0.9807
vn -0.1300 -0.1834 -0.9744
vn 0.0613 -0.1939 -0.9791
vn 0.0384 -0.1950 -0.9801
vn 0.9061 -0.0829 -0.4148
vn 0.9056 -0.0824 -0.4162
vn 0.7217 0.6899 0.0569
vn 0.7185 0.6932 0.0574
vn -0.1926 -0.1512 -0.9695
vn -0.2435 -0.1823 -0.9526
vn -0.2345 -0.1916 -0.9530
vn -0.2429 -0.2019 -0.9488
vn -0.2256 -0.1831 -0.9569
vn -0.2438 -0.1912 -0.9508
vn 0.1655 -0.3173 -0.9338
vn 0.1799 -0.3141 -0.9322
vn -0.5304 -0.2861 -0.7980
vn -0.5451 -0.3305 -0.7705
vn -0.7067 -0.2277 -0.6699
vn -0.0359 -0.3717 -0.9277
vn -0.1986 -0.3538 -0.9140
vn -0.2426 -0.3122 -0.9185
vn 0.0057 -0.9369 0.3496
vn 0.0029 -0.9555 0.2950
vn 0.8148 -0.1862 -0.5490
vn 0.8156 -0.1858 -0.5480
vn -0.7457 -0.2141 -0.6309
vn -0.7475 -0.2137 -0.6289
vn -0.2035 -0.3585 -0.9111
vn -0.0030 -0.9372 0.3487
vn 0.0145 -0.9242 0.3815
vn -0.1767 -0.3424 -0.9228
vn 0.9271 -0.1353 0.3494
vn 0.9184 -0.2169 0.3309
vn -0.0426 -0.9684 0.2457
vn 0.0016 -0.9555 0.2948
vn -0.5448 -0.2074 -0.8125
vn -0.5311 -0.2554 -0.8079
vn 0.2757 -0.9013 0.3340
vn 0.2894 -0.8985 0.3300
vn -0.2808 -0.8871 0.3662
vn -0.2790 -0.8873 0.3672
vn -0.0287 -0.3075 -0.9511
vn -0.0099 -0.3044 -0.9525
vn -0.7097 -0.6510 0.2694
vn -0.9594 -0.2606 0.1079
vn -0.9590 -0.2616 0.1089
vn -0.0557 -0.3583 -0.9319
vn -0.0369 -0.3717 -0.9276
vn -0.0298 -0.3143 -0.9488
vn 0.0320 -0.3075 -0.9510
vn -0.0430 -0.3348 -0.9413
vn -0.0626 -0.3038 -0.9507
vn -0.1460 -0.3777 -0.9143
vn -0.1296 -0.3270 -0.9361
vn 0.0683 -0.3220 -0.9443
vn 0.0249 -0.3211 -0.9467
vn 0.9057 -0.1362 -0.4015
vn 0.9056 -0.1364 -0.4017
vn 0.7224 -0.5680 0.3944
vn 0.7202 -0.5698 0.3958
vn -0.1743 -0.3651 -0.9145
vn -0.2437 -0.3172 -0.9165
vn -0.2328 -0.3114 -0.9213
vn -0.2429 -0.2981 -0.9231
vn -0.2296 -0.3184 -0.9197
vn -0.2439 -0.3105 -0.9187
vn 0.1640 -0.0648 -0.9843
vn 0.1767 -0.0625 -0.9823
vn -0.5301 -0.0695 -0.8451
vn -0.5453 -0.1211 -0.8295
vn -0.7069 -0.0458 -0.7059
vn -0.7068 -0.0455 -0.7060
vn -0.0536 -0.1287 -0.9902
vn -0.0352 -0.1198 -0.9922
vn -0.1981 -0.1035 -0.9747
vn -0.2416 -0.0625 -0.9684
vn -0.0072 0.9953 -0.0968
vn -0.0035 0.9992 -0.0389
vn 0.8155 -0.0379 -0.5775
vn 0.8164 -0.0377 -0.5763
vn -0.7494 -0.0430 -0.6607
vn -0.7483 -0.0429 -0.6620
vn -0.2055 -0.1115 -0.9723
vn 0.0029 0.9954 -0.0956
vn -0.0145 0.9914 -0.1304
vn -0.1765 -0.0914 -0.9800
vn -0.9271 0.2201 -0.3034
vn -0.9182 0.2960 -0.2634
vn 0.0429 0.9990 0.0129
vn -0.0021 0.9992 -0.0388
vn -0.5452 0.0111 -0.8382
vn -0.5311 -0.0380 -0.8465
vn -0.2785 0.9562 -0.0902
vn -0.2907 0.9528 -0.0874
vn 0.2806 0.9516 -0.1252
vn 0.2799 0.9518 -0.1255
vn -0.0320 -0.0515 -0.9982
vn -0.0086 -0.0474 -0.9988
vn 0.7103 0.6979 -0.0920
vn 0.7106 0.6976 -0.0918
vn 0.9592 0.2805 -0.0369
vn 0.9592 0.2804 -0.0369
vn -0.0577 -0.1025 -0.9931
vn -0.0344 -0.1198 -0.9922
vn -0.0286 -0.0581 -0.9979
vn 0.0276 -0.0515 -0.9983
vn -0.0415 -0.0832 -0.9957
vn -0.0633 -0.0473 -0.9969
vn -0.1463 -0.1275 -0.9810
vn -0.1300 -0.0732 -0.9888
vn 0.0653 -0.0663 -0.9957
vn 0.0391 -0.0655 -0.9971
vn 0.9061 -0.0275 -0.4221
vn 0.9058 -0.0279 -0.4227
vn -0.7219 0.6513 -0.2338
vn -0.7187 0.6544 -0.2352
vn -0.1920 -0.1029 -0.9760
vn -0.2442 -0.0676 -0.9674
vn -0.2343 -0.0613 -0.9702
vn -0.2433 -0.0495 -0.9687
vn -0.2277 -0.0679 -0.9714
vn -0.2408 -0.0612 -0.9686
vn -0.0000 -0.9979 0.0653
vn -0.1641 -0.9843 0.0648
vn -0.1767 -0.9823 0.0625
vn -0.7146 -0.6980 0.0458
vn -0.7150 -0.6976 0.0457
vn 0.7146 -0.6980 0.0458
vn 0.7150 -0.6976 0.0457
vn 0.5301 -0.8451 0.0695
vn 0.5453 -0.8295 0.1211
vn 0.7069 -0.7059 0.0458
vn 0.7068 -0.7060 0.0455
vn 0.0536 -0.9902 0.1287
vn 0.0352 -0.9922 0.1198
vn 0.1981 -0.9747 0.1035
vn 0.2416 -0.9684 0.0625
vn 0.0072 -0.0968 -0.9953
vn 0.0035 -0.0389 -0.9992
vn -0.8155 -0.5775 0.0379
vn -0.8164 -0.5763 0.0377
vn 0.7495 -0.6607 0.0430
vn 0.7483 -0.6620 0.0429
vn 0.2055 -0.9723 0.1115
vn -0.0000 -0.9979 0.0655
vn -0.0029 -0.0956 -0.9954
vn 0.0145 -0.1304 -0.9914
vn 0.1765 -0.9800 0.0914
vn 0.9271 -0.3034 -0.2201
vn 0.9182 -0.2634 -0.2960
vn -0.0429 0.0129 -0.9990
vn 0.0021 -0.0388 -0.9992
vn 0.5452 -0.8382 -0.0112
vn 0.5311 -0.8465 0.0380
vn 0.2785 -0.0902 -0.9562
vn 0.2907 -0.0874 -0.9528
vn -0.2806 -0.1252 -0.9516
vn -0.2799 -0.1255 -0.9518
vn 0.0320 -0.9982 0.0515
vn 0.0086 -0.9988 0.0474
vn -0.7103 -0.0920 -0.6979
vn -0.7106 -0.0918 -0.6976
vn -0.9592 -0.0369 -0.2804
vn 0.0577 -0.9931 0.1025
vn 0.0344 -0.9922 0.1198
vn 0.0286 -0.9979 0.0581
vn -0.0277 -0.9983 0.0515
vn 0.0415 -0.9957 0.0832
vn 0.0633 -0.9969 0.0473
vn 0.1463 -0.9810 0.1275
vn 0.1300 -0.9888 0.0732
vn -0.0653 -0.9957 0.0663
vn -0.0391 -0.9971 0.0655
vn -0.0000 -0.9979 0.0649
vn -0.0000 -0.9978 0.0659
vn -0.9061 -0.4221 0.0275
vn -0.9058 -0.4227 0.0279
vn 0.7219 -0.2338 -0.6513
vn 0.7187 -0.2352 -0.6544
vn 0.1920 -0.9760 0.1029
vn 0.2441 -0.9674 0.0676
vn 0.2343 -0.9702 0.0613
vn 0.2433 -0.9687 0.0495
vn 0.2277 -0.9714 0.0679
vn 0.2408 -0.9686 0.0612
vn -0.0000 -0.9469 0.3216
vn -0.1654 -0.9338 0.3173
vn -0.1799 -0.9322 0.3141
vn -0.7141 -0.6629 0.2249
vn -0.7134 -0.6636 0.2254
vn 0.7141 -0.6629 0.2249
vn 0.7134 -0.6636 0.2254
vn 0.5304 -0.7980 0.2861
vn 0.5451 -0.7705 0.3305
vn 0.7067 -0.6699 0.2277
vn 0.0575 -0.9227 0.3812
vn 0.0359 -0.9277 0.3717
vn 0.1986 -0.9140 0.3538
vn 0.2426 -0.9185 0.3122
vn -0.0057 0.3496 0.9369
vn -0.0029 0.2950 0.9555
vn -0.8148 -0.5490 0.1862
vn -0.8156 -0.5480 0.1858
vn 0.7457 -0.6309 0.2141
vn 0.7475 -0.6289 0.2137
vn 0.2035 -0.9111 0.3585
vn -0.0000 -0.9470 0.3212
vn 0.0030 0.3487 0.9372
vn -0.0145 0.3815 0.9242
vn 0.1767 -0.9228 0.3424
vn -0.9270 0.3496 0.1360
vn -0.9183 0.3314 0.2166
vn 0.0426 0.2457 0.9684
vn -0.0016 0.2948 0.9555
vn 0.5448 -0.8125 0.2074
vn 0.5311 -0.8079 0.2554
vn -0.2757 0.3340 0.9013
vn -0.2894 0.3300 0.8985
vn 0.2808 0.3662 0.8871
vn 0.2790 0.3672 0.8873
vn 0.0287 -0.9511 0.3075
vn 0.0099 -0.9525 0.3044
vn 0.7097 0.2694 0.6510
vn 0.9594 0.1079 0.2606
vn 0.9590 0.1089 0.2616
vn 0.0557 -0.9319 0.3583
vn 0.0369 -0.9276 0.3717
vn 0.0298 -0.9488 0.3143
vn -0.0320 -0.9510 0.3075
vn 0.0417 -0.9406 0.3368
vn 0.0626 -0.9507 0.3038
vn 0.1460 -0.9143 0.3777
vn 0.1296 -0.9361 0.3270
vn -0.0683 -0.9443 0.3220
vn -0.0249 -0.9467 0.3211
vn -0.9057 -0.4015 0.1362
vn -0.9055 -0.4017 0.1364
vn -0.7224 0.3944 0.5680
vn -0.7202 0.3958 0.5698
vn 0.1743 -0.9145 0.3651
vn 0.2437 -0.9165 0.3172
vn 0.2328 -0.9213 0.3114
vn 0.2429 -0.9231 0.2981
vn 0.2296 -0.9197 0.3184
vn 0.2439 -0.9187 0.3105
vn -0.0000 -0.9809 0.1945
vn -0.1654 -0.9673 0.1922
vn -0.1771 -0.9649 0.1937
vn -0.7147 -0.6860 0.1365
vn -0.7133 -0.6875 0.1364
vn 0.7147 -0.6860 0.1365
vn 0.7133 -0.6875 0.1363
vn 0.5311 -0.8340 0.1499
vn 0.5453 -0.8324 0.0993
vn 0.7067 -0.6940 0.1375
vn 0.7066 -0.6941 0.1379
vn 0.0536 -0.9899 0.1313
vn 0.0333 -0.9894 0.1413
vn 0.1991 -0.9682 0.1513
vn 0.2423 -0.9516 0.1890
vn 0.0060 0.1646 0.9863
vn -0.0020 -0.2228 -0.9749
vn -0.8156 -0.5676 0.1129
vn -0.8153 -0.5679 0.1130
vn 0.7449 -0.6544 0.1300
vn 0.7473 -0.6518 0.1291
vn 0.2045 -0.9680 0.1452
vn -0.0000 -0.9808 0.1951
vn -0.0029 0.1656 0.9862
vn 0.0147 0.1304 0.9913
vn 0.1778 -0.9701 0.1649
vn -0.9273 0.2363 -0.2902
vn -0.9186 0.1783 -0.3527
vn 0.0419 -0.2709 -0.9617
vn -0.0014 -0.2229 -0.9748
vn 0.5448 -0.8075 0.2262
vn 0.5308 -0.8278 0.1815
vn -0.2778 -0.1608 -0.9471
vn -0.2900 -0.1627 -0.9431
vn -0.2833 0.1251 0.9508
vn -0.2839 0.1254 0.9506
vn 0.0284 -0.9775 0.2089
vn 0.0065 -0.9771 0.2128
vn -0.7074 0.0924 0.7008
vn -0.7070 0.0923 0.7011
vn -0.9593 0.0369 0.2801
vn 0.0578 -0.9855 0.1595
vn 0.0328 -0.9894 0.1413
vn 0.0297 -0.9789 0.2022
vn -0.0287 -0.9775 0.2089
vn 0.0423 -0.9831 0.1779
vn 0.0637 -0.9751 0.2123
vn 0.1460 -0.9807 0.1301
vn 0.1300 -0.9744 0.1834
vn -0.0613 -0.9791 0.1939
vn -0.0384 -0.9801 0.1950
vn -0.0000 -0.9806 0.1959
vn -0.0000 -0.9810 0.1942
vn -0.9061 -0.4148 0.0829
vn -0.9056 -0.4162 0.0824
vn -0.7217 0.0569 -0.6899
vn -0.7185 0.0574 -0.6932
vn 0.1926 -0.9695 0.1513
vn 0.2435 -0.9526 0.1823
vn 0.2345 -0.9530 0.1916
vn 0.2429 -0.9488 0.2019
vn 0.2256 -0.9569 0.1831
vn 0.2438 -0.9508 0.1912
vn -0.0000 -0.8314 0.5557
vn -0.1644 -0.8199 0.5483
vn -0.1791 -0.8192 0.5448
vn -0.7143 -0.5819 0.3888
vn -0.7138 -0.5823 0.3892
vn 0.7143 -0.5819 0.3888
vn 0.7138 -0.5823 0.3892
vn 0.5310 -0.6958 0.4837
vn 0.5454 -0.6582 0.5190
vn 0.7069 -0.5880 0.3933
vn 0.7067 -0.5883 0.3930
vn 0.0566 -0.7920 0.6078
vn 0.0305 -0.8007 0.5982
vn 0.1984 -0.7923 0.5770
vn 0.2410 -0.8070 0.5391
vn 0.0069 -0.5811 -0.8138
vn -0.0011 0.5311 0.8473
vn -0.8143 -0.4827 0.3225
vn -0.8156 -0.4812 0.3212
vn 0.7463 -0.5534 0.3700
vn 0.7470 -0.5526 0.3696
vn 0.2079 -0.7844 0.5844
vn -0.0000 -0.8315 0.5555
vn -0.0027 -0.5802 -0.8145
vn 0.0139 -0.6071 -0.7945
vn 0.1756 -0.8031 0.5693
vn -0.9273 0.3724 0.0382
vn -0.9184 0.3758 0.1240
vn 0.0410 0.4892 0.8712
vn -0.0009 0.5311 0.8473
vn 0.5448 -0.7310 0.4109
vn 0.5308 -0.7138 0.4568
vn -0.2795 0.5555 0.7831
vn -0.2890 0.5522 0.7820
vn -0.2828 -0.5824 -0.7621
vn -0.2790 -0.5845 -0.7619
vn 0.0312 -0.8393 0.5427
vn 0.0127 -0.8415 0.5402
vn -0.7085 -0.4296 -0.5599
vn -0.9594 -0.1716 -0.2237
vn -0.9592 -0.1725 -0.2242
vn 0.0559 -0.8087 0.5856
vn 0.0358 -0.8006 0.5981
vn 0.0295 -0.8355 0.5487
vn -0.0322 -0.8393 0.5427
vn 0.0388 -0.8201 0.5709
vn 0.0615 -0.8399 0.5392
vn 0.1456 -0.7849 0.6023
vn 0.1294 -0.8188 0.5594
vn -0.0803 -0.8277 0.5554
vn -0.0272 -0.8312 0.5553
vn -0.0000 -0.8312 0.5559
vn -0.9058 -0.3521 0.2355
vn -0.9059 -0.3520 0.2353
vn -0.7231 0.5270 0.4465
vn -0.7173 0.5319 0.4500
vn 0.1828 -0.7908 0.5841
vn 0.2433 -0.8030 0.5441
vn 0.2344 -0.8093 0.5387
vn 0.2433 -0.8137 0.5279
vn 0.2262 -0.8064 0.5464
vn 0.2423 -0.8076 0.5376
vn -0.0000 -0.8968 0.4425
vn -0.1644 -0.8849 0.4359
vn -0.1798 -0.8813 0.4371
vn -0.7141 -0.6278 0.3098
vn -0.7138 -0.6280 0.3099
vn 0.7141 -0.6278 0.3098
vn 0.7138 -0.6280 0.3099
vn 0.5306 -0.7666 0.3618
vn 0.5451 -0.7784 0.3114
vn 0.7069 -0.6344 0.3126
vn 0.7068 -0.6344 0.3130
vn 0.0260 -0.9179 0.3960
vn 0.1984 -0.8957 0.3979
vn 0.2409 -0.8704 0.4294
vn -0.0039 -0.4169 -0.9089
vn -0.0015 -0.4679 -0.8838
vn -0.8149 -0.5197 0.2565
vn -0.8156 -0.5188 0.2562
vn 0.7451 -0.5982 0.2950
vn 0.7463 -0.5970 0.2942
vn 0.2076 -0.8981 0.3877
vn -0.0000 -0.8967 0.4425
vn 0.0037 -0.4177 -0.9086
vn -0.0143 -0.3844 -0.9231
vn 0.1759 -0.8945 0.4110
vn -0.9272 0.1515 -0.3425
vn -0.9185 0.0807 -0.3871
vn 0.0411 -0.5106 -0.8589
vn -0.0019 -0.4678 -0.8838
vn 0.5448 -0.7214 0.4274
vn 0.5312 -0.7519 0.3905
vn -0.2765 -0.4002 -0.8737
vn -0.2906 -0.4011 -0.8687
vn 0.2807 -0.3690 -0.8860
vn 0.2789 -0.3684 -0.8869
vn 0.0311 -0.8898 0.4554
vn 0.0105 -0.8885 0.4588
vn 0.7096 -0.2703 -0.6507
vn 0.7082 -0.2700 -0.6523
vn 0.9591 -0.1082 -0.2615
vn 0.9595 -0.1083 -0.2601
vn 0.0557 -0.9122 0.4059
vn 0.0404 -0.9174 0.3958
vn 0.0293 -0.8932 0.4487
vn -0.0354 -0.8896 0.4553
vn 0.0389 -0.9046 0.4245
vn 0.0617 -0.8868 0.4580
vn 0.1464 -0.9143 0.3777
vn 0.1296 -0.8932 0.4305
vn -0.0665 -0.8954 0.4402
vn -0.0262 -0.8964 0.4424
vn -0.0000 -0.8969 0.4422
vn -0.0000 -0.8966 0.4427
vn -0.9057 -0.3802 0.1874
vn -0.9059 -0.3797 0.1875
vn -0.7210 -0.1238 -0.6818
vn -0.7203 -0.1238 -0.6825
vn 0.1860 -0.9001 0.3940
vn 0.2436 -0.8727 0.4231
vn 0.2338 -0.8712 0.4317
vn 0.2433 -0.8636 0.4416
vn 0.2252 -0.8767 0.4251
vn 0.2421 -0.8694 0.4308
vn -0.0000 -0.6592 0.7520
vn -0.1708 -0.6498 0.7407
vn -0.1794 -0.6499 0.7385
vn -0.7145 -0.4611 0.5263
vn -0.7151 -0.4608 0.5256
vn 0.7145 -0.4611 0.5263
vn 0.7151 -0.4608 0.5256
vn 0.5309 -0.5479 0.6465
vn 0.5454 -0.5026 0.6708
vn 0.7072 -0.4655 0.5322
vn 0.7068 -0.4668 0.5316
vn 0.0566 -0.6066 0.7930
vn 0.0310 -0.6173 0.7862
vn 0.1980 -0.6150 0.7633
vn 0.2426 -0.6401 0.7290
vn 0.0068 -0.7716 -0.6361
vn -0.0020 0.7330 0.6803
vn -0.8143 -0.3825 0.4366
vn -0.8159 -0.3812 0.4347
vn 0.7436 -0.4407 0.5028
vn 0.7484 -0.4367 0.4993
vn 0.2024 -0.6105 0.7657
vn -0.0000 -0.6590 0.7522
vn -0.0039 -0.7708 -0.6370
vn 0.0143 -0.7936 -0.6083
vn 0.1767 -0.6280 0.7579
vn -0.9273 0.3697 -0.0583
vn -0.9185 0.3947 0.0223
vn 0.0399 0.6993 0.7137
vn -0.0012 0.7329 0.6803
vn 0.5443 -0.6000 0.5863
vn 0.5313 -0.5732 0.6238
vn -0.2777 0.7399 0.6127
vn -0.2869 0.7366 0.6125
vn -0.2778 -0.7625 -0.5844
vn -0.2778 -0.7624 -0.5844
vn 0.0302 -0.6701 0.7417
vn 0.0099 -0.6730 0.7395
vn -0.7094 -0.5594 -0.4288
vn -0.9592 -0.2245 -0.1721
vn -0.9595 -0.2233 -0.1718
vn 0.0557 -0.6265 0.7774
vn 0.0386 -0.6171 0.7859
vn 0.0347 -0.6643 0.7467
vn -0.0310 -0.6701 0.7417
vn 0.0373 -0.6428 0.7651
vn 0.0613 -0.6718 0.7382
vn 0.1466 -0.6010 0.7857
vn 0.1294 -0.6473 0.7512
vn -0.0671 -0.6564 0.7514
vn -0.0277 -0.6587 0.7519
vn -0.0000 -0.6589 0.7522
vn -0.0000 -0.6587 0.7524
vn -0.9059 -0.2791 0.3186
vn -0.9057 -0.2792 0.3189
vn -0.7224 0.6255 0.2948
vn -0.7211 0.6268 0.2953
vn 0.1835 -0.6134 0.7682
vn 0.2412 -0.6345 0.7344
vn 0.2331 -0.6414 0.7309
vn 0.2456 -0.6515 0.7178
vn 0.2270 -0.6367 0.7369
vn 0.2421 -0.6400 0.7292
vn -0.0000 -0.7520 0.6592
vn -0.1708 -0.7407 0.6498
vn -0.1794 -0.7385 0.6499
vn -0.7145 -0.5263 0.4611
vn -0.7151 -0.5256 0.4608
vn 0.7145 -0.5263 0.4611
vn 0.7151 -0.5256 0.4608
vn 0.5309 -0.6465 0.5479
vn 0.5454 -0.6708 0.5026
vn 0.7072 -0.5322 0.4655
vn 0.7068 -0.5316 0.4668
vn 0.0566 -0.7930 0.6066
vn 0.0310 -0.7862 0.6173
vn 0.1980 -0.7633 0.6150
vn 0.2426 -0.7290 0.6401
vn 0.0068 0.6361 0.7716
vn -0.0020 -0.6803 -0.7330
vn -0.8143 -0.4366 0.3825
vn -0.8159 -0.4347 0.3812
vn 0.7436 -0.5028 0.4407
vn 0.7484 -0.4993 0.4367
vn 0.2024 -0.7657 0.6105
vn -0.0000 -0.7522 0.6590
vn -0.0039 0.6370 0.7708
vn 0.0143 0.6083 0.7936
vn 0.1767 -0.7579 0.6280
vn -0.9273 0.0583 -0.3697
vn -0.9185 -0.0223 -0.3947
vn 0.0399 -0.7137 -0.6993
vn -0.0012 -0.6803 -0.7329
vn 0.5443 -0.5863 0.6000
vn 0.5313 -0.6238 0.5732
vn -0.2777 -0.6127 -0.7399
vn -0.2869 -0.6125 -0.7366
vn -0.2778 0.5844 0.7624
vn 0.0302 -0.7417 0.6701
vn 0.0099 -0.7395 0.6730
vn -0.7093 0.4288 0.5594
vn -0.7094 0.4288 0.5594
vn -0.9592 0.1721 0.2245
vn -0.9595 0.1718 0.2233
vn 0.0557 -0.7774 0.6265
vn 0.0386 -0.7859 0.6171
vn 0.0347 -0.7467 0.6643
vn -0.0310 -0.7417 0.6701
vn 0.0373 -0.7652 0.6428
vn 0.0613 -0.7382 0.6718
vn 0.1466 -0.7857 0.6010
vn 0.1294 -0.7512 0.6473
vn -0.0671 -0.7514 0.6564
vn -0.0277 -0.7519 0.6587
vn -0.0000 -0.7522 0.6589
vn -0.0000 -0.7524 0.6587
vn -0.9059 -0.3186 0.2791
vn -0.9057 -0.3189 0.2792
vn -0.7224 -0.2948 -0.6255
vn -0.7211 -0.2953 -0.6268
vn 0.1835 -0.7682 0.6134
vn 0.2412 -0.7344 0.6345
vn 0.2331 -0.7309 0.6414
vn 0.2456 -0.7178 0.6515
vn 0.2270 -0.7369 0.6367
vn 0.2421 -0.7292 0.6400
vn -0.0000 -0.4425 0.8968
vn -0.1644 -0.4359 0.8849
vn -0.1798 -0.4371 0.8813
vn -0.7141 -0.3098 0.6278
vn -0.7138 -0.3099 0.6280
vn 0.7141 -0.3098 0.6278
vn 0.7138 -0.3099 0.6280
vn 0.5306 -0.3618 0.7666
vn 0.5451 -0.3114 0.7784
vn 0.7069 -0.3126 0.6344
vn 0.7068 -0.3130 0.6344
vn 0.0575 -0.3812 0.9227
vn 0.0260 -0.3960 0.9179
vn 0.1984 -0.3979 0.8957
vn 0.2409 -0.4294 0.8704
vn -0.0039 0.9089 0.4169
vn -0.0015 0.8838 0.4679
vn -0.8149 -0.2565 0.5197
vn -0.8156 -0.2562 0.5188
vn 0.7451 -0.2950 0.5982
vn 0.7463 -0.2942 0.5970
vn 0.2076 -0.3877 0.8981
vn -0.0000 -0.4425 0.8967
vn 0.0037 0.9086 0.4177
vn -0.0143 0.9231 0.3844
vn 0.1759 -0.4110 0.8945
vn -0.9272 0.3425 -0.1515
vn -0.9185 0.3871 -0.0807
vn 0.0411 0.8589 0.5106
vn -0.0019 0.8838 0.4678
vn 0.5448 -0.4274 0.7215
vn 0.5312 -0.3905 0.7519
vn -0.2765 0.8737 0.4002
vn -0.2906 0.8687 0.4011
vn 0.2807 0.8860 0.3690
vn 0.2789 0.8869 0.3684
vn 0.0311 -0.4554 0.8898
vn 0.0105 -0.4588 0.8885
vn 0.7096 0.6507 0.2703
vn 0.7082 0.6523 0.2700
vn 0.9591 0.2615 0.1082
vn 0.9595 0.2601 0.1083
vn 0.0557 -0.4059 0.9122
vn 0.0404 -0.3958 0.9174
vn 0.0293 -0.4487 0.8932
vn -0.0354 -0.4553 0.8896
vn 0.0389 -0.4245 0.9046
vn 0.0617 -0.4580 0.8868
vn 0.1464 -0.3777 0.9143
vn 0.1296 -0.4305 0.8932
vn -0.0665 -0.4402 0.8954
vn -0.0262 -0.4424 0.8964
vn -0.0000 -0.4422 0.8969
vn -0.0000 -0.4427 0.8966
vn -0.9057 -0.1874 0.3802
vn -0.9059 -0.1875 0.3797
vn -0.7210 0.6818 0.1238
vn -0.7203 0.6825 0.1238
vn 0.1860 -0.3940 0.9001
vn 0.2436 -0.4231 0.8727
vn 0.2338 -0.4317 0.8712
vn 0.2433 -0.4416 0.8636
vn 0.2252 -0.4251 0.8767
vn 0.2421 -0.4309 0.8694
vn -0.0000 -0.5557 0.8314
vn -0.1644 -0.5483 0.8199
vn -0.1791 -0.5448 0.8192
vn -0.7143 -0.3888 0.5819
vn -0.7138 -0.3892 0.5823
vn 0.7143 -0.3888 0.5819
vn 0.7138 -0.3892 0.5823
vn 0.5310 -0.4837 0.6958
vn 0.5454 -0.5190 0.6582
vn 0.7069 -0.3933 0.5880
vn 0.7067 -0.3930 0.5883
vn 0.0567 -0.6078 0.7920
vn 0.0305 -0.5982 0.8007
vn 0.1984 -0.5770 0.7923
vn 0.2410 -0.5391 0.8070
vn 0.0069 0.8138 0.5811
vn -0.0011 -0.8473 -0.5311
vn -0.8143 -0.3225 0.4827
vn -0.8156 -0.3212 0.4812
vn 0.7462 -0.3700 0.5534
vn 0.7470 -0.3696 0.5526
vn 0.2079 -0.5844 0.7844
vn -0.0000 -0.5555 0.8315
vn -0.0027 0.8145 0.5802
vn 0.0139 0.7945 0.6071
vn 0.1756 -0.5693 0.8031
vn -0.9273 -0.0382 -0.3724
vn -0.9184 -0.1240 -0.3758
vn 0.0410 -0.8712 -0.4892
vn -0.0009 -0.8473 -0.5311
vn 0.5448 -0.4109 0.7310
vn 0.5308 -0.4568 0.7138
vn -0.2795 -0.7831 -0.5555
vn -0.2890 -0.7820 -0.5522
vn -0.2828 0.7621 0.5824
vn -0.2790 0.7619 0.5845
vn 0.0312 -0.5427 0.8393
vn 0.0127 -0.5402 0.8415
vn -0.7085 0.5599 0.4296
vn -0.9594 0.2237 0.1716
vn -0.9592 0.2242 0.1725
vn 0.0559 -0.5856 0.8087
vn 0.0358 -0.5981 0.8006
vn 0.0295 -0.5487 0.8355
vn -0.0322 -0.5427 0.8393
vn 0.0388 -0.5709 0.8201
vn 0.0615 -0.5392 0.8399
vn 0.1456 -0.6023 0.7849
vn 0.1294 -0.5594 0.8188
vn -0.0803 -0.5554 0.8277
vn -0.0272 -0.5553 0.8312
vn -0.0000 -0.5559 0.8312
vn -0.9058 -0.2355 0.3521
vn -0.9059 -0.2353 0.3520
vn -0.7231 -0.4465 -0.5270
vn -0.7173 -0.4500 -0.5319
vn 0.1828 -0.5841 0.7908
vn 0.2432 -0.5441 0.8030
vn 0.2344 -0.5387 0.8093
vn 0.2433 -0.5279 0.8137
vn 0.2262 -0.5464 0.8064
vn 0.2423 -0.5376 0.8076
vn -0.0000 -0.1945 0.9809
vn -0.1654 -0.1922 0.9673
vn -0.1771 -0.1937 0.9649
vn -0.7147 -0.1365 0.6860
vn -0.7133 -0.1364 0.6875
vn 0.7147 -0.1365 0.6860
vn 0.7133 -0.1364 0.6875
vn 0.5310 -0.1499 0.8340
vn 0.5453 -0.0993 0.8324
vn 0.7067 -0.1375 0.6940
vn 0.7066 -0.1379 0.6941
vn 0.0536 -0.1313 0.9899
vn 0.0333 -0.1413 0.9894
vn 0.1991 -0.1513 0.9682
vn 0.2423 -0.1890 0.9516
vn 0.0060 -0.9863 -0.1646
vn -0.0020 0.9749 0.2228
vn -0.8156 -0.1129 0.5676
vn -0.8153 -0.1130 0.5679
vn 0.7449 -0.1300 0.6544
vn 0.7473 -0.1291 0.6518
vn 0.2045 -0.1452 0.9680
vn -0.0000 -0.1951 0.9808
vn -0.0029 -0.9862 -0.1656
vn 0.0147 -0.9913 -0.1304
vn 0.1778 -0.1649 0.9701
vn -0.9270 0.2916 -0.2358
vn -0.9184 0.3527 -0.1793
vn 0.0419 0.9617 0.2709
vn -0.0014 0.9748 0.2229
vn 0.5448 -0.2262 0.8075
vn 0.5308 -0.1815 0.8278
vn -0.2778 0.9471 0.1608
vn -0.2900 0.9431 0.1627
vn -0.2833 -0.9508 -0.1251
vn -0.2839 -0.9506 -0.1254
vn 0.0284 -0.2089 0.9775
vn 0.0065 -0.2128 0.9771
vn -0.7074 -0.7008 -0.0924
vn -0.7070 -0.7011 -0.0923
vn -0.9593 -0.2801 -0.0369
vn 0.0578 -0.1595 0.9855
vn 0.0328 -0.1413 0.9894
vn 0.0297 -0.2022 0.9789
vn -0.0287 -0.2089 0.9775
vn 0.0430 -0.1790 0.9829
vn 0.0637 -0.2123 0.9751
vn 0.1460 -0.1301 0.9807
vn 0.1300 -0.1834 0.9744
vn -0.0613 -0.1939 0.9791
vn -0.0384 -0.1950 0.9801
vn -0.0000 -0.1959 0.9806
vn -0.0000 -0.1942 0.9810
vn -0.9061 -0.0829 0.4148
vn -0.9056 -0.0824 0.4162
vn -0.7217 0.6899 -0.0569
vn -0.7185 0.6932 -0.0574
vn 0.1926 -0.1512 0.9695
vn 0.2435 -0.1823 0.9526
vn 0.2345 -0.1916 0.9530
vn 0.2429 -0.2019 0.9488
vn 0.2256 -0.1831 0.9569
vn 0.2438 -0.1912 0.9508
vn -0.0000 -0.3216 0.9469
vn -0.1655 -0.3173 0.9338
vn -0.1799 -0.3141 0.9322
vn -0.7141 -0.2249 0.6629
vn -0.7133 -0.2254 0.6636
vn 0.7141 -0.2249 0.6629
vn 0.7133 -0.2254 0.6636
vn 0.5304 -0.2861 0.7980
vn 0.5451 -0.3305 0.7705
vn 0.7067 -0.2277 0.6699
vn 0.0359 -0.3717 0.9277
vn 0.1986 -0.3538 0.9140
vn 0.2426 -0.3122 0.9185
vn -0.0057 -0.9369 -0.3496
vn -0.0029 -0.9555 -0.2950
vn -0.8148 -0.1862 0.5490
vn -0.8156 -0.1858 0.5480
vn 0.7457 -0.2141 0.6309
vn 0.7475 -0.2137 0.6289
vn 0.2035 -0.3585 0.9111
vn -0.0000 -0.3212 0.9470
vn 0.0030 -0.9372 -0.3487
vn -0.0145 -0.9242 -0.3815
vn 0.1767 -0.3424 0.9228
vn -0.9271 -0.1353 -0.3494
vn -0.9184 -0.2169 -0.3309
vn 0.0426 -0.9684 -0.2457
vn -0.0016 -0.9555 -0.2948
vn 0.5448 -0.2074 0.8125
vn 0.5311 -0.2554 0.8079
vn -0.2757 -0.9013 -0.3340
vn -0.2894 -0.8985 -0.3300
vn 0.2808 -0.8871 -0.3662
vn 0.2790 -0.8873 -0.3672
vn 0.0287 -0.3075 0.9511
vn 0.0099 -0.3044 0.9525
vn 0.7097 -0.6510 -0.2694
vn 0.9594 -0.2606 -0.1079
vn 0.9590 -0.2616 -0.1089
vn 0.0557 -0.3583 0.9319
vn 0.0369 -0.3717 0.9276
vn 0.0298 -0.3143 0.9488
vn -0.0320 -0.3075 0.9510
vn 0.0430 -0.3348 0.9413
vn 0.0626 -0.3038 0.9507
vn 0.1460 -0.3777 0.9143
vn 0.1296 -0.3270 0.9361
vn -0.0683 -0.3220 0.9443
vn -0.0249 -0.3211 0.9467
vn -0.9057 -0.1362 0.4015
vn -0.9056 -0.1364 0.4017
vn -0.7224 -0.5680 -0.3944
vn -0.7202 -0.5698 -0.3958
vn 0.1743 -0.3651 0.9145
vn 0.2437 -0.3172 0.9165
vn 0.2328 -0.3114 0.9213
vn 0.2429 -0.2981 0.9231
vn 0.2296 -0.3184 0.9197
vn 0.2439 -0.3105 0.9187
vn -0.0000 -0.0653 0.9979
vn -0.1640 -0.0648 0.9843
vn -0.1767 -0.0625 0.9823
vn -0.7146 -0.0458 0.6980
vn -0.7150 -0.0457 0.6976
vn 0.7146 -0.0458 0.6980
vn 0.7150 -0.0457 0.6976
vn 0.5301 -0.0695 0.8451
vn 0.5453 -0.1211 0.8295
vn 0.7069 -0.0458 0.7059
vn 0.7068 -0.0455 0.7060
vn 0.0536 -0.1287 0.9902
vn 0.0352 -0.1198 0.9922
vn 0.1981 -0.1035 0.9747
vn 0.2416 -0.0625 0.9684
vn 0.0072 0.9953 0.0968
vn 0.0035 0.9992 0.0389
vn -0.8155 -0.0379 0.5775
vn -0.8164 -0.0377 0.5763
vn 0.7494 -0.0430 0.6607
vn 0.7483 -0.0429 0.6620
vn 0.2055 -0.1115 0.9723
vn -0.0000 -0.0655 0.9979
vn -0.0029 0.9954 0.0956
vn 0.0145 0.9914 0.1304
vn 0.1765 -0.0914 0.9800
vn 0.9271 0.2201 0.3034
vn 0.9182 0.2960 0.2634
vn -0.0429 0.9990 -0.0129
vn 0.0021 0.9992 0.0388
vn 0.5452 0.0111 0.8382
vn 0.5311 -0.0380 0.8465
vn 0.2785 0.9562 0.0902
vn 0.2907 0.9528 0.0874
vn -0.2806 0.9516 0.1252
vn -0.2799 0.9518 0.1255
vn 0.0320 -0.0515 0.9982
vn 0.0086 -0.0474 0.9988
vn -0.7103 0.6979 0.0920
vn -0.7106 0.6976 0.0918
vn -0.9592 0.2805 0.0369
vn -0.9592 0.2804 0.0369
vn 0.0577 -0.1025 0.9931
vn 0.0344 -0.1198 0.9922
vn 0.0286 -0.0581 0.9979
vn -0.0276 -0.0515 0.9983
vn 0.0415 -0.0832 0.9957
vn 0.0633 -0.0473 0.9969
vn 0.1463 -0.1275 0.9810
vn 0.1300 -0.0732 0.9888
vn -0.0653 -0.0663 0.9957
vn -0.0391 -0.0655 0.9971
vn -0.0000 -0.0649 0.9979
vn -0.0000 -0.0659 0.9978
vn -0.9061 -0.0275 0.4221
vn -0.9058 -0.0279 0.4227
vn 0.7219 0.6513 0.2338
vn 0.7187 0.6544 0.2352
vn 0.1920 -0.1029 0.9760
vn 0.2442 -0.0676 0.9674
vn 0.2343 -0.0613 0.9702
vn 0.2433 -0.0495 0.9687
vn 0.2277 -0.0679 0.9714
vn 0.2408 -0.0612 0.9686
vn 0.1641 -0.9843 0.0648
vn 0.1767 -0.9823 0.0625
vn -0.5301 -0.8451 0.0695
vn -0.5453 -0.8295 0.1211
vn -0.7069 -0.7059 0.0458
vn -0.7068 -0.7060 0.0455
vn -0.0536 -0.9902 0.1287
vn -0.0352 -0.9922 0.1198
vn -0.1981 -0.9747 0.1035
vn -0.2416 -0.9684 0.0625
vn -0.0072 -0.0968 -0.9953
vn -0.0035 -0.0389 -0.9992
vn 0.8155 -0.5775 0.0379
vn 0.8164 -0.5763 0.0377
vn -0.7495 -0.6607 0.0430
vn -0.7483 -0.6620 0.0429
vn -0.2055 -0.9723 0.1115
vn 0.0029 -0.0956 -0.9954
vn -0.0145 -0.1304 -0.9914
vn -0.1765 -0.9800 0.0914
vn -0.9271 -0.3034 -0.2201
vn -0.9182 -0.2634 -0.2960
vn 0.0429 0.0129 -0.9990
vn -0.0021 -0.0388 -0.9992
vn -0.5452 -0.8382 -0.0112
vn -0.5311 -0.8465 0.0380
vn -0.2785 -0.0902 -0.9562
vn -0.2907 -0.0874 -0.9528
vn 0.2806 -0.1252 -0.9516
vn 0.2799 -0.1255 -0.9518
vn -0.0320 -0.9982 0.0515
vn -0.0086 -0.9988 0.0474
vn 0.7103 -0.0920 -0.6979
vn 0.7106 -0.0918 -0.6976
vn 0.9592 -0.0369 -0.2804
vn -0.0577 -0.9931 0.1025
vn -0.0344 -0.9922 0.1198
vn -0.0286 -0.9979 0.0581
vn 0.0277 -0.9983 0.0515
vn -0.0415 -0.9957 0.0832
vn -0.0633 -0.9969 0.0473
vn -0.1463 -0.9810 0.1275
vn -0.1300 -0.9888 0.0732
vn 0.0653 -0.9957 0.0663
vn 0.0391 -0.9971 0.0655
vn 0.9061 -0.4221 0.0275
vn 0.9058 -0.4227 0.0279
vn -0.7219 -0.2338 -0.6513
vn -0.7187 -0.2352 -0.6544
vn -0.1920 -0.9760 0.1029
vn -0.2441 -0.9674 0.0676
vn -0.2343 -0.9702 0.0613
vn -0.2433 -0.9687 0.0495
vn -0.2277 -0.9714 0.0679
vn -0.2408 -0.9686 0.0612
vn 0.1654 -0.9338 0.3173
vn 0.1799 -0.9322 0.3141
vn -0.5304 -0.7980 0.2861
vn -0.5451 -0.7705 0.3305
vn -0.7067 -0.6699 0.2277
vn -0.0575 -0.9227 0.3812
vn -0.0359 -0.9277 0.3717
vn -0.1986 -0.9140 0.3538
vn -0.2426 -0.9185 0.3122
vn 0.0057 0.3496 0.9369
vn 0.0029 0.2950 0.9555
vn 0.8148 -0.5490 0.1862
vn 0.8156 -0.5480 0.1858
vn -0.7457 -0.6309 0.2141
vn -0.7475 -0.6289 0.2137
vn -0.2035 -0.9111 0.3585
vn -0.0030 0.3487 0.9372
vn 0.0145 0.3815 0.9242
vn -0.1767 -0.9228 0.3424
vn 0.9270 0.3496 0.1360
vn 0.9183 0.3314 0.2166
vn -0.0426 0.2457 0.9684
vn 0.0016 0.2948 0.9555
vn -0.5448 -0.8125 0.2074
vn -0.5311 -0.8079 0.2554
vn 0.2757 0.3340 0.9013
vn 0.2894 0.3300 0.8985
vn -0.2808 0.3662 0.8871
vn -0.2790 0.3672 0.8873
vn -0.0287 -0.9511 0.3075
vn -0.0099 -0.9525 0.3044
vn -0.7097 0.2694 0.6510
vn -0.9594 0.1079 0.2606
vn -0.9590 0.1089 0.2616
vn -0.0557 -0.9319 0.3583
vn -0.0369 -0.9276 0.3717
vn -0.0298 -0.9488 0.3143
vn 0.0320 -0.9510 0.3075
vn -0.0417 -0.9406 0.3368
vn -0.0626 -0.9507 0.3038
vn -0.1460 -0.9143 0.3777
vn -0.1296 -0.9361 0.3270
vn 0.0683 -0.9443 0.3220
vn 0.0249 -0.9467 0.3212
vn 0.9057 -0.4015 0.1362
vn 0.9055 -0.4017 0.1364
vn 0.7224 0.3944 0.5680
vn 0.7202 0.3958 0.5698
vn -0.1743 -0.9145 0.3651
vn -0.2437 -0.9165 0.3172
vn -0.2328 -0.9213 0.3114
vn -0.2429 -0.9231 0.2981
vn -0.2296 -0.9197 0.3184
vn -0.2439 -0.9187 0.3105
vn 0.1654 -0.9673 0.1922
vn 0.1771 -0.9649 0.1937
vn 0.7133 -0.6875 0.1364
vn -0.7133 -0.6875 0.1363
vn -0.5311 -0.8340 0.1499
vn -0.5453 -0.8324 0.0993
vn -0.7067 -0.6940 0.1375
vn -0.7066 -0.6941 0.1379
vn -0.0536 -0.9899 0.1313
vn -0.0333 -0.9894 0.1413
vn -0.1991 -0.9682 0.1513
vn -0.2423 -0.9516 0.1890
vn -0.0060 0.1646 0.9863
vn 0.0020 -0.2228 -0.9749
vn 0.8156 -0.5676 0.1129
vn 0.8153 -0.5679 0.1130
vn -0.7449 -0.6544 0.1300
vn -0.7473 -0.6518 0.1291
vn -0.2045 -0.9680 0.1452
vn 0.0029 0.1656 0.9862
vn -0.0147 0.1304 0.9913
vn -0.1778 -0.9701 0.1649
vn 0.9273 0.2363 -0.2902
vn 0.9186 0.1783 -0.3527
vn -0.0419 -0.2709 -0.9617
vn 0.0014 -0.2229 -0.9748
vn -0.5448 -0.8075 0.2262
vn -0.5308 -0.8278 0.1815
vn 0.2778 -0.1608 -0.9471
vn 0.2900 -0.1627 -0.9431
vn 0.2833 0.1251 0.9508
vn 0.2839 0.1254 0.9506
vn -0.0284 -0.9775 0.2089
vn -0.0065 -0.9771 0.2128
vn 0.7074 0.0924 0.7008
vn 0.7070 0.0923 0.7011
vn 0.9593 0.0369 0.2801
vn -0.0578 -0.9855 0.1595
vn -0.0328 -0.9894 0.1413
vn -0.0297 -0.9789 0.2022
vn 0.0287 -0.9775 0.2089
vn -0.0423 -0.9831 0.1779
vn -0.0637 -0.9751 0.2123
vn -0.1460 -0.9807 0.1301
vn -0.1300 -0.9744 0.1834
vn 0.0613 -0.9791 0.1939
vn 0.0384 -0.9801 0.1950
vn 0.9061 -0.4148 0.0829
vn 0.9056 -0.4162 0.0824
vn 0.7217 0.0569 -0.6899
vn 0.7185 0.0574 -0.6932
vn -0.1926 -0.9695 0.1513
vn -0.2435 -0.9526 0.1823
vn -0.2345 -0.9530 0.1916
vn -0.2429 -0.9488 0.2019
vn -0.2256 -0.9569 0.1831
vn -0.2438 -0.9508 0.1912
vn 0.1644 -0.8199 0.5483
vn 0.1791 -0.8192 0.5448
vn -0.5310 -0.6958 0.4837
vn -0.5454 -0.6582 0.5190
vn -0.7069 -0.5880 0.3933
vn -0.7067 -0.5883 0.3930
vn -0.0566 -0.7920 0.6078
vn -0.0305 -0.8007 0.5982
vn -0.1984 -0.7923 0.5770
vn -0.2410 -0.8070 0.5391
vn -0.0069 -0.5811 -0.8138
vn 0.0011 0.5311 0.8473
vn 0.8143 -0.4827 0.3225
vn 0.8156 -0.4812 0.3212
vn -0.7463 -0.5534 0.3700
vn -0.7470 -0.5526 0.3696
vn -0.2079 -0.7844 0.5844
vn 0.0027 -0.5802 -0.8145
vn -0.0139 -0.6071 -0.7945
vn -0.1756 -0.8031 0.5693
vn 0.9273 0.3724 0.0382
vn 0.9184 0.3758 0.1240
vn -0.0410 0.4892 0.8712
vn 0.0009 0.5311 0.8473
vn -0.5448 -0.7310 0.4109
vn -0.5308 -0.7138 0.4568
vn 0.2795 0.5555 0.7831
vn 0.2890 0.5522 0.7820
vn 0.2828 -0.5824 -0.7621
vn 0.2790 -0.5845 -0.7619
vn -0.0312 -0.8393 0.5427
vn -0.0127 -0.8415 0.5402
vn 0.7085 -0.4296 -0.5599
vn 0.9594 -0.1716 -0.2237
vn 0.9592 -0.1725 -0.2242
vn -0.0559 -0.8087 0.5856
vn -0.0358 -0.8006 0.5981
vn -0.0295 -0.8355 0.5487
vn 0.0322 -0.8393 0.5427
vn -0.0388 -0.8201 0.5709
vn -0.0615 -0.8399 0.5392
vn -0.1456 -0.7849 0.6023
vn -0.1294 -0.8188 0.5594
vn 0.0803 -0.8277 0.5554
vn 0.0272 -0.8312 0.5553
vn 0.9058 -0.3521 0.2355
vn 0.9059 -0.3520 0.2353
vn 0.7231 0.5270 0.4465
vn 0.7173 0.5319 0.4500
vn -0.1828 -0.7908 0.5841
vn -0.2433 -0.8030 0.5441
vn -0.2344 -0.8093 0.5387
vn -0.2433 -0.8137 0.5279
vn -0.2262 -0.8064 0.5464
vn -0.2423 -0.8076 0.5376
vn 0.1644 -0.8849 0.4359
vn 0.1798 -0.8813 0.4371
vn -0.5306 -0.7666 0.3618
vn -0.5451 -0.7784 0.3114
vn -0.7069 -0.6344 0.3126
vn -0.7068 -0.6344 0.3130
vn -0.0260 -0.9179 0.3960
vn -0.1984 -0.8957 0.3979
vn -0.2409 -0.8704 0.4294
vn 0.0039 -0.4169 -0.9089
vn 0.0015 -0.4679 -0.8838
vn 0.8149 -0.5197 0.2565
vn 0.8156 -0.5188 0.2562
vn -0.7451 -0.5982 0.2950
vn -0.7463 -0.5970 0.2942
vn -0.2076 -0.8981 0.3877
vn -0.0037 -0.4177 -0.9086
vn 0.0143 -0.3844 -0.9231
vn -0.1759 -0.8945 0.4110
vn 0.9272 0.1515 -0.3425
vn 0.9185 0.0807 -0.3871
vn -0.0411 -0.5106 -0.8589
vn 0.0019 -0.4678 -0.8838
vn -0.5448 -0.7214 0.4274
vn -0.5312 -0.7519 0.3905
vn 0.2765 -0.4002 -0.8737
vn 0.2906 -0.4011 -0.8687
vn -0.2807 -0.3690 -0.8860
vn -0.2789 -0.3684 -0.8869
vn -0.0311 -0.8898 0.4554
vn -0.0105 -0.8885 0.4588
vn -0.7096 -0.2703 -0.6507
vn -0.7082 -0.2700 -0.6523
vn -0.9591 -0.1082 -0.2615
vn -0.9595 -0.1083 -0.2601
vn -0.0557 -0.9122 0.4059
vn -0.0404 -0.9174 0.3958
vn -0.0293 -0.8932 0.4487
vn 0.0354 -0.8896 0.4553
vn -0.0389 -0.9046 0.4245
vn -0.0617 -0.8868 0.4580
vn -0.1464 -0.9143 0.3777
vn -0.1296 -0.8932 0.4305
vn 0.0665 -0.8954 0.4402
vn 0.0262 -0.8964 0.4424
vn 0.9057 -0.3802 0.1874
vn 0.9059 -0.3797 0.1875
vn 0.7210 -0.1238 -0.6818
vn 0.7203 -0.1238 -0.6825
vn -0.1860 -0.9001 0.3940
vn -0.2436 -0.8727 0.4231
vn -0.2338 -0.8712 0.4317
vn -0.2433 -0.8636 0.4416
vn -0.2252 -0.8767 0.4251
vn -0.2421 -0.8694 0.4308
vn 0.1708 -0.6498 0.7407
vn 0.1794 -0.6499 0.7385
vn -0.5309 -0.5479 0.6465
vn -0.5454 -0.5026 0.6708
vn -0.7072 -0.4655 0.5322
vn -0.7068 -0.4668 0.5316
vn -0.0566 -0.6066 0.7930
vn -0.0310 -0.6173 0.7862
vn -0.1980 -0.6150 0.7633
vn -0.2426 -0.6401 0.7290
vn -0.0068 -0.7716 -0.6361
vn 0.0020 0.7330 0.6803
vn 0.8143 -0.3825 0.4366
vn 0.8159 -0.3812 0.4347
vn -0.7436 -0.4407 0.5028
vn -0.7484 -0.4367 0.4993
vn -0.2024 -0.6105 0.7657
vn 0.0039 -0.7708 -0.6370
vn -0.0143 -0.7936 -0.6083
vn -0.1767 -0.6280 0.7579
vn 0.9273 0.3697 -0.0583
vn 0.9185 0.3947 0.0223
vn -0.0399 0.6993 0.7137
vn 0.0012 0.7329 0.6803
vn -0.5443 -0.6000 0.5863
vn -0.5313 -0.5732 0.6238
vn 0.2777 0.7399 0.6127
vn 0.2869 0.7366 0.6125
vn 0.2778 -0.7625 -0.5844
vn 0.2778 -0.7624 -0.5844
vn -0.0302 -0.6701 0.7417
vn -0.0099 -0.6730 0.7395
vn 0.7094 -0.5594 -0.4288
vn 0.9592 -0.2245 -0.1721
vn 0.9595 -0.2233 -0.1718
vn -0.0557 -0.6265 0.7774
vn -0.0386 -0.6171 0.7859
vn -0.0347 -0.6643 0.7467
vn 0.0310 -0.6701 0.7417
vn -0.0373 -0.6428 0.7651
vn -0.0613 -0.6718 0.7382
vn -0.1466 -0.6010 0.7857
vn -0.1294 -0.6473 0.7512
vn 0.0671 -0.6564 0.7514
vn 0.0276 -0.6587 0.7519
vn 0.9059 -0.2791 0.3186
vn 0.9057 -0.2792 0.3189
vn 0.7224 0.6255 0.2948
vn 0.7211 0.6268 0.2953
vn -0.1835 -0.6134 0.7682
vn -0.2412 -0.6345 0.7344
vn -0.2331 -0.6414 0.7309
vn -0.2456 -0.6515 0.7178
vn -0.2270 -0.6367 0.7369
vn -0.2421 -0.6400 0.7292
vn 0.1708 -0.7407 0.6498
vn 0.1794 -0.7385 0.6499
vn -0.5309 -0.6465 0.5479
vn -0.5454 -0.6708 0.5026
vn -0.7072 -0.5322 0.4655
vn -0.7068 -0.5316 0.4668
vn -0.0566 -0.7930 0.6066
vn -0.0310 -0.7862 0.6173
vn -0.1980 -0.7633 0.6150
vn -0.2426 -0.7290 0.6401
vn -0.0068 0.6361 0.7716
vn 0.0020 -0.6803 -0.7330
vn 0.8143 -0.4366 0.3825
vn 0.8159 -0.4347 0.3812
vn -0.7436 -0.5028 0.4407
vn -0.7484 -0.4993 0.4367
vn -0.2024 -0.7657 0.6105
vn 0.0039 0.6370 0.7708
vn -0.0143 0.6083 0.7936
vn -0.1767 -0.7579 0.6280
vn 0.9273 0.0583 -0.3697
vn 0.9185 -0.0223 -0.3947
vn -0.0399 -0.7137 -0.6993
vn 0.0012 -0.6803 -0.7329
vn -0.5443 -0.5863 0.6000
vn -0.5313 -0.6238 0.5732
vn 0.2777 -0.6127 -0.7399
vn 0.2869 -0.6125 -0.7366
vn 0.2778 0.5844 0.7624
vn -0.0302 -0.7417 0.6701
vn -0.0099 -0.7395 0.6730
vn 0.7093 0.4288 0.5594
vn 0.7094 0.4288 0.5594
vn 0.9592 0.1721 0.2245
vn 0.9595 0.1718 0.2233
vn -0.0557 -0.7774 0.6265
vn -0.0386 -0.7859 0.6171
vn -0.0347 -0.7467 0.6643
vn 0.0310 -0.7417 0.6701
vn -0.0373 -0.7652 0.6428
vn -0.0613 -0.7382 0.6718
vn -0.1466 -0.7857 0.6010
vn -0.1294 -0.7512 0.6473
vn 0.0671 -0.7514 0.6564
vn 0.0277 -0.7519 0.6587
vn 0.9059 -0.3186 0.2791
vn 0.9057 -0.3189 0.2792
vn 0.7224 -0.2948 -0.6255
vn 0.7211 -0.2953 -0.6268
vn -0.1835 -0.7682 0.6134
vn -0.2412 -0.7344 0.6345
vn -0.2331 -0.7309 0.6414
vn -0.2456 -0.7178 0.6515
vn -0.2270 -0.7369 0.6367
vn -0.2421 -0.7292 0.6400
vn 0.1644 -0.4359 0.8849
vn 0.1798 -0.4371 0.8813
vn -0.5306 -0.3618 0.7666
vn -0.5451 -0.3114 0.7784
vn -0.7069 -0.3126 0.6344
vn -0.7068 -0.3130 0.6344
vn -0.0575 -0.3812 0.9227
vn -0.0260 -0.3960 0.9179
vn -0.1984 -0.3979 0.8957
vn -0.2409 -0.4294 0.8704
vn 0.0039 0.9089 0.4169
vn 0.0015 0.8838 0.4679
vn 0.8149 -0.2565 0.5197
vn 0.8156 -0.2562 0.5188
vn -0.7451 -0.2950 0.5982
vn -0.7463 -0.2942 0.5970
vn -0.2076 -0.3877 0.8981
vn -0.0037 0.9086 0.4177
vn 0.0143 0.9231 0.3844
vn -0.1759 -0.4110 0.8945
vn 0.9272 0.3425 -0.1515
vn 0.9185 0.3871 -0.0807
vn -0.0411 0.8589 0.5106
vn 0.0019 0.8838 0.4678
vn -0.5448 -0.4274 0.7215
vn -0.5312 -0.3904 0.7519
vn 0.2765 0.8737 0.4002
vn 0.2906 0.8687 0.4011
vn -0.2807 0.8860 0.3690
vn -0.2789 0.8869 0.3684
vn -0.0311 -0.4554 0.8898
vn -0.0105 -0.4588 0.8885
vn -0.7096 0.6507 0.2703
vn -0.7082 0.6523 0.2700
vn -0.9591 0.2615 0.1082
vn -0.9595 0.2601 0.1083
vn -0.0557 -0.4059 0.9122
vn -0.0404 -0.3958 0.9174
vn -0.0293 -0.4487 0.8932
vn 0.0354 -0.4553 0.8896
vn -0.0389 -0.4245 0.9046
vn -0.0617 -0.4580 0.8868
vn -0.1464 -0.3777 0.9143
vn -0.1296 -0.4305 0.8932
vn 0.0665 -0.4402 0.8954
vn 0.0262 -0.4424 0.8964
vn 0.9057 -0.1874 0.3802
vn 0.9059 -0.1875 0.3797
vn 0.7210 0.6818 0.1238
vn 0.7203 0.6825 0.1238
vn -0.1860 -0.3940 0.9001
vn -0.2436 -0.4231 0.8727
vn -0.2338 -0.4317 0.8712
vn -0.2433 -0.4416 0.8636
vn -0.2252 -0.4251 0.8767
vn -0.2421 -0.4309 0.8694
vn 0.1644 -0.5483 0.8199
vn 0.1791 -0.5448 0.8192
vn -0.5310 -0.4837 0.6958
vn -0.5454 -0.5190 0.6582
vn -0.7069 -0.3933 0.5880
vn -0.7067 -0.3930 0.5883
vn -0.0567 -0.6078 0.7920
vn -0.0305 -0.5982 0.8007
vn -0.1984 -0.5770 0.7923
vn -0.2410 -0.5391 0.8070
vn -0.0069 0.8138 0.5811
vn 0.0011 -0.8473 -0.5311
vn 0.8143 -0.3225 0.4827
vn 0.8156 -0.3212 0.4812
vn -0.7462 -0.3700 0.5534
vn -0.7470 -0.3696 0.5526
vn -0.2079 -0.5844 0.7844
vn 0.0027 0.8145 0.5802
vn -0.0139 0.7945 0.6071
vn -0.1756 -0.5693 0.8031
vn 0.9273 -0.0382 -0.3724
vn 0.9184 -0.1240 -0.3758
vn -0.0410 -0.8712 -0.4892
vn 0.0009 -0.8473 -0.5311
vn -0.5448 -0.4109 0.7310
vn -0.5308 -0.4568 0.7138
vn 0.2795 -0.7831 -0.5555
vn 0.2890 -0.7820 -0.5522
vn 0.2828 0.7621 0.5824
vn 0.2790 0.7619 0.5845
vn -0.0312 -0.5427 0.8393
vn -0.0127 -0.5402 0.8415
vn 0.7085 0.5599 0.4296
vn 0.9594 0.2237 0.1716
vn 0.9592 0.2242 0.1725
vn -0.0559 -0.5856 0.8087
vn -0.0358 -0.5981 0.8006
vn -0.0295 -0.5487 0.8355
vn 0.0322 -0.5427 0.8393
vn -0.0388 -0.5709 0.8201
vn -0.0615 -0.5392 0.8399
vn -0.1456 -0.6023 0.7849
vn -0.1294 -0.5594 0.8188
vn 0.0803 -0.5554 0.8277
vn 0.0272 -0.5553 0.8312
vn 0.9058 -0.2355 0.3521
vn 0.9059 -0.2353 0.3520
vn 0.7231 -0.4465 -0.5270
vn 0.7173 -0.4500 -0.5319
vn -0.1828 -0.5841 0.7908
vn -0.2432 -0.5441 0.8030
vn -0.2344 -0.5387 0.8093
vn -0.2433 -0.5279 0.8137
vn -0.2262 -0.5464 0.8064
vn -0.2423 -0.5376 0.8076
vn 0.1654 -0.1922 0.9673
vn 0.1771 -0.1937 0.9649
vn -0.5310 -0.1499 0.8340
vn -0.5453 -0.0993 0.8324
vn -0.7067 -0.1375 0.6940
vn -0.7066 -0.1379 0.6941
vn -0.0536 -0.1313 0.9899
vn -0.0333 -0.1413 0.9894
vn -0.1991 -0.1513 0.9682
vn -0.2423 -0.1890 0.9516
vn -0.0060 -0.9863 -0.1646
vn 0.0020 0.9749 0.2228
vn 0.8156 -0.1129 0.5676
vn 0.8153 -0.1130 0.5679
vn -0.7449 -0.1300 0.6544
vn -0.7473 -0.1291 0.6518
vn -0.2045 -0.1452 0.9680
vn 0.0029 -0.9862 -0.1656
vn -0.0147 -0.9913 -0.1304
vn -0.1778 -0.1649 0.9701
vn 0.9270 0.2916 -0.2358
vn 0.9184 0.3527 -0.1793
vn -0.0419 0.9617 0.2709
vn 0.0014 0.9748 0.2229
vn -0.5448 -0.2262 0.8075
vn -0.5308 -0.1815 0.8278
vn 0.2778 0.9471 0.1608
vn 0.2900 0.9431 0.1627
vn 0.2833 -0.9508 -0.1251
vn 0.2839 -0.9506 -0.1254
vn -0.0284 -0.2089 0.9775
vn -0.0065 -0.2128 0.9771
vn 0.7074 -0.7008 -0.0924
vn 0.7070 -0.7011 -0.0923
vn 0.9593 -0.2801 -0.0369
vn -0.0578 -0.1595 0.9855
vn -0.0328 -0.1413 0.9894
vn -0.0297 -0.2022 0.9789
vn 0.0287 -0.2089 0.9775
vn -0.0430 -0.1790 0.9829
vn -0.0637 -0.2123 0.9751
vn -0.1460 -0.1301 0.9807
vn -0.1300 -0.1834 0.9744
vn 0.0613 -0.1939 0.9791
vn 0.0384 -0.1950 0.9801
vn 0.9061 -0.0829 0.4148
vn 0.9056 -0.0824 0.4162
vn 0.7217 0.6899 -0.0569
vn 0.7185 0.6932 -0.0574
vn -0.1926 -0.1512 0.9695
vn -0.2435 -0.1823 0.9526
vn -0.2345 -0.1916 0.9530
vn -0.2429 -0.2019 0.9488
vn -0.2256 -0.1831 0.9569
vn -0.2438 -0.1912 0.9508
vn 0.1655 -0.3173 0.9338
vn 0.1799 -0.3141 0.9322
vn -0.5304 -0.2861 0.7980
vn -0.5451 -0.3305 0.7705
vn -0.7067 -0.2277 0.6699
vn -0.0359 -0.3717 0.9277
vn -0.1986 -0.3538 0.9140
vn -0.2426 -0.3122 0.9185
vn 0.0057 -0.9369 -0.3496
vn 0.0029 -0.9555 -0.2950
vn 0.8148 -0.1862 0.5490
vn 0.8156 -0.1858 0.5480
vn -0.7457 -0.2141 0.6309
vn -0.7475 -0.2137 0.6289
vn -0.2035 -0.3585 0.9111
vn -0.0030 -0.9372 -0.3487
vn 0.0145 -0.9242 -0.3815
vn -0.1767 -0.3424 0.9228
vn 0.9271 -0.1353 -0.3494
vn 0.9184 -0.2169 -0.3309
vn -0.0426 -0.9684 -0.2457
vn 0.0016 -0.9555 -0.2948
vn -0.5448 -0.2074 0.8125
vn -0.5311 -0.2554 0.8079
vn 0.2757 -0.9013 -0.3340
vn 0.2894 -0.8985 -0.3300
vn -0.2808 -0.8871 -0.3662
vn -0.2790 -0.8873 -0.3672
vn -0.0287 -0.3075 0.9511
vn -0.0099 -0.3044 0.9525
vn -0.7097 -0.6510 -0.2694
vn -0.9594 -0.2606 -0.1079
vn -0.9590 -0.2616 -0.1089
vn -0.0557 -0.3583 0.9319
vn -0.0369 -0.3717 0.9276
vn -0.0298 -0.3143 0.9488
vn 0.0320 -0.3075 0.9510
vn -0.0430 -0.3348 0.9413
vn -0.0626 -0.3038 0.9507
vn -0.1460 -0.3777 0.9143
vn -0.1296 -0.3270 0.9361
vn 0.0683 -0.3220 0.9443
vn 0.0249 -0.3211 0.9467
vn 0.9057 -0.1362 0.4015
vn 0.9055 -0.1364 0.4017
vn 0.7224 -0.5680 -0.3944
vn 0.7202 -0.5698 -0.3958
vn -0.1743 -0.3651 0.9145
vn -0.2437 -0.3172 0.9165
vn -0.2328 -0.3114 0.9213
vn -0.2429 -0.2981 0.9231
vn -0.2296 -0.3184 0.9197
vn -0.2439 -0.3105 0.9187
vn 0.1640 -0.0648 0.9843
vn 0.1767 -0.0625 0.9823
vn -0.5301 -0.0695 0.8451
vn -0.5453 -0.1211 0.8295
vn -0.7069 -0.0458 0.7059
vn -0.7068 -0.0455 0.7060
vn -0.0536 -0.1287 0.9902
vn -0.0352 -0.1198 0.9922
vn -0.1981 -0.1035 0.9747
vn -0.2416 -0.0625 0.9684
vn -0.0072 0.9953 0.0968
vn -0.0035 0.9992 0.0389
vn 0.8155 -0.0379 0.5775
vn 0.8164 -0.0377 0.5763
vn -0.7494 -0.0430 0.6607
vn -0.7483 -0.0429 0.6620
vn -0.2055 -0.1115 0.9723
vn 0.0029 0.9954 0.0956
vn -0.0145 0.9914 0.1304
vn -0.1765 -0.0914 0.9800
vn -0.9271 0.2201 0.3034
vn -0.9182 0.2960 0.2634
vn 0.0429 0.9990 -0.0129
vn -0.0021 0.9992 0.0388
vn -0.5452 0.0111 0.8382
vn -0.5311 -0.0380 0.8465
vn -0.2785 0.9562 0.0902
vn -0.2907 0.9528 0.0874
vn 0.2806 0.9516 0.1252
vn 0.2799 0.9518 0.1255
vn -0.0320 -0.0515 0.9982
vn -0.0086 -0.0474 0.9988
vn 0.7103 0.6979 0.0920
vn 0.7106 0.6976 0.0918
vn 0.9592 0.2805 0.0369
vn 0.9592 0.2804 0.0369
vn -0.0577 -0.1025 0.9931
vn -0.0344 -0.1198 0.9922
vn -0.0286 -0.0581 0.9979
vn 0.0276 -0.0515 0.9983
vn -0.0415 -0.0832 0.9957
vn -0.0633 -0.0473 0.9969
vn -0.1463 -0.1275 0.9810
vn -0.1300 -0.0732 0.9888
vn 0.0653 -0.0663 0.9957
vn 0.0391 -0.0655 0.9971
vn 0.9061 -0.0275 0.4221
vn 0.9058 -0.0279 0.4227
vn -0.7219 0.6513 0.2338
vn -0.7187 0.6544 0.2352
vn -0.1920 -0.1029 0.9760
vn -0.2442 -0.0676 0.9674
vn -0.2343 -0.0613 0.9702
vn -0.2433 -0.0495 0.9687
vn -0.2277 -0.0679 0.9714
vn -0.2408 -0.0612 0.9686
s 0
usemtl MB_5.003
f 70//1 71//1 809//1
f 71//1 810//1 809//1
f 1219//2 808//2 467//2
f 808//3 69//3 467//3
f 3446//4 70//4 3720//4
f 70//5 809//5 3720//5
f 67//6 3721//6 71//6
f 3721//7 810//7 71//7
f 3365//8 3378//8 3429//8
f 3378//9 3369//9 3429//9
f 3378//10 5//10 7//10
f 5//11 3377//11 7//11
f 20//12 18//12 2//12
f 18//13 3385//13 2//13
f 3//14 3374//14 3372//14
f 3374//15 3376//15 3372//15
f 3373//16 3364//16 9//16
f 3366//17 3368//17 8//17
f 68//18 69//18 3722//18
f 69//19 808//19 3722//19
f 3369//20 3378//20 3370//20
f 3378//21 7//21 3370//21
f 3374//22 3//22 3375//22
f 3448//23 3449//23 811//23
f 3449//23 807//23 811//23
f 3373//24 3371//24 3364//24
f 3364//25 3371//25 3363//25
f 21//26 3375//26 3//26
f 3380//27 10//27 3379//27
f 10//27 825//27 3379//27
f 3382//28 813//28 3384//28
f 813//29 3383//29 3384//29
f 3367//30 3366//30 12//30
f 3366//31 8//31 12//31
f 3370//32 7//32 826//32
f 7//33 6//33 826//33
f 22//34 3386//34 12//34
f 3386//35 3367//35 12//35
f 3371//36 15//36 3363//36
f 3363//37 15//37 19//37
f 845//38 837//38 3389//38
f 837//39 3//39 3389//39
f 15//40 14//40 19//40
f 19//41 14//41 3388//41
f 14//42 84//42 3388//42
f 3388//42 84//42 3387//42
f 16//43 17//43 18//43
f 17//44 3385//44 18//44
f 812//45 845//45 3390//45
f 845//46 3389//46 3390//46
f 3381//47 21//47 837//47
f 21//48 3//48 837//48
f 2//49 4//49 20//49
f 4//50 81//50 20//50
f 3390//51 3440//51 812//51
f 3440//52 72//52 812//52
f 11//53 3362//53 823//53
f 823//53 3362//53 3361//53
f 485//54 1247//54 3450//54
f 3450//54 1247//54 838//54
f 1//55 89//55 806//55
f 806//56 89//56 3723//56
f 3386//57 22//57 3384//57
f 22//58 3382//58 3384//58
f 23//59 820//59 24//59
f 820//60 844//60 24//60
f 13//61 843//61 6//61
f 843//62 826//62 6//62
f 24//63 844//63 13//63
f 844//64 843//64 13//64
f 28//65 139//65 31//65
f 139//65 32//65 31//65
f 425//66 30//66 420//66
f 30//67 138//67 420//67
f 3504//68 28//68 3447//68
f 28//69 31//69 3447//69
f 26//70 3399//70 139//70
f 3399//71 32//71 139//71
f 3393//72 3409//72 3397//72
f 3409//73 3507//73 3397//73
f 3409//74 39//74 41//74
f 39//74 3408//74 41//74
f 158//75 156//75 36//75
f 156//76 3414//76 36//76
f 37//77 3405//77 3403//77
f 3405//78 3407//78 3403//78
f 3404//79 44//79 3392//79
f 3394//80 43//80 3396//80
f 27//81 138//81 3401//81
f 138//82 30//82 3401//82
f 3507//83 3409//83 47//83
f 3409//84 41//84 47//84
f 3405//85 37//85 3406//85
f 3398//86 3400//86 33//86
f 3400//86 29//86 33//86
f 3404//87 3392//87 3402//87
f 3392//88 3391//88 3402//88
f 60//89 3406//89 37//89
f 3509//27 149//27 3726//27
f 149//27 3725//27 3726//27
f 3411//90 3413//90 35//90
f 35//91 3413//91 3412//91
f 3395//92 49//92 3394//92
f 3394//93 49//93 43//93
f 47//94 41//94 48//94
f 41//95 40//95 48//95
f 61//96 49//96 3415//96
f 3415//97 49//97 3395//97
f 3402//98 3391//98 53//98
f 3391//99 56//99 53//99
f 66//100 57//100 3420//100
f 57//101 37//101 3420//101
f 53//102 56//102 52//102
f 56//102 3419//102 52//102
f 52//103 3419//103 3416//103
f 3419//104 3418//104 3416//104
f 54//105 55//105 156//105
f 55//106 3414//106 156//106
f 34//107 66//107 3417//107
f 66//108 3420//108 3417//108
f 3410//109 60//109 57//109
f 60//110 37//110 57//110
f 36//111 38//111 158//111
f 38//112 46//112 158//112
f 3417//113 51//113 34//113
f 51//114 140//114 34//114
f 150//86 3506//86 45//86
f 45//86 3506//86 3724//86
f 451//65 452//65 3422//65
f 3422//65 452//65 58//65
f 137//115 59//115 25//115
f 25//116 59//116 3421//116
f 3415//117 3413//117 61//117
f 61//118 3413//118 3411//118
f 62//119 42//119 63//119
f 42//120 65//120 63//120
f 50//121 64//121 40//121
f 64//122 48//122 40//122
f 63//123 65//123 50//123
f 65//124 64//124 50//124
f 70//125 31//125 71//125
f 31//125 32//125 71//125
f 425//126 467//126 30//126
f 467//127 69//127 30//127
f 3446//128 3447//128 70//128
f 3447//129 31//129 70//129
f 67//130 71//130 3399//130
f 71//131 32//131 3399//131
f 3425//132 3429//132 3437//132
f 3429//133 3369//133 3437//133
f 3437//134 78//134 76//134
f 78//135 3436//135 76//135
f 20//136 73//136 18//136
f 73//137 3438//137 18//137
f 74//138 3431//138 3433//138
f 3431//139 3435//139 3433//139
f 3432//140 80//140 3424//140
f 3426//141 3428//141 79//141
f 68//142 3401//142 69//142
f 3401//143 30//143 69//143
f 3369//144 47//144 3437//144
f 47//145 78//145 3437//145
f 3433//146 3434//146 74//146
f 3448//147 33//147 3449//147
f 33//147 29//147 3449//147
f 3432//148 3424//148 3430//148
f 3430//149 3424//149 3423//149
f 3444//150 74//150 3434//150
f 3380//27 3726//27 10//27
f 3726//27 3725//27 10//27
f 90//151 35//151 3443//151
f 3443//152 35//152 3412//152
f 3427//153 3426//153 82//153
f 82//154 3426//154 79//154
f 47//155 48//155 78//155
f 48//156 77//156 78//156
f 91//157 3439//157 82//157
f 82//158 3439//158 3427//158
f 3430//159 3423//159 3442//159
f 3442//160 3423//160 88//160
f 66//161 86//161 57//161
f 86//162 74//162 57//162
f 3442//163 88//163 3441//163
f 3441//164 88//164 3445//164
f 3441//165 3445//165 84//165
f 84//165 3445//165 3387//165
f 16//166 18//166 87//166
f 18//167 3438//167 87//167
f 34//168 85//168 66//168
f 85//169 86//169 66//169
f 3410//170 57//170 3444//170
f 57//171 74//171 3444//171
f 73//172 20//172 75//172
f 20//173 81//173 75//173
f 85//174 34//174 3440//174
f 34//175 72//175 3440//175
f 11//176 45//176 3362//176
f 3362//176 45//176 3724//176
f 485//177 3450//177 452//177
f 452//177 3450//177 58//177
f 1//178 25//178 89//178
f 89//179 25//179 3421//179
f 3439//180 91//180 3443//180
f 3443//181 91//181 90//181
f 92//182 93//182 42//182
f 93//183 65//183 42//183
f 83//184 77//184 64//184
f 77//185 48//185 64//185
f 93//186 83//186 65//186
f 83//187 64//187 65//187
f 98//188 205//188 102//188
f 205//188 103//188 102//188
f 501//189 101//189 608//189
f 101//190 97//190 608//190
f 3451//191 98//191 3452//191
f 98//192 102//192 3452//192
f 95//193 3461//193 205//193
f 3461//194 103//194 205//194
f 3455//195 3471//195 3459//195
f 3471//196 3568//196 3459//196
f 3471//197 110//197 112//197
f 110//198 3470//198 112//198
f 223//199 126//199 107//199
f 126//200 3478//200 107//200
f 108//201 3467//201 3465//201
f 3467//202 3469//202 3465//202
f 3466//203 3454//203 115//203
f 3456//204 114//204 3458//204
f 96//205 97//205 3463//205
f 97//206 101//206 3463//206
f 3568//207 3471//207 118//207
f 3471//208 112//208 118//208
f 3467//209 108//209 3468//209
f 3460//210 3462//210 104//210
f 3462//210 100//210 104//210
f 3466//211 3464//211 3454//211
f 3454//212 3464//212 3453//212
f 130//213 3468//213 108//213
f 3473//27 214//27 3472//27
f 214//27 3508//27 3472//27
f 3475//214 3477//214 106//214
f 106//215 3477//215 3476//215
f 3457//216 121//216 3456//216
f 3456//217 121//217 114//217
f 118//218 112//218 119//218
f 112//219 111//219 119//219
f 131//220 121//220 3479//220
f 3479//221 121//221 3457//221
f 3464//222 124//222 3453//222
f 3453//223 124//223 127//223
f 136//224 128//224 3480//224
f 128//225 108//225 3480//225
f 124//226 123//226 127//226
f 127//226 123//226 3482//226
f 123//227 3560//227 3482//227
f 3482//228 3560//228 3562//228
f 220//229 125//229 126//229
f 125//230 3478//230 126//230
f 105//231 136//231 3481//231
f 136//232 3480//232 3481//232
f 3474//233 130//233 128//233
f 130//234 108//234 128//234
f 107//235 109//235 223//235
f 109//236 117//236 223//236
f 3481//237 217//237 105//237
f 217//238 99//238 105//238
f 120//239 204//239 116//239
f 116//239 204//239 3505//239
f 627//188 527//188 3570//188
f 3570//188 527//188 129//188
f 3567//240 224//240 94//240
f 94//241 224//241 3727//241
f 3479//242 3477//242 131//242
f 131//243 3477//243 3475//243
f 132//244 113//244 133//244
f 113//245 135//245 133//245
f 122//246 134//246 111//246
f 134//247 119//247 111//247
f 133//248 135//248 122//248
f 135//249 134//249 122//249
f 28//250 102//250 139//250
f 102//250 103//250 139//250
f 501//251 420//251 101//251
f 420//252 138//252 101//252
f 3504//253 3452//253 28//253
f 3452//254 102//254 28//254
f 26//255 139//255 3461//255
f 139//256 103//256 3461//256
f 3485//257 3397//257 3496//257
f 3397//258 3507//258 3496//258
f 3496//259 146//259 144//259
f 146//260 3495//260 144//260
f 158//75 141//75 156//75
f 141//261 3497//261 156//261
f 142//262 3490//262 3492//262
f 3490//263 3494//263 3492//263
f 3491//264 3484//264 148//264
f 3486//265 3488//265 147//265
f 27//266 3463//266 138//266
f 3463//267 101//267 138//267
f 3507//268 118//268 3496//268
f 118//269 146//269 3496//269
f 3492//270 3493//270 142//270
f 3398//271 104//271 3400//271
f 104//271 100//271 3400//271
f 3491//272 3489//272 3484//272
f 3489//273 3483//273 3484//273
f 3501//274 142//274 3493//274
f 3509//27 3472//27 149//27
f 3472//27 3508//27 149//27
f 159//275 106//275 3500//275
f 3500//276 106//276 3476//276
f 3487//277 3486//277 151//277
f 151//278 3486//278 147//278
f 118//279 119//279 146//279
f 119//280 145//280 146//280
f 160//281 3498//281 151//281
f 151//282 3498//282 3487//282
f 3489//283 3499//283 3483//283
f 3499//284 157//284 3483//284
f 136//285 154//285 128//285
f 154//286 142//286 128//286
f 3499//287 3502//287 157//287
f 3502//288 3503//288 157//288
f 3502//289 3416//289 3503//289
f 3416//290 3418//290 3503//290
f 54//291 156//291 155//291
f 156//292 3497//292 155//292
f 105//293 153//293 136//293
f 153//294 154//294 136//294
f 3474//295 128//295 3501//295
f 128//296 142//296 3501//296
f 141//297 158//297 143//297
f 158//298 46//298 143//298
f 153//299 105//299 51//299
f 105//300 140//300 51//300
f 150//301 116//301 3506//301
f 3506//301 116//301 3505//301
f 451//302 3422//302 527//302
f 527//302 3422//302 129//302
f 137//303 94//303 59//303
f 59//304 94//304 3727//304
f 3498//305 160//305 3500//305
f 3500//306 160//306 159//306
f 161//307 162//307 113//307
f 162//308 135//308 113//308
f 152//309 145//309 134//309
f 145//310 119//310 134//310
f 162//311 152//311 135//311
f 152//312 134//312 135//312
f 274//313 275//313 169//313
f 275//313 170//313 169//313
f 570//314 168//314 683//314
f 168//315 273//315 683//315
f 3510//316 274//316 3511//316
f 274//317 169//317 3511//317
f 3629//318 3728//318 275//318
f 3728//319 170//319 275//319
f 3516//320 3531//320 3612//320
f 3531//321 3520//321 3612//321
f 3531//322 177//322 179//322
f 177//323 3530//323 179//323
f 293//324 291//324 174//324
f 291//325 3538//325 174//325
f 175//326 3527//326 3525//326
f 3527//327 3529//327 3525//327
f 3526//328 3515//328 182//328
f 3517//329 181//329 3519//329
f 3522//330 273//330 3523//330
f 273//331 168//331 3523//331
f 3520//332 3531//332 3521//332
f 3531//333 179//333 3521//333
f 3527//334 175//334 3528//334
f 272//335 165//335 171//335
f 165//335 167//335 171//335
f 3526//336 3524//336 3515//336
f 3515//337 3524//337 3514//337
f 197//338 3528//338 175//338
f 3533//27 184//27 3532//27
f 184//27 185//27 3532//27
f 3535//339 3537//339 173//339
f 173//340 3537//340 3536//340
f 3518//341 188//341 3517//341
f 3517//342 188//342 181//342
f 3521//343 179//343 186//343
f 179//344 178//344 186//344
f 198//345 188//345 3539//345
f 3539//346 188//346 3518//346
f 3524//347 191//347 3514//347
f 3514//348 191//348 194//348
f 203//349 195//349 3542//349
f 195//350 175//350 3542//350
f 191//351 190//351 194//351
f 194//351 190//351 3541//351
f 190//352 3623//352 3541//352
f 3541//353 3623//353 3540//353
f 192//354 193//354 291//354
f 193//355 3538//355 291//355
f 172//356 203//356 3543//356
f 203//357 3542//357 3543//357
f 3534//358 197//358 195//358
f 197//359 175//359 195//359
f 174//360 176//360 293//360
f 176//361 284//361 293//361
f 3543//362 287//362 172//362
f 287//363 166//363 172//363
f 187//364 3513//364 183//364
f 183//364 3513//364 3512//364
f 596//365 597//365 3631//365
f 3631//365 597//365 196//365
f 163//366 294//366 164//366
f 164//367 294//367 3569//367
f 3539//368 3537//368 198//368
f 198//369 3537//369 3535//369
f 199//370 180//370 200//370
f 180//371 202//371 200//371
f 189//372 201//372 178//372
f 201//373 186//373 178//373
f 200//374 202//374 189//374
f 202//375 201//375 189//375
f 98//376 169//376 205//376
f 169//376 170//376 205//376
f 570//377 608//377 168//377
f 608//378 97//378 168//378
f 3451//379 3511//379 98//379
f 3511//380 169//380 98//380
f 95//381 205//381 3728//381
f 205//382 170//382 3728//382
f 3546//383 3459//383 3557//383
f 3459//384 3568//384 3557//384
f 3557//385 211//385 209//385
f 211//386 3556//386 209//386
f 223//387 206//387 126//387
f 206//388 3558//388 126//388
f 207//389 3551//389 3553//389
f 3551//390 3555//390 3553//390
f 3552//391 213//391 3545//391
f 3547//392 3549//392 212//392
f 96//393 3523//393 97//393
f 3523//394 168//394 97//394
f 3568//395 3521//395 3557//395
f 3521//396 211//396 3557//396
f 3553//397 3554//397 207//397
f 3460//398 171//398 3462//398
f 171//398 167//398 3462//398
f 3552//399 3545//399 3550//399
f 3550//400 3545//400 3544//400
f 3566//401 207//401 3554//401
f 3473//27 3532//27 214//27
f 3532//27 185//27 214//27
f 225//402 173//402 3565//402
f 3565//403 173//403 3536//403
f 3548//404 3547//404 215//404
f 215//405 3547//405 212//405
f 3521//406 186//406 211//406
f 186//407 210//407 211//407
f 226//408 3559//408 215//408
f 215//409 3559//409 3548//409
f 3550//410 3544//410 3564//410
f 3564//410 3544//410 222//410
f 203//411 219//411 195//411
f 219//412 207//412 195//412
f 3564//413 222//413 3561//413
f 3561//414 222//414 3563//414
f 3561//415 3563//415 3560//415
f 3560//416 3563//416 3562//416
f 220//417 126//417 221//417
f 126//418 3558//418 221//418
f 172//419 218//419 203//419
f 218//420 219//420 203//420
f 3534//421 195//421 3566//421
f 195//422 207//422 3566//422
f 206//423 223//423 208//423
f 223//424 117//424 208//424
f 218//425 172//425 217//425
f 172//426 99//426 217//426
f 120//427 183//427 204//427
f 204//427 183//427 3512//427
f 627//428 3570//428 597//428
f 597//428 3570//428 196//428
f 3567//429 164//429 224//429
f 224//430 164//430 3569//430
f 3559//431 226//431 3565//431
f 3565//432 226//432 225//432
f 227//433 228//433 180//433
f 228//434 202//434 180//434
f 216//435 210//435 201//435
f 210//436 186//436 201//436
f 228//437 216//437 202//437
f 216//438 201//438 202//438
f 339//439 340//439 236//439
f 340//439 237//439 236//439
f 643//440 235//440 637//440
f 235//441 338//441 637//441
f 3571//442 339//442 3572//442
f 339//443 236//443 3572//443
f 231//444 3583//444 340//444
f 3583//445 237//445 340//445
f 3577//446 3593//446 3581//446
f 3593//447 3683//447 3581//447
f 3593//448 244//448 246//448
f 244//449 3592//449 246//449
f 262//450 356//450 241//450
f 356//451 3600//451 241//451
f 242//452 3589//452 3587//452
f 3589//453 3591//453 3587//453
f 3588//454 249//454 3576//454
f 3578//455 248//455 3580//455
f 232//456 338//456 3585//456
f 338//457 235//457 3585//457
f 3683//458 3593//458 252//458
f 3593//459 246//459 252//459
f 3589//460 242//460 3590//460
f 3582//461 3584//461 238//461
f 3584//461 234//461 238//461
f 3588//462 3576//462 3586//462
f 3576//463 3575//463 3586//463
f 265//464 3590//464 242//464
f 3595//27 349//27 3594//27
f 349//27 3729//27 3594//27
f 3597//465 3599//465 240//465
f 240//466 3599//466 3598//466
f 3579//467 255//467 3578//467
f 3578//468 255//468 248//468
f 252//469 246//469 253//469
f 246//470 245//470 253//470
f 266//471 255//471 3601//471
f 3601//472 255//472 3579//472
f 3586//473 3575//473 258//473
f 3575//474 261//474 258//474
f 271//475 263//475 3604//475
f 263//476 242//476 3604//476
f 258//477 261//477 257//477
f 261//478 3603//478 257//478
f 257//479 3603//479 3677//479
f 3603//480 3602//480 3677//480
f 259//481 260//481 356//481
f 260//482 3600//482 356//482
f 239//483 271//483 3605//483
f 271//484 3604//484 3605//484
f 3596//485 265//485 263//485
f 265//486 242//486 263//486
f 241//487 243//487 262//487
f 243//488 251//488 262//488
f 3605//489 352//489 239//489
f 352//490 233//490 239//490
f 254//491 3574//491 250//491
f 250//491 3574//491 3573//491
f 768//492 670//492 3685//492
f 3685//492 670//492 264//492
f 229//493 358//493 230//493
f 230//494 358//494 3630//494
f 3601//495 3599//495 266//495
f 266//496 3599//496 3597//496
f 267//497 247//497 268//497
f 247//498 270//498 268//498
f 256//499 269//499 245//499
f 269//500 253//500 245//500
f 268//501 270//501 256//501
f 270//502 269//502 256//502
f 274//503 236//503 275//503
f 236//503 237//503 275//503
f 643//504 683//504 235//504
f 683//505 273//505 235//505
f 3510//506 3572//506 274//506
f 3572//507 236//507 274//507
f 3629//508 275//508 3583//508
f 275//509 237//509 3583//509
f 3608//510 3612//510 3620//510
f 3612//511 3520//511 3620//511
f 3620//512 281//512 279//512
f 281//513 3619//513 279//513
f 293//514 276//514 291//514
f 276//515 3621//515 291//515
f 277//516 3614//516 3616//516
f 3614//517 3618//517 3616//517
f 3615//518 283//518 3607//518
f 3609//519 3611//519 282//519
f 3522//520 3585//520 273//520
f 3585//521 235//521 273//521
f 3520//522 252//522 3620//522
f 252//523 281//523 3620//523
f 3616//524 3617//524 277//524
f 272//525 238//525 165//525
f 238//525 234//525 165//525
f 3615//526 3607//526 3613//526
f 3613//527 3607//527 3606//527
f 3627//528 277//528 3617//528
f 3533//27 3594//27 184//27
f 3594//27 3729//27 184//27
f 295//529 240//529 3626//529
f 3626//530 240//530 3598//530
f 3610//531 3609//531 285//531
f 285//532 3609//532 282//532
f 252//533 253//533 281//533
f 253//534 280//534 281//534
f 296//535 3622//535 285//535
f 285//536 3622//536 3610//536
f 3613//537 3606//537 3625//537
f 3625//538 3606//538 292//538
f 271//539 289//539 263//539
f 289//540 277//540 263//540
f 3625//541 292//541 3624//541
f 3624//541 292//541 3628//541
f 3624//542 3628//542 3623//542
f 3623//543 3628//543 3540//543
f 192//544 291//544 290//544
f 291//545 3621//545 290//545
f 239//546 288//546 271//546
f 288//547 289//547 271//547
f 3596//548 263//548 3627//548
f 263//549 277//549 3627//549
f 276//550 293//550 278//550
f 293//551 284//551 278//551
f 288//552 239//552 287//552
f 239//553 166//553 287//553
f 187//554 250//554 3513//554
f 3513//554 250//554 3573//554
f 596//503 3631//503 670//503
f 670//503 3631//503 264//503
f 163//555 230//555 294//555
f 294//556 230//556 3630//556
f 3622//557 296//557 3626//557
f 3626//558 296//558 295//558
f 297//559 298//559 247//559
f 298//560 270//560 247//560
f 286//561 280//561 269//561
f 280//562 253//562 269//562
f 298//563 286//563 270//563
f 286//564 269//564 270//564
f 367//565 300//565 304//565
f 300//565 305//565 304//565
f 714//566 303//566 779//566
f 303//567 366//567 779//567
f 3632//568 367//568 3633//568
f 367//569 304//569 3633//569
f 364//570 3731//570 300//570
f 3731//571 305//571 300//571
f 3636//572 3647//572 3692//572
f 3647//573 3712//573 3692//573
f 3647//574 312//574 314//574
f 312//575 3646//575 314//575
f 387//576 385//576 309//576
f 385//577 3654//577 309//577
f 310//578 3643//578 3641//578
f 3643//579 3645//579 3641//579
f 3642//580 3635//580 317//580
f 3637//581 316//581 3639//581
f 365//582 366//582 3732//582
f 366//583 303//583 3732//583
f 3712//584 3647//584 319//584
f 3647//585 314//585 319//585
f 3643//586 310//586 3644//586
f 3714//587 3716//587 306//587
f 3716//587 302//587 306//587
f 3642//588 3640//588 3635//588
f 3635//589 3640//589 3634//589
f 331//590 3644//590 310//590
f 3649//27 376//27 3648//27
f 376//27 3684//27 3648//27
f 3651//591 3653//591 308//591
f 308//592 3653//592 3652//592
f 3638//593 322//593 3637//593
f 3637//594 322//594 316//594
f 319//595 314//595 320//595
f 314//596 313//596 320//596
f 332//597 322//597 3655//597
f 3655//598 322//598 3638//598
f 3640//599 325//599 3634//599
f 3634//600 325//600 327//600
f 337//601 328//601 3656//601
f 328//602 310//602 3656//602
f 325//603 324//603 327//603
f 327//604 324//604 3660//604
f 324//605 3703//605 3660//605
f 3660//605 3703//605 3705//605
f 383//606 326//606 385//606
f 326//607 3654//607 385//607
f 307//608 337//608 3659//608
f 337//609 3656//609 3659//609
f 3650//610 331//610 328//610
f 331//611 310//611 328//611
f 309//612 311//612 387//612
f 311//613 377//613 387//613
f 3659//614 380//614 307//614
f 380//615 301//615 307//615
f 321//616 3711//616 318//616
f 318//616 3711//616 3730//616
f 800//617 738//617 3658//617
f 3658//617 738//617 329//617
f 363//618 330//618 299//618
f 299//619 330//619 3657//619
f 3655//620 3653//620 332//620
f 332//621 3653//621 3651//621
f 333//622 315//622 334//622
f 315//623 336//623 334//623
f 323//624 335//624 313//624
f 335//625 320//625 313//625
f 334//626 336//626 323//626
f 336//627 335//627 323//627
f 339//628 304//628 340//628
f 304//628 305//628 340//628
f 714//629 637//629 303//629
f 637//630 338//630 303//630
f 3571//631 3633//631 339//631
f 3633//632 304//632 339//632
f 231//633 340//633 3731//633
f 340//634 305//634 3731//634
f 3663//635 3581//635 3674//635
f 3581//636 3683//636 3674//636
f 3674//637 346//637 344//637
f 346//637 3673//637 344//637
f 262//450 341//450 356//450
f 341//638 3675//638 356//638
f 342//639 3668//639 3670//639
f 3668//640 3672//640 3670//640
f 3669//641 3662//641 348//641
f 3664//642 3666//642 347//642
f 232//643 3732//643 338//643
f 3732//644 303//644 338//644
f 3683//645 319//645 3674//645
f 319//646 346//646 3674//646
f 3670//647 3671//647 342//647
f 3582//648 306//648 3584//648
f 306//648 302//648 3584//648
f 3669//649 3667//649 3662//649
f 3667//650 3661//650 3662//650
f 3681//651 342//651 3671//651
f 3595//27 3648//27 349//27
f 3648//27 3684//27 349//27
f 359//652 308//652 3680//652
f 3680//653 308//653 3652//653
f 3665//654 3664//654 350//654
f 350//655 3664//655 347//655
f 319//656 320//656 346//656
f 320//657 345//657 346//657
f 360//658 3676//658 350//658
f 350//659 3676//659 3665//659
f 3667//660 3679//660 3661//660
f 3679//661 357//661 3661//661
f 337//662 354//662 328//662
f 354//663 342//663 328//663
f 3679//664 3678//664 357//664
f 3678//664 3682//664 357//664
f 3678//665 3677//665 3682//665
f 3677//666 3602//666 3682//666
f 259//667 356//667 355//667
f 356//668 3675//668 355//668
f 307//669 353//669 337//669
f 353//670 354//670 337//670
f 3650//671 328//671 3681//671
f 328//672 342//672 3681//672
f 341//673 262//673 343//673
f 262//674 251//674 343//674
f 353//675 307//675 352//675
f 307//676 233//676 352//676
f 254//648 318//648 3574//648
f 3574//648 318//648 3730//648
f 768//628 3685//628 738//628
f 738//628 3685//628 329//628
f 229//677 299//677 358//677
f 358//678 299//678 3657//678
f 3676//679 360//679 3680//679
f 3680//680 360//680 359//680
f 361//681 362//681 315//681
f 362//682 336//682 315//682
f 351//683 345//683 335//683
f 345//684 320//684 335//684
f 362//685 351//685 336//685
f 351//686 335//686 336//686
f 367//687 2010//687 300//687
f 2010//687 2011//687 300//687
f 2440//688 779//688 2009//688
f 779//689 366//689 2009//689
f 3632//690 3733//690 367//690
f 3733//691 2010//691 367//691
f 364//692 300//692 3715//692
f 300//693 2011//693 3715//693
f 3688//694 3692//694 3700//694
f 3692//695 3712//695 3700//695
f 3700//696 373//696 371//696
f 373//697 3699//697 371//697
f 387//698 368//698 385//698
f 368//699 3701//699 385//699
f 369//700 3694//700 3696//700
f 3694//701 3698//701 3696//701
f 3695//702 375//702 3687//702
f 3689//703 374//703 3691//703
f 365//704 3717//704 366//704
f 3717//705 2009//705 366//705
f 3712//706 2017//706 3700//706
f 2017//707 373//707 3700//707
f 3696//708 3697//708 369//708
f 3714//709 2012//709 3716//709
f 2012//709 2008//709 3716//709
f 3695//710 3687//710 3693//710
f 3693//711 3687//711 3686//711
f 3709//712 369//712 3697//712
f 3649//27 3734//27 376//27
f 3734//27 3713//27 376//27
f 388//713 3708//713 2014//713
f 3708//714 2015//714 2014//714
f 3690//715 378//715 3689//715
f 378//716 374//716 3689//716
f 2017//717 2018//717 373//717
f 2018//718 372//718 373//718
f 389//719 378//719 3702//719
f 378//720 3690//720 3702//720
f 3693//721 3686//721 3707//721
f 3707//722 3686//722 386//722
f 2023//723 382//723 2019//723
f 382//724 369//724 2019//724
f 3707//725 386//725 3704//725
f 3704//726 386//726 3706//726
f 3704//727 3706//727 3703//727
f 3703//728 3706//728 3705//728
f 383//729 385//729 384//729
f 385//730 3701//730 384//730
f 2013//731 381//731 2023//731
f 381//732 382//732 2023//732
f 3718//733 2019//733 3709//733
f 2019//734 369//734 3709//734
f 368//735 387//735 370//735
f 387//736 377//736 370//736
f 381//737 2013//737 380//737
f 2013//738 301//738 380//738
f 321//739 2016//739 3711//739
f 3711//739 2016//739 3710//739
f 800//740 3658//740 2449//740
f 2449//740 3658//740 2020//740
f 363//741 2007//741 330//741
f 330//742 2007//742 3735//742
f 3702//743 3708//743 389//743
f 3708//744 388//744 389//744
f 390//745 391//745 3719//745
f 391//746 2022//746 3719//746
f 379//747 372//747 2021//747
f 372//748 2018//748 2021//748
f 391//749 379//749 2022//749
f 379//750 2021//750 2022//750
f 465//1 1217//1 466//1
f 1217//1 1218//1 466//1
f 1219//751 467//751 1216//751
f 467//752 464//752 1216//752
f 3821//6 4095//6 465//6
f 4095//7 1217//7 465//7
f 462//4 466//4 4096//4
f 466//5 1218//5 4096//5
f 3740//753 3804//753 3753//753
f 3804//754 3744//754 3753//754
f 3753//755 398//755 396//755
f 398//756 3752//756 396//756
f 411//757 393//757 409//757
f 393//758 3760//758 409//758
f 394//759 3747//759 3749//759
f 3747//760 3751//760 3749//760
f 3748//761 400//761 3739//761
f 3741//762 399//762 3743//762
f 463//763 4097//763 464//763
f 4097//764 1216//764 464//764
f 3744//765 3745//765 3753//765
f 3745//766 398//766 3753//766
f 3749//767 3750//767 394//767
f 3823//23 1220//23 3824//23
f 1220//23 1215//23 3824//23
f 3748//768 3739//768 3746//768
f 3746//769 3739//769 3738//769
f 412//770 394//770 3750//770
f 3755//771 3754//771 401//771
f 3754//771 1234//771 401//771
f 3757//772 3759//772 1222//772
f 3759//773 3758//773 1222//773
f 3742//774 403//774 3741//774
f 403//775 399//775 3741//775
f 3745//776 1235//776 398//776
f 1235//777 397//777 398//777
f 413//778 403//778 3761//778
f 403//779 3742//779 3761//779
f 3746//780 3738//780 406//780
f 406//781 3738//781 410//781
f 1255//782 3764//782 1246//782
f 3764//783 394//783 1246//783
f 406//784 410//784 405//784
f 405//785 410//785 3763//785
f 405//786 3763//786 480//786
f 480//786 3763//786 3762//786
f 407//787 409//787 408//787
f 409//788 3760//788 408//788
f 1221//789 3765//789 1255//789
f 3765//790 3764//790 1255//790
f 3756//791 1246//791 412//791
f 1246//792 394//792 412//792
f 393//793 411//793 395//793
f 411//794 477//794 395//794
f 3765//795 1221//795 3815//795
f 1221//796 468//796 3815//796
f 402//53 1232//53 3737//53
f 3737//53 1232//53 3736//53
f 485//54 3825//54 1247//54
f 1247//54 3825//54 1248//54
f 392//797 1214//797 486//797
f 486//798 1214//798 4098//798
f 3761//799 3759//799 413//799
f 3759//800 3757//800 413//800
f 414//801 415//801 1229//801
f 415//802 1254//802 1229//802
f 404//803 397//803 1253//803
f 397//804 1235//804 1253//804
f 415//805 404//805 1254//805
f 404//806 1253//806 1254//806
f 419//65 423//65 538//65
f 423//65 424//65 538//65
f 425//807 420//807 422//807
f 420//808 537//808 422//808
f 3879//70 3822//70 419//70
f 3822//71 423//71 419//71
f 417//68 538//68 3774//68
f 538//69 424//69 3774//69
f 3768//809 3772//809 3784//809
f 3772//810 3882//810 3784//810
f 3784//811 434//811 432//811
f 434//811 3783//811 432//811
f 557//812 429//812 555//812
f 429//813 3789//813 555//813
f 430//814 3778//814 3780//814
f 3778//815 3782//815 3780//815
f 3779//816 3767//816 437//816
f 3769//817 3771//817 436//817
f 418//818 3776//818 537//818
f 3776//819 422//819 537//819
f 3882//820 440//820 3784//820
f 440//821 434//821 3784//821
f 3780//822 3781//822 430//822
f 3773//86 426//86 3775//86
f 426//86 421//86 3775//86
f 3779//823 3777//823 3767//823
f 3777//824 3766//824 3767//824
f 455//825 430//825 3781//825
f 3884//771 4101//771 548//771
f 4101//771 4100//771 548//771
f 3786//826 428//826 3788//826
f 3788//827 428//827 3787//827
f 3770//828 3769//828 442//828
f 442//829 3769//829 436//829
f 440//830 441//830 434//830
f 441//831 433//831 434//831
f 456//832 3790//832 442//832
f 442//833 3790//833 3770//833
f 3777//834 446//834 3766//834
f 446//835 449//835 3766//835
f 461//836 3795//836 450//836
f 3795//837 430//837 450//837
f 446//838 445//838 449//838
f 445//838 3794//838 449//838
f 445//839 3791//839 3794//839
f 3791//840 3793//840 3794//840
f 447//841 555//841 448//841
f 555//842 3789//842 448//842
f 427//843 3792//843 461//843
f 3792//844 3795//844 461//844
f 3785//845 450//845 455//845
f 450//846 430//846 455//846
f 429//847 557//847 431//847
f 557//848 439//848 431//848
f 3792//849 427//849 444//849
f 427//850 539//850 444//850
f 549//86 438//86 3881//86
f 3881//86 438//86 4099//86
f 451//65 3797//65 452//65
f 452//65 3797//65 453//65
f 536//851 416//851 454//851
f 454//852 416//852 3796//852
f 3790//853 456//853 3788//853
f 3788//854 456//854 3786//854
f 457//855 458//855 435//855
f 458//856 460//856 435//856
f 443//857 433//857 459//857
f 433//858 441//858 459//858
f 458//859 443//859 460//859
f 443//860 459//860 460//860
f 465//125 466//125 423//125
f 466//125 424//125 423//125
f 425//861 422//861 467//861
f 422//862 464//862 467//862
f 3821//130 465//130 3822//130
f 465//863 423//863 3822//863
f 462//128 3774//128 466//128
f 3774//864 424//864 466//864
f 3800//865 3812//865 3804//865
f 3812//866 3744//866 3804//866
f 3812//867 472//867 474//867
f 472//868 3811//868 474//868
f 411//869 409//869 469//869
f 409//870 3813//870 469//870
f 470//871 3808//871 3806//871
f 3808//872 3810//872 3806//872
f 3807//873 3799//873 476//873
f 3801//874 475//874 3803//874
f 463//875 464//875 3776//875
f 464//876 422//876 3776//876
f 3744//877 3812//877 440//877
f 3812//878 474//878 440//878
f 3808//879 470//879 3809//879
f 3823//147 3824//147 426//147
f 3824//147 421//147 426//147
f 3807//880 3805//880 3799//880
f 3799//881 3805//881 3798//881
f 3819//882 3809//882 470//882
f 3755//771 401//771 4101//771
f 401//771 4100//771 4101//771
f 487//883 3818//883 428//883
f 428//884 3818//884 3787//884
f 3802//885 478//885 3801//885
f 3801//886 478//886 475//886
f 440//887 474//887 441//887
f 474//888 473//888 441//888
f 488//889 478//889 3814//889
f 3814//890 478//890 3802//890
f 3805//891 3817//891 3798//891
f 3798//892 3817//892 484//892
f 461//893 450//893 482//893
f 450//894 470//894 482//894
f 3817//895 3816//895 484//895
f 484//896 3816//896 3820//896
f 3816//897 480//897 3820//897
f 3820//897 480//897 3762//897
f 407//898 483//898 409//898
f 483//899 3813//899 409//899
f 427//900 461//900 481//900
f 461//901 482//901 481//901
f 3785//902 3819//902 450//902
f 3819//903 470//903 450//903
f 469//904 471//904 411//904
f 471//905 477//905 411//905
f 481//906 3815//906 427//906
f 3815//907 468//907 427//907
f 402//176 3737//176 438//176
f 438//176 3737//176 4099//176
f 485//177 452//177 3825//177
f 3825//177 452//177 453//177
f 392//908 486//908 416//908
f 416//909 486//909 3796//909
f 3814//910 3818//910 488//910
f 488//911 3818//911 487//911
f 489//912 435//912 490//912
f 435//913 460//913 490//913
f 479//914 459//914 473//914
f 459//915 441//915 473//915
f 490//916 460//916 479//916
f 460//917 459//917 479//917
f 495//188 499//188 607//188
f 499//188 500//188 607//188
f 501//918 608//918 498//918
f 608//919 494//919 498//919
f 3826//193 3827//193 495//193
f 3827//194 499//194 495//194
f 492//191 607//191 3836//191
f 607//192 500//192 3836//192
f 3830//920 3834//920 3846//920
f 3834//921 3943//921 3846//921
f 3846//922 510//922 508//922
f 510//923 3845//923 508//923
f 626//924 505//924 524//924
f 505//925 3853//925 524//925
f 506//926 3840//926 3842//926
f 3840//927 3844//927 3842//927
f 3841//928 513//928 3829//928
f 3831//929 3833//929 512//929
f 493//930 3838//930 494//930
f 3838//931 498//931 494//931
f 3943//932 516//932 3846//932
f 516//933 510//933 3846//933
f 3842//934 3843//934 506//934
f 3835//210 502//210 3837//210
f 502//210 497//210 3837//210
f 3841//935 3829//935 3839//935
f 3839//936 3829//936 3828//936
f 529//937 506//937 3843//937
f 3848//771 3847//771 617//771
f 3847//771 3883//771 617//771
f 3850//938 504//938 3852//938
f 3852//939 504//939 3851//939
f 3832//940 3831//940 519//940
f 519//941 3831//941 512//941
f 516//942 517//942 510//942
f 517//943 509//943 510//943
f 530//944 3854//944 519//944
f 519//945 3854//945 3832//945
f 3839//946 3828//946 522//946
f 522//947 3828//947 525//947
f 535//948 3855//948 526//948
f 3855//949 506//949 526//949
f 522//950 525//950 521//950
f 521//950 525//950 3857//950
f 521//951 3857//951 3935//951
f 3935//952 3857//952 3937//952
f 623//953 524//953 523//953
f 524//954 3853//954 523//954
f 503//955 3856//955 535//955
f 3856//956 3855//956 535//956
f 3849//957 526//957 529//957
f 526//958 506//958 529//958
f 505//959 626//959 507//959
f 626//960 515//960 507//960
f 3856//961 503//961 620//961
f 503//962 496//962 620//962
f 518//239 514//239 606//239
f 606//239 514//239 3880//239
f 627//188 3945//188 527//188
f 527//188 3945//188 528//188
f 3942//963 491//963 628//963
f 628//964 491//964 4102//964
f 3854//965 530//965 3852//965
f 3852//966 530//966 3850//966
f 531//967 532//967 511//967
f 532//968 534//968 511//968
f 520//969 509//969 533//969
f 509//970 517//970 533//970
f 532//971 520//971 534//971
f 520//972 533//972 534//972
f 419//250 538//250 499//250
f 538//250 500//250 499//250
f 501//973 498//973 420//973
f 498//974 537//974 420//974
f 3879//255 419//255 3827//255
f 419//256 499//256 3827//256
f 417//253 3836//253 538//253
f 3836//254 500//254 538//254
f 3860//975 3871//975 3772//975
f 3871//976 3882//976 3772//976
f 3871//977 543//977 545//977
f 543//978 3870//978 545//978
f 557//812 555//812 540//812
f 555//979 3872//979 540//979
f 541//980 3867//980 3865//980
f 3867//981 3869//981 3865//981
f 3866//982 547//982 3859//982
f 3861//983 546//983 3863//983
f 418//984 537//984 3838//984
f 537//985 498//985 3838//985
f 3882//986 3871//986 516//986
f 3871//987 545//987 516//987
f 3867//988 541//988 3868//988
f 3773//271 3775//271 502//271
f 3775//271 497//271 502//271
f 3866//989 3859//989 3864//989
f 3859//990 3858//990 3864//990
f 3876//991 3868//991 541//991
f 3884//771 548//771 3847//771
f 548//771 3883//771 3847//771
f 558//992 3875//992 504//992
f 504//993 3875//993 3851//993
f 3862//994 550//994 3861//994
f 3861//995 550//995 546//995
f 516//996 545//996 517//996
f 545//997 544//997 517//997
f 559//998 550//998 3873//998
f 3873//999 550//999 3862//999
f 3864//1000 3858//1000 3874//1000
f 3858//1001 556//1001 3874//1001
f 535//1002 526//1002 553//1002
f 526//1003 541//1003 553//1003
f 3874//1004 556//1004 3877//1004
f 556//1005 3878//1005 3877//1005
f 3877//1006 3878//1006 3791//1006
f 3878//1007 3793//1007 3791//1007
f 447//1008 554//1008 555//1008
f 554//1009 3872//1009 555//1009
f 503//1010 535//1010 552//1010
f 535//1011 553//1011 552//1011
f 3849//1012 3876//1012 526//1012
f 3876//1013 541//1013 526//1013
f 540//1014 542//1014 557//1014
f 542//1015 439//1015 557//1015
f 552//1016 444//1016 503//1016
f 444//1017 539//1017 503//1017
f 549//301 3881//301 514//301
f 514//301 3881//301 3880//301
f 451//302 527//302 3797//302
f 3797//302 527//302 528//302
f 536//1018 454//1018 491//1018
f 491//1019 454//1019 4102//1019
f 3873//1020 3875//1020 559//1020
f 559//1021 3875//1021 558//1021
f 560//1022 511//1022 561//1022
f 511//1023 534//1023 561//1023
f 551//1024 533//1024 544//1024
f 533//1025 517//1025 544//1025
f 561//1026 534//1026 551//1026
f 534//1027 533//1027 551//1027
f 681//313 568//313 682//313
f 568//313 569//313 682//313
f 570//1028 683//1028 567//1028
f 683//1029 680//1029 567//1029
f 3885//318 3886//318 681//318
f 3886//319 568//319 681//319
f 4004//316 682//316 4103//316
f 682//317 569//317 4103//317
f 3891//1030 3987//1030 3906//1030
f 3987//1031 3895//1031 3906//1031
f 3906//1032 579//1032 577//1032
f 579//1033 3905//1033 577//1033
f 701//1034 574//1034 699//1034
f 574//1035 3913//1035 699//1035
f 575//1036 3900//1036 3902//1036
f 3900//1037 3904//1037 3902//1037
f 3901//1038 582//1038 3890//1038
f 3892//1039 3894//1039 581//1039
f 3897//1040 3898//1040 680//1040
f 3898//1041 567//1041 680//1041
f 3895//1042 3896//1042 3906//1042
f 3896//1043 579//1043 3906//1043
f 3902//1044 3903//1044 575//1044
f 679//335 571//335 564//335
f 571//335 566//335 564//335
f 3901//1045 3890//1045 3899//1045
f 3899//1046 3890//1046 3889//1046
f 599//1047 575//1047 3903//1047
f 3908//771 3907//771 584//771
f 3907//771 585//771 584//771
f 3910//1048 573//1048 3912//1048
f 3912//1049 573//1049 3911//1049
f 3893//1050 3892//1050 588//1050
f 588//1051 3892//1051 581//1051
f 3896//1052 586//1052 579//1052
f 586//1053 578//1053 579//1053
f 600//1054 3914//1054 588//1054
f 588//1055 3914//1055 3893//1055
f 3899//1056 3889//1056 591//1056
f 591//1057 3889//1057 594//1057
f 605//1058 3917//1058 595//1058
f 3917//1059 575//1059 595//1059
f 591//1060 594//1060 590//1060
f 590//1060 594//1060 3916//1060
f 590//1061 3916//1061 3998//1061
f 3998//1062 3916//1062 3915//1062
f 592//1063 699//1063 593//1063
f 699//1064 3913//1064 593//1064
f 572//1065 3918//1065 605//1065
f 3918//1066 3917//1066 605//1066
f 3909//1067 595//1067 599//1067
f 595//1068 575//1068 599//1068
f 574//1069 701//1069 576//1069
f 701//1070 692//1070 576//1070
f 3918//1071 572//1071 695//1071
f 572//1072 565//1072 695//1072
f 587//364 583//364 3888//364
f 3888//364 583//364 3887//364
f 596//365 4006//365 597//365
f 597//365 4006//365 598//365
f 562//1073 563//1073 702//1073
f 702//1074 563//1074 3944//1074
f 3914//1075 600//1075 3912//1075
f 3912//1076 600//1076 3910//1076
f 601//1077 602//1077 580//1077
f 602//1078 604//1078 580//1078
f 589//1079 578//1079 603//1079
f 578//1080 586//1080 603//1080
f 602//1081 589//1081 604//1081
f 589//1082 603//1082 604//1082
f 495//376 607//376 568//376
f 607//376 569//376 568//376
f 570//1083 567//1083 608//1083
f 567//1084 494//1084 608//1084
f 3826//381 495//381 3886//381
f 495//382 568//382 3886//382
f 492//379 4103//379 607//379
f 4103//380 569//380 607//380
f 3921//1085 3932//1085 3834//1085
f 3932//1086 3943//1086 3834//1086
f 3932//1087 612//1087 614//1087
f 612//1088 3931//1088 614//1088
f 626//1089 524//1089 609//1089
f 524//1090 3933//1090 609//1090
f 610//1091 3928//1091 3926//1091
f 3928//1092 3930//1092 3926//1092
f 3927//1093 3920//1093 616//1093
f 3922//1094 615//1094 3924//1094
f 493//1095 494//1095 3898//1095
f 494//1096 567//1096 3898//1096
f 3943//1097 3932//1097 3896//1097
f 3932//1098 614//1098 3896//1098
f 3928//1099 610//1099 3929//1099
f 3835//398 3837//398 571//398
f 3837//398 566//398 571//398
f 3927//1100 3925//1100 3920//1100
f 3920//1101 3925//1101 3919//1101
f 3941//1102 3929//1102 610//1102
f 3848//771 617//771 3907//771
f 617//771 585//771 3907//771
f 629//1103 3940//1103 573//1103
f 573//1104 3940//1104 3911//1104
f 3923//1105 618//1105 3922//1105
f 3922//1106 618//1106 615//1106
f 3896//1107 614//1107 586//1107
f 614//1108 613//1108 586//1108
f 630//1109 618//1109 3934//1109
f 3934//1110 618//1110 3923//1110
f 3925//1111 3939//1111 3919//1111
f 3919//1111 3939//1111 625//1111
f 605//1112 595//1112 622//1112
f 595//1113 610//1113 622//1113
f 3939//1114 3936//1114 625//1114
f 625//1115 3936//1115 3938//1115
f 3936//1116 3935//1116 3938//1116
f 3938//1117 3935//1117 3937//1117
f 623//1118 624//1118 524//1118
f 624//1119 3933//1119 524//1119
f 572//1120 605//1120 621//1120
f 605//1121 622//1121 621//1121
f 3909//1122 3941//1122 595//1122
f 3941//1123 610//1123 595//1123
f 609//1124 611//1124 626//1124
f 611//1125 515//1125 626//1125
f 621//1126 620//1126 572//1126
f 620//1127 496//1127 572//1127
f 518//427 606//427 583//427
f 583//427 606//427 3887//427
f 627//428 597//428 3945//428
f 3945//428 597//428 598//428
f 3942//1128 628//1128 563//1128
f 563//1129 628//1129 3944//1129
f 3934//1130 3940//1130 630//1130
f 630//1131 3940//1131 629//1131
f 631//1132 580//1132 632//1132
f 580//1133 604//1133 632//1133
f 619//1134 603//1134 613//1134
f 603//1135 586//1135 613//1135
f 632//1136 604//1136 619//1136
f 604//1137 603//1137 619//1137
f 749//439 641//439 750//439
f 641//439 642//439 750//439
f 643//1138 637//1138 640//1138
f 637//1139 748//1139 640//1139
f 3946//444 3947//444 749//444
f 3947//445 641//445 749//445
f 635//442 750//442 3958//442
f 750//443 642//443 3958//443
f 3952//1140 3956//1140 3968//1140
f 3956//1141 4058//1141 3968//1141
f 3968//1142 652//1142 650//1142
f 652//1143 3967//1143 650//1143
f 668//1144 647//1144 766//1144
f 647//1145 3975//1145 766//1145
f 648//1146 3962//1146 3964//1146
f 3962//1147 3966//1147 3964//1147
f 3963//1148 3951//1148 655//1148
f 3953//1149 3955//1149 654//1149
f 636//1150 3960//1150 748//1150
f 3960//1151 640//1151 748//1151
f 4058//1152 658//1152 3968//1152
f 658//1153 652//1153 3968//1153
f 3964//1154 3965//1154 648//1154
f 3957//461 644//461 3959//461
f 644//461 639//461 3959//461
f 3963//1155 3961//1155 3951//1155
f 3961//1156 3950//1156 3951//1156
f 672//1157 648//1157 3965//1157
f 3970//771 3969//771 759//771
f 3969//771 4104//771 759//771
f 3972//1158 646//1158 3974//1158
f 3974//1159 646//1159 3973//1159
f 3954//1160 3953//1160 661//1160
f 661//1161 3953//1161 654//1161
f 658//1162 659//1162 652//1162
f 659//1163 651//1163 652//1163
f 673//1164 3976//1164 661//1164
f 661//1165 3976//1165 3954//1165
f 3961//1166 664//1166 3950//1166
f 664//1167 667//1167 3950//1167
f 678//1168 3979//1168 669//1168
f 3979//1169 648//1169 669//1169
f 664//1170 663//1170 667//1170
f 663//1171 3978//1171 667//1171
f 663//1172 4052//1172 3978//1172
f 4052//1173 3977//1173 3978//1173
f 665//1174 766//1174 666//1174
f 766//1175 3975//1175 666//1175
f 645//1176 3980//1176 678//1176
f 3980//1177 3979//1177 678//1177
f 3971//1178 669//1178 672//1178
f 669//1179 648//1179 672//1179
f 647//1180 668//1180 649//1180
f 668//1181 657//1181 649//1181
f 3980//1182 645//1182 762//1182
f 645//1183 638//1183 762//1183
f 660//491 656//491 3949//491
f 3949//491 656//491 3948//491
f 768//492 4060//492 670//492
f 670//492 4060//492 671//492
f 633//1184 634//1184 769//1184
f 769//1185 634//1185 4005//1185
f 3976//1186 673//1186 3974//1186
f 3974//1187 673//1187 3972//1187
f 674//1188 675//1188 653//1188
f 675//1189 677//1189 653//1189
f 662//1190 651//1190 676//1190
f 651//1191 659//1191 676//1191
f 675//1192 662//1192 677//1192
f 662//1193 676//1193 677//1193
f 681//503 682//503 641//503
f 682//503 642//503 641//503
f 643//1194 640//1194 683//1194
f 640//1195 680//1195 683//1195
f 3885//508 681//508 3947//508
f 681//509 641//509 3947//509
f 4004//506 3958//506 682//506
f 3958//507 642//507 682//507
f 3983//1196 3995//1196 3987//1196
f 3995//1197 3895//1197 3987//1197
f 3995//1198 687//1198 689//1198
f 687//1199 3994//1199 689//1199
f 701//1200 699//1200 684//1200
f 699//1201 3996//1201 684//1201
f 685//1202 3991//1202 3989//1202
f 3991//1203 3993//1203 3989//1203
f 3990//1204 3982//1204 691//1204
f 3984//1205 690//1205 3986//1205
f 3897//1206 680//1206 3960//1206
f 680//1207 640//1207 3960//1207
f 3895//1208 3995//1208 658//1208
f 3995//1209 689//1209 658//1209
f 3991//1210 685//1210 3992//1210
f 679//525 564//525 644//525
f 564//525 639//525 644//525
f 3990//1211 3988//1211 3982//1211
f 3982//1212 3988//1212 3981//1212
f 4002//1213 3992//1213 685//1213
f 3908//771 584//771 3969//771
f 584//771 4104//771 3969//771
f 703//1214 4001//1214 646//1214
f 646//1215 4001//1215 3973//1215
f 3985//1216 693//1216 3984//1216
f 3984//1217 693//1217 690//1217
f 658//1218 689//1218 659//1218
f 689//1219 688//1219 659//1219
f 704//1220 693//1220 3997//1220
f 3997//1221 693//1221 3985//1221
f 3988//1222 4000//1222 3981//1222
f 3981//1223 4000//1223 700//1223
f 678//1224 669//1224 697//1224
f 669//1225 685//1225 697//1225
f 4000//1226 3999//1226 700//1226
f 700//1226 3999//1226 4003//1226
f 3999//1227 3998//1227 4003//1227
f 4003//1228 3998//1228 3915//1228
f 592//1229 698//1229 699//1229
f 698//1230 3996//1230 699//1230
f 645//1231 678//1231 696//1231
f 678//1232 697//1232 696//1232
f 3971//1233 4002//1233 669//1233
f 4002//1234 685//1234 669//1234
f 684//1235 686//1235 701//1235
f 686//1236 692//1236 701//1236
f 696//1237 695//1237 645//1237
f 695//1238 565//1238 645//1238
f 587//554 3888//554 656//554
f 656//554 3888//554 3948//554
f 596//503 670//503 4006//503
f 4006//503 670//503 671//503
f 562//1239 702//1239 634//1239
f 634//1240 702//1240 4005//1240
f 3997//1241 4001//1241 704//1241
f 704//1242 4001//1242 703//1242
f 705//1243 653//1243 706//1243
f 653//1244 677//1244 706//1244
f 694//1245 676//1245 688//1245
f 676//1246 659//1246 688//1246
f 706//1247 677//1247 694//1247
f 677//1248 676//1248 694//1248
f 778//565 712//565 708//565
f 712//565 713//565 708//565
f 714//1249 779//1249 711//1249
f 779//1250 777//1250 711//1250
f 4007//570 4008//570 778//570
f 4008//571 712//571 778//571
f 775//568 708//568 4106//568
f 708//569 713//569 4106//569
f 4011//1251 4067//1251 4022//1251
f 4067//1252 4087//1252 4022//1252
f 4022//1253 723//1253 721//1253
f 723//1254 4021//1254 721//1254
f 799//1255 718//1255 797//1255
f 718//1256 4029//1256 797//1256
f 719//1257 4016//1257 4018//1257
f 4016//1258 4020//1258 4018//1258
f 4017//1259 726//1259 4010//1259
f 4012//1260 4014//1260 725//1260
f 776//1261 4107//1261 777//1261
f 4107//1262 711//1262 777//1262
f 4087//1263 728//1263 4022//1263
f 728//1264 723//1264 4022//1264
f 4018//1265 4019//1265 719//1265
f 4089//587 715//587 4091//587
f 715//587 710//587 4091//587
f 4017//1266 4010//1266 4015//1266
f 4015//1267 4010//1267 4009//1267
f 741//1268 719//1268 4019//1268
f 4024//771 4023//771 788//771
f 4023//771 4059//771 788//771
f 4026//1269 717//1269 4028//1269
f 4028//1270 717//1270 4027//1270
f 4013//1271 4012//1271 731//1271
f 731//1272 4012//1272 725//1272
f 728//1273 729//1273 723//1273
f 729//1274 722//1274 723//1274
f 742//1275 4030//1275 731//1275
f 731//1276 4030//1276 4013//1276
f 4015//1277 4009//1277 734//1277
f 734//1278 4009//1278 736//1278
f 747//1279 4031//1279 737//1279
f 4031//1280 719//1280 737//1280
f 734//1281 736//1281 733//1281
f 733//1282 736//1282 4035//1282
f 733//1283 4035//1283 4078//1283
f 4078//1283 4035//1283 4080//1283
f 795//1284 797//1284 735//1284
f 797//1285 4029//1285 735//1285
f 716//1286 4034//1286 747//1286
f 4034//1287 4031//1287 747//1287
f 4025//1288 737//1288 741//1288
f 737//1289 719//1289 741//1289
f 718//1290 799//1290 720//1290
f 799//1291 789//1291 720//1291
f 4034//1292 716//1292 792//1292
f 716//1293 709//1293 792//1293
f 730//616 727//616 4086//616
f 4086//616 727//616 4105//616
f 800//617 4033//617 738//617
f 738//617 4033//617 739//617
f 774//1294 707//1294 740//1294
f 740//1295 707//1295 4032//1295
f 4030//1296 742//1296 4028//1296
f 4028//1297 742//1297 4026//1297
f 743//1298 744//1298 724//1298
f 744//1299 746//1299 724//1299
f 732//1300 722//1300 745//1300
f 722//1301 729//1301 745//1301
f 744//1302 732//1302 746//1302
f 732//1303 745//1303 746//1303
f 749//628 750//628 712//628
f 750//628 713//628 712//628
f 714//1304 711//1304 637//1304
f 711//1305 748//1305 637//1305
f 3946//633 749//633 4008//633
f 749//634 712//634 4008//634
f 635//631 4106//631 750//631
f 4106//632 713//632 750//632
f 4038//1306 4049//1306 3956//1306
f 4049//1307 4058//1307 3956//1307
f 4049//1308 754//1308 756//1308
f 754//1308 4048//1308 756//1308
f 668//1144 766//1144 751//1144
f 766//1309 4050//1309 751//1309
f 752//1310 4045//1310 4043//1310
f 4045//1311 4047//1311 4043//1311
f 4044//1312 758//1312 4037//1312
f 4039//1313 757//1313 4041//1313
f 636//1314 748//1314 4107//1314
f 748//1315 711//1315 4107//1315
f 4058//1316 4049//1316 728//1316
f 4049//1317 756//1317 728//1317
f 4045//1318 752//1318 4046//1318
f 3957//648 3959//648 715//648
f 3959//648 710//648 715//648
f 4044//1319 4037//1319 4042//1319
f 4037//1320 4036//1320 4042//1320
f 4056//1321 4046//1321 752//1321
f 3970//771 759//771 4023//771
f 759//771 4059//771 4023//771
f 770//1322 4055//1322 717//1322
f 717//1323 4055//1323 4027//1323
f 4040//1324 760//1324 4039//1324
f 4039//1325 760//1325 757//1325
f 728//1326 756//1326 729//1326
f 756//1327 755//1327 729//1327
f 771//1328 760//1328 4051//1328
f 4051//1329 760//1329 4040//1329
f 4042//1330 4036//1330 4054//1330
f 4036//1331 767//1331 4054//1331
f 747//1332 737//1332 764//1332
f 737//1333 752//1333 764//1333
f 4054//1334 767//1334 4053//1334
f 767//1334 4057//1334 4053//1334
f 4053//1335 4057//1335 4052//1335
f 4057//1336 3977//1336 4052//1336
f 665//1337 765//1337 766//1337
f 765//1338 4050//1338 766//1338
f 716//1339 747//1339 763//1339
f 747//1340 764//1340 763//1340
f 4025//1341 4056//1341 737//1341
f 4056//1342 752//1342 737//1342
f 751//1343 753//1343 668//1343
f 753//1344 657//1344 668//1344
f 763//1345 762//1345 716//1345
f 762//1346 638//1346 716//1346
f 660//648 3949//648 727//648
f 727//648 3949//648 4105//648
f 768//628 738//628 4060//628
f 4060//628 738//628 739//628
f 633//1347 769//1347 707//1347
f 707//1348 769//1348 4032//1348
f 4051//1349 4055//1349 771//1349
f 771//1350 4055//1350 770//1350
f 772//1351 724//1351 773//1351
f 724//1352 746//1352 773//1352
f 761//1353 745//1353 755//1353
f 745//1354 729//1354 755//1354
f 773//1355 746//1355 761//1355
f 746//1356 745//1356 761//1356
f 778//687 708//687 2438//687
f 708//687 2439//687 2438//687
f 2440//1357 2437//1357 779//1357
f 2437//1358 777//1358 779//1358
f 4007//692 778//692 4108//692
f 778//693 2438//693 4108//693
f 775//690 4090//690 708//690
f 4090//691 2439//691 708//691
f 4063//1359 4075//1359 4067//1359
f 4075//1360 4087//1360 4067//1360
f 4075//1361 783//1361 785//1361
f 783//1362 4074//1362 785//1362
f 799//1363 797//1363 780//1363
f 797//1364 4076//1364 780//1364
f 781//1365 4071//1365 4069//1365
f 4071//1366 4073//1366 4069//1366
f 4070//1367 4062//1367 787//1367
f 4064//1368 4066//1368 786//1368
f 776//1369 777//1369 4092//1369
f 777//1370 2437//1370 4092//1370
f 4087//1371 4075//1371 2446//1371
f 4075//1372 785//1372 2446//1372
f 4071//1373 781//1373 4072//1373
f 4089//709 4091//709 2441//709
f 4091//709 2436//709 2441//709
f 4070//1374 4068//1374 4062//1374
f 4062//1375 4068//1375 4061//1375
f 4084//1376 4072//1376 781//1376
f 4024//771 788//771 4109//771
f 788//771 4088//771 4109//771
f 801//1377 2443//1377 4083//1377
f 2443//1378 2444//1378 4083//1378
f 4065//1379 4064//1379 790//1379
f 4064//1380 786//1380 790//1380
f 2446//1381 785//1381 2447//1381
f 785//1382 784//1382 2447//1382
f 802//1383 4077//1383 790//1383
f 4077//1384 4065//1384 790//1384
f 4068//1385 4082//1385 4061//1385
f 4061//1386 4082//1386 798//1386
f 2453//1387 2448//1387 794//1387
f 2448//1388 781//1388 794//1388
f 4082//1389 4079//1389 798//1389
f 798//1390 4079//1390 4081//1390
f 4079//1391 4078//1391 4081//1391
f 4081//1392 4078//1392 4080//1392
f 795//1393 796//1393 797//1393
f 796//1394 4076//1394 797//1394
f 2442//1395 2453//1395 793//1395
f 2453//1396 794//1396 793//1396
f 4093//1397 4084//1397 2448//1397
f 4084//1398 781//1398 2448//1398
f 780//1399 782//1399 799//1399
f 782//1400 789//1400 799//1400
f 793//1401 792//1401 2442//1401
f 792//1402 709//1402 2442//1402
f 730//739 4086//739 2445//739
f 2445//739 4086//739 4085//739
f 800//740 2449//740 4033//740
f 4033//740 2449//740 2450//740
f 774//1403 740//1403 2435//1403
f 2435//1404 740//1404 4110//1404
f 4077//1405 802//1405 4083//1405
f 802//1406 801//1406 4083//1406
f 803//1407 4094//1407 804//1407
f 4094//1408 2452//1408 804//1408
f 791//1409 2451//1409 784//1409
f 2451//1410 2447//1410 784//1410
f 804//1411 2452//1411 791//1411
f 2452//1412 2451//1412 791//1412
f 891//1413 809//1413 892//1413
f 809//1413 810//1413 892//1413
f 1219//1414 1307//1414 808//1414
f 1307//1415 890//1415 808//1415
f 4191//1416 3720//1416 891//1416
f 3720//1417 809//1417 891//1417
f 888//1418 892//1418 3721//1418
f 892//1419 810//1419 3721//1419
f 4114//1420 4174//1420 4126//1420
f 4174//1421 4118//1421 4126//1421
f 4126//1422 819//1422 817//1422
f 819//1423 4125//1423 817//1423
f 836//1424 814//1424 834//1424
f 814//1425 4130//1425 834//1425
f 815//1426 4120//1426 4122//1426
f 4120//1427 4124//1427 4122//1427
f 4121//1428 822//1428 4113//1428
f 4115//1429 821//1429 4117//1429
f 889//1430 3722//1430 890//1430
f 3722//1431 808//1431 890//1431
f 4118//1432 3370//1432 4126//1432
f 3370//1433 819//1433 4126//1433
f 4122//1434 4123//1434 815//1434
f 4193//1435 811//1435 4194//1435
f 811//1435 807//1435 4194//1435
f 4121//1436 4113//1436 4119//1436
f 4119//1437 4113//1437 4112//1437
f 839//1438 815//1438 4123//1438
f 4127//27 3379//27 824//27
f 3379//27 825//27 824//27
f 4128//1439 4129//1439 813//1439
f 4129//1440 3383//1440 813//1440
f 4116//1441 828//1441 4115//1441
f 828//1442 821//1442 4115//1442
f 3370//1443 826//1443 819//1443
f 826//1444 818//1444 819//1444
f 840//1445 828//1445 4131//1445
f 828//1446 4116//1446 4131//1446
f 4119//1447 4112//1447 831//1447
f 831//1448 4112//1448 835//1448
f 845//1449 4134//1449 837//1449
f 4134//1450 815//1450 837//1450
f 831//1451 835//1451 830//1451
f 830//1452 835//1452 4133//1452
f 830//1453 4133//1453 905//1453
f 905//1453 4133//1453 4132//1453
f 832//1454 834//1454 833//1454
f 834//1455 4130//1455 833//1455
f 812//1456 4135//1456 845//1456
f 4135//1457 4134//1457 845//1457
f 3381//1458 837//1458 839//1458
f 837//1459 815//1459 839//1459
f 814//1460 836//1460 816//1460
f 836//1461 902//1461 816//1461
f 4135//1462 812//1462 4185//1462
f 812//1463 893//1463 4185//1463
f 827//1464 823//1464 4111//1464
f 4111//1464 823//1464 3361//1464
f 1325//1465 4195//1465 1247//1465
f 1247//1465 4195//1465 838//1465
f 805//1466 806//1466 910//1466
f 910//1467 806//1467 3723//1467
f 4131//1468 4129//1468 840//1468
f 4129//1469 4128//1469 840//1469
f 841//1470 842//1470 820//1470
f 842//1471 844//1471 820//1471
f 829//1472 818//1472 843//1472
f 818//1473 826//1473 843//1473
f 842//1474 829//1474 844//1474
f 829//1475 843//1475 844//1475
f 849//1476 852//1476 960//1476
f 852//1476 853//1476 960//1476
f 1265//1477 1260//1477 851//1477
f 1260//1478 959//1478 851//1478
f 4249//1479 4192//1479 849//1479
f 4192//1480 852//1480 849//1480
f 847//1481 960//1481 4144//1481
f 960//1482 853//1482 4144//1482
f 4138//1483 4142//1483 4154//1483
f 4142//1484 4252//1484 4154//1484
f 4154//1485 862//1485 860//1485
f 862//1485 4153//1485 860//1485
f 979//1486 857//1486 977//1486
f 857//1487 4159//1487 977//1487
f 858//1488 4148//1488 4150//1488
f 4148//1489 4152//1489 4150//1489
f 4149//1490 4137//1490 865//1490
f 4139//1491 4141//1491 864//1491
f 848//1492 4146//1492 959//1492
f 4146//1493 851//1493 959//1493
f 4252//1494 868//1494 4154//1494
f 868//1495 862//1495 4154//1495
f 4150//1496 4151//1496 858//1496
f 4143//1497 854//1497 4145//1497
f 854//1497 850//1497 4145//1497
f 4149//1498 4147//1498 4137//1498
f 4147//1499 4136//1499 4137//1499
f 881//1500 858//1500 4151//1500
f 4254//27 4467//27 970//27
f 4467//27 4466//27 970//27
f 4156//1501 856//1501 4158//1501
f 4158//1502 856//1502 4157//1502
f 4140//1503 4139//1503 870//1503
f 870//1504 4139//1504 864//1504
f 868//1505 869//1505 862//1505
f 869//1506 861//1506 862//1506
f 882//1507 4160//1507 870//1507
f 870//1508 4160//1508 4140//1508
f 4147//1509 874//1509 4136//1509
f 874//1510 877//1510 4136//1510
f 887//1511 4165//1511 878//1511
f 4165//1512 858//1512 878//1512
f 874//1513 873//1513 877//1513
f 873//1513 4164//1513 877//1513
f 873//1514 4161//1514 4164//1514
f 4161//1515 4163//1515 4164//1515
f 875//1516 977//1516 876//1516
f 977//1517 4159//1517 876//1517
f 855//1518 4162//1518 887//1518
f 4162//1519 4165//1519 887//1519
f 4155//1520 878//1520 881//1520
f 878//1521 858//1521 881//1521
f 857//1522 979//1522 859//1522
f 979//1523 867//1523 859//1523
f 4162//1524 855//1524 872//1524
f 855//1525 961//1525 872//1525
f 971//1497 866//1497 4251//1497
f 4251//1497 866//1497 4465//1497
f 1291//1476 4167//1476 1292//1476
f 1292//1476 4167//1476 879//1476
f 958//1526 846//1526 880//1526
f 880//1527 846//1527 4166//1527
f 4160//1528 882//1528 4158//1528
f 4158//1529 882//1529 4156//1529
f 883//1530 884//1530 863//1530
f 884//1531 886//1531 863//1531
f 871//1532 861//1532 885//1532
f 861//1533 869//1533 885//1533
f 884//1534 871//1534 886//1534
f 871//1535 885//1535 886//1535
f 891//1536 892//1536 852//1536
f 892//1536 853//1536 852//1536
f 1265//1537 851//1537 1307//1537
f 851//1538 890//1538 1307//1538
f 4191//1539 891//1539 4192//1539
f 891//1540 852//1540 4192//1540
f 888//1541 4144//1541 892//1541
f 4144//1542 853//1542 892//1542
f 4170//1543 4182//1543 4174//1543
f 4182//1544 4118//1544 4174//1544
f 4182//1545 897//1545 899//1545
f 897//1546 4181//1546 899//1546
f 836//1547 834//1547 894//1547
f 834//1548 4183//1548 894//1548
f 895//1549 4178//1549 4176//1549
f 4178//1550 4180//1550 4176//1550
f 4177//1551 4169//1551 901//1551
f 4171//1552 900//1552 4173//1552
f 889//1553 890//1553 4146//1553
f 890//1554 851//1554 4146//1554
f 4118//1555 4182//1555 868//1555
f 4182//1556 899//1556 868//1556
f 4178//1557 895//1557 4179//1557
f 4193//1558 4194//1558 854//1558
f 4194//1558 850//1558 854//1558
f 4177//1559 4175//1559 4169//1559
f 4169//1560 4175//1560 4168//1560
f 4189//1561 4179//1561 895//1561
f 4127//27 824//27 4467//27
f 824//27 4466//27 4467//27
f 911//1562 4188//1562 856//1562
f 856//1563 4188//1563 4157//1563
f 4172//1564 903//1564 4171//1564
f 4171//1565 903//1565 900//1565
f 868//1566 899//1566 869//1566
f 899//1567 898//1567 869//1567
f 912//1568 903//1568 4184//1568
f 4184//1569 903//1569 4172//1569
f 4175//1570 4187//1570 4168//1570
f 4168//1571 4187//1571 909//1571
f 887//1572 878//1572 907//1572
f 878//1573 895//1573 907//1573
f 4187//1574 4186//1574 909//1574
f 909//1575 4186//1575 4190//1575
f 4186//1576 905//1576 4190//1576
f 4190//1576 905//1576 4132//1576
f 832//1577 908//1577 834//1577
f 908//1578 4183//1578 834//1578
f 855//1579 887//1579 906//1579
f 887//1580 907//1580 906//1580
f 4155//1581 4189//1581 878//1581
f 4189//1582 895//1582 878//1582
f 894//1583 896//1583 836//1583
f 896//1584 902//1584 836//1584
f 906//1585 4185//1585 855//1585
f 4185//1586 893//1586 855//1586
f 827//1587 4111//1587 866//1587
f 866//1587 4111//1587 4465//1587
f 1325//1588 1292//1588 4195//1588
f 4195//1588 1292//1588 879//1588
f 805//1589 910//1589 846//1589
f 846//1590 910//1590 4166//1590
f 4184//1591 4188//1591 912//1591
f 912//1592 4188//1592 911//1592
f 913//1593 863//1593 914//1593
f 863//1594 886//1594 914//1594
f 904//1595 885//1595 898//1595
f 885//1596 869//1596 898//1596
f 914//1597 886//1597 904//1597
f 886//1598 885//1598 904//1598
f 919//1599 923//1599 1026//1599
f 923//1599 924//1599 1026//1599
f 1341//1600 1448//1600 922//1600
f 1448//1601 918//1601 922//1601
f 4196//1602 4197//1602 919//1602
f 4197//1603 923//1603 919//1603
f 916//1604 1026//1604 4206//1604
f 1026//1605 924//1605 4206//1605
f 4200//1606 4204//1606 4216//1606
f 4204//1607 4313//1607 4216//1607
f 4216//1608 933//1608 931//1608
f 933//1609 4215//1609 931//1609
f 1044//1610 928//1610 947//1610
f 928//1611 4223//1611 947//1611
f 929//1612 4210//1612 4212//1612
f 4210//1613 4214//1613 4212//1613
f 4211//1614 936//1614 4199//1614
f 4201//1615 4203//1615 935//1615
f 917//1616 4208//1616 918//1616
f 4208//1617 922//1617 918//1617
f 4313//1618 939//1618 4216//1618
f 939//1619 933//1619 4216//1619
f 4212//1620 4213//1620 929//1620
f 4205//1621 925//1621 4207//1621
f 925//1621 921//1621 4207//1621
f 4211//1622 4199//1622 4209//1622
f 4209//1623 4199//1623 4198//1623
f 951//1624 929//1624 4213//1624
f 4218//27 4217//27 1035//27
f 4217//27 4253//27 1035//27
f 4220//1625 927//1625 4222//1625
f 4222//1626 927//1626 4221//1626
f 4202//1627 4201//1627 942//1627
f 942//1628 4201//1628 935//1628
f 939//1629 940//1629 933//1629
f 940//1630 932//1630 933//1630
f 952//1631 4224//1631 942//1631
f 942//1632 4224//1632 4202//1632
f 4209//1633 4198//1633 945//1633
f 945//1634 4198//1634 948//1634
f 957//1635 4225//1635 949//1635
f 4225//1636 929//1636 949//1636
f 945//1637 948//1637 944//1637
f 944//1637 948//1637 4227//1637
f 944//1638 4227//1638 4305//1638
f 4305//1639 4227//1639 4307//1639
f 1041//1640 947//1640 946//1640
f 947//1641 4223//1641 946//1641
f 926//1642 4226//1642 957//1642
f 4226//1643 4225//1643 957//1643
f 4219//1644 949//1644 951//1644
f 949//1645 929//1645 951//1645
f 928//1646 1044//1646 930//1646
f 1044//1647 938//1647 930//1647
f 4226//1648 926//1648 1038//1648
f 926//1649 920//1649 1038//1649
f 941//1650 937//1650 1025//1650
f 1025//1650 937//1650 4250//1650
f 1467//1599 4315//1599 1367//1599
f 1367//1599 4315//1599 950//1599
f 4312//1651 915//1651 1045//1651
f 1045//1652 915//1652 4468//1652
f 4224//1653 952//1653 4222//1653
f 4222//1654 952//1654 4220//1654
f 953//1655 954//1655 934//1655
f 954//1656 956//1656 934//1656
f 943//1657 932//1657 955//1657
f 932//1658 940//1658 955//1658
f 954//1659 943//1659 956//1659
f 943//1660 955//1660 956//1660
f 849//1661 960//1661 923//1661
f 960//1661 924//1661 923//1661
f 1341//1662 922//1662 1260//1662
f 922//1663 959//1663 1260//1663
f 4249//1664 849//1664 4197//1664
f 849//1665 923//1665 4197//1665
f 847//1666 4206//1666 960//1666
f 4206//1667 924//1667 960//1667
f 4230//1668 4241//1668 4142//1668
f 4241//1669 4252//1669 4142//1669
f 4241//1670 965//1670 967//1670
f 965//1671 4240//1671 967//1671
f 979//1486 977//1486 962//1486
f 977//1672 4242//1672 962//1672
f 963//1673 4237//1673 4235//1673
f 4237//1674 4239//1674 4235//1674
f 4236//1675 969//1675 4229//1675
f 4231//1676 968//1676 4233//1676
f 848//1677 959//1677 4208//1677
f 959//1678 922//1678 4208//1678
f 4252//1679 4241//1679 939//1679
f 4241//1680 967//1680 939//1680
f 4237//1681 963//1681 4238//1681
f 4143//1682 4145//1682 925//1682
f 4145//1682 921//1682 925//1682
f 4236//1683 4229//1683 4234//1683
f 4229//1684 4228//1684 4234//1684
f 4246//1685 4238//1685 963//1685
f 4254//27 970//27 4217//27
f 970//27 4253//27 4217//27
f 980//1686 4245//1686 927//1686
f 927//1687 4245//1687 4221//1687
f 4232//1688 972//1688 4231//1688
f 4231//1689 972//1689 968//1689
f 939//1690 967//1690 940//1690
f 967//1691 966//1691 940//1691
f 981//1692 972//1692 4243//1692
f 4243//1693 972//1693 4232//1693
f 4234//1694 4228//1694 4244//1694
f 4228//1695 978//1695 4244//1695
f 957//1696 949//1696 975//1696
f 949//1697 963//1697 975//1697
f 4244//1698 978//1698 4247//1698
f 978//1699 4248//1699 4247//1699
f 4247//1700 4248//1700 4161//1700
f 4248//1701 4163//1701 4161//1701
f 875//1702 976//1702 977//1702
f 976//1703 4242//1703 977//1703
f 926//1704 957//1704 974//1704
f 957//1705 975//1705 974//1705
f 4219//1706 4246//1706 949//1706
f 4246//1707 963//1707 949//1707
f 962//1708 964//1708 979//1708
f 964//1709 867//1709 979//1709
f 974//1710 872//1710 926//1710
f 872//1711 961//1711 926//1711
f 971//1712 4251//1712 937//1712
f 937//1712 4251//1712 4250//1712
f 1291//1713 1367//1713 4167//1713
f 4167//1713 1367//1713 950//1713
f 958//1714 880//1714 915//1714
f 915//1715 880//1715 4468//1715
f 4243//1716 4245//1716 981//1716
f 981//1717 4245//1717 980//1717
f 982//1718 934//1718 983//1718
f 934//1719 956//1719 983//1719
f 973//1720 955//1720 966//1720
f 955//1721 940//1721 966//1721
f 983//1722 956//1722 973//1722
f 956//1723 955//1723 973//1723
f 1095//1724 990//1724 1096//1724
f 990//1724 991//1724 1096//1724
f 1410//1725 1523//1725 989//1725
f 1523//1726 1094//1726 989//1726
f 4255//1727 4256//1727 1095//1727
f 4256//1728 990//1728 1095//1728
f 4374//1729 1096//1729 4469//1729
f 1096//1730 991//1730 4469//1730
f 4261//1731 4357//1731 4276//1731
f 4357//1732 4265//1732 4276//1732
f 4276//1733 1000//1733 998//1733
f 1000//1734 4275//1734 998//1734
f 1114//1735 995//1735 1112//1735
f 995//1736 4283//1736 1112//1736
f 996//1737 4270//1737 4272//1737
f 4270//1738 4274//1738 4272//1738
f 4271//1739 1003//1739 4260//1739
f 4262//1740 4264//1740 1002//1740
f 4267//1741 4268//1741 1094//1741
f 4268//1742 989//1742 1094//1742
f 4265//1743 4266//1743 4276//1743
f 4266//1744 1000//1744 4276//1744
f 4272//1745 4273//1745 996//1745
f 1093//1746 992//1746 986//1746
f 992//1746 988//1746 986//1746
f 4271//1747 4260//1747 4269//1747
f 4269//1748 4260//1748 4259//1748
f 1018//1749 996//1749 4273//1749
f 4278//27 4277//27 1005//27
f 4277//27 1006//27 1005//27
f 4280//1750 994//1750 4282//1750
f 4282//1751 994//1751 4281//1751
f 4263//1752 4262//1752 1009//1752
f 1009//1753 4262//1753 1002//1753
f 4266//1754 1007//1754 1000//1754
f 1007//1755 999//1755 1000//1755
f 1019//1756 4284//1756 1009//1756
f 1009//1757 4284//1757 4263//1757
f 4269//1758 4259//1758 1012//1758
f 1012//1759 4259//1759 1015//1759
f 1024//1760 4287//1760 1016//1760
f 4287//1761 996//1761 1016//1761
f 1012//1762 1015//1762 1011//1762
f 1011//1762 1015//1762 4286//1762
f 1011//1763 4286//1763 4368//1763
f 4368//1764 4286//1764 4285//1764
f 1013//1765 1112//1765 1014//1765
f 1112//1766 4283//1766 1014//1766
f 993//1767 4288//1767 1024//1767
f 4288//1768 4287//1768 1024//1768
f 4279//1769 1016//1769 1018//1769
f 1016//1770 996//1770 1018//1770
f 995//1771 1114//1771 997//1771
f 1114//1772 1105//1772 997//1772
f 4288//1773 993//1773 1108//1773
f 993//1774 987//1774 1108//1774
f 1008//1775 1004//1775 4258//1775
f 4258//1775 1004//1775 4257//1775
f 1436//1776 4376//1776 1437//1776
f 1437//1776 4376//1776 1017//1776
f 984//1777 985//1777 1115//1777
f 1115//1778 985//1778 4314//1778
f 4284//1779 1019//1779 4282//1779
f 4282//1780 1019//1780 4280//1780
f 1020//1781 1021//1781 1001//1781
f 1021//1782 1023//1782 1001//1782
f 1010//1783 999//1783 1022//1783
f 999//1784 1007//1784 1022//1784
f 1021//1785 1010//1785 1023//1785
f 1010//1786 1022//1786 1023//1786
f 919//1787 1026//1787 990//1787
f 1026//1787 991//1787 990//1787
f 1410//1788 989//1788 1448//1788
f 989//1789 918//1789 1448//1789
f 4196//1790 919//1790 4256//1790
f 919//1791 990//1791 4256//1791
f 916//1792 4469//1792 1026//1792
f 4469//1793 991//1793 1026//1793
f 4291//1794 4302//1794 4204//1794
f 4302//1795 4313//1795 4204//1795
f 4302//1796 1030//1796 1032//1796
f 1030//1797 4301//1797 1032//1797
f 1044//1798 947//1798 1027//1798
f 947//1799 4303//1799 1027//1799
f 1028//1800 4298//1800 4296//1800
f 4298//1801 4300//1801 4296//1801
f 4297//1802 4290//1802 1034//1802
f 4292//1803 1033//1803 4294//1803
f 917//1804 918//1804 4268//1804
f 918//1805 989//1805 4268//1805
f 4313//1806 4302//1806 4266//1806
f 4302//1807 1032//1807 4266//1807
f 4298//1808 1028//1808 4299//1808
f 4205//1809 4207//1809 992//1809
f 4207//1809 988//1809 992//1809
f 4297//1810 4295//1810 4290//1810
f 4290//1811 4295//1811 4289//1811
f 4311//1812 4299//1812 1028//1812
f 4218//27 1035//27 4277//27
f 1035//27 1006//27 4277//27
f 1046//1813 4310//1813 994//1813
f 994//1814 4310//1814 4281//1814
f 4293//1815 1036//1815 4292//1815
f 4292//1816 1036//1816 1033//1816
f 4266//1817 1032//1817 1007//1817
f 1032//1818 1031//1818 1007//1818
f 1047//1819 1036//1819 4304//1819
f 4304//1820 1036//1820 4293//1820
f 4295//1821 4309//1821 4289//1821
f 4289//1821 4309//1821 1043//1821
f 1024//1822 1016//1822 1040//1822
f 1016//1823 1028//1823 1040//1823
f 4309//1824 4306//1824 1043//1824
f 1043//1825 4306//1825 4308//1825
f 4306//1826 4305//1826 4308//1826
f 4308//1827 4305//1827 4307//1827
f 1041//1828 1042//1828 947//1828
f 1042//1829 4303//1829 947//1829
f 993//1830 1024//1830 1039//1830
f 1024//1831 1040//1831 1039//1831
f 4279//1832 4311//1832 1016//1832
f 4311//1833 1028//1833 1016//1833
f 1027//1834 1029//1834 1044//1834
f 1029//1835 938//1835 1044//1835
f 1039//1836 1038//1836 993//1836
f 1038//1837 920//1837 993//1837
f 941//1838 1025//1838 1004//1838
f 1004//1838 1025//1838 4257//1838
f 1467//1839 1437//1839 4315//1839
f 4315//1839 1437//1839 1017//1839
f 4312//1840 1045//1840 985//1840
f 985//1841 1045//1841 4314//1841
f 4304//1842 4310//1842 1047//1842
f 1047//1843 4310//1843 1046//1843
f 1048//1844 1001//1844 1049//1844
f 1001//1845 1023//1845 1049//1845
f 1037//1846 1022//1846 1031//1846
f 1022//1847 1007//1847 1031//1847
f 1049//1848 1023//1848 1037//1848
f 1023//1849 1022//1849 1037//1849
f 1160//1850 1057//1850 1161//1850
f 1057//1850 1058//1850 1161//1850
f 1483//1851 1477//1851 1056//1851
f 1477//1852 1159//1852 1056//1852
f 4316//1853 4317//1853 1160//1853
f 4317//1854 1057//1854 1160//1854
f 1052//1855 1161//1855 4328//1855
f 1161//1856 1058//1856 4328//1856
f 4322//1857 4326//1857 4338//1857
f 4326//1858 4428//1858 4338//1858
f 4338//1859 1067//1859 1065//1859
f 1067//1860 4337//1860 1065//1860
f 1083//1861 1062//1861 1177//1861
f 1062//1862 4345//1862 1177//1862
f 1063//1863 4332//1863 4334//1863
f 4332//1864 4336//1864 4334//1864
f 4333//1865 4321//1865 1070//1865
f 4323//1866 4325//1866 1069//1866
f 1053//1867 4330//1867 1159//1867
f 4330//1868 1056//1868 1159//1868
f 4428//1869 1073//1869 4338//1869
f 1073//1870 1067//1870 4338//1870
f 4334//1871 4335//1871 1063//1871
f 4327//1872 1059//1872 4329//1872
f 1059//1872 1055//1872 4329//1872
f 4333//1873 4331//1873 4321//1873
f 4331//1874 4320//1874 4321//1874
f 1086//1875 1063//1875 4335//1875
f 4340//27 4339//27 1170//27
f 4339//27 4470//27 1170//27
f 4342//1876 1061//1876 4344//1876
f 4344//1877 1061//1877 4343//1877
f 4324//1878 4323//1878 1076//1878
f 1076//1879 4323//1879 1069//1879
f 1073//1880 1074//1880 1067//1880
f 1074//1881 1066//1881 1067//1881
f 1087//1882 4346//1882 1076//1882
f 1076//1883 4346//1883 4324//1883
f 4331//1884 1079//1884 4320//1884
f 1079//1885 1082//1885 4320//1885
f 1092//1886 4349//1886 1084//1886
f 4349//1887 1063//1887 1084//1887
f 1079//1888 1078//1888 1082//1888
f 1078//1889 4348//1889 1082//1889
f 1078//1890 4422//1890 4348//1890
f 4422//1891 4347//1891 4348//1891
f 1080//1892 1177//1892 1081//1892
f 1177//1893 4345//1893 1081//1893
f 1060//1894 4350//1894 1092//1894
f 4350//1895 4349//1895 1092//1895
f 4341//1896 1084//1896 1086//1896
f 1084//1897 1063//1897 1086//1897
f 1062//1898 1083//1898 1064//1898
f 1083//1899 1072//1899 1064//1899
f 4350//1900 1060//1900 1173//1900
f 1060//1901 1054//1901 1173//1901
f 1075//1902 1071//1902 4319//1902
f 4319//1902 1071//1902 4318//1902
f 1608//1903 4430//1903 1510//1903
f 1510//1903 4430//1903 1085//1903
f 1050//1904 1051//1904 1179//1904
f 1179//1905 1051//1905 4375//1905
f 4346//1906 1087//1906 4344//1906
f 4344//1907 1087//1907 4342//1907
f 1088//1908 1089//1908 1068//1908
f 1089//1909 1091//1909 1068//1909
f 1077//1910 1066//1910 1090//1910
f 1066//1911 1074//1911 1090//1911
f 1089//1912 1077//1912 1091//1912
f 1077//1913 1090//1913 1091//1913
f 1095//1914 1096//1914 1057//1914
f 1096//1914 1058//1914 1057//1914
f 1483//1915 1056//1915 1523//1915
f 1056//1916 1094//1916 1523//1916
f 4255//1917 1095//1917 4317//1917
f 1095//1918 1057//1918 4317//1918
f 4374//1919 4328//1919 1096//1919
f 4328//1920 1058//1920 1096//1920
f 4353//1921 4365//1921 4357//1921
f 4365//1922 4265//1922 4357//1922
f 4365//1923 1100//1923 1102//1923
f 1100//1924 4364//1924 1102//1924
f 1114//1925 1112//1925 1097//1925
f 1112//1926 4366//1926 1097//1926
f 1098//1927 4361//1927 4359//1927
f 4361//1928 4363//1928 4359//1928
f 4360//1929 4352//1929 1104//1929
f 4354//1930 1103//1930 4356//1930
f 4267//1931 1094//1931 4330//1931
f 1094//1932 1056//1932 4330//1932
f 4265//1933 4365//1933 1073//1933
f 4365//1934 1102//1934 1073//1934
f 4361//1935 1098//1935 4362//1935
f 1093//1936 986//1936 1059//1936
f 986//1936 1055//1936 1059//1936
f 4360//1937 4358//1937 4352//1937
f 4352//1938 4358//1938 4351//1938
f 4372//1939 4362//1939 1098//1939
f 4278//27 1005//27 4339//27
f 1005//27 4470//27 4339//27
f 1116//1940 4371//1940 1061//1940
f 1061//1941 4371//1941 4343//1941
f 4355//1942 1106//1942 4354//1942
f 4354//1943 1106//1943 1103//1943
f 1073//1944 1102//1944 1074//1944
f 1102//1945 1101//1945 1074//1945
f 1117//1946 1106//1946 4367//1946
f 4367//1947 1106//1947 4355//1947
f 4358//1948 4370//1948 4351//1948
f 4351//1949 4370//1949 1113//1949
f 1092//1950 1084//1950 1110//1950
f 1084//1951 1098//1951 1110//1951
f 4370//1952 4369//1952 1113//1952
f 1113//1952 4369//1952 4373//1952
f 4369//1953 4368//1953 4373//1953
f 4373//1954 4368//1954 4285//1954
f 1013//1955 1111//1955 1112//1955
f 1111//1956 4366//1956 1112//1956
f 1060//1957 1092//1957 1109//1957
f 1092//1958 1110//1958 1109//1958
f 4341//1959 4372//1959 1084//1959
f 4372//1960 1098//1960 1084//1960
f 1097//1961 1099//1961 1114//1961
f 1099//1962 1105//1962 1114//1962
f 1109//1963 1108//1963 1060//1963
f 1108//1964 987//1964 1060//1964
f 1008//1965 4258//1965 1071//1965
f 1071//1965 4258//1965 4318//1965
f 1436//1914 1510//1914 4376//1914
f 4376//1914 1510//1914 1085//1914
f 984//1966 1115//1966 1051//1966
f 1051//1967 1115//1967 4375//1967
f 4367//1968 4371//1968 1117//1968
f 1117//1969 4371//1969 1116//1969
f 1118//1970 1068//1970 1119//1970
f 1068//1971 1091//1971 1119//1971
f 1107//1972 1090//1972 1101//1972
f 1090//1973 1074//1973 1101//1973
f 1119//1974 1091//1974 1107//1974
f 1091//1975 1090//1975 1107//1975
f 1188//1976 1125//1976 1121//1976
f 1125//1976 1126//1976 1121//1976
f 1554//1977 1619//1977 1124//1977
f 1619//1978 1187//1978 1124//1978
f 4377//1979 4378//1979 1188//1979
f 4378//1980 1125//1980 1188//1980
f 1185//1981 1121//1981 4472//1981
f 1121//1982 1126//1982 4472//1982
f 4381//1983 4437//1983 4392//1983
f 4437//1984 4457//1984 4392//1984
f 4392//1985 1135//1985 1133//1985
f 1135//1986 4391//1986 1133//1986
f 1208//1987 1130//1987 1206//1987
f 1130//1988 4399//1988 1206//1988
f 1131//1989 4386//1989 4388//1989
f 4386//1990 4390//1990 4388//1990
f 4387//1991 1138//1991 4380//1991
f 4382//1992 4384//1992 1137//1992
f 1186//1993 4473//1993 1187//1993
f 4473//1994 1124//1994 1187//1994
f 4457//1995 1140//1995 4392//1995
f 1140//1996 1135//1996 4392//1996
f 4388//1997 4389//1997 1131//1997
f 4459//1998 1127//1998 4461//1998
f 1127//1998 1123//1998 4461//1998
f 4387//1999 4380//1999 4385//1999
f 4385//2000 4380//2000 4379//2000
f 1152//2001 1131//2001 4389//2001
f 4394//27 4393//27 1197//27
f 4393//27 4429//27 1197//27
f 4396//2002 1129//2002 4398//2002
f 4398//2003 1129//2003 4397//2003
f 4383//2004 4382//2004 1143//2004
f 1143//2005 4382//2005 1137//2005
f 1140//2006 1141//2006 1135//2006
f 1141//2007 1134//2007 1135//2007
f 1153//2008 4400//2008 1143//2008
f 1143//2009 4400//2009 4383//2009
f 4385//2010 4379//2010 1146//2010
f 1146//2011 4379//2011 1148//2011
f 1158//2012 4401//2012 1149//2012
f 4401//2013 1131//2013 1149//2013
f 1146//2014 1148//2014 1145//2014
f 1145//2015 1148//2015 4405//2015
f 1145//2016 4405//2016 4448//2016
f 4448//2016 4405//2016 4450//2016
f 1204//2017 1206//2017 1147//2017
f 1206//2018 4399//2018 1147//2018
f 1128//2019 4404//2019 1158//2019
f 4404//2020 4401//2020 1158//2020
f 4395//2021 1149//2021 1152//2021
f 1149//2022 1131//2022 1152//2022
f 1130//2023 1208//2023 1132//2023
f 1208//2024 1198//2024 1132//2024
f 4404//2025 1128//2025 1201//2025
f 1128//2026 1122//2026 1201//2026
f 1142//2027 1139//2027 4456//2027
f 4456//2027 1139//2027 4471//2027
f 1640//2028 4403//2028 1578//2028
f 1578//2028 4403//2028 1150//2028
f 1184//2029 1120//2029 1151//2029
f 1151//2030 1120//2030 4402//2030
f 4400//2031 1153//2031 4398//2031
f 4398//2032 1153//2032 4396//2032
f 1154//2033 1155//2033 1136//2033
f 1155//2034 1157//2034 1136//2034
f 1144//2035 1134//2035 1156//2035
f 1134//2036 1141//2036 1156//2036
f 1155//2037 1144//2037 1157//2037
f 1144//2038 1156//2038 1157//2038
f 1160//2039 1161//2039 1125//2039
f 1161//2039 1126//2039 1125//2039
f 1554//2040 1124//2040 1477//2040
f 1124//2041 1159//2041 1477//2041
f 4316//2042 1160//2042 4378//2042
f 1160//2043 1125//2043 4378//2043
f 1052//2044 4472//2044 1161//2044
f 4472//2045 1126//2045 1161//2045
f 4408//2046 4419//2046 4326//2046
f 4419//2047 4428//2047 4326//2047
f 4419//2048 1165//2048 1167//2048
f 1165//2048 4418//2048 1167//2048
f 1083//1861 1177//1861 1162//1861
f 1177//2049 4420//2049 1162//2049
f 1163//2050 4415//2050 4413//2050
f 4415//2051 4417//2051 4413//2051
f 4414//2052 1169//2052 4407//2052
f 4409//2053 1168//2053 4411//2053
f 1053//2054 1159//2054 4473//2054
f 1159//2055 1124//2055 4473//2055
f 4428//2056 4419//2056 1140//2056
f 4419//2057 1167//2057 1140//2057
f 4415//2058 1163//2058 4416//2058
f 4327//2059 4329//2059 1127//2059
f 4329//2059 1123//2059 1127//2059
f 4414//2060 4407//2060 4412//2060
f 4407//2061 4406//2061 4412//2061
f 4426//2062 4416//2062 1163//2062
f 4340//27 1170//27 4393//27
f 1170//27 4429//27 4393//27
f 1180//2063 4425//2063 1129//2063
f 1129//2064 4425//2064 4397//2064
f 4410//2065 1171//2065 4409//2065
f 4409//2066 1171//2066 1168//2066
f 1140//2067 1167//2067 1141//2067
f 1167//2068 1166//2068 1141//2068
f 1181//2069 1171//2069 4421//2069
f 4421//2070 1171//2070 4410//2070
f 4412//2071 4406//2071 4424//2071
f 4406//2072 1178//2072 4424//2072
f 1158//2073 1149//2073 1175//2073
f 1149//2074 1163//2074 1175//2074
f 4424//2075 1178//2075 4423//2075
f 1178//2075 4427//2075 4423//2075
f 4423//2076 4427//2076 4422//2076
f 4427//2077 4347//2077 4422//2077
f 1080//2078 1176//2078 1177//2078
f 1176//2079 4420//2079 1177//2079
f 1128//2080 1158//2080 1174//2080
f 1158//2081 1175//2081 1174//2081
f 4395//2082 4426//2082 1149//2082
f 4426//2083 1163//2083 1149//2083
f 1162//2084 1164//2084 1083//2084
f 1164//2085 1072//2085 1083//2085
f 1174//2086 1173//2086 1128//2086
f 1173//2087 1054//2087 1128//2087
f 1075//2059 4319//2059 1139//2059
f 1139//2059 4319//2059 4471//2059
f 1608//2039 1578//2039 4430//2039
f 4430//2039 1578//2039 1150//2039
f 1050//2088 1179//2088 1120//2088
f 1120//2089 1179//2089 4402//2089
f 4421//2090 4425//2090 1181//2090
f 1181//2091 4425//2091 1180//2091
f 1182//2092 1136//2092 1183//2092
f 1136//2093 1157//2093 1183//2093
f 1172//2094 1156//2094 1166//2094
f 1156//2095 1141//2095 1166//2095
f 1183//2096 1157//2096 1172//2096
f 1157//2097 1156//2097 1172//2097
f 1188//2098 1121//2098 2867//2098
f 1121//2098 2868//2098 2867//2098
f 3316//2099 2866//2099 1619//2099
f 2866//2100 1187//2100 1619//2100
f 4377//2101 1188//2101 4474//2101
f 1188//2102 2867//2102 4474//2102
f 1185//2103 4460//2103 1121//2103
f 4460//2104 2868//2104 1121//2104
f 4433//2105 4445//2105 4437//2105
f 4445//2106 4457//2106 4437//2106
f 4445//2107 1192//2107 1194//2107
f 1192//2108 4444//2108 1194//2108
f 1208//2109 1206//2109 1189//2109
f 1206//2110 4446//2110 1189//2110
f 1190//2111 4441//2111 4439//2111
f 4441//2112 4443//2112 4439//2112
f 4440//2113 4432//2113 1196//2113
f 4434//2114 4436//2114 1195//2114
f 1186//2115 1187//2115 4462//2115
f 1187//2116 2866//2116 4462//2116
f 4457//2117 4445//2117 2874//2117
f 4445//2118 1194//2118 2874//2118
f 4441//2119 1190//2119 4442//2119
f 4459//2120 4461//2120 2869//2120
f 4461//2120 2865//2120 2869//2120
f 4440//2121 4438//2121 4432//2121
f 4432//2122 4438//2122 4431//2122
f 4454//2123 4442//2123 1190//2123
f 4394//27 1197//27 4475//27
f 1197//27 4458//27 4475//27
f 1209//2124 2871//2124 4453//2124
f 2871//2125 2872//2125 4453//2125
f 4435//2126 4434//2126 1199//2126
f 4434//2127 1195//2127 1199//2127
f 2874//2128 1194//2128 2875//2128
f 1194//2129 1193//2129 2875//2129
f 1210//2130 4447//2130 1199//2130
f 4447//2131 4435//2131 1199//2131
f 4438//2132 4452//2132 4431//2132
f 4431//2133 4452//2133 1207//2133
f 2880//2134 2876//2134 1203//2134
f 2876//2135 1190//2135 1203//2135
f 4452//2136 4449//2136 1207//2136
f 1207//2137 4449//2137 4451//2137
f 4449//2138 4448//2138 4451//2138
f 4451//2139 4448//2139 4450//2139
f 1204//2140 1205//2140 1206//2140
f 1205//2141 4446//2141 1206//2141
f 2870//2142 2880//2142 1202//2142
f 2880//2143 1203//2143 1202//2143
f 4463//2144 4454//2144 2876//2144
f 4454//2145 1190//2145 2876//2145
f 1189//2146 1191//2146 1208//2146
f 1191//2147 1198//2147 1208//2147
f 1202//2148 1201//2148 2870//2148
f 1201//2149 1122//2149 2870//2149
f 1142//2150 4456//2150 2873//2150
f 2873//2150 4456//2150 4455//2150
f 1640//2151 3325//2151 4403//2151
f 4403//2151 3325//2151 2877//2151
f 1184//2152 1151//2152 2864//2152
f 2864//2153 1151//2153 4476//2153
f 4447//2154 1210//2154 4453//2154
f 1210//2155 1209//2155 4453//2155
f 1211//2156 4464//2156 1212//2156
f 4464//2157 2879//2157 1212//2157
f 1200//2158 2878//2158 1193//2158
f 2878//2159 2875//2159 1193//2159
f 1212//2160 2879//2160 1200//2160
f 2879//2161 2878//2161 1200//2161
f 1305//1413 1306//1413 1217//1413
f 1306//1413 1218//1413 1217//1413
f 1219//2162 1216//2162 1307//2162
f 1216//2163 1304//2163 1307//2163
f 4557//1418 1305//1418 4095//1418
f 1305//1419 1217//1419 4095//1419
f 1302//1416 4096//1416 1306//1416
f 4096//1417 1218//1417 1306//1417
f 4480//2164 4492//2164 4540//2164
f 4492//2165 4484//2165 4540//2165
f 4492//2166 1226//2166 1228//2166
f 1226//2167 4491//2167 1228//2167
f 1245//2168 1243//2168 1223//2168
f 1243//2169 4496//2169 1223//2169
f 1224//2170 4488//2170 4486//2170
f 4488//2171 4490//2171 4486//2171
f 4487//2172 4479//2172 1231//2172
f 4481//2173 4483//2173 1230//2173
f 1303//2174 1304//2174 4097//2174
f 1304//2175 1216//2175 4097//2175
f 4484//2176 4492//2176 3745//2176
f 4492//2177 1228//2177 3745//2177
f 4488//2178 1224//2178 4489//2178
f 4559//1435 4560//1435 1220//1435
f 4560//1435 1215//1435 1220//1435
f 4487//2179 4485//2179 4479//2179
f 4479//2180 4485//2180 4478//2180
f 1249//2181 4489//2181 1224//2181
f 4493//771 1233//771 3754//771
f 1233//771 1234//771 3754//771
f 4494//2182 1222//2182 4495//2182
f 1222//2183 3758//2183 4495//2183
f 4482//2184 4481//2184 1237//2184
f 4481//2185 1230//2185 1237//2185
f 3745//2186 1228//2186 1235//2186
f 1228//2187 1227//2187 1235//2187
f 1250//2188 4497//2188 1237//2188
f 4497//2189 4482//2189 1237//2189
f 4485//2190 1240//2190 4478//2190
f 4478//2191 1240//2191 1244//2191
f 1255//2192 1246//2192 4500//2192
f 1246//2193 1224//2193 4500//2193
f 1240//2194 1239//2194 1244//2194
f 1244//2195 1239//2195 4499//2195
f 1239//2196 1320//2196 4499//2196
f 4499//2196 1320//2196 4498//2196
f 1241//2197 1242//2197 1243//2197
f 1242//2198 4496//2198 1243//2198
f 1221//2199 1255//2199 4501//2199
f 1255//2200 4500//2200 4501//2200
f 3756//2201 1249//2201 1246//2201
f 1249//2202 1224//2202 1246//2202
f 1223//2203 1225//2203 1245//2203
f 1225//2204 1317//2204 1245//2204
f 4501//2205 4551//2205 1221//2205
f 4551//2206 1308//2206 1221//2206
f 1236//1464 4477//1464 1232//1464
f 1232//1464 4477//1464 3736//1464
f 1325//1465 1247//1465 4561//1465
f 4561//1465 1247//1465 1248//1465
f 1213//2207 1326//2207 1214//2207
f 1214//2208 1326//2208 4098//2208
f 4497//2209 1250//2209 4495//2209
f 1250//2210 4494//2210 4495//2210
f 1251//2211 1229//2211 1252//2211
f 1229//2212 1254//2212 1252//2212
f 1238//2213 1253//2213 1227//2213
f 1253//2214 1235//2214 1227//2214
f 1252//2215 1254//2215 1238//2215
f 1254//2216 1253//2216 1238//2216
f 1259//1476 1378//1476 1263//1476
f 1378//1476 1264//1476 1263//1476
f 1265//2217 1262//2217 1260//2217
f 1262//2218 1377//2218 1260//2218
f 4615//1481 1259//1481 4558//1481
f 1259//1482 1263//1482 4558//1482
f 1257//1479 4510//1479 1378//1479
f 4510//1480 1264//1480 1378//1480
f 4504//2219 4520//2219 4508//2219
f 4520//2220 4618//2220 4508//2220
f 4520//2221 1272//2221 1274//2221
f 1272//2221 4519//2221 1274//2221
f 1397//2222 1395//2222 1269//2222
f 1395//2223 4525//2223 1269//2223
f 1270//2224 4516//2224 4514//2224
f 4516//2225 4518//2225 4514//2225
f 4515//2226 1277//2226 4503//2226
f 4505//2227 1276//2227 4507//2227
f 1258//2228 1377//2228 4512//2228
f 1377//2229 1262//2229 4512//2229
f 4618//2230 4520//2230 1280//2230
f 4520//2231 1274//2231 1280//2231
f 4516//2232 1270//2232 4517//2232
f 4509//1497 4511//1497 1266//1497
f 4511//1497 1261//1497 1266//1497
f 4515//2233 4503//2233 4513//2233
f 4503//2234 4502//2234 4513//2234
f 1295//2235 4517//2235 1270//2235
f 4620//771 1388//771 4833//771
f 1388//771 4832//771 4833//771
f 4522//2236 4524//2236 1268//2236
f 1268//2237 4524//2237 4523//2237
f 4506//2238 1282//2238 4505//2238
f 4505//2239 1282//2239 1276//2239
f 1280//2240 1274//2240 1281//2240
f 1274//2241 1273//2241 1281//2241
f 1296//2242 1282//2242 4526//2242
f 4526//2243 1282//2243 4506//2243
f 4513//2244 4502//2244 1286//2244
f 4502//2245 1289//2245 1286//2245
f 1301//2246 1290//2246 4531//2246
f 1290//2247 1270//2247 4531//2247
f 1286//2248 1289//2248 1285//2248
f 1289//2248 4530//2248 1285//2248
f 1285//2249 4530//2249 4527//2249
f 4530//2250 4529//2250 4527//2250
f 1287//2251 1288//2251 1395//2251
f 1288//2252 4525//2252 1395//2252
f 1267//2253 1301//2253 4528//2253
f 1301//2254 4531//2254 4528//2254
f 4521//2255 1295//2255 1290//2255
f 1295//2256 1270//2256 1290//2256
f 1269//2257 1271//2257 1397//2257
f 1271//2258 1279//2258 1397//2258
f 4528//2259 1284//2259 1267//2259
f 1284//2260 1379//2260 1267//2260
f 1389//1497 4617//1497 1278//1497
f 1278//1497 4617//1497 4831//1497
f 1291//1476 1292//1476 4533//1476
f 4533//1476 1292//1476 1293//1476
f 1376//2261 1294//2261 1256//2261
f 1256//2262 1294//2262 4532//2262
f 4526//2263 4524//2263 1296//2263
f 1296//2264 4524//2264 4522//2264
f 1297//2265 1275//2265 1298//2265
f 1275//2266 1300//2266 1298//2266
f 1283//2267 1299//2267 1273//2267
f 1299//2268 1281//2268 1273//2268
f 1298//2269 1300//2269 1283//2269
f 1300//2270 1299//2270 1283//2270
f 1305//1536 1263//1536 1306//1536
f 1263//1536 1264//1536 1306//1536
f 1265//2271 1307//2271 1262//2271
f 1307//2272 1304//2272 1262//2272
f 4557//1541 4558//1541 1305//1541
f 4558//1542 1263//1542 1305//1542
f 1302//1539 1306//1539 4510//1539
f 1306//1540 1264//1540 4510//1540
f 4536//2273 4540//2273 4548//2273
f 4540//2274 4484//2274 4548//2274
f 4548//2275 1314//2275 1312//2275
f 1314//2276 4547//2276 1312//2276
f 1245//2277 1309//2277 1243//2277
f 1309//2278 4549//2278 1243//2278
f 1310//2279 4542//2279 4544//2279
f 4542//2280 4546//2280 4544//2280
f 4543//2281 1316//2281 4535//2281
f 4537//2282 4539//2282 1315//2282
f 1303//2283 4512//2283 1304//2283
f 4512//2284 1262//2284 1304//2284
f 4484//2285 1280//2285 4548//2285
f 1280//2286 1314//2286 4548//2286
f 4544//2287 4545//2287 1310//2287
f 4559//1558 1266//1558 4560//1558
f 1266//1558 1261//1558 4560//1558
f 4543//2288 4535//2288 4541//2288
f 4541//2289 4535//2289 4534//2289
f 4555//2290 1310//2290 4545//2290
f 4493//771 4833//771 1233//771
f 4833//771 4832//771 1233//771
f 1327//2291 1268//2291 4554//2291
f 4554//2292 1268//2292 4523//2292
f 4538//2293 4537//2293 1318//2293
f 1318//2294 4537//2294 1315//2294
f 1280//2295 1281//2295 1314//2295
f 1281//2296 1313//2296 1314//2296
f 1328//2297 4550//2297 1318//2297
f 1318//2298 4550//2298 4538//2298
f 4541//2299 4534//2299 4553//2299
f 4553//2300 4534//2300 1324//2300
f 1301//2301 1322//2301 1290//2301
f 1322//2302 1310//2302 1290//2302
f 4553//2303 1324//2303 4552//2303
f 4552//2304 1324//2304 4556//2304
f 4552//2305 4556//2305 1320//2305
f 1320//2305 4556//2305 4498//2305
f 1241//2306 1243//2306 1323//2306
f 1243//2307 4549//2307 1323//2307
f 1267//2308 1321//2308 1301//2308
f 1321//2309 1322//2309 1301//2309
f 4521//2310 1290//2310 4555//2310
f 1290//2311 1310//2311 4555//2311
f 1309//2312 1245//2312 1311//2312
f 1245//2313 1317//2313 1311//2313
f 1321//2314 1267//2314 4551//2314
f 1267//2315 1308//2315 4551//2315
f 1236//1587 1278//1587 4477//1587
f 4477//1587 1278//1587 4831//1587
f 1325//1588 4561//1588 1292//1588
f 1292//1588 4561//1588 1293//1588
f 1213//2316 1256//2316 1326//2316
f 1326//2317 1256//2317 4532//2317
f 4550//2318 1328//2318 4554//2318
f 4554//2319 1328//2319 1327//2319
f 1329//2320 1330//2320 1275//2320
f 1330//2321 1300//2321 1275//2321
f 1319//2322 1313//2322 1299//2322
f 1313//2323 1281//2323 1299//2323
f 1330//2324 1319//2324 1300//2324
f 1319//2325 1299//2325 1300//2325
f 1335//1599 1447//1599 1339//1599
f 1447//1599 1340//1599 1339//1599
f 1341//2326 1338//2326 1448//2326
f 1338//2327 1334//2327 1448//2327
f 4562//1604 1335//1604 4563//1604
f 1335//1605 1339//1605 4563//1605
f 1332//1602 4572//1602 1447//1602
f 4572//1603 1340//1603 1447//1603
f 4566//2328 4582//2328 4570//2328
f 4582//2329 4679//2329 4570//2329
f 4582//2330 1348//2330 1350//2330
f 1348//2331 4581//2331 1350//2331
f 1466//2332 1364//2332 1345//2332
f 1364//2333 4589//2333 1345//2333
f 1346//2334 4578//2334 4576//2334
f 4578//2335 4580//2335 4576//2335
f 4577//2336 4565//2336 1353//2336
f 4567//2337 1352//2337 4569//2337
f 1333//2338 1334//2338 4574//2338
f 1334//2339 1338//2339 4574//2339
f 4679//2340 4582//2340 1356//2340
f 4582//2341 1350//2341 1356//2341
f 4578//2342 1346//2342 4579//2342
f 4571//1621 4573//1621 1342//1621
f 4573//1621 1337//1621 1342//1621
f 4577//2343 4575//2343 4565//2343
f 4565//2344 4575//2344 4564//2344
f 1369//2345 4579//2345 1346//2345
f 4584//771 1457//771 4583//771
f 1457//771 4619//771 4583//771
f 4586//2346 4588//2346 1344//2346
f 1344//2347 4588//2347 4587//2347
f 4568//2348 1359//2348 4567//2348
f 4567//2349 1359//2349 1352//2349
f 1356//2350 1350//2350 1357//2350
f 1350//2351 1349//2351 1357//2351
f 1370//2352 1359//2352 4590//2352
f 4590//2353 1359//2353 4568//2353
f 4575//2354 1362//2354 4564//2354
f 4564//2355 1362//2355 1365//2355
f 1375//2356 1366//2356 4591//2356
f 1366//2357 1346//2357 4591//2357
f 1362//2358 1361//2358 1365//2358
f 1365//2358 1361//2358 4593//2358
f 1361//2359 4671//2359 4593//2359
f 4593//2360 4671//2360 4673//2360
f 1463//2361 1363//2361 1364//2361
f 1363//2362 4589//2362 1364//2362
f 1343//2363 1375//2363 4592//2363
f 1375//2364 4591//2364 4592//2364
f 4585//2365 1369//2365 1366//2365
f 1369//2366 1346//2366 1366//2366
f 1345//2367 1347//2367 1466//2367
f 1347//2368 1355//2368 1466//2368
f 4592//2369 1460//2369 1343//2369
f 1460//2370 1336//2370 1343//2370
f 1358//1650 1446//1650 1354//1650
f 1354//1650 1446//1650 4616//1650
f 1467//1599 1367//1599 4681//1599
f 4681//1599 1367//1599 1368//1599
f 4678//2371 1468//2371 1331//2371
f 1331//2372 1468//2372 4834//2372
f 4590//2373 4588//2373 1370//2373
f 1370//2374 4588//2374 4586//2374
f 1371//2375 1351//2375 1372//2375
f 1351//2376 1374//2376 1372//2376
f 1360//2377 1373//2377 1349//2377
f 1373//2378 1357//2378 1349//2378
f 1372//2379 1374//2379 1360//2379
f 1374//2380 1373//2380 1360//2380
f 1259//1661 1339//1661 1378//1661
f 1339//1661 1340//1661 1378//1661
f 1341//2381 1260//2381 1338//2381
f 1260//2382 1377//2382 1338//2382
f 4615//1666 4563//1666 1259//1666
f 4563//1667 1339//1667 1259//1667
f 1257//1664 1378//1664 4572//1664
f 1378//1665 1340//1665 4572//1665
f 4596//2383 4508//2383 4607//2383
f 4508//2384 4618//2384 4607//2384
f 4607//2385 1385//2385 1383//2385
f 1385//2386 4606//2386 1383//2386
f 1397//2222 1380//2222 1395//2222
f 1380//2387 4608//2387 1395//2387
f 1381//2388 4601//2388 4603//2388
f 4601//2389 4605//2389 4603//2389
f 4602//2390 4595//2390 1387//2390
f 4597//2391 4599//2391 1386//2391
f 1258//2392 4574//2392 1377//2392
f 4574//2393 1338//2393 1377//2393
f 4618//2394 1356//2394 4607//2394
f 1356//2395 1385//2395 4607//2395
f 4603//2396 4604//2396 1381//2396
f 4509//1682 1342//1682 4511//1682
f 1342//1682 1337//1682 4511//1682
f 4602//2397 4600//2397 4595//2397
f 4600//2398 4594//2398 4595//2398
f 4612//2399 1381//2399 4604//2399
f 4620//771 4583//771 1388//771
f 4583//771 4619//771 1388//771
f 1398//2400 1344//2400 4611//2400
f 4611//2401 1344//2401 4587//2401
f 4598//2402 4597//2402 1390//2402
f 1390//2403 4597//2403 1386//2403
f 1356//2404 1357//2404 1385//2404
f 1357//2405 1384//2405 1385//2405
f 1399//2406 4609//2406 1390//2406
f 1390//2407 4609//2407 4598//2407
f 4600//2408 4610//2408 4594//2408
f 4610//2409 1396//2409 4594//2409
f 1375//2410 1393//2410 1366//2410
f 1393//2411 1381//2411 1366//2411
f 4610//2412 4613//2412 1396//2412
f 4613//2413 4614//2413 1396//2413
f 4613//2414 4527//2414 4614//2414
f 4527//2415 4529//2415 4614//2415
f 1287//2416 1395//2416 1394//2416
f 1395//2417 4608//2417 1394//2417
f 1343//2418 1392//2418 1375//2418
f 1392//2419 1393//2419 1375//2419
f 4585//2420 1366//2420 4612//2420
f 1366//2421 1381//2421 4612//2421
f 1380//2422 1397//2422 1382//2422
f 1397//2423 1279//2423 1382//2423
f 1392//2424 1343//2424 1284//2424
f 1343//2425 1379//2425 1284//2425
f 1389//1712 1354//1712 4617//1712
f 4617//1712 1354//1712 4616//1712
f 1291//1713 4533//1713 1367//1713
f 1367//1713 4533//1713 1368//1713
f 1376//2426 1331//2426 1294//2426
f 1294//2427 1331//2427 4834//2427
f 4609//2428 1399//2428 4611//2428
f 4611//2429 1399//2429 1398//2429
f 1400//2430 1401//2430 1351//2430
f 1401//2431 1374//2431 1351//2431
f 1391//2432 1384//2432 1373//2432
f 1384//2433 1357//2433 1373//2433
f 1401//2434 1391//2434 1374//2434
f 1391//2435 1373//2435 1374//2435
f 1521//1724 1522//1724 1408//1724
f 1522//1724 1409//1724 1408//1724
f 1410//2436 1407//2436 1523//2436
f 1407//2437 1520//2437 1523//2437
f 4621//1729 1521//1729 4622//1729
f 1521//1730 1408//1730 4622//1730
f 4740//1727 4835//1727 1522//1727
f 4835//1728 1409//1728 1522//1728
f 4627//2438 4642//2438 4723//2438
f 4642//2439 4631//2439 4723//2439
f 4642//2440 1417//2440 1419//2440
f 1417//2441 4641//2441 1419//2441
f 1541//2442 1539//2442 1414//2442
f 1539//2443 4649//2443 1414//2443
f 1415//2444 4638//2444 4636//2444
f 4638//2445 4640//2445 4636//2445
f 4637//2446 4626//2446 1422//2446
f 4628//2447 1421//2447 4630//2447
f 4633//2448 1520//2448 4634//2448
f 1520//2449 1407//2449 4634//2449
f 4631//2450 4642//2450 4632//2450
f 4642//2451 1419//2451 4632//2451
f 4638//2452 1415//2452 4639//2452
f 1519//1746 1404//1746 1411//1746
f 1404//1746 1406//1746 1411//1746
f 4637//2453 4635//2453 4626//2453
f 4626//2454 4635//2454 4625//2454
f 1439//2455 4639//2455 1415//2455
f 4644//771 1424//771 4643//771
f 1424//771 1425//771 4643//771
f 4646//2456 4648//2456 1413//2456
f 1413//2457 4648//2457 4647//2457
f 4629//2458 1428//2458 4628//2458
f 4628//2459 1428//2459 1421//2459
f 4632//2460 1419//2460 1426//2460
f 1419//2461 1418//2461 1426//2461
f 1440//2462 1428//2462 4650//2462
f 4650//2463 1428//2463 4629//2463
f 4635//2464 1431//2464 4625//2464
f 4625//2465 1431//2465 1434//2465
f 1445//2466 1435//2466 4653//2466
f 1435//2467 1415//2467 4653//2467
f 1431//2468 1430//2468 1434//2468
f 1434//2468 1430//2468 4652//2468
f 1430//2469 4734//2469 4652//2469
f 4652//2470 4734//2470 4651//2470
f 1432//2471 1433//2471 1539//2471
f 1433//2472 4649//2472 1539//2472
f 1412//2473 1445//2473 4654//2473
f 1445//2474 4653//2474 4654//2474
f 4645//2475 1439//2475 1435//2475
f 1439//2476 1415//2476 1435//2476
f 1414//2477 1416//2477 1541//2477
f 1416//2478 1532//2478 1541//2478
f 4654//2479 1535//2479 1412//2479
f 1535//2480 1405//2480 1412//2480
f 1427//1775 4624//1775 1423//1775
f 1423//1775 4624//1775 4623//1775
f 1436//1776 1437//1776 4742//1776
f 4742//1776 1437//1776 1438//1776
f 1402//2481 1542//2481 1403//2481
f 1403//2482 1542//2482 4680//2482
f 4650//2483 4648//2483 1440//2483
f 1440//2484 4648//2484 4646//2484
f 1441//2485 1420//2485 1442//2485
f 1420//2486 1444//2486 1442//2486
f 1429//2487 1443//2487 1418//2487
f 1443//2488 1426//2488 1418//2488
f 1442//2489 1444//2489 1429//2489
f 1444//2490 1443//2490 1429//2490
f 1335//1787 1408//1787 1447//1787
f 1408//1787 1409//1787 1447//1787
f 1410//2491 1448//2491 1407//2491
f 1448//2492 1334//2492 1407//2492
f 4562//1792 4622//1792 1335//1792
f 4622//1793 1408//1793 1335//1793
f 1332//1790 1447//1790 4835//1790
f 1447//1791 1409//1791 4835//1791
f 4657//2493 4570//2493 4668//2493
f 4570//2494 4679//2494 4668//2494
f 4668//2495 1454//2495 1452//2495
f 1454//2496 4667//2496 1452//2496
f 1466//2497 1449//2497 1364//2497
f 1449//2498 4669//2498 1364//2498
f 1450//2499 4662//2499 4664//2499
f 4662//2500 4666//2500 4664//2500
f 4663//2501 1456//2501 4656//2501
f 4658//2502 4660//2502 1455//2502
f 1333//2503 4634//2503 1334//2503
f 4634//2504 1407//2504 1334//2504
f 4679//2505 4632//2505 4668//2505
f 4632//2506 1454//2506 4668//2506
f 4664//2507 4665//2507 1450//2507
f 4571//1809 1411//1809 4573//1809
f 1411//1809 1406//1809 4573//1809
f 4663//2508 4656//2508 4661//2508
f 4661//2509 4656//2509 4655//2509
f 4677//2510 1450//2510 4665//2510
f 4584//771 4643//771 1457//771
f 4643//771 1425//771 1457//771
f 1469//2511 1413//2511 4676//2511
f 4676//2512 1413//2512 4647//2512
f 4659//2513 4658//2513 1458//2513
f 1458//2514 4658//2514 1455//2514
f 4632//2515 1426//2515 1454//2515
f 1426//2516 1453//2516 1454//2516
f 1470//2517 4670//2517 1458//2517
f 1458//2518 4670//2518 4659//2518
f 4661//2519 4655//2519 4675//2519
f 4675//2519 4655//2519 1465//2519
f 1445//2520 1462//2520 1435//2520
f 1462//2521 1450//2521 1435//2521
f 4675//2522 1465//2522 4672//2522
f 4672//2523 1465//2523 4674//2523
f 4672//2524 4674//2524 4671//2524
f 4671//2525 4674//2525 4673//2525
f 1463//2526 1364//2526 1464//2526
f 1364//2527 4669//2527 1464//2527
f 1412//2528 1461//2528 1445//2528
f 1461//2529 1462//2529 1445//2529
f 4645//2530 1435//2530 4677//2530
f 1435//2531 1450//2531 4677//2531
f 1449//2532 1466//2532 1451//2532
f 1466//2533 1355//2533 1451//2533
f 1461//2534 1412//2534 1460//2534
f 1412//2535 1336//2535 1460//2535
f 1358//1838 1423//1838 1446//1838
f 1446//1838 1423//1838 4623//1838
f 1467//1839 4681//1839 1437//1839
f 1437//1839 4681//1839 1438//1839
f 4678//2536 1403//2536 1468//2536
f 1468//2537 1403//2537 4680//2537
f 4670//2538 1470//2538 4676//2538
f 4676//2539 1470//2539 1469//2539
f 1471//2540 1472//2540 1420//2540
f 1472//2541 1444//2541 1420//2541
f 1459//2542 1453//2542 1443//2542
f 1453//2543 1426//2543 1443//2543
f 1472//2544 1459//2544 1444//2544
f 1459//2545 1443//2545 1444//2545
f 1589//1850 1590//1850 1481//1850
f 1590//1850 1482//1850 1481//1850
f 1483//2546 1480//2546 1477//2546
f 1480//2547 1588//2547 1477//2547
f 4682//1855 1589//1855 4683//1855
f 1589//1856 1481//1856 4683//1856
f 1475//1853 4694//1853 1590//1853
f 4694//1854 1482//1854 1590//1854
f 4688//2548 4704//2548 4692//2548
f 4704//2549 4794//2549 4692//2549
f 4704//2550 1490//2550 1492//2550
f 1490//2551 4703//2551 1492//2551
f 1508//2552 1606//2552 1487//2552
f 1606//2553 4711//2553 1487//2553
f 1488//2554 4700//2554 4698//2554
f 4700//2555 4702//2555 4698//2555
f 4699//2556 1495//2556 4687//2556
f 4689//2557 1494//2557 4691//2557
f 1476//2558 1588//2558 4696//2558
f 1588//2559 1480//2559 4696//2559
f 4794//2560 4704//2560 1498//2560
f 4704//2561 1492//2561 1498//2561
f 4700//2562 1488//2562 4701//2562
f 4693//1872 4695//1872 1484//1872
f 4695//1872 1479//1872 1484//1872
f 4699//2563 4687//2563 4697//2563
f 4687//2564 4686//2564 4697//2564
f 1512//2565 4701//2565 1488//2565
f 4706//771 1599//771 4705//771
f 1599//771 4836//771 4705//771
f 4708//2566 4710//2566 1486//2566
f 1486//2567 4710//2567 4709//2567
f 4690//2568 1501//2568 4689//2568
f 4689//2569 1501//2569 1494//2569
f 1498//2570 1492//2570 1499//2570
f 1492//2571 1491//2571 1499//2571
f 1513//2572 1501//2572 4712//2572
f 4712//2573 1501//2573 4690//2573
f 4697//2574 4686//2574 1504//2574
f 4686//2575 1507//2575 1504//2575
f 1518//2576 1509//2576 4715//2576
f 1509//2577 1488//2577 4715//2577
f 1504//2578 1507//2578 1503//2578
f 1507//2579 4714//2579 1503//2579
f 1503//2580 4714//2580 4788//2580
f 4714//2581 4713//2581 4788//2581
f 1505//2582 1506//2582 1606//2582
f 1506//2583 4711//2583 1606//2583
f 1485//2584 1518//2584 4716//2584
f 1518//2585 4715//2585 4716//2585
f 4707//2586 1512//2586 1509//2586
f 1512//2587 1488//2587 1509//2587
f 1487//2588 1489//2588 1508//2588
f 1489//2589 1497//2589 1508//2589
f 4716//2590 1602//2590 1485//2590
f 1602//2591 1478//2591 1485//2591
f 1500//1902 4685//1902 1496//1902
f 1496//1902 4685//1902 4684//1902
f 1608//1903 1510//1903 4796//1903
f 4796//1903 1510//1903 1511//1903
f 1473//2592 1609//2592 1474//2592
f 1474//2593 1609//2593 4741//2593
f 4712//2594 4710//2594 1513//2594
f 1513//2595 4710//2595 4708//2595
f 1514//2596 1493//2596 1515//2596
f 1493//2597 1517//2597 1515//2597
f 1502//2598 1516//2598 1491//2598
f 1516//2599 1499//2599 1491//2599
f 1515//2600 1517//2600 1502//2600
f 1517//2601 1516//2601 1502//2601
f 1521//1914 1481//1914 1522//1914
f 1481//1914 1482//1914 1522//1914
f 1483//2602 1523//2602 1480//2602
f 1523//2603 1520//2603 1480//2603
f 4621//1919 4683//1919 1521//1919
f 4683//1920 1481//1920 1521//1920
f 4740//1917 1522//1917 4694//1917
f 1522//1918 1482//1918 4694//1918
f 4719//2604 4723//2604 4731//2604
f 4723//2605 4631//2605 4731//2605
f 4731//2606 1529//2606 1527//2606
f 1529//2607 4730//2607 1527//2607
f 1541//2608 1524//2608 1539//2608
f 1524//2609 4732//2609 1539//2609
f 1525//2610 4725//2610 4727//2610
f 4725//2611 4729//2611 4727//2611
f 4726//2612 1531//2612 4718//2612
f 4720//2613 4722//2613 1530//2613
f 4633//2614 4696//2614 1520//2614
f 4696//2615 1480//2615 1520//2615
f 4631//2616 1498//2616 4731//2616
f 1498//2617 1529//2617 4731//2617
f 4727//2618 4728//2618 1525//2618
f 1519//1936 1484//1936 1404//1936
f 1484//1936 1479//1936 1404//1936
f 4726//2619 4718//2619 4724//2619
f 4724//2620 4718//2620 4717//2620
f 4738//2621 1525//2621 4728//2621
f 4644//771 4705//771 1424//771
f 4705//771 4836//771 1424//771
f 1543//2622 1486//2622 4737//2622
f 4737//2623 1486//2623 4709//2623
f 4721//2624 4720//2624 1533//2624
f 1533//2625 4720//2625 1530//2625
f 1498//2626 1499//2626 1529//2626
f 1499//2627 1528//2627 1529//2627
f 1544//2628 4733//2628 1533//2628
f 1533//2629 4733//2629 4721//2629
f 4724//2630 4717//2630 4736//2630
f 4736//2631 4717//2631 1540//2631
f 1518//2632 1537//2632 1509//2632
f 1537//2633 1525//2633 1509//2633
f 4736//2634 1540//2634 4735//2634
f 4735//2634 1540//2634 4739//2634
f 4735//2635 4739//2635 4734//2635
f 4734//2636 4739//2636 4651//2636
f 1432//2637 1539//2637 1538//2637
f 1539//2638 4732//2638 1538//2638
f 1485//2639 1536//2639 1518//2639
f 1536//2640 1537//2640 1518//2640
f 4707//2641 1509//2641 4738//2641
f 1509//2642 1525//2642 4738//2642
f 1524//2643 1541//2643 1526//2643
f 1541//2644 1532//2644 1526//2644
f 1536//2645 1485//2645 1535//2645
f 1485//2646 1405//2646 1535//2646
f 1427//1965 1496//1965 4624//1965
f 4624//1965 1496//1965 4684//1965
f 1436//1914 4742//1914 1510//1914
f 1510//1914 4742//1914 1511//1914
f 1402//2647 1474//2647 1542//2647
f 1542//2648 1474//2648 4741//2648
f 4733//2649 1544//2649 4737//2649
f 4737//2650 1544//2650 1543//2650
f 1545//2651 1546//2651 1493//2651
f 1546//2652 1517//2652 1493//2652
f 1534//2653 1528//2653 1516//2653
f 1528//2654 1499//2654 1516//2654
f 1546//2655 1534//2655 1517//2655
f 1534//2656 1516//2656 1517//2656
f 1618//1976 1548//1976 1552//1976
f 1548//1976 1553//1976 1552//1976
f 1554//2657 1551//2657 1619//2657
f 1551//2658 1617//2658 1619//2658
f 4743//1981 1618//1981 4744//1981
f 1618//1982 1552//1982 4744//1982
f 1615//1979 4838//1979 1548//1979
f 4838//1980 1553//1980 1548//1980
f 4747//2659 4758//2659 4803//2659
f 4758//2660 4823//2660 4803//2660
f 4758//2661 1561//2661 1563//2661
f 1561//2662 4757//2662 1563//2662
f 1639//2663 1637//2663 1558//2663
f 1637//2664 4765//2664 1558//2664
f 1559//2665 4754//2665 4752//2665
f 4754//2666 4756//2666 4752//2666
f 4753//2667 4746//2667 1566//2667
f 4748//2668 1565//2668 4750//2668
f 1616//2669 1617//2669 4839//2669
f 1617//2670 1551//2670 4839//2670
f 4823//2671 4758//2671 1568//2671
f 4758//2672 1563//2672 1568//2672
f 4754//2673 1559//2673 4755//2673
f 4825//1998 4827//1998 1555//1998
f 4827//1998 1550//1998 1555//1998
f 4753//2674 4751//2674 4746//2674
f 4746//2675 4751//2675 4745//2675
f 1581//2676 4755//2676 1559//2676
f 4760//771 1628//771 4759//771
f 1628//771 4795//771 4759//771
f 4762//2677 4764//2677 1557//2677
f 1557//2678 4764//2678 4763//2678
f 4749//2679 1571//2679 4748//2679
f 4748//2680 1571//2680 1565//2680
f 1568//2681 1563//2681 1569//2681
f 1563//2682 1562//2682 1569//2682
f 1582//2683 1571//2683 4766//2683
f 4766//2684 1571//2684 4749//2684
f 4751//2685 1574//2685 4745//2685
f 4745//2686 1574//2686 1576//2686
f 1587//2687 1577//2687 4767//2687
f 1577//2688 1559//2688 4767//2688
f 1574//2689 1573//2689 1576//2689
f 1576//2690 1573//2690 4771//2690
f 1573//2691 4814//2691 4771//2691
f 4771//2691 4814//2691 4816//2691
f 1635//2692 1575//2692 1637//2692
f 1575//2693 4765//2693 1637//2693
f 1556//2694 1587//2694 4770//2694
f 1587//2695 4767//2695 4770//2695
f 4761//2696 1581//2696 1577//2696
f 1581//2697 1559//2697 1577//2697
f 1558//2698 1560//2698 1639//2698
f 1560//2699 1629//2699 1639//2699
f 4770//2700 1632//2700 1556//2700
f 1632//2701 1549//2701 1556//2701
f 1570//2027 4822//2027 1567//2027
f 1567//2027 4822//2027 4837//2027
f 1640//2028 1578//2028 4769//2028
f 4769//2028 1578//2028 1579//2028
f 1614//2702 1580//2702 1547//2702
f 1547//2703 1580//2703 4768//2703
f 4766//2704 4764//2704 1582//2704
f 1582//2705 4764//2705 4762//2705
f 1583//2706 1564//2706 1584//2706
f 1564//2707 1586//2707 1584//2707
f 1572//2708 1585//2708 1562//2708
f 1585//2709 1569//2709 1562//2709
f 1584//2710 1586//2710 1572//2710
f 1586//2711 1585//2711 1572//2711
f 1589//2039 1552//2039 1590//2039
f 1552//2039 1553//2039 1590//2039
f 1554//2712 1477//2712 1551//2712
f 1477//2713 1588//2713 1551//2713
f 4682//2044 4744//2044 1589//2044
f 4744//2045 1552//2045 1589//2045
f 1475//2042 1590//2042 4838//2042
f 1590//2043 1553//2043 4838//2043
f 4774//2714 4692//2714 4785//2714
f 4692//2715 4794//2715 4785//2715
f 4785//2716 1596//2716 1594//2716
f 1596//2716 4784//2716 1594//2716
f 1508//2552 1591//2552 1606//2552
f 1591//2717 4786//2717 1606//2717
f 1592//2718 4779//2718 4781//2718
f 4779//2719 4783//2719 4781//2719
f 4780//2720 4773//2720 1598//2720
f 4775//2721 4777//2721 1597//2721
f 1476//2722 4839//2722 1588//2722
f 4839//2723 1551//2723 1588//2723
f 4794//2724 1568//2724 4785//2724
f 1568//2725 1596//2725 4785//2725
f 4781//2726 4782//2726 1592//2726
f 4693//2059 1555//2059 4695//2059
f 1555//2059 1550//2059 4695//2059
f 4780//2727 4778//2727 4773//2727
f 4778//2728 4772//2728 4773//2728
f 4792//2729 1592//2729 4782//2729
f 4706//771 4759//771 1599//771
f 4759//771 4795//771 1599//771
f 1610//2730 1557//2730 4791//2730
f 4791//2731 1557//2731 4763//2731
f 4776//2732 4775//2732 1600//2732
f 1600//2733 4775//2733 1597//2733
f 1568//2734 1569//2734 1596//2734
f 1569//2735 1595//2735 1596//2735
f 1611//2736 4787//2736 1600//2736
f 1600//2737 4787//2737 4776//2737
f 4778//2738 4790//2738 4772//2738
f 4790//2739 1607//2739 4772//2739
f 1587//2740 1604//2740 1577//2740
f 1604//2741 1592//2741 1577//2741
f 4790//2742 4789//2742 1607//2742
f 4789//2742 4793//2742 1607//2742
f 4789//2743 4788//2743 4793//2743
f 4788//2744 4713//2744 4793//2744
f 1505//2745 1606//2745 1605//2745
f 1606//2746 4786//2746 1605//2746
f 1556//2747 1603//2747 1587//2747
f 1603//2748 1604//2748 1587//2748
f 4761//2749 1577//2749 4792//2749
f 1577//2750 1592//2750 4792//2750
f 1591//2751 1508//2751 1593//2751
f 1508//2752 1497//2752 1593//2752
f 1603//2753 1556//2753 1602//2753
f 1556//2754 1478//2754 1602//2754
f 1500//2059 1567//2059 4685//2059
f 4685//2059 1567//2059 4837//2059
f 1608//2039 4796//2039 1578//2039
f 1578//2039 4796//2039 1579//2039
f 1473//2755 1547//2755 1609//2755
f 1609//2756 1547//2756 4768//2756
f 4787//2757 1611//2757 4791//2757
f 4791//2758 1611//2758 1610//2758
f 1612//2759 1613//2759 1564//2759
f 1613//2760 1586//2760 1564//2760
f 1601//2761 1595//2761 1585//2761
f 1595//2762 1569//2762 1585//2762
f 1613//2763 1601//2763 1586//2763
f 1601//2764 1585//2764 1586//2764
f 1618//2098 3314//2098 1548//2098
f 3314//2098 3315//2098 1548//2098
f 3316//2765 1619//2765 3313//2765
f 1619//2766 1617//2766 3313//2766
f 4743//2103 4840//2103 1618//2103
f 4840//2104 3314//2104 1618//2104
f 1615//2101 1548//2101 4826//2101
f 1548//2102 3315//2102 4826//2102
f 4799//2767 4803//2767 4811//2767
f 4803//2768 4823//2768 4811//2768
f 4811//2769 1625//2769 1623//2769
f 1625//2770 4810//2770 1623//2770
f 1639//2771 1620//2771 1637//2771
f 1620//2772 4812//2772 1637//2772
f 1621//2773 4805//2773 4807//2773
f 4805//2774 4809//2774 4807//2774
f 4806//2775 1627//2775 4798//2775
f 4800//2776 1626//2776 4802//2776
f 1616//2777 4828//2777 1617//2777
f 4828//2778 3313//2778 1617//2778
f 4823//2779 3322//2779 4811//2779
f 3322//2780 1625//2780 4811//2780
f 4807//2781 4808//2781 1621//2781
f 4825//2120 3317//2120 4827//2120
f 3317//2120 3312//2120 4827//2120
f 4806//2782 4798//2782 4804//2782
f 4804//2783 4798//2783 4797//2783
f 4820//2784 1621//2784 4808//2784
f 4760//771 4841//771 1628//771
f 4841//771 4824//771 1628//771
f 1641//2785 4819//2785 3319//2785
f 4819//2786 3320//2786 3319//2786
f 4801//2787 1630//2787 4800//2787
f 1630//2788 1626//2788 4800//2788
f 3322//2789 3323//2789 1625//2789
f 3323//2790 1624//2790 1625//2790
f 1642//2791 1630//2791 4813//2791
f 1630//2792 4801//2792 4813//2792
f 4804//2793 4797//2793 4818//2793
f 4818//2794 4797//2794 1638//2794
f 3329//2795 1634//2795 3324//2795
f 1634//2796 1621//2796 3324//2796
f 4818//2797 1638//2797 4815//2797
f 4815//2798 1638//2798 4817//2798
f 4815//2799 4817//2799 4814//2799
f 4814//2800 4817//2800 4816//2800
f 1635//2801 1637//2801 1636//2801
f 1637//2802 4812//2802 1636//2802
f 3318//2803 1633//2803 3329//2803
f 1633//2804 1634//2804 3329//2804
f 4829//2805 3324//2805 4820//2805
f 3324//2806 1621//2806 4820//2806
f 1620//2807 1639//2807 1622//2807
f 1639//2808 1629//2808 1622//2808
f 1633//2809 3318//2809 1632//2809
f 3318//2810 1549//2810 1632//2810
f 1570//2150 3321//2150 4822//2150
f 4822//2150 3321//2150 4821//2150
f 1640//2151 4769//2151 3325//2151
f 3325//2151 4769//2151 3326//2151
f 1614//2811 3311//2811 1580//2811
f 1580//2812 3311//2812 4842//2812
f 4813//2813 4819//2813 1642//2813
f 4819//2814 1641//2814 1642//2814
f 1643//2815 1644//2815 4830//2815
f 1644//2816 3328//2816 4830//2816
f 1631//2817 1624//2817 3327//2817
f 1624//2818 3323//2818 3327//2818
f 1644//2819 1631//2819 3328//2819
f 1631//2820 3327//2820 3328//2820
f 1714//2821 2489//2821 1715//2821
f 2489//2821 2490//2821 1715//2821
f 2916//2822 2128//2822 2488//2822
f 2128//2823 1713//2823 2488//2823
f 4928//2824 5196//2824 1714//2824
f 5196//2825 2489//2825 1714//2825
f 1711//2826 1715//2826 5197//2826
f 1715//2827 2490//2827 5197//2827
f 4847//2828 4911//2828 4860//2828
f 4911//2829 4851//2829 4860//2829
f 4860//2830 1651//2830 1649//2830
f 1651//2831 4859//2831 1649//2831
f 1664//2832 1646//2832 1662//2832
f 1646//2833 4867//2833 1662//2833
f 1647//2834 4854//2834 4856//2834
f 4854//2835 4858//2835 4856//2835
f 4855//2836 1653//2836 4846//2836
f 4848//2837 1652//2837 4850//2837
f 1712//2838 5198//2838 1713//2838
f 5198//2839 2488//2839 1713//2839
f 4851//2840 4852//2840 4860//2840
f 4852//2841 1651//2841 4860//2841
f 4856//2842 4857//2842 1647//2842
f 4930//2843 2491//2843 4931//2843
f 2491//2843 2487//2843 4931//2843
f 4855//2844 4846//2844 4853//2844
f 4853//2845 4846//2845 4845//2845
f 1665//2846 1647//2846 4857//2846
f 4862//27 4861//27 1654//27
f 4861//27 2505//27 1654//27
f 4864//2847 4866//2847 2493//2847
f 4866//2848 4865//2848 2493//2848
f 4849//2849 1656//2849 4848//2849
f 1656//2850 1652//2850 4848//2850
f 4852//2851 2506//2851 1651//2851
f 2506//2852 1650//2852 1651//2852
f 1666//2853 1656//2853 4868//2853
f 1656//2854 4849//2854 4868//2854
f 4853//2855 4845//2855 1659//2855
f 1659//2856 4845//2856 1663//2856
f 2525//2857 4871//2857 2517//2857
f 4871//2858 1647//2858 2517//2858
f 1659//2859 1663//2859 1658//2859
f 1658//2860 1663//2860 4870//2860
f 1658//2861 4870//2861 1728//2861
f 1728//2861 4870//2861 4869//2861
f 1660//2862 1662//2862 1661//2862
f 1662//2863 4867//2863 1661//2863
f 2492//2864 4872//2864 2525//2864
f 4872//2865 4871//2865 2525//2865
f 4863//2866 2517//2866 1665//2866
f 2517//2867 1647//2867 1665//2867
f 1646//2868 1664//2868 1648//2868
f 1664//2869 1725//2869 1648//2869
f 4872//2870 2492//2870 4922//2870
f 2492//2871 1716//2871 4922//2871
f 1655//2872 2503//2872 4844//2872
f 4844//2872 2503//2872 4843//2872
f 2146//2873 4932//2873 2944//2873
f 2944//2873 4932//2873 2518//2873
f 1645//2874 2486//2874 1733//2874
f 1733//2875 2486//2875 5199//2875
f 4868//2876 4866//2876 1666//2876
f 4866//2877 4864//2877 1666//2877
f 1667//2878 1668//2878 2500//2878
f 1668//2879 2524//2879 2500//2879
f 1657//2880 1650//2880 2523//2880
f 1650//2881 2506//2881 2523//2881
f 1668//2882 1657//2882 2524//2882
f 1657//2883 2523//2883 2524//2883
f 1672//2884 1675//2884 1783//2884
f 1675//2884 1676//2884 1783//2884
f 2086//2885 2081//2885 1674//2885
f 2081//2886 1782//2886 1674//2886
f 4986//2887 4929//2887 1672//2887
f 4929//2888 1675//2888 1672//2888
f 1670//2889 1783//2889 4881//2889
f 1783//2890 1676//2890 4881//2890
f 4875//2891 4879//2891 4891//2891
f 4879//2892 4989//2892 4891//2892
f 4891//2893 1685//2893 1683//2893
f 1685//2893 4890//2893 1683//2893
f 1802//2894 1680//2894 1800//2894
f 1680//2895 4896//2895 1800//2895
f 1681//2896 4885//2896 4887//2896
f 4885//2897 4889//2897 4887//2897
f 4886//2898 4874//2898 1688//2898
f 4876//2899 4878//2899 1687//2899
f 1671//2900 4883//2900 1782//2900
f 4883//2901 1674//2901 1782//2901
f 4989//2902 1691//2902 4891//2902
f 1691//2903 1685//2903 4891//2903
f 4887//2904 4888//2904 1681//2904
f 4880//2905 1677//2905 4882//2905
f 1677//2905 1673//2905 4882//2905
f 4886//2906 4884//2906 4874//2906
f 4884//2907 4873//2907 4874//2907
f 1704//2908 1681//2908 4888//2908
f 4991//27 5202//27 1793//27
f 5202//27 5201//27 1793//27
f 4893//2909 1679//2909 4895//2909
f 4895//2910 1679//2910 4894//2910
f 4877//2911 4876//2911 1693//2911
f 1693//2912 4876//2912 1687//2912
f 1691//2913 1692//2913 1685//2913
f 1692//2914 1684//2914 1685//2914
f 1705//2915 4897//2915 1693//2915
f 1693//2916 4897//2916 4877//2916
f 4884//2917 1697//2917 4873//2917
f 1697//2918 1700//2918 4873//2918
f 1710//2919 4902//2919 1701//2919
f 4902//2920 1681//2920 1701//2920
f 1697//2921 1696//2921 1700//2921
f 1696//2921 4901//2921 1700//2921
f 1696//2922 4898//2922 4901//2922
f 4898//2923 4900//2923 4901//2923
f 1698//2924 1800//2924 1699//2924
f 1800//2925 4896//2925 1699//2925
f 1678//2926 4899//2926 1710//2926
f 4899//2927 4902//2927 1710//2927
f 4892//2928 1701//2928 1704//2928
f 1701//2929 1681//2929 1704//2929
f 1680//2930 1802//2930 1682//2930
f 1802//2931 1690//2931 1682//2931
f 4899//2932 1678//2932 1695//2932
f 1678//2933 1784//2933 1695//2933
f 1794//2905 1689//2905 4988//2905
f 4988//2905 1689//2905 5200//2905
f 2112//2884 4904//2884 2113//2884
f 2113//2884 4904//2884 1702//2884
f 1781//2934 1669//2934 1703//2934
f 1703//2935 1669//2935 4903//2935
f 4897//2936 1705//2936 4895//2936
f 4895//2937 1705//2937 4893//2937
f 1706//2938 1707//2938 1686//2938
f 1707//2939 1709//2939 1686//2939
f 1694//2940 1684//2940 1708//2940
f 1684//2941 1692//2941 1708//2941
f 1707//2942 1694//2942 1709//2942
f 1694//2943 1708//2943 1709//2943
f 1714//2944 1715//2944 1675//2944
f 1715//2944 1676//2944 1675//2944
f 2086//2945 1674//2945 2128//2945
f 1674//2946 1713//2946 2128//2946
f 4928//2947 1714//2947 4929//2947
f 1714//2948 1675//2948 4929//2948
f 1711//2949 4881//2949 1715//2949
f 4881//2950 1676//2950 1715//2950
f 4907//2951 4919//2951 4911//2951
f 4919//2952 4851//2952 4911//2952
f 4919//2953 1720//2953 1722//2953
f 1720//2954 4918//2954 1722//2954
f 1664//2955 1662//2955 1717//2955
f 1662//2956 4920//2956 1717//2956
f 1718//2957 4915//2957 4913//2957
f 4915//2958 4917//2958 4913//2958
f 4914//2959 4906//2959 1724//2959
f 4908//2960 1723//2960 4910//2960
f 1712//2961 1713//2961 4883//2961
f 1713//2962 1674//2962 4883//2962
f 4851//2963 4919//2963 1691//2963
f 4919//2964 1722//2964 1691//2964
f 4915//2965 1718//2965 4916//2965
f 4930//2966 4931//2966 1677//2966
f 4931//2966 1673//2966 1677//2966
f 4914//2967 4912//2967 4906//2967
f 4906//2968 4912//2968 4905//2968
f 4926//2969 4916//2969 1718//2969
f 4862//27 1654//27 5202//27
f 1654//27 5201//27 5202//27
f 1734//2970 4925//2970 1679//2970
f 1679//2971 4925//2971 4894//2971
f 4909//2972 1726//2972 4908//2972
f 4908//2973 1726//2973 1723//2973
f 1691//2974 1722//2974 1692//2974
f 1722//2975 1721//2975 1692//2975
f 1735//2976 1726//2976 4921//2976
f 4921//2977 1726//2977 4909//2977
f 4912//2978 4924//2978 4905//2978
f 4905//2979 4924//2979 1732//2979
f 1710//2980 1701//2980 1730//2980
f 1701//2981 1718//2981 1730//2981
f 4924//2982 4923//2982 1732//2982
f 1732//2983 4923//2983 4927//2983
f 4923//2984 1728//2984 4927//2984
f 4927//2984 1728//2984 4869//2984
f 1660//2985 1731//2985 1662//2985
f 1731//2986 4920//2986 1662//2986
f 1678//2987 1710//2987 1729//2987
f 1710//2988 1730//2988 1729//2988
f 4892//2989 4926//2989 1701//2989
f 4926//2990 1718//2990 1701//2990
f 1717//2991 1719//2991 1664//2991
f 1719//2992 1725//2992 1664//2992
f 1729//2993 4922//2993 1678//2993
f 4922//2994 1716//2994 1678//2994
f 1655//2995 4844//2995 1689//2995
f 1689//2995 4844//2995 5200//2995
f 2146//2996 2113//2996 4932//2996
f 4932//2996 2113//2996 1702//2996
f 1645//2997 1733//2997 1669//2997
f 1669//2998 1733//2998 4903//2998
f 4921//2999 4925//2999 1735//2999
f 1735//3000 4925//3000 1734//3000
f 1736//3001 1686//3001 1737//3001
f 1686//3002 1709//3002 1737//3002
f 1727//3003 1708//3003 1721//3003
f 1708//3004 1692//3004 1721//3004
f 1737//3005 1709//3005 1727//3005
f 1709//3006 1708//3006 1727//3006
f 1742//3007 1746//3007 1849//3007
f 1746//3007 1747//3007 1849//3007
f 2162//3008 2269//3008 1745//3008
f 2269//3009 1741//3009 1745//3009
f 4933//3010 4934//3010 1742//3010
f 4934//3011 1746//3011 1742//3011
f 1739//3012 1849//3012 4943//3012
f 1849//3013 1747//3013 4943//3013
f 4937//3014 4941//3014 4953//3014
f 4941//3015 5050//3015 4953//3015
f 4953//3016 1756//3016 1754//3016
f 1756//3017 4952//3017 1754//3017
f 1867//3018 1751//3018 1770//3018
f 1751//3019 4960//3019 1770//3019
f 1752//3020 4947//3020 4949//3020
f 4947//3021 4951//3021 4949//3021
f 4948//3022 1759//3022 4936//3022
f 4938//3023 4940//3023 1758//3023
f 1740//3024 4945//3024 1741//3024
f 4945//3025 1745//3025 1741//3025
f 5050//3026 1762//3026 4953//3026
f 1762//3027 1756//3027 4953//3027
f 4949//3028 4950//3028 1752//3028
f 4942//3029 1748//3029 4944//3029
f 1748//3029 1744//3029 4944//3029
f 4948//3030 4936//3030 4946//3030
f 4946//3031 4936//3031 4935//3031
f 1774//3032 1752//3032 4950//3032
f 4955//27 4954//27 1858//27
f 4954//27 4990//27 1858//27
f 4957//3033 1750//3033 4959//3033
f 4959//3034 1750//3034 4958//3034
f 4939//3035 4938//3035 1765//3035
f 1765//3036 4938//3036 1758//3036
f 1762//3037 1763//3037 1756//3037
f 1763//3038 1755//3038 1756//3038
f 1775//3039 4961//3039 1765//3039
f 1765//3040 4961//3040 4939//3040
f 4946//3041 4935//3041 1768//3041
f 1768//3042 4935//3042 1771//3042
f 1780//3043 4962//3043 1772//3043
f 4962//3044 1752//3044 1772//3044
f 1768//3045 1771//3045 1767//3045
f 1767//3045 1771//3045 4964//3045
f 1767//3046 4964//3046 5042//3046
f 5042//3047 4964//3047 5044//3047
f 1864//3048 1770//3048 1769//3048
f 1770//3049 4960//3049 1769//3049
f 1749//3050 4963//3050 1780//3050
f 4963//3051 4962//3051 1780//3051
f 4956//3052 1772//3052 1774//3052
f 1772//3053 1752//3053 1774//3053
f 1751//3054 1867//3054 1753//3054
f 1867//3055 1761//3055 1753//3055
f 4963//3056 1749//3056 1861//3056
f 1749//3057 1743//3057 1861//3057
f 1764//3058 1760//3058 1848//3058
f 1848//3058 1760//3058 4987//3058
f 2288//3007 5052//3007 2188//3007
f 2188//3007 5052//3007 1773//3007
f 5049//3059 1738//3059 1868//3059
f 1868//3060 1738//3060 5203//3060
f 4961//3061 1775//3061 4959//3061
f 4959//3062 1775//3062 4957//3062
f 1776//3063 1777//3063 1757//3063
f 1777//3064 1779//3064 1757//3064
f 1766//3065 1755//3065 1778//3065
f 1755//3066 1763//3066 1778//3066
f 1777//3067 1766//3067 1779//3067
f 1766//3068 1778//3068 1779//3068
f 1672//3069 1783//3069 1746//3069
f 1783//3069 1747//3069 1746//3069
f 2162//3070 1745//3070 2081//3070
f 1745//3071 1782//3071 2081//3071
f 4986//3072 1672//3072 4934//3072
f 1672//3073 1746//3073 4934//3073
f 1670//3074 4943//3074 1783//3074
f 4943//3075 1747//3075 1783//3075
f 4967//3076 4978//3076 4879//3076
f 4978//3077 4989//3077 4879//3077
f 4978//3078 1788//3078 1790//3078
f 1788//3079 4977//3079 1790//3079
f 1802//2894 1800//2894 1785//2894
f 1800//3080 4979//3080 1785//3080
f 1786//3081 4974//3081 4972//3081
f 4974//3082 4976//3082 4972//3082
f 4973//3083 1792//3083 4966//3083
f 4968//3084 1791//3084 4970//3084
f 1671//3085 1782//3085 4945//3085
f 1782//3086 1745//3086 4945//3086
f 4989//3087 4978//3087 1762//3087
f 4978//3088 1790//3088 1762//3088
f 4974//3089 1786//3089 4975//3089
f 4880//3090 4882//3090 1748//3090
f 4882//3090 1744//3090 1748//3090
f 4973//3091 4966//3091 4971//3091
f 4966//3092 4965//3092 4971//3092
f 4983//3093 4975//3093 1786//3093
f 4991//27 1793//27 4954//27
f 1793//27 4990//27 4954//27
f 1803//3094 4982//3094 1750//3094
f 1750//3095 4982//3095 4958//3095
f 4969//3096 1795//3096 4968//3096
f 4968//3097 1795//3097 1791//3097
f 1762//3098 1790//3098 1763//3098
f 1790//3099 1789//3099 1763//3099
f 1804//3100 1795//3100 4980//3100
f 4980//3101 1795//3101 4969//3101
f 4971//3102 4965//3102 4981//3102
f 4965//3103 1801//3103 4981//3103
f 1780//3104 1772//3104 1798//3104
f 1772//3105 1786//3105 1798//3105
f 4981//3106 1801//3106 4984//3106
f 1801//3107 4985//3107 4984//3107
f 4984//3108 4985//3108 4898//3108
f 4985//3109 4900//3109 4898//3109
f 1698//3110 1799//3110 1800//3110
f 1799//3111 4979//3111 1800//3111
f 1749//3112 1780//3112 1797//3112
f 1780//3113 1798//3113 1797//3113
f 4956//3114 4983//3114 1772//3114
f 4983//3115 1786//3115 1772//3115
f 1785//3116 1787//3116 1802//3116
f 1787//3117 1690//3117 1802//3117
f 1797//3118 1695//3118 1749//3118
f 1695//3119 1784//3119 1749//3119
f 1794//3120 4988//3120 1760//3120
f 1760//3120 4988//3120 4987//3120
f 2112//3121 2188//3121 4904//3121
f 4904//3121 2188//3121 1773//3121
f 1781//3122 1703//3122 1738//3122
f 1738//3123 1703//3123 5203//3123
f 4980//3124 4982//3124 1804//3124
f 1804//3125 4982//3125 1803//3125
f 1805//3126 1757//3126 1806//3126
f 1757//3127 1779//3127 1806//3127
f 1796//3128 1778//3128 1789//3128
f 1778//3129 1763//3129 1789//3129
f 1806//3130 1779//3130 1796//3130
f 1779//3131 1778//3131 1796//3131
f 1918//3132 1813//3132 1919//3132
f 1813//3132 1814//3132 1919//3132
f 2231//3133 2344//3133 1812//3133
f 2344//3134 1917//3134 1812//3134
f 4992//3135 4993//3135 1918//3135
f 4993//3136 1813//3136 1918//3136
f 5111//3137 1919//3137 5204//3137
f 1919//3138 1814//3138 5204//3138
f 4998//3139 5094//3139 5013//3139
f 5094//3140 5002//3140 5013//3140
f 5013//3141 1823//3141 1821//3141
f 1823//3142 5012//3142 1821//3142
f 1937//3143 1818//3143 1935//3143
f 1818//3144 5020//3144 1935//3144
f 1819//3145 5007//3145 5009//3145
f 5007//3146 5011//3146 5009//3146
f 5008//3147 1826//3147 4997//3147
f 4999//3148 5001//3148 1825//3148
f 5004//3149 5005//3149 1917//3149
f 5005//3150 1812//3150 1917//3150
f 5002//3151 5003//3151 5013//3151
f 5003//3152 1823//3152 5013//3152
f 5009//3153 5010//3153 1819//3153
f 1916//3154 1815//3154 1809//3154
f 1815//3154 1811//3154 1809//3154
f 5008//3155 4997//3155 5006//3155
f 5006//3156 4997//3156 4996//3156
f 1841//3157 1819//3157 5010//3157
f 5015//27 5014//27 1828//27
f 5014//27 1829//27 1828//27
f 5017//3158 1817//3158 5019//3158
f 5019//3159 1817//3159 5018//3159
f 5000//3160 4999//3160 1832//3160
f 1832//3161 4999//3161 1825//3161
f 5003//3162 1830//3162 1823//3162
f 1830//3163 1822//3163 1823//3163
f 1842//3164 5021//3164 1832//3164
f 1832//3165 5021//3165 5000//3165
f 5006//3166 4996//3166 1835//3166
f 1835//3167 4996//3167 1838//3167
f 1847//3168 5024//3168 1839//3168
f 5024//3169 1819//3169 1839//3169
f 1835//3170 1838//3170 1834//3170
f 1834//3170 1838//3170 5023//3170
f 1834//3171 5023//3171 5105//3171
f 5105//3172 5023//3172 5022//3172
f 1836//3173 1935//3173 1837//3173
f 1935//3174 5020//3174 1837//3174
f 1816//3175 5025//3175 1847//3175
f 5025//3176 5024//3176 1847//3176
f 5016//3177 1839//3177 1841//3177
f 1839//3178 1819//3178 1841//3178
f 1818//3179 1937//3179 1820//3179
f 1937//3180 1928//3180 1820//3180
f 5025//3181 1816//3181 1931//3181
f 1816//3182 1810//3182 1931//3182
f 1831//3183 1827//3183 4995//3183
f 4995//3183 1827//3183 4994//3183
f 2257//3184 5113//3184 2258//3184
f 2258//3184 5113//3184 1840//3184
f 1807//3185 1808//3185 1938//3185
f 1938//3186 1808//3186 5051//3186
f 5021//3187 1842//3187 5019//3187
f 5019//3188 1842//3188 5017//3188
f 1843//3189 1844//3189 1824//3189
f 1844//3190 1846//3190 1824//3190
f 1833//3191 1822//3191 1845//3191
f 1822//3192 1830//3192 1845//3192
f 1844//3193 1833//3193 1846//3193
f 1833//3194 1845//3194 1846//3194
f 1742//3195 1849//3195 1813//3195
f 1849//3195 1814//3195 1813//3195
f 2231//3196 1812//3196 2269//3196
f 1812//3197 1741//3197 2269//3197
f 4933//3198 1742//3198 4993//3198
f 1742//3199 1813//3199 4993//3199
f 1739//3200 5204//3200 1849//3200
f 5204//3201 1814//3201 1849//3201
f 5028//3202 5039//3202 4941//3202
f 5039//3203 5050//3203 4941//3203
f 5039//3204 1853//3204 1855//3204
f 1853//3205 5038//3205 1855//3205
f 1867//3206 1770//3206 1850//3206
f 1770//3207 5040//3207 1850//3207
f 1851//3208 5035//3208 5033//3208
f 5035//3209 5037//3209 5033//3209
f 5034//3210 5027//3210 1857//3210
f 5029//3211 1856//3211 5031//3211
f 1740//3212 1741//3212 5005//3212
f 1741//3213 1812//3213 5005//3213
f 5050//3214 5039//3214 5003//3214
f 5039//3215 1855//3215 5003//3215
f 5035//3216 1851//3216 5036//3216
f 4942//3217 4944//3217 1815//3217
f 4944//3217 1811//3217 1815//3217
f 5034//3218 5032//3218 5027//3218
f 5027//3219 5032//3219 5026//3219
f 5048//3220 5036//3220 1851//3220
f 4955//27 1858//27 5014//27
f 1858//27 1829//27 5014//27
f 1869//3221 5047//3221 1817//3221
f 1817//3222 5047//3222 5018//3222
f 5030//3223 1859//3223 5029//3223
f 5029//3224 1859//3224 1856//3224
f 5003//3225 1855//3225 1830//3225
f 1855//3226 1854//3226 1830//3226
f 1870//3227 1859//3227 5041//3227
f 5041//3228 1859//3228 5030//3228
f 5032//3229 5046//3229 5026//3229
f 5026//3229 5046//3229 1866//3229
f 1847//3230 1839//3230 1863//3230
f 1839//3231 1851//3231 1863//3231
f 5046//3232 5043//3232 1866//3232
f 1866//3233 5043//3233 5045//3233
f 5043//3234 5042//3234 5045//3234
f 5045//3235 5042//3235 5044//3235
f 1864//3236 1865//3236 1770//3236
f 1865//3237 5040//3237 1770//3237
f 1816//3238 1847//3238 1862//3238
f 1847//3239 1863//3239 1862//3239
f 5016//3240 5048//3240 1839//3240
f 5048//3241 1851//3241 1839//3241
f 1850//3242 1852//3242 1867//3242
f 1852//3243 1761//3243 1867//3243
f 1862//3244 1861//3244 1816//3244
f 1861//3245 1743//3245 1816//3245
f 1764//3246 1848//3246 1827//3246
f 1827//3246 1848//3246 4994//3246
f 2288//3247 2258//3247 5052//3247
f 5052//3247 2258//3247 1840//3247
f 5049//3248 1868//3248 1808//3248
f 1808//3249 1868//3249 5051//3249
f 5041//3250 5047//3250 1870//3250
f 1870//3251 5047//3251 1869//3251
f 1871//3252 1824//3252 1872//3252
f 1824//3253 1846//3253 1872//3253
f 1860//3254 1845//3254 1854//3254
f 1845//3255 1830//3255 1854//3255
f 1872//3256 1846//3256 1860//3256
f 1846//3257 1845//3257 1860//3257
f 1983//3258 1880//3258 1984//3258
f 1880//3258 1881//3258 1984//3258
f 2304//3259 2298//3259 1879//3259
f 2298//3260 1982//3260 1879//3260
f 5053//3261 5054//3261 1983//3261
f 5054//3262 1880//3262 1983//3262
f 1875//3263 1984//3263 5065//3263
f 1984//3264 1881//3264 5065//3264
f 5059//3265 5063//3265 5075//3265
f 5063//3266 5165//3266 5075//3266
f 5075//3267 1890//3267 1888//3267
f 1890//3268 5074//3268 1888//3268
f 1906//3269 1885//3269 2000//3269
f 1885//3270 5082//3270 2000//3270
f 1886//3271 5069//3271 5071//3271
f 5069//3272 5073//3272 5071//3272
f 5070//3273 5058//3273 1893//3273
f 5060//3274 5062//3274 1892//3274
f 1876//3275 5067//3275 1982//3275
f 5067//3276 1879//3276 1982//3276
f 5165//3277 1896//3277 5075//3277
f 1896//3278 1890//3278 5075//3278
f 5071//3279 5072//3279 1886//3279
f 5064//3280 1882//3280 5066//3280
f 1882//3280 1878//3280 5066//3280
f 5070//3281 5068//3281 5058//3281
f 5068//3282 5057//3282 5058//3282
f 1909//3283 1886//3283 5072//3283
f 5077//27 5076//27 1993//27
f 5076//27 5205//27 1993//27
f 5079//3284 1884//3284 5081//3284
f 5081//3285 1884//3285 5080//3285
f 5061//3286 5060//3286 1899//3286
f 1899//3287 5060//3287 1892//3287
f 1896//3288 1897//3288 1890//3288
f 1897//3289 1889//3289 1890//3289
f 1910//3290 5083//3290 1899//3290
f 1899//3291 5083//3291 5061//3291
f 5068//3292 1902//3292 5057//3292
f 1902//3293 1905//3293 5057//3293
f 1915//3294 5086//3294 1907//3294
f 5086//3295 1886//3295 1907//3295
f 1902//3296 1901//3296 1905//3296
f 1901//3297 5085//3297 1905//3297
f 1901//3298 5159//3298 5085//3298
f 5159//3299 5084//3299 5085//3299
f 1903//3300 2000//3300 1904//3300
f 2000//3301 5082//3301 1904//3301
f 1883//3302 5087//3302 1915//3302
f 5087//3303 5086//3303 1915//3303
f 5078//3304 1907//3304 1909//3304
f 1907//3305 1886//3305 1909//3305
f 1885//3306 1906//3306 1887//3306
f 1906//3307 1895//3307 1887//3307
f 5087//3308 1883//3308 1996//3308
f 1883//3309 1877//3309 1996//3309
f 1898//3310 1894//3310 5056//3310
f 5056//3310 1894//3310 5055//3310
f 2429//3311 5167//3311 2331//3311
f 2331//3311 5167//3311 1908//3311
f 1873//3312 1874//3312 2002//3312
f 2002//3313 1874//3313 5112//3313
f 5083//3314 1910//3314 5081//3314
f 5081//3315 1910//3315 5079//3315
f 1911//3316 1912//3316 1891//3316
f 1912//3317 1914//3317 1891//3317
f 1900//3318 1889//3318 1913//3318
f 1889//3319 1897//3319 1913//3319
f 1912//3320 1900//3320 1914//3320
f 1900//3321 1913//3321 1914//3321
f 1918//3322 1919//3322 1880//3322
f 1919//3322 1881//3322 1880//3322
f 2304//3323 1879//3323 2344//3323
f 1879//3324 1917//3324 2344//3324
f 4992//3325 1918//3325 5054//3325
f 1918//3326 1880//3326 5054//3326
f 5111//3327 5065//3327 1919//3327
f 5065//3328 1881//3328 1919//3328
f 5090//3329 5102//3329 5094//3329
f 5102//3330 5002//3330 5094//3330
f 5102//3331 1923//3331 1925//3331
f 1923//3332 5101//3332 1925//3332
f 1937//3333 1935//3333 1920//3333
f 1935//3334 5103//3334 1920//3334
f 1921//3335 5098//3335 5096//3335
f 5098//3336 5100//3336 5096//3336
f 5097//3337 5089//3337 1927//3337
f 5091//3338 1926//3338 5093//3338
f 5004//3339 1917//3339 5067//3339
f 1917//3340 1879//3340 5067//3340
f 5002//3341 5102//3341 1896//3341
f 5102//3342 1925//3342 1896//3342
f 5098//3343 1921//3343 5099//3343
f 1916//3344 1809//3344 1882//3344
f 1809//3344 1878//3344 1882//3344
f 5097//3345 5095//3345 5089//3345
f 5089//3346 5095//3346 5088//3346
f 5109//3347 5099//3347 1921//3347
f 5015//27 1828//27 5076//27
f 1828//27 5205//27 5076//27
f 1939//3348 5108//3348 1884//3348
f 1884//3349 5108//3349 5080//3349
f 5092//3350 1929//3350 5091//3350
f 5091//3351 1929//3351 1926//3351
f 1896//3352 1925//3352 1897//3352
f 1925//3353 1924//3353 1897//3353
f 1940//3354 1929//3354 5104//3354
f 5104//3355 1929//3355 5092//3355
f 5095//3356 5107//3356 5088//3356
f 5088//3357 5107//3357 1936//3357
f 1915//3358 1907//3358 1933//3358
f 1907//3359 1921//3359 1933//3359
f 5107//3360 5106//3360 1936//3360
f 1936//3360 5106//3360 5110//3360
f 5106//3361 5105//3361 5110//3361
f 5110//3362 5105//3362 5022//3362
f 1836//3363 1934//3363 1935//3363
f 1934//3364 5103//3364 1935//3364
f 1883//3365 1915//3365 1932//3365
f 1915//3366 1933//3366 1932//3366
f 5078//3367 5109//3367 1907//3367
f 5109//3368 1921//3368 1907//3368
f 1920//3369 1922//3369 1937//3369
f 1922//3370 1928//3370 1937//3370
f 1932//3371 1931//3371 1883//3371
f 1931//3372 1810//3372 1883//3372
f 1831//3373 4995//3373 1894//3373
f 1894//3373 4995//3373 5055//3373
f 2257//3322 2331//3322 5113//3322
f 5113//3322 2331//3322 1908//3322
f 1807//3374 1938//3374 1874//3374
f 1874//3375 1938//3375 5112//3375
f 5104//3376 5108//3376 1940//3376
f 1940//3377 5108//3377 1939//3377
f 1941//3378 1891//3378 1942//3378
f 1891//3379 1914//3379 1942//3379
f 1930//3380 1913//3380 1924//3380
f 1913//3381 1897//3381 1924//3381
f 1942//3382 1914//3382 1930//3382
f 1914//3383 1913//3383 1930//3383
f 2028//3384 1948//3384 1944//3384
f 1948//3384 1949//3384 1944//3384
f 2375//3385 2459//3385 1947//3385
f 2459//3386 2027//3386 1947//3386
f 5114//3387 5115//3387 2028//3387
f 5115//3388 1948//3388 2028//3388
f 2025//3389 1944//3389 5207//3389
f 1944//3390 1949//3390 5207//3390
f 5118//3391 5174//3391 5129//3391
f 5174//3392 5193//3392 5129//3392
f 5129//3393 1958//3393 1956//3393
f 1958//3394 5128//3394 1956//3394
f 2048//3395 1953//3395 2046//3395
f 1953//3396 5136//3396 2046//3396
f 1954//3397 5123//3397 5125//3397
f 5123//3398 5127//3398 5125//3398
f 5124//3399 1961//3399 5117//3399
f 5119//3400 5121//3400 1960//3400
f 2026//3401 5208//3401 2027//3401
f 5208//3402 1947//3402 2027//3402
f 5193//3403 1963//3403 5129//3403
f 1963//3404 1958//3404 5129//3404
f 5125//3405 5126//3405 1954//3405
f 5194//3406 1950//3406 5195//3406
f 1950//3406 1946//3406 5195//3406
f 5124//3407 5117//3407 5122//3407
f 5122//3408 5117//3408 5116//3408
f 1975//3409 1954//3409 5126//3409
f 5131//27 5130//27 2037//27
f 5130//27 5166//27 2037//27
f 5133//3410 1952//3410 5135//3410
f 5135//3411 1952//3411 5134//3411
f 5120//3412 5119//3412 1966//3412
f 1966//3413 5119//3413 1960//3413
f 1963//3414 1964//3414 1958//3414
f 1964//3415 1957//3415 1958//3415
f 1976//3416 5137//3416 1966//3416
f 1966//3417 5137//3417 5120//3417
f 5122//3418 5116//3418 1969//3418
f 1969//3419 5116//3419 1971//3419
f 1981//3420 5138//3420 1972//3420
f 5138//3421 1954//3421 1972//3421
f 1969//3422 1971//3422 1968//3422
f 1968//3423 1971//3423 5142//3423
f 1968//3424 5142//3424 5185//3424
f 5185//3424 5142//3424 5187//3424
f 2044//3425 2046//3425 1970//3425
f 2046//3426 5136//3426 1970//3426
f 1951//3427 5141//3427 1981//3427
f 5141//3428 5138//3428 1981//3428
f 5132//3429 1972//3429 1975//3429
f 1972//3430 1954//3430 1975//3430
f 1953//3431 2048//3431 1955//3431
f 2048//3432 2038//3432 1955//3432
f 5141//3433 1951//3433 2041//3433
f 1951//3434 1945//3434 2041//3434
f 1965//3435 1962//3435 5192//3435
f 5192//3435 1962//3435 5206//3435
f 2480//3436 5140//3436 2399//3436
f 2399//3436 5140//3436 1973//3436
f 2024//3437 1943//3437 1974//3437
f 1974//3438 1943//3438 5139//3438
f 5137//3439 1976//3439 5135//3439
f 5135//3440 1976//3440 5133//3440
f 1977//3441 1978//3441 1959//3441
f 1978//3442 1980//3442 1959//3442
f 1967//3443 1957//3443 1979//3443
f 1957//3444 1964//3444 1979//3444
f 1978//3445 1967//3445 1980//3445
f 1967//3446 1979//3446 1980//3446
f 1983//3447 1984//3447 1948//3447
f 1984//3447 1949//3447 1948//3447
f 2375//3448 1947//3448 2298//3448
f 1947//3449 1982//3449 2298//3449
f 5053//3450 1983//3450 5115//3450
f 1983//3451 1948//3451 5115//3451
f 1875//3452 5207//3452 1984//3452
f 5207//3453 1949//3453 1984//3453
f 5145//3454 5156//3454 5063//3454
f 5156//3455 5165//3455 5063//3455
f 5156//3456 1988//3456 1990//3456
f 1988//3456 5155//3456 1990//3456
f 1906//3269 2000//3269 1985//3269
f 2000//3457 5157//3457 1985//3457
f 1986//3458 5152//3458 5150//3458
f 5152//3459 5154//3459 5150//3459
f 5151//3460 1992//3460 5144//3460
f 5146//3461 1991//3461 5148//3461
f 1876//3462 1982//3462 5208//3462
f 1982//3463 1947//3463 5208//3463
f 5165//3464 5156//3464 1963//3464
f 5156//3465 1990//3465 1963//3465
f 5152//3466 1986//3466 5153//3466
f 5064//3467 5066//3467 1950//3467
f 5066//3467 1946//3467 1950//3467
f 5151//3468 5144//3468 5149//3468
f 5144//3469 5143//3469 5149//3469
f 5163//3470 5153//3470 1986//3470
f 5077//27 1993//27 5130//27
f 1993//27 5166//27 5130//27
f 2003//3471 5162//3471 1952//3471
f 1952//3472 5162//3472 5134//3472
f 5147//3473 1994//3473 5146//3473
f 5146//3474 1994//3474 1991//3474
f 1963//3475 1990//3475 1964//3475
f 1990//3476 1989//3476 1964//3476
f 2004//3477 1994//3477 5158//3477
f 5158//3478 1994//3478 5147//3478
f 5149//3479 5143//3479 5161//3479
f 5143//3480 2001//3480 5161//3480
f 1981//3481 1972//3481 1998//3481
f 1972//3482 1986//3482 1998//3482
f 5161//3483 2001//3483 5160//3483
f 2001//3483 5164//3483 5160//3483
f 5160//3484 5164//3484 5159//3484
f 5164//3485 5084//3485 5159//3485
f 1903//3486 1999//3486 2000//3486
f 1999//3487 5157//3487 2000//3487
f 1951//3488 1981//3488 1997//3488
f 1981//3489 1998//3489 1997//3489
f 5132//3490 5163//3490 1972//3490
f 5163//3491 1986//3491 1972//3491
f 1985//3492 1987//3492 1906//3492
f 1987//3493 1895//3493 1906//3493
f 1997//3494 1996//3494 1951//3494
f 1996//3495 1877//3495 1951//3495
f 1898//3467 5056//3467 1962//3467
f 1962//3467 5056//3467 5206//3467
f 2429//3447 2399//3447 5167//3447
f 5167//3447 2399//3447 1973//3447
f 1873//3496 2002//3496 1943//3496
f 1943//3497 2002//3497 5139//3497
f 5158//3498 5162//3498 2004//3498
f 2004//3499 5162//3499 2003//3499
f 2005//3500 1959//3500 2006//3500
f 1959//3501 1980//3501 2006//3501
f 1995//3502 1979//3502 1989//3502
f 1979//3503 1964//3503 1989//3503
f 2006//3504 1980//3504 1995//3504
f 1980//3505 1979//3505 1995//3505
f 2028//3506 1944//3506 2010//3506
f 1944//3506 2011//3506 2010//3506
f 2440//3507 2009//3507 2459//3507
f 2009//3508 2027//3508 2459//3508
f 5114//3509 2028//3509 3733//3509
f 2028//3510 2010//3510 3733//3510
f 2025//3511 3715//3511 1944//3511
f 3715//3512 2011//3512 1944//3512
f 5170//3513 5182//3513 5174//3513
f 5182//3514 5193//3514 5174//3514
f 5182//3515 2032//3515 2034//3515
f 2032//3516 5181//3516 2034//3516
f 2048//3517 2046//3517 2029//3517
f 2046//3518 5183//3518 2029//3518
f 2030//3519 5178//3519 5176//3519
f 5178//3520 5180//3520 5176//3520
f 5177//3521 5169//3521 2036//3521
f 5171//3522 5173//3522 2035//3522
f 2026//3523 2027//3523 3717//3523
f 2027//3524 2009//3524 3717//3524
f 5193//3525 5182//3525 2017//3525
f 5182//3526 2034//3526 2017//3526
f 5178//3527 2030//3527 5179//3527
f 5194//3528 5195//3528 2012//3528
f 5195//3528 2008//3528 2012//3528
f 5177//3529 5175//3529 5169//3529
f 5169//3530 5175//3530 5168//3530
f 5191//3531 5179//3531 2030//3531
f 5131//27 2037//27 3734//27
f 2037//27 3713//27 3734//27
f 2049//3532 2014//3532 5190//3532
f 2014//3533 2015//3533 5190//3533
f 5172//3534 5171//3534 2039//3534
f 5171//3535 2035//3535 2039//3535
f 2017//3536 2034//3536 2018//3536
f 2034//3537 2033//3537 2018//3537
f 2050//3538 5184//3538 2039//3538
f 5184//3539 5172//3539 2039//3539
f 5175//3540 5189//3540 5168//3540
f 5168//3541 5189//3541 2047//3541
f 2023//3542 2019//3542 2043//3542
f 2019//3543 2030//3543 2043//3543
f 5189//3544 5186//3544 2047//3544
f 2047//3545 5186//3545 5188//3545
f 5186//3546 5185//3546 5188//3546
f 5188//3547 5185//3547 5187//3547
f 2044//3548 2045//3548 2046//3548
f 2045//3549 5183//3549 2046//3549
f 2013//3550 2023//3550 2042//3550
f 2023//3551 2043//3551 2042//3551
f 3718//3552 5191//3552 2019//3552
f 5191//3553 2030//3553 2019//3553
f 2029//3554 2031//3554 2048//3554
f 2031//3555 2038//3555 2048//3555
f 2042//3556 2041//3556 2013//3556
f 2041//3557 1945//3557 2013//3557
f 1965//3558 5192//3558 2016//3558
f 2016//3558 5192//3558 3710//3558
f 2480//3559 2449//3559 5140//3559
f 5140//3559 2449//3559 2020//3559
f 2024//3560 1974//3560 2007//3560
f 2007//3561 1974//3561 3735//3561
f 5184//3562 2050//3562 5190//3562
f 2050//3563 2049//3563 5190//3563
f 2051//3564 3719//3564 2052//3564
f 3719//3565 2022//3565 2052//3565
f 2040//3566 2021//3566 2033//3566
f 2021//3567 2018//3567 2033//3567
f 2052//3568 2022//3568 2040//3568
f 2022//3569 2021//3569 2040//3569
f 2126//2821 2127//2821 2914//2821
f 2127//2821 2915//2821 2914//2821
f 2916//3570 2913//3570 2128//3570
f 2913//3571 2125//3571 2128//3571
f 5294//2826 2126//2826 5562//2826
f 2126//2827 2914//2827 5562//2827
f 2123//2824 5563//2824 2127//2824
f 5563//2825 2915//2825 2127//2825
f 5213//3572 5226//3572 5277//3572
f 5226//3573 5217//3573 5277//3573
f 5226//3574 2057//3574 2059//3574
f 2057//3575 5225//3575 2059//3575
f 2072//3576 2070//3576 2054//3576
f 2070//3577 5233//3577 2054//3577
f 2055//3578 5222//3578 5220//3578
f 5222//3579 5224//3579 5220//3579
f 5221//3580 5212//3580 2061//3580
f 5214//3581 5216//3581 2060//3581
f 2124//3582 2125//3582 5564//3582
f 2125//3583 2913//3583 5564//3583
f 5217//3584 5226//3584 5218//3584
f 5226//3585 2059//3585 5218//3585
f 5222//3586 2055//3586 5223//3586
f 5296//2843 5297//2843 2917//2843
f 5297//2843 2912//2843 2917//2843
f 5221//3587 5219//3587 5212//3587
f 5212//3588 5219//3588 5211//3588
f 2073//3589 5223//3589 2055//3589
f 5228//771 2062//771 5227//771
f 2062//771 2931//771 5227//771
f 5230//3590 2919//3590 5232//3590
f 2919//3591 5231//3591 5232//3591
f 5215//3592 5214//3592 2064//3592
f 5214//3593 2060//3593 2064//3593
f 5218//3594 2059//3594 2932//3594
f 2059//3595 2058//3595 2932//3595
f 2074//3596 5234//3596 2064//3596
f 5234//3597 5215//3597 2064//3597
f 5219//3598 2067//3598 5211//3598
f 5211//3599 2067//3599 2071//3599
f 2952//3600 2943//3600 5237//3600
f 2943//3601 2055//3601 5237//3601
f 2067//3602 2066//3602 2071//3602
f 2071//3603 2066//3603 5236//3603
f 2066//3604 2141//3604 5236//3604
f 5236//3604 2141//3604 5235//3604
f 2068//3605 2069//3605 2070//3605
f 2069//3606 5233//3606 2070//3606
f 2918//3607 2952//3607 5238//3607
f 2952//3608 5237//3608 5238//3608
f 5229//3609 2073//3609 2943//3609
f 2073//3610 2055//3610 2943//3610
f 2054//3611 2056//3611 2072//3611
f 2056//3612 2138//3612 2072//3612
f 5238//3613 5288//3613 2918//3613
f 5288//3614 2129//3614 2918//3614
f 2063//2872 5210//2872 2929//2872
f 2929//2872 5210//2872 5209//2872
f 2146//2873 2944//2873 5298//2873
f 5298//2873 2944//2873 2945//2873
f 2053//3615 2147//3615 2911//3615
f 2911//3616 2147//3616 5565//3616
f 5234//3617 2074//3617 5232//3617
f 2074//3618 5230//3618 5232//3618
f 2075//3619 2926//3619 2076//3619
f 2926//3620 2951//3620 2076//3620
f 2065//3621 2950//3621 2058//3621
f 2950//3622 2932//3622 2058//3622
f 2076//3623 2951//3623 2065//3623
f 2951//3624 2950//3624 2065//3624
f 2080//2884 2199//2884 2084//2884
f 2199//2884 2085//2884 2084//2884
f 2086//3625 2083//3625 2081//3625
f 2083//3626 2198//3626 2081//3626
f 5352//2889 2080//2889 5295//2889
f 2080//2890 2084//2890 5295//2890
f 2078//2887 5247//2887 2199//2887
f 5247//2888 2085//2888 2199//2888
f 5241//3627 5257//3627 5245//3627
f 5257//3628 5355//3628 5245//3628
f 5257//3629 2093//3629 2095//3629
f 2093//3629 5256//3629 2095//3629
f 2218//3630 2216//3630 2090//3630
f 2216//3631 5262//3631 2090//3631
f 2091//3632 5253//3632 5251//3632
f 5253//3633 5255//3633 5251//3633
f 5252//3634 2098//3634 5240//3634
f 5242//3635 2097//3635 5244//3635
f 2079//3636 2198//3636 5249//3636
f 2198//3637 2083//3637 5249//3637
f 5355//3638 5257//3638 2101//3638
f 5257//3639 2095//3639 2101//3639
f 5253//3640 2091//3640 5254//3640
f 5246//2905 5248//2905 2087//2905
f 5248//2905 2082//2905 2087//2905
f 5252//3641 5240//3641 5250//3641
f 5240//3642 5239//3642 5250//3642
f 2116//3643 5254//3643 2091//3643
f 5357//771 2209//771 5568//771
f 2209//771 5567//771 5568//771
f 5259//3644 5261//3644 2089//3644
f 2089//3645 5261//3645 5260//3645
f 5243//3646 2103//3646 5242//3646
f 5242//3647 2103//3647 2097//3647
f 2101//3648 2095//3648 2102//3648
f 2095//3649 2094//3649 2102//3649
f 2117//3650 2103//3650 5263//3650
f 5263//3651 2103//3651 5243//3651
f 5250//3652 5239//3652 2107//3652
f 5239//3653 2110//3653 2107//3653
f 2122//3654 2111//3654 5268//3654
f 2111//3655 2091//3655 5268//3655
f 2107//3656 2110//3656 2106//3656
f 2110//3656 5267//3656 2106//3656
f 2106//3657 5267//3657 5264//3657
f 5267//3658 5266//3658 5264//3658
f 2108//3659 2109//3659 2216//3659
f 2109//3660 5262//3660 2216//3660
f 2088//3661 2122//3661 5265//3661
f 2122//3662 5268//3662 5265//3662
f 5258//3663 2116//3663 2111//3663
f 2116//3664 2091//3664 2111//3664
f 2090//3665 2092//3665 2218//3665
f 2092//3666 2100//3666 2218//3666
f 5265//3667 2105//3667 2088//3667
f 2105//3668 2200//3668 2088//3668
f 2210//2905 5354//2905 2099//2905
f 2099//2905 5354//2905 5566//2905
f 2112//2884 2113//2884 5270//2884
f 5270//2884 2113//2884 2114//2884
f 2197//3669 2115//3669 2077//3669
f 2077//3670 2115//3670 5269//3670
f 5263//3671 5261//3671 2117//3671
f 2117//3672 5261//3672 5259//3672
f 2118//3673 2096//3673 2119//3673
f 2096//3674 2121//3674 2119//3674
f 2104//3675 2120//3675 2094//3675
f 2120//3676 2102//3676 2094//3676
f 2119//3677 2121//3677 2104//3677
f 2121//3678 2120//3678 2104//3678
f 2126//2944 2084//2944 2127//2944
f 2084//2944 2085//2944 2127//2944
f 2086//3679 2128//3679 2083//3679
f 2128//3680 2125//3680 2083//3680
f 5294//2949 5295//2949 2126//2949
f 5295//2950 2084//2950 2126//2950
f 2123//2947 2127//2947 5247//2947
f 2127//2948 2085//2948 5247//2948
f 5273//3681 5277//3681 5285//3681
f 5277//3682 5217//3682 5285//3682
f 5285//3683 2135//3683 2133//3683
f 2135//3684 5284//3684 2133//3684
f 2072//3685 2130//3685 2070//3685
f 2130//3686 5286//3686 2070//3686
f 2131//3687 5279//3687 5281//3687
f 5279//3688 5283//3688 5281//3688
f 5280//3689 2137//3689 5272//3689
f 5274//3690 5276//3690 2136//3690
f 2124//3691 5249//3691 2125//3691
f 5249//3692 2083//3692 2125//3692
f 5217//3693 2101//3693 5285//3693
f 2101//3694 2135//3694 5285//3694
f 5281//3695 5282//3695 2131//3695
f 5296//2966 2087//2966 5297//2966
f 2087//2966 2082//2966 5297//2966
f 5280//3696 5272//3696 5278//3696
f 5278//3697 5272//3697 5271//3697
f 5292//3698 2131//3698 5282//3698
f 5228//771 5568//771 2062//771
f 5568//771 5567//771 2062//771
f 2148//3699 2089//3699 5291//3699
f 5291//3700 2089//3700 5260//3700
f 5275//3701 5274//3701 2139//3701
f 2139//3702 5274//3702 2136//3702
f 2101//3703 2102//3703 2135//3703
f 2102//3704 2134//3704 2135//3704
f 2149//3705 5287//3705 2139//3705
f 2139//3706 5287//3706 5275//3706
f 5278//3707 5271//3707 5290//3707
f 5290//3708 5271//3708 2145//3708
f 2122//3709 2143//3709 2111//3709
f 2143//3710 2131//3710 2111//3710
f 5290//3711 2145//3711 5289//3711
f 5289//3712 2145//3712 5293//3712
f 5289//3713 5293//3713 2141//3713
f 2141//3713 5293//3713 5235//3713
f 2068//3714 2070//3714 2144//3714
f 2070//3715 5286//3715 2144//3715
f 2088//3716 2142//3716 2122//3716
f 2142//3717 2143//3717 2122//3717
f 5258//3718 2111//3718 5292//3718
f 2111//3719 2131//3719 5292//3719
f 2130//3720 2072//3720 2132//3720
f 2072//3721 2138//3721 2132//3721
f 2142//3722 2088//3722 5288//3722
f 2088//3723 2129//3723 5288//3723
f 2063//2995 2099//2995 5210//2995
f 5210//2995 2099//2995 5566//2995
f 2146//2996 5298//2996 2113//2996
f 2113//2996 5298//2996 2114//2996
f 2053//3724 2077//3724 2147//3724
f 2147//3725 2077//3725 5269//3725
f 5287//3726 2149//3726 5291//3726
f 5291//3727 2149//3727 2148//3727
f 2150//3728 2151//3728 2096//3728
f 2151//3729 2121//3729 2096//3729
f 2140//3730 2134//3730 2120//3730
f 2134//3731 2102//3731 2120//3731
f 2151//3732 2140//3732 2121//3732
f 2140//3733 2120//3733 2121//3733
f 2156//3007 2268//3007 2160//3007
f 2268//3007 2161//3007 2160//3007
f 2162//3734 2159//3734 2269//3734
f 2159//3735 2155//3735 2269//3735
f 5299//3012 2156//3012 5300//3012
f 2156//3013 2160//3013 5300//3013
f 2153//3010 5309//3010 2268//3010
f 5309//3011 2161//3011 2268//3011
f 5303//3736 5319//3736 5307//3736
f 5319//3737 5416//3737 5307//3737
f 5319//3738 2169//3738 2171//3738
f 2169//3739 5318//3739 2171//3739
f 2287//3740 2185//3740 2166//3740
f 2185//3741 5326//3741 2166//3741
f 2167//3742 5315//3742 5313//3742
f 5315//3743 5317//3743 5313//3743
f 5314//3744 5302//3744 2174//3744
f 5304//3745 2173//3745 5306//3745
f 2154//3746 2155//3746 5311//3746
f 2155//3747 2159//3747 5311//3747
f 5416//3748 5319//3748 2177//3748
f 5319//3749 2171//3749 2177//3749
f 5315//3750 2167//3750 5316//3750
f 5308//3029 5310//3029 2163//3029
f 5310//3029 2158//3029 2163//3029
f 5314//3751 5312//3751 5302//3751
f 5302//3752 5312//3752 5301//3752
f 2190//3753 5316//3753 2167//3753
f 5321//771 2278//771 5320//771
f 2278//771 5356//771 5320//771
f 5323//3754 5325//3754 2165//3754
f 2165//3755 5325//3755 5324//3755
f 5305//3756 2180//3756 5304//3756
f 5304//3757 2180//3757 2173//3757
f 2177//3758 2171//3758 2178//3758
f 2171//3759 2170//3759 2178//3759
f 2191//3760 2180//3760 5327//3760
f 5327//3761 2180//3761 5305//3761
f 5312//3762 2183//3762 5301//3762
f 5301//3763 2183//3763 2186//3763
f 2196//3764 2187//3764 5328//3764
f 2187//3765 2167//3765 5328//3765
f 2183//3766 2182//3766 2186//3766
f 2186//3766 2182//3766 5330//3766
f 2182//3767 5408//3767 5330//3767
f 5330//3768 5408//3768 5410//3768
f 2284//3769 2184//3769 2185//3769
f 2184//3770 5326//3770 2185//3770
f 2164//3771 2196//3771 5329//3771
f 2196//3772 5328//3772 5329//3772
f 5322//3773 2190//3773 2187//3773
f 2190//3774 2167//3774 2187//3774
f 2166//3775 2168//3775 2287//3775
f 2168//3776 2176//3776 2287//3776
f 5329//3777 2281//3777 2164//3777
f 2281//3778 2157//3778 2164//3778
f 2179//3058 2267//3058 2175//3058
f 2175//3058 2267//3058 5353//3058
f 2288//3007 2188//3007 5418//3007
f 5418//3007 2188//3007 2189//3007
f 5415//3779 2289//3779 2152//3779
f 2152//3780 2289//3780 5569//3780
f 5327//3781 5325//3781 2191//3781
f 2191//3782 5325//3782 5323//3782
f 2192//3783 2172//3783 2193//3783
f 2172//3784 2195//3784 2193//3784
f 2181//3785 2194//3785 2170//3785
f 2194//3786 2178//3786 2170//3786
f 2193//3787 2195//3787 2181//3787
f 2195//3788 2194//3788 2181//3788
f 2080//3069 2160//3069 2199//3069
f 2160//3069 2161//3069 2199//3069
f 2162//3789 2081//3789 2159//3789
f 2081//3790 2198//3790 2159//3790
f 5352//3074 5300//3074 2080//3074
f 5300//3075 2160//3075 2080//3075
f 2078//3072 2199//3072 5309//3072
f 2199//3073 2161//3073 5309//3073
f 5333//3791 5245//3791 5344//3791
f 5245//3792 5355//3792 5344//3792
f 5344//3793 2206//3793 2204//3793
f 2206//3794 5343//3794 2204//3794
f 2218//3630 2201//3630 2216//3630
f 2201//3795 5345//3795 2216//3795
f 2202//3796 5338//3796 5340//3796
f 5338//3797 5342//3797 5340//3797
f 5339//3798 5332//3798 2208//3798
f 5334//3799 5336//3799 2207//3799
f 2079//3800 5311//3800 2198//3800
f 5311//3801 2159//3801 2198//3801
f 5355//3802 2177//3802 5344//3802
f 2177//3803 2206//3803 5344//3803
f 5340//3804 5341//3804 2202//3804
f 5246//3090 2163//3090 5248//3090
f 2163//3090 2158//3090 5248//3090
f 5339//3805 5337//3805 5332//3805
f 5337//3806 5331//3806 5332//3806
f 5349//3807 2202//3807 5341//3807
f 5357//771 5320//771 2209//771
f 5320//771 5356//771 2209//771
f 2219//3808 2165//3808 5348//3808
f 5348//3809 2165//3809 5324//3809
f 5335//3810 5334//3810 2211//3810
f 2211//3811 5334//3811 2207//3811
f 2177//3812 2178//3812 2206//3812
f 2178//3813 2205//3813 2206//3813
f 2220//3814 5346//3814 2211//3814
f 2211//3815 5346//3815 5335//3815
f 5337//3816 5347//3816 5331//3816
f 5347//3817 2217//3817 5331//3817
f 2196//3818 2214//3818 2187//3818
f 2214//3819 2202//3819 2187//3819
f 5347//3820 5350//3820 2217//3820
f 5350//3821 5351//3821 2217//3821
f 5350//3822 5264//3822 5351//3822
f 5264//3823 5266//3823 5351//3823
f 2108//3824 2216//3824 2215//3824
f 2216//3825 5345//3825 2215//3825
f 2164//3826 2213//3826 2196//3826
f 2213//3827 2214//3827 2196//3827
f 5322//3828 2187//3828 5349//3828
f 2187//3829 2202//3829 5349//3829
f 2201//3830 2218//3830 2203//3830
f 2218//3831 2100//3831 2203//3831
f 2213//3832 2164//3832 2105//3832
f 2164//3833 2200//3833 2105//3833
f 2210//3120 2175//3120 5354//3120
f 5354//3120 2175//3120 5353//3120
f 2112//3121 5270//3121 2188//3121
f 2188//3121 5270//3121 2189//3121
f 2197//3834 2152//3834 2115//3834
f 2115//3835 2152//3835 5569//3835
f 5346//3836 2220//3836 5348//3836
f 5348//3837 2220//3837 2219//3837
f 2221//3838 2222//3838 2172//3838
f 2222//3839 2195//3839 2172//3839
f 2212//3840 2205//3840 2194//3840
f 2205//3841 2178//3841 2194//3841
f 2222//3842 2212//3842 2195//3842
f 2212//3843 2194//3843 2195//3843
f 2342//3132 2343//3132 2229//3132
f 2343//3132 2230//3132 2229//3132
f 2231//3844 2228//3844 2344//3844
f 2228//3845 2341//3845 2344//3845
f 5358//3137 2342//3137 5359//3137
f 2342//3138 2229//3138 5359//3138
f 5477//3135 5570//3135 2343//3135
f 5570//3136 2230//3136 2343//3136
f 5364//3846 5379//3846 5460//3846
f 5379//3847 5368//3847 5460//3847
f 5379//3848 2238//3848 2240//3848
f 2238//3849 5378//3849 2240//3849
f 2362//3850 2360//3850 2235//3850
f 2360//3851 5386//3851 2235//3851
f 2236//3852 5375//3852 5373//3852
f 5375//3853 5377//3853 5373//3853
f 5374//3854 5363//3854 2243//3854
f 5365//3855 2242//3855 5367//3855
f 5370//3856 2341//3856 5371//3856
f 2341//3857 2228//3857 5371//3857
f 5368//3858 5379//3858 5369//3858
f 5379//3859 2240//3859 5369//3859
f 5375//3860 2236//3860 5376//3860
f 2340//3154 2225//3154 2232//3154
f 2225//3154 2227//3154 2232//3154
f 5374//3861 5372//3861 5363//3861
f 5363//3862 5372//3862 5362//3862
f 2260//3863 5376//3863 2236//3863
f 5381//771 2245//771 5380//771
f 2245//771 2246//771 5380//771
f 5383//3864 5385//3864 2234//3864
f 2234//3865 5385//3865 5384//3865
f 5366//3866 2249//3866 5365//3866
f 5365//3867 2249//3867 2242//3867
f 5369//3868 2240//3868 2247//3868
f 2240//3869 2239//3869 2247//3869
f 2261//3870 2249//3870 5387//3870
f 5387//3871 2249//3871 5366//3871
f 5372//3872 2252//3872 5362//3872
f 5362//3873 2252//3873 2255//3873
f 2266//3874 2256//3874 5390//3874
f 2256//3875 2236//3875 5390//3875
f 2252//3876 2251//3876 2255//3876
f 2255//3876 2251//3876 5389//3876
f 2251//3877 5471//3877 5389//3877
f 5389//3878 5471//3878 5388//3878
f 2253//3879 2254//3879 2360//3879
f 2254//3880 5386//3880 2360//3880
f 2233//3881 2266//3881 5391//3881
f 2266//3882 5390//3882 5391//3882
f 5382//3883 2260//3883 2256//3883
f 2260//3884 2236//3884 2256//3884
f 2235//3885 2237//3885 2362//3885
f 2237//3886 2353//3886 2362//3886
f 5391//3887 2356//3887 2233//3887
f 2356//3888 2226//3888 2233//3888
f 2248//3183 5361//3183 2244//3183
f 2244//3183 5361//3183 5360//3183
f 2257//3184 2258//3184 5479//3184
f 5479//3184 2258//3184 2259//3184
f 2223//3889 2363//3889 2224//3889
f 2224//3890 2363//3890 5417//3890
f 5387//3891 5385//3891 2261//3891
f 2261//3892 5385//3892 5383//3892
f 2262//3893 2241//3893 2263//3893
f 2241//3894 2265//3894 2263//3894
f 2250//3895 2264//3895 2239//3895
f 2264//3896 2247//3896 2239//3896
f 2263//3897 2265//3897 2250//3897
f 2265//3898 2264//3898 2250//3898
f 2156//3195 2229//3195 2268//3195
f 2229//3195 2230//3195 2268//3195
f 2231//3899 2269//3899 2228//3899
f 2269//3900 2155//3900 2228//3900
f 5299//3200 5359//3200 2156//3200
f 5359//3201 2229//3201 2156//3201
f 2153//3198 2268//3198 5570//3198
f 2268//3199 2230//3199 5570//3199
f 5394//3901 5307//3901 5405//3901
f 5307//3902 5416//3902 5405//3902
f 5405//3903 2275//3903 2273//3903
f 2275//3904 5404//3904 2273//3904
f 2287//3905 2270//3905 2185//3905
f 2270//3906 5406//3906 2185//3906
f 2271//3907 5399//3907 5401//3907
f 5399//3908 5403//3908 5401//3908
f 5400//3909 2277//3909 5393//3909
f 5395//3910 5397//3910 2276//3910
f 2154//3911 5371//3911 2155//3911
f 5371//3912 2228//3912 2155//3912
f 5416//3913 5369//3913 5405//3913
f 5369//3914 2275//3914 5405//3914
f 5401//3915 5402//3915 2271//3915
f 5308//3217 2232//3217 5310//3217
f 2232//3217 2227//3217 5310//3217
f 5400//3916 5393//3916 5398//3916
f 5398//3917 5393//3917 5392//3917
f 5414//3918 2271//3918 5402//3918
f 5321//771 5380//771 2278//771
f 5380//771 2246//771 2278//771
f 2290//3919 2234//3919 5413//3919
f 5413//3920 2234//3920 5384//3920
f 5396//3921 5395//3921 2279//3921
f 2279//3922 5395//3922 2276//3922
f 5369//3923 2247//3923 2275//3923
f 2247//3924 2274//3924 2275//3924
f 2291//3925 5407//3925 2279//3925
f 2279//3926 5407//3926 5396//3926
f 5398//3927 5392//3927 5412//3927
f 5412//3927 5392//3927 2286//3927
f 2266//3928 2283//3928 2256//3928
f 2283//3929 2271//3929 2256//3929
f 5412//3930 2286//3930 5409//3930
f 5409//3931 2286//3931 5411//3931
f 5409//3932 5411//3932 5408//3932
f 5408//3933 5411//3933 5410//3933
f 2284//3934 2185//3934 2285//3934
f 2185//3935 5406//3935 2285//3935
f 2233//3936 2282//3936 2266//3936
f 2282//3937 2283//3937 2266//3937
f 5382//3938 2256//3938 5414//3938
f 2256//3939 2271//3939 5414//3939
f 2270//3940 2287//3940 2272//3940
f 2287//3941 2176//3941 2272//3941
f 2282//3942 2233//3942 2281//3942
f 2233//3943 2157//3943 2281//3943
f 2179//3246 2244//3246 2267//3246
f 2267//3246 2244//3246 5360//3246
f 2288//3247 5418//3247 2258//3247
f 2258//3247 5418//3247 2259//3247
f 5415//3944 2224//3944 2289//3944
f 2289//3945 2224//3945 5417//3945
f 5407//3946 2291//3946 5413//3946
f 5413//3947 2291//3947 2290//3947
f 2292//3948 2293//3948 2241//3948
f 2293//3949 2265//3949 2241//3949
f 2280//3950 2274//3950 2264//3950
f 2274//3951 2247//3951 2264//3951
f 2293//3952 2280//3952 2265//3952
f 2280//3953 2264//3953 2265//3953
f 2410//3258 2411//3258 2302//3258
f 2411//3258 2303//3258 2302//3258
f 2304//3954 2301//3954 2298//3954
f 2301//3955 2409//3955 2298//3955
f 5419//3263 2410//3263 5420//3263
f 2410//3264 2302//3264 5420//3264
f 2296//3261 5431//3261 2411//3261
f 5431//3262 2303//3262 2411//3262
f 5425//3956 5441//3956 5429//3956
f 5441//3957 5531//3957 5429//3957
f 5441//3958 2311//3958 2313//3958
f 2311//3959 5440//3959 2313//3959
f 2329//3960 2427//3960 2308//3960
f 2427//3961 5448//3961 2308//3961
f 2309//3962 5437//3962 5435//3962
f 5437//3963 5439//3963 5435//3963
f 5436//3964 2316//3964 5424//3964
f 5426//3965 2315//3965 5428//3965
f 2297//3966 2409//3966 5433//3966
f 2409//3967 2301//3967 5433//3967
f 5531//3968 5441//3968 2319//3968
f 5441//3969 2313//3969 2319//3969
f 5437//3970 2309//3970 5438//3970
f 5430//3280 5432//3280 2305//3280
f 5432//3280 2300//3280 2305//3280
f 5436//3971 5424//3971 5434//3971
f 5424//3972 5423//3972 5434//3972
f 2333//3973 5438//3973 2309//3973
f 5443//771 2420//771 5442//771
f 2420//771 5571//771 5442//771
f 5445//3974 5447//3974 2307//3974
f 2307//3975 5447//3975 5446//3975
f 5427//3976 2322//3976 5426//3976
f 5426//3977 2322//3977 2315//3977
f 2319//3978 2313//3978 2320//3978
f 2313//3979 2312//3979 2320//3979
f 2334//3980 2322//3980 5449//3980
f 5449//3981 2322//3981 5427//3981
f 5434//3982 5423//3982 2325//3982
f 5423//3983 2328//3983 2325//3983
f 2339//3984 2330//3984 5452//3984
f 2330//3985 2309//3985 5452//3985
f 2325//3986 2328//3986 2324//3986
f 2328//3987 5451//3987 2324//3987
f 2324//3988 5451//3988 5525//3988
f 5451//3989 5450//3989 5525//3989
f 2326//3990 2327//3990 2427//3990
f 2327//3991 5448//3991 2427//3991
f 2306//3992 2339//3992 5453//3992
f 2339//3993 5452//3993 5453//3993
f 5444//3994 2333//3994 2330//3994
f 2333//3995 2309//3995 2330//3995
f 2308//3996 2310//3996 2329//3996
f 2310//3997 2318//3997 2329//3997
f 5453//3998 2423//3998 2306//3998
f 2423//3999 2299//3999 2306//3999
f 2321//3310 5422//3310 2317//3310
f 2317//3310 5422//3310 5421//3310
f 2429//3311 2331//3311 5533//3311
f 5533//3311 2331//3311 2332//3311
f 2294//4000 2430//4000 2295//4000
f 2295//4001 2430//4001 5478//4001
f 5449//4002 5447//4002 2334//4002
f 2334//4003 5447//4003 5445//4003
f 2335//4004 2314//4004 2336//4004
f 2314//4005 2338//4005 2336//4005
f 2323//4006 2337//4006 2312//4006
f 2337//4007 2320//4007 2312//4007
f 2336//4008 2338//4008 2323//4008
f 2338//4009 2337//4009 2323//4009
f 2342//3322 2302//3322 2343//3322
f 2302//3322 2303//3322 2343//3322
f 2304//4010 2344//4010 2301//4010
f 2344//4011 2341//4011 2301//4011
f 5358//3327 5420//3327 2342//3327
f 5420//3328 2302//3328 2342//3328
f 5477//3325 2343//3325 5431//3325
f 2343//3326 2303//3326 5431//3326
f 5456//4012 5460//4012 5468//4012
f 5460//4013 5368//4013 5468//4013
f 5468//4014 2350//4014 2348//4014
f 2350//4015 5467//4015 2348//4015
f 2362//4016 2345//4016 2360//4016
f 2345//4017 5469//4017 2360//4017
f 2346//4018 5462//4018 5464//4018
f 5462//4019 5466//4019 5464//4019
f 5463//4020 2352//4020 5455//4020
f 5457//4021 5459//4021 2351//4021
f 5370//4022 5433//4022 2341//4022
f 5433//4023 2301//4023 2341//4023
f 5368//4024 2319//4024 5468//4024
f 2319//4025 2350//4025 5468//4025
f 5464//4026 5465//4026 2346//4026
f 2340//3344 2305//3344 2225//3344
f 2305//3344 2300//3344 2225//3344
f 5463//4027 5455//4027 5461//4027
f 5461//4028 5455//4028 5454//4028
f 5475//4029 2346//4029 5465//4029
f 5381//771 5442//771 2245//771
f 5442//771 5571//771 2245//771
f 2364//4030 2307//4030 5474//4030
f 5474//4031 2307//4031 5446//4031
f 5458//4032 5457//4032 2354//4032
f 2354//4033 5457//4033 2351//4033
f 2319//4034 2320//4034 2350//4034
f 2320//4035 2349//4035 2350//4035
f 2365//4036 5470//4036 2354//4036
f 2354//4037 5470//4037 5458//4037
f 5461//4038 5454//4038 5473//4038
f 5473//4039 5454//4039 2361//4039
f 2339//4040 2358//4040 2330//4040
f 2358//4041 2346//4041 2330//4041
f 5473//4042 2361//4042 5472//4042
f 5472//4042 2361//4042 5476//4042
f 5472//4043 5476//4043 5471//4043
f 5471//4044 5476//4044 5388//4044
f 2253//4045 2360//4045 2359//4045
f 2360//4046 5469//4046 2359//4046
f 2306//4047 2357//4047 2339//4047
f 2357//4048 2358//4048 2339//4048
f 5444//4049 2330//4049 5475//4049
f 2330//4050 2346//4050 5475//4050
f 2345//4051 2362//4051 2347//4051
f 2362//4052 2353//4052 2347//4052
f 2357//4053 2306//4053 2356//4053
f 2306//4054 2226//4054 2356//4054
f 2248//3373 2317//3373 5361//3373
f 5361//3373 2317//3373 5421//3373
f 2257//3322 5479//3322 2331//3322
f 2331//3322 5479//3322 2332//3322
f 2223//4055 2295//4055 2363//4055
f 2363//4056 2295//4056 5478//4056
f 5470//4057 2365//4057 5474//4057
f 5474//4058 2365//4058 2364//4058
f 2366//4059 2367//4059 2314//4059
f 2367//4060 2338//4060 2314//4060
f 2355//4061 2349//4061 2337//4061
f 2349//4062 2320//4062 2337//4062
f 2367//4063 2355//4063 2338//4063
f 2355//4064 2337//4064 2338//4064
f 2458//3384 2369//3384 2373//3384
f 2369//3384 2374//3384 2373//3384
f 2375//4065 2372//4065 2459//4065
f 2372//4066 2457//4066 2459//4066
f 5480//3389 2458//3389 5481//3389
f 2458//3390 2373//3390 5481//3390
f 2455//3387 5573//3387 2369//3387
f 5573//3388 2374//3388 2369//3388
f 5484//4067 5495//4067 5540//4067
f 5495//4068 5559//4068 5540//4068
f 5495//4069 2382//4069 2384//4069
f 2382//4070 5494//4070 2384//4070
f 2479//4071 2477//4071 2379//4071
f 2477//4072 5502//4072 2379//4072
f 2380//4073 5491//4073 5489//4073
f 5491//4074 5493//4074 5489//4074
f 5490//4075 5483//4075 2387//4075
f 5485//4076 2386//4076 5487//4076
f 2456//4077 2457//4077 5574//4077
f 2457//4078 2372//4078 5574//4078
f 5559//4079 5495//4079 2389//4079
f 5495//4080 2384//4080 2389//4080
f 5491//4081 2380//4081 5492//4081
f 5560//3406 5561//3406 2376//3406
f 5561//3406 2371//3406 2376//3406
f 5490//4082 5488//4082 5483//4082
f 5483//4083 5488//4083 5482//4083
f 2402//4084 5492//4084 2380//4084
f 5497//771 2468//771 5496//771
f 2468//771 5532//771 5496//771
f 5499//4085 5501//4085 2378//4085
f 2378//4086 5501//4086 5500//4086
f 5486//4087 2392//4087 5485//4087
f 5485//4088 2392//4088 2386//4088
f 2389//4089 2384//4089 2390//4089
f 2384//4090 2383//4090 2390//4090
f 2403//4091 2392//4091 5503//4091
f 5503//4092 2392//4092 5486//4092
f 5488//4093 2395//4093 5482//4093
f 5482//4094 2395//4094 2397//4094
f 2408//4095 2398//4095 5504//4095
f 2398//4096 2380//4096 5504//4096
f 2395//4097 2394//4097 2397//4097
f 2397//4098 2394//4098 5508//4098
f 2394//4099 5551//4099 5508//4099
f 5508//4099 5551//4099 5553//4099
f 2475//4100 2396//4100 2477//4100
f 2396//4101 5502//4101 2477//4101
f 2377//4102 2408//4102 5507//4102
f 2408//4103 5504//4103 5507//4103
f 5498//4104 2402//4104 2398//4104
f 2402//4105 2380//4105 2398//4105
f 2379//4106 2381//4106 2479//4106
f 2381//4107 2469//4107 2479//4107
f 5507//4108 2472//4108 2377//4108
f 2472//4109 2370//4109 2377//4109
f 2391//3435 5558//3435 2388//3435
f 2388//3435 5558//3435 5572//3435
f 2480//3436 2399//3436 5506//3436
f 5506//3436 2399//3436 2400//3436
f 2454//4110 2401//4110 2368//4110
f 2368//4111 2401//4111 5505//4111
f 5503//4112 5501//4112 2403//4112
f 2403//4113 5501//4113 5499//4113
f 2404//4114 2385//4114 2405//4114
f 2385//4115 2407//4115 2405//4115
f 2393//4116 2406//4116 2383//4116
f 2406//4117 2390//4117 2383//4117
f 2405//4118 2407//4118 2393//4118
f 2407//4119 2406//4119 2393//4119
f 2410//3447 2373//3447 2411//3447
f 2373//3447 2374//3447 2411//3447
f 2375//4120 2298//4120 2372//4120
f 2298//4121 2409//4121 2372//4121
f 5419//3452 5481//3452 2410//3452
f 5481//3453 2373//3453 2410//3453
f 2296//3450 2411//3450 5573//3450
f 2411//3451 2374//3451 5573//3451
f 5511//4122 5429//4122 5522//4122
f 5429//4123 5531//4123 5522//4123
f 5522//4124 2417//4124 2415//4124
f 2417//4124 5521//4124 2415//4124
f 2329//3960 2412//3960 2427//3960
f 2412//4125 5523//4125 2427//4125
f 2413//4126 5516//4126 5518//4126
f 5516//4127 5520//4127 5518//4127
f 5517//4128 5510//4128 2419//4128
f 5512//4129 5514//4129 2418//4129
f 2297//4130 5574//4130 2409//4130
f 5574//4131 2372//4131 2409//4131
f 5531//4132 2389//4132 5522//4132
f 2389//4133 2417//4133 5522//4133
f 5518//4134 5519//4134 2413//4134
f 5430//3467 2376//3467 5432//3467
f 2376//3467 2371//3467 5432//3467
f 5517//4135 5515//4135 5510//4135
f 5515//4136 5509//4136 5510//4136
f 5529//4137 2413//4137 5519//4137
f 5443//771 5496//771 2420//771
f 5496//771 5532//771 2420//771
f 2431//4138 2378//4138 5528//4138
f 5528//4139 2378//4139 5500//4139
f 5513//4140 5512//4140 2421//4140
f 2421//4141 5512//4141 2418//4141
f 2389//4142 2390//4142 2417//4142
f 2390//4143 2416//4143 2417//4143
f 2432//4144 5524//4144 2421//4144
f 2421//4145 5524//4145 5513//4145
f 5515//4146 5527//4146 5509//4146
f 5527//4147 2428//4147 5509//4147
f 2408//4148 2425//4148 2398//4148
f 2425//4149 2413//4149 2398//4149
f 5527//4150 5526//4150 2428//4150
f 5526//4150 5530//4150 2428//4150
f 5526//4151 5525//4151 5530//4151
f 5525//4152 5450//4152 5530//4152
f 2326//4153 2427//4153 2426//4153
f 2427//4154 5523//4154 2426//4154
f 2377//4155 2424//4155 2408//4155
f 2424//4156 2425//4156 2408//4156
f 5498//4157 2398//4157 5529//4157
f 2398//4158 2413//4158 5529//4158
f 2412//4159 2329//4159 2414//4159
f 2329//4160 2318//4160 2414//4160
f 2424//4161 2377//4161 2423//4161
f 2377//4162 2299//4162 2423//4162
f 2321//3467 2388//3467 5422//3467
f 5422//3467 2388//3467 5572//3467
f 2429//3447 5533//3447 2399//3447
f 2399//3447 5533//3447 2400//3447
f 2294//4163 2368//4163 2430//4163
f 2430//4164 2368//4164 5505//4164
f 5524//4165 2432//4165 5528//4165
f 5528//4166 2432//4166 2431//4166
f 2433//4167 2434//4167 2385//4167
f 2434//4168 2407//4168 2385//4168
f 2422//4169 2416//4169 2406//4169
f 2416//4170 2390//4170 2406//4170
f 2434//4171 2422//4171 2407//4171
f 2422//4172 2406//4172 2407//4172
f 2458//3506 2438//3506 2369//3506
f 2438//3506 2439//3506 2369//3506
f 2440//4173 2459//4173 2437//4173
f 2459//4174 2457//4174 2437//4174
f 5480//3511 4108//3511 2458//3511
f 4108//3512 2438//3512 2458//3512
f 2455//3509 2369//3509 4090//3509
f 2369//3510 2439//3510 4090//3510
f 5536//4175 5540//4175 5548//4175
f 5540//4176 5559//4176 5548//4176
f 5548//4177 2465//4177 2463//4177
f 2465//4178 5547//4178 2463//4178
f 2479//4179 2460//4179 2477//4179
f 2460//4180 5549//4180 2477//4180
f 2461//4181 5542//4181 5544//4181
f 5542//4182 5546//4182 5544//4182
f 5543//4183 2467//4183 5535//4183
f 5537//4184 2466//4184 5539//4184
f 2456//4185 4092//4185 2457//4185
f 4092//4186 2437//4186 2457//4186
f 5559//4187 2446//4187 5548//4187
f 2446//4188 2465//4188 5548//4188
f 5544//4189 5545//4189 2461//4189
f 5560//3528 2441//3528 5561//3528
f 2441//3528 2436//3528 5561//3528
f 5543//4190 5535//4190 5541//4190
f 5541//4191 5535//4191 5534//4191
f 5557//4192 2461//4192 5545//4192
f 5497//771 4109//771 2468//771
f 4109//771 4088//771 2468//771
f 2481//4193 5556//4193 2443//4193
f 5556//4194 2444//4194 2443//4194
f 5538//4195 2470//4195 5537//4195
f 2470//4196 2466//4196 5537//4196
f 2446//4197 2447//4197 2465//4197
f 2447//4198 2464//4198 2465//4198
f 2482//4199 2470//4199 5550//4199
f 2470//4200 5538//4200 5550//4200
f 5541//4201 5534//4201 5555//4201
f 5555//4202 5534//4202 2478//4202
f 2453//4203 2474//4203 2448//4203
f 2474//4204 2461//4204 2448//4204
f 5555//4205 2478//4205 5552//4205
f 5552//4206 2478//4206 5554//4206
f 5552//4207 5554//4207 5551//4207
f 5551//4208 5554//4208 5553//4208
f 2475//4209 2477//4209 2476//4209
f 2477//4210 5549//4210 2476//4210
f 2442//4211 2473//4211 2453//4211
f 2473//4212 2474//4212 2453//4212
f 4093//4213 2448//4213 5557//4213
f 2448//4214 2461//4214 5557//4214
f 2460//4215 2479//4215 2462//4215
f 2479//4216 2469//4216 2462//4216
f 2473//4217 2442//4217 2472//4217
f 2442//4218 2370//4218 2472//4218
f 2391//3558 2445//3558 5558//3558
f 5558//3558 2445//3558 4085//3558
f 2480//3559 5506//3559 2449//3559
f 2449//3559 5506//3559 2450//3559
f 2454//4219 2435//4219 2401//4219
f 2401//4220 2435//4220 4110//4220
f 5550//4221 5556//4221 2482//4221
f 5556//4222 2481//4222 2482//4222
f 2483//4223 2484//4223 4094//4223
f 2484//4224 2452//4224 4094//4224
f 2471//4225 2464//4225 2451//4225
f 2464//4226 2447//4226 2451//4226
f 2484//4227 2471//4227 2452//4227
f 2471//4228 2451//4228 2452//4228
f 2571//4229 2572//4229 2489//4229
f 2572//4229 2490//4229 2489//4229
f 2916//4230 2488//4230 3004//4230
f 2488//4231 2570//4231 3004//4231
f 5655//4232 2571//4232 5196//4232
f 2571//4233 2489//4233 5196//4233
f 2568//4234 5197//4234 2572//4234
f 5197//4235 2490//4235 2572//4235
f 5578//4236 5590//4236 5638//4236
f 5590//4237 5582//4237 5638//4237
f 5590//4238 2497//4238 2499//4238
f 2497//4239 5589//4239 2499//4239
f 2516//4240 2514//4240 2494//4240
f 2514//4241 5594//4241 2494//4241
f 2495//4242 5586//4242 5584//4242
f 5586//4243 5588//4243 5584//4243
f 5585//4244 5577//4244 2502//4244
f 5579//4245 5581//4245 2501//4245
f 2569//4246 2570//4246 5198//4246
f 2570//4247 2488//4247 5198//4247
f 5582//4248 5590//4248 4852//4248
f 5590//4249 2499//4249 4852//4249
f 5586//4250 2495//4250 5587//4250
f 5657//4251 5658//4251 2491//4251
f 5658//4251 2487//4251 2491//4251
f 5585//4252 5583//4252 5577//4252
f 5577//4253 5583//4253 5576//4253
f 2519//4254 5587//4254 2495//4254
f 5591//27 2504//27 4861//27
f 2504//27 2505//27 4861//27
f 5592//4255 2493//4255 5593//4255
f 2493//4256 4865//4256 5593//4256
f 5580//4257 5579//4257 2508//4257
f 5579//4258 2501//4258 2508//4258
f 4852//4259 2499//4259 2506//4259
f 2499//4260 2498//4260 2506//4260
f 2520//4261 5595//4261 2508//4261
f 5595//4262 5580//4262 2508//4262
f 5583//4263 2511//4263 5576//4263
f 5576//4264 2511//4264 2515//4264
f 2525//4265 2517//4265 5598//4265
f 2517//4266 2495//4266 5598//4266
f 2511//4267 2510//4267 2515//4267
f 2515//4268 2510//4268 5597//4268
f 2510//4269 2585//4269 5597//4269
f 5597//4269 2585//4269 5596//4269
f 2512//4270 2513//4270 2514//4270
f 2513//4271 5594//4271 2514//4271
f 2492//4272 2525//4272 5599//4272
f 2525//4273 5598//4273 5599//4273
f 4863//4274 2519//4274 2517//4274
f 2519//4275 2495//4275 2517//4275
f 2494//4276 2496//4276 2516//4276
f 2496//4277 2582//4277 2516//4277
f 5599//4278 5649//4278 2492//4278
f 5649//4279 2573//4279 2492//4279
f 2507//4280 5575//4280 2503//4280
f 2503//4280 5575//4280 4843//4280
f 3022//4281 2944//4281 5659//4281
f 5659//4281 2944//4281 2518//4281
f 2485//4282 2590//4282 2486//4282
f 2486//4283 2590//4283 5199//4283
f 5595//4284 2520//4284 5593//4284
f 2520//4285 5592//4285 5593//4285
f 2521//4286 2500//4286 2522//4286
f 2500//4287 2524//4287 2522//4287
f 2509//4288 2523//4288 2498//4288
f 2523//4289 2506//4289 2498//4289
f 2522//4290 2524//4290 2509//4290
f 2524//4291 2523//4291 2509//4291
f 2529//4292 2640//4292 2532//4292
f 2640//4292 2533//4292 2532//4292
f 2962//4293 2531//4293 2957//4293
f 2531//4294 2639//4294 2957//4294
f 5713//4295 2529//4295 5656//4295
f 2529//4296 2532//4296 5656//4296
f 2527//4297 5608//4297 2640//4297
f 5608//4298 2533//4298 2640//4298
f 5602//4299 5618//4299 5606//4299
f 5618//4300 5716//4300 5606//4300
f 5618//4301 2540//4301 2542//4301
f 2540//4301 5617//4301 2542//4301
f 2659//4302 2657//4302 2537//4302
f 2657//4303 5623//4303 2537//4303
f 2538//4304 5614//4304 5612//4304
f 5614//4305 5616//4305 5612//4305
f 5613//4306 2545//4306 5601//4306
f 5603//4307 2544//4307 5605//4307
f 2528//4308 2639//4308 5610//4308
f 2639//4309 2531//4309 5610//4309
f 5716//4310 5618//4310 2548//4310
f 5618//4311 2542//4311 2548//4311
f 5614//4312 2538//4312 5615//4312
f 5607//4313 5609//4313 2534//4313
f 5609//4313 2530//4313 2534//4313
f 5613//4314 5601//4314 5611//4314
f 5601//4315 5600//4315 5611//4315
f 2561//4316 5615//4316 2538//4316
f 5718//27 2650//27 5925//27
f 2650//27 5924//27 5925//27
f 5620//4317 5622//4317 2536//4317
f 2536//4318 5622//4318 5621//4318
f 5604//4319 2550//4319 5603//4319
f 5603//4320 2550//4320 2544//4320
f 2548//4321 2542//4321 2549//4321
f 2542//4322 2541//4322 2549//4322
f 2562//4323 2550//4323 5624//4323
f 5624//4324 2550//4324 5604//4324
f 5611//4325 5600//4325 2554//4325
f 5600//4326 2557//4326 2554//4326
f 2567//4327 2558//4327 5629//4327
f 2558//4328 2538//4328 5629//4328
f 2554//4329 2557//4329 2553//4329
f 2557//4329 5628//4329 2553//4329
f 2553//4330 5628//4330 5625//4330
f 5628//4331 5627//4331 5625//4331
f 2555//4332 2556//4332 2657//4332
f 2556//4333 5623//4333 2657//4333
f 2535//4334 2567//4334 5626//4334
f 2567//4335 5629//4335 5626//4335
f 5619//4336 2561//4336 2558//4336
f 2561//4337 2538//4337 2558//4337
f 2537//4338 2539//4338 2659//4338
f 2539//4339 2547//4339 2659//4339
f 5626//4340 2552//4340 2535//4340
f 2552//4341 2641//4341 2535//4341
f 2651//4313 5715//4313 2546//4313
f 2546//4313 5715//4313 5923//4313
f 2988//4292 2989//4292 5631//4292
f 5631//4292 2989//4292 2559//4292
f 2638//4342 2560//4342 2526//4342
f 2526//4343 2560//4343 5630//4343
f 5624//4344 5622//4344 2562//4344
f 2562//4345 5622//4345 5620//4345
f 2563//4346 2543//4346 2564//4346
f 2543//4347 2566//4347 2564//4347
f 2551//4348 2565//4348 2541//4348
f 2565//4349 2549//4349 2541//4349
f 2564//4350 2566//4350 2551//4350
f 2566//4351 2565//4351 2551//4351
f 2571//4352 2532//4352 2572//4352
f 2532//4352 2533//4352 2572//4352
f 2962//4353 3004//4353 2531//4353
f 3004//4354 2570//4354 2531//4354
f 5655//4355 5656//4355 2571//4355
f 5656//4356 2532//4356 2571//4356
f 2568//4357 2572//4357 5608//4357
f 2572//4358 2533//4358 5608//4358
f 5634//4359 5638//4359 5646//4359
f 5638//4360 5582//4360 5646//4360
f 5646//4361 2579//4361 2577//4361
f 2579//4362 5645//4362 2577//4362
f 2516//4363 2574//4363 2514//4363
f 2574//4364 5647//4364 2514//4364
f 2575//4365 5640//4365 5642//4365
f 5640//4366 5644//4366 5642//4366
f 5641//4367 2581//4367 5633//4367
f 5635//4368 5637//4368 2580//4368
f 2569//4369 5610//4369 2570//4369
f 5610//4370 2531//4370 2570//4370
f 5582//4371 2548//4371 5646//4371
f 2548//4372 2579//4372 5646//4372
f 5642//4373 5643//4373 2575//4373
f 5657//4374 2534//4374 5658//4374
f 2534//4374 2530//4374 5658//4374
f 5641//4375 5633//4375 5639//4375
f 5639//4376 5633//4376 5632//4376
f 5653//4377 2575//4377 5643//4377
f 5591//27 5925//27 2504//27
f 5925//27 5924//27 2504//27
f 2591//4378 2536//4378 5652//4378
f 5652//4379 2536//4379 5621//4379
f 5636//4380 5635//4380 2583//4380
f 2583//4381 5635//4381 2580//4381
f 2548//4382 2549//4382 2579//4382
f 2549//4383 2578//4383 2579//4383
f 2592//4384 5648//4384 2583//4384
f 2583//4385 5648//4385 5636//4385
f 5639//4386 5632//4386 5651//4386
f 5651//4387 5632//4387 2589//4387
f 2567//4388 2587//4388 2558//4388
f 2587//4389 2575//4389 2558//4389
f 5651//4390 2589//4390 5650//4390
f 5650//4391 2589//4391 5654//4391
f 5650//4392 5654//4392 2585//4392
f 2585//4392 5654//4392 5596//4392
f 2512//4393 2514//4393 2588//4393
f 2514//4394 5647//4394 2588//4394
f 2535//4395 2586//4395 2567//4395
f 2586//4396 2587//4396 2567//4396
f 5619//4397 2558//4397 5653//4397
f 2558//4398 2575//4398 5653//4398
f 2574//4399 2516//4399 2576//4399
f 2516//4400 2582//4400 2576//4400
f 2586//4401 2535//4401 5649//4401
f 2535//4402 2573//4402 5649//4402
f 2507//4403 2546//4403 5575//4403
f 5575//4403 2546//4403 5923//4403
f 3022//4404 5659//4404 2989//4404
f 2989//4404 5659//4404 2559//4404
f 2485//4405 2526//4405 2590//4405
f 2590//4406 2526//4406 5630//4406
f 5648//4407 2592//4407 5652//4407
f 5652//4408 2592//4408 2591//4408
f 2593//4409 2594//4409 2543//4409
f 2594//4410 2566//4410 2543//4410
f 2584//4411 2578//4411 2565//4411
f 2578//4412 2549//4412 2565//4412
f 2594//4413 2584//4413 2566//4413
f 2584//4414 2565//4414 2566//4414
f 2599//4415 2706//4415 2603//4415
f 2706//4415 2604//4415 2603//4415
f 3038//4416 2602//4416 3145//4416
f 2602//4417 2598//4417 3145//4417
f 5660//4418 2599//4418 5661//4418
f 2599//4419 2603//4419 5661//4419
f 2596//4420 5670//4420 2706//4420
f 5670//4421 2604//4421 2706//4421
f 5664//4422 5680//4422 5668//4422
f 5680//4423 5777//4423 5668//4423
f 5680//4424 2611//4424 2613//4424
f 2611//4425 5679//4425 2613//4425
f 2724//4426 2627//4426 2608//4426
f 2627//4427 5687//4427 2608//4427
f 2609//4428 5676//4428 5674//4428
f 5676//4429 5678//4429 5674//4429
f 5675//4430 5663//4430 2616//4430
f 5665//4431 2615//4431 5667//4431
f 2597//4432 2598//4432 5672//4432
f 2598//4433 2602//4433 5672//4433
f 5777//4434 5680//4434 2619//4434
f 5680//4435 2613//4435 2619//4435
f 5676//4436 2609//4436 5677//4436
f 5669//4437 5671//4437 2605//4437
f 5671//4437 2601//4437 2605//4437
f 5675//4438 5673//4438 5663//4438
f 5663//4439 5673//4439 5662//4439
f 2631//4440 5677//4440 2609//4440
f 5682//27 2715//27 5681//27
f 2715//27 5717//27 5681//27
f 5684//4441 5686//4441 2607//4441
f 2607//4442 5686//4442 5685//4442
f 5666//4443 2622//4443 5665//4443
f 5665//4444 2622//4444 2615//4444
f 2619//4445 2613//4445 2620//4445
f 2613//4446 2612//4446 2620//4446
f 2632//4447 2622//4447 5688//4447
f 5688//4448 2622//4448 5666//4448
f 5673//4449 2625//4449 5662//4449
f 5662//4450 2625//4450 2628//4450
f 2637//4451 2629//4451 5689//4451
f 2629//4452 2609//4452 5689//4452
f 2625//4453 2624//4453 2628//4453
f 2628//4453 2624//4453 5691//4453
f 2624//4454 5769//4454 5691//4454
f 5691//4455 5769//4455 5771//4455
f 2721//4456 2626//4456 2627//4456
f 2626//4457 5687//4457 2627//4457
f 2606//4458 2637//4458 5690//4458
f 2637//4459 5689//4459 5690//4459
f 5683//4460 2631//4460 2629//4460
f 2631//4461 2609//4461 2629//4461
f 2608//4462 2610//4462 2724//4462
f 2610//4463 2618//4463 2724//4463
f 5690//4464 2718//4464 2606//4464
f 2718//4465 2600//4465 2606//4465
f 2621//4466 2705//4466 2617//4466
f 2617//4466 2705//4466 5714//4466
f 3164//4415 3064//4415 5779//4415
f 5779//4415 3064//4415 2630//4415
f 5776//4467 2725//4467 2595//4467
f 2595//4468 2725//4468 5926//4468
f 5688//4469 5686//4469 2632//4469
f 2632//4470 5686//4470 5684//4470
f 2633//4471 2614//4471 2634//4471
f 2614//4472 2636//4472 2634//4472
f 2623//4473 2635//4473 2612//4473
f 2635//4474 2620//4474 2612//4474
f 2634//4475 2636//4475 2623//4475
f 2636//4476 2635//4476 2623//4476
f 2529//4477 2603//4477 2640//4477
f 2603//4477 2604//4477 2640//4477
f 3038//4478 2957//4478 2602//4478
f 2957//4479 2639//4479 2602//4479
f 5713//4480 5661//4480 2529//4480
f 5661//4481 2603//4481 2529//4481
f 2527//4482 2640//4482 5670//4482
f 2640//4483 2604//4483 5670//4483
f 5694//4484 5606//4484 5705//4484
f 5606//4485 5716//4485 5705//4485
f 5705//4486 2647//4486 2645//4486
f 2647//4487 5704//4487 2645//4487
f 2659//4302 2642//4302 2657//4302
f 2642//4488 5706//4488 2657//4488
f 2643//4489 5699//4489 5701//4489
f 5699//4490 5703//4490 5701//4490
f 5700//4491 5693//4491 2649//4491
f 5695//4492 5697//4492 2648//4492
f 2528//4493 5672//4493 2639//4493
f 5672//4494 2602//4494 2639//4494
f 5716//4495 2619//4495 5705//4495
f 2619//4496 2647//4496 5705//4496
f 5701//4497 5702//4497 2643//4497
f 5607//4498 2605//4498 5609//4498
f 2605//4498 2601//4498 5609//4498
f 5700//4499 5698//4499 5693//4499
f 5698//4500 5692//4500 5693//4500
f 5710//4501 2643//4501 5702//4501
f 5718//27 5681//27 2650//27
f 5681//27 5717//27 2650//27
f 2660//4502 2607//4502 5709//4502
f 5709//4503 2607//4503 5685//4503
f 5696//4504 5695//4504 2652//4504
f 2652//4505 5695//4505 2648//4505
f 2619//4506 2620//4506 2647//4506
f 2620//4507 2646//4507 2647//4507
f 2661//4508 5707//4508 2652//4508
f 2652//4509 5707//4509 5696//4509
f 5698//4510 5708//4510 5692//4510
f 5708//4511 2658//4511 5692//4511
f 2637//4512 2655//4512 2629//4512
f 2655//4513 2643//4513 2629//4513
f 5708//4514 5711//4514 2658//4514
f 5711//4515 5712//4515 2658//4515
f 5711//4516 5625//4516 5712//4516
f 5625//4517 5627//4517 5712//4517
f 2555//4518 2657//4518 2656//4518
f 2657//4519 5706//4519 2656//4519
f 2606//4520 2654//4520 2637//4520
f 2654//4521 2655//4521 2637//4521
f 5683//4522 2629//4522 5710//4522
f 2629//4523 2643//4523 5710//4523
f 2642//4524 2659//4524 2644//4524
f 2659//4525 2547//4525 2644//4525
f 2654//4526 2606//4526 2552//4526
f 2606//4527 2641//4527 2552//4527
f 2651//4528 2617//4528 5715//4528
f 5715//4528 2617//4528 5714//4528
f 2988//4529 5631//4529 3064//4529
f 3064//4529 5631//4529 2630//4529
f 2638//4530 2595//4530 2560//4530
f 2560//4531 2595//4531 5926//4531
f 5707//4532 2661//4532 5709//4532
f 5709//4533 2661//4533 2660//4533
f 2662//4534 2663//4534 2614//4534
f 2663//4535 2636//4535 2614//4535
f 2653//4536 2646//4536 2635//4536
f 2646//4537 2620//4537 2635//4537
f 2663//4538 2653//4538 2636//4538
f 2653//4539 2635//4539 2636//4539
f 2775//4540 2776//4540 2670//4540
f 2776//4540 2671//4540 2670//4540
f 3107//4541 2669//4541 3220//4541
f 2669//4542 2774//4542 3220//4542
f 5719//4543 2775//4543 5720//4543
f 2775//4544 2670//4544 5720//4544
f 5838//4545 5927//4545 2776//4545
f 5927//4546 2671//4546 2776//4546
f 5725//4547 5740//4547 5821//4547
f 5740//4548 5729//4548 5821//4548
f 5740//4549 2678//4549 2680//4549
f 2678//4550 5739//4550 2680//4550
f 2794//4551 2792//4551 2675//4551
f 2792//4552 5747//4552 2675//4552
f 2676//4553 5736//4553 5734//4553
f 5736//4554 5738//4554 5734//4554
f 5735//4555 5724//4555 2683//4555
f 5726//4556 2682//4556 5728//4556
f 5731//4557 2774//4557 5732//4557
f 2774//4558 2669//4558 5732//4558
f 5729//4559 5740//4559 5730//4559
f 5740//4560 2680//4560 5730//4560
f 5736//4561 2676//4561 5737//4561
f 2773//4562 2666//4562 2672//4562
f 2666//4562 2668//4562 2672//4562
f 5735//4563 5733//4563 5724//4563
f 5724//4564 5733//4564 5723//4564
f 2698//4565 5737//4565 2676//4565
f 5742//27 2685//27 5741//27
f 2685//27 2686//27 5741//27
f 5744//4566 5746//4566 2674//4566
f 2674//4567 5746//4567 5745//4567
f 5727//4568 2689//4568 5726//4568
f 5726//4569 2689//4569 2682//4569
f 5730//4570 2680//4570 2687//4570
f 2680//4571 2679//4571 2687//4571
f 2699//4572 2689//4572 5748//4572
f 5748//4573 2689//4573 5727//4573
f 5733//4574 2692//4574 5723//4574
f 5723//4575 2692//4575 2695//4575
f 2704//4576 2696//4576 5751//4576
f 2696//4577 2676//4577 5751//4577
f 2692//4578 2691//4578 2695//4578
f 2695//4578 2691//4578 5750//4578
f 2691//4579 5832//4579 5750//4579
f 5750//4580 5832//4580 5749//4580
f 2693//4581 2694//4581 2792//4581
f 2694//4582 5747//4582 2792//4582
f 2673//4583 2704//4583 5752//4583
f 2704//4584 5751//4584 5752//4584
f 5743//4585 2698//4585 2696//4585
f 2698//4586 2676//4586 2696//4586
f 2675//4587 2677//4587 2794//4587
f 2677//4588 2785//4588 2794//4588
f 5752//4589 2788//4589 2673//4589
f 2788//4590 2667//4590 2673//4590
f 2688//4591 5722//4591 2684//4591
f 2684//4591 5722//4591 5721//4591
f 3133//4592 3134//4592 5840//4592
f 5840//4592 3134//4592 2697//4592
f 2664//4593 2795//4593 2665//4593
f 2665//4594 2795//4594 5778//4594
f 5748//4595 5746//4595 2699//4595
f 2699//4596 5746//4596 5744//4596
f 2700//4597 2681//4597 2701//4597
f 2681//4598 2703//4598 2701//4598
f 2690//4599 2702//4599 2679//4599
f 2702//4600 2687//4600 2679//4600
f 2701//4601 2703//4601 2690//4601
f 2703//4602 2702//4602 2690//4602
f 2599//4603 2670//4603 2706//4603
f 2670//4603 2671//4603 2706//4603
f 3107//4604 3145//4604 2669//4604
f 3145//4605 2598//4605 2669//4605
f 5660//4606 5720//4606 2599//4606
f 5720//4607 2670//4607 2599//4607
f 2596//4608 2706//4608 5927//4608
f 2706//4609 2671//4609 5927//4609
f 5755//4610 5668//4610 5766//4610
f 5668//4611 5777//4611 5766//4611
f 5766//4612 2712//4612 2710//4612
f 2712//4613 5765//4613 2710//4613
f 2724//4614 2707//4614 2627//4614
f 2707//4615 5767//4615 2627//4615
f 2708//4616 5760//4616 5762//4616
f 5760//4617 5764//4617 5762//4617
f 5761//4618 2714//4618 5754//4618
f 5756//4619 5758//4619 2713//4619
f 2597//4620 5732//4620 2598//4620
f 5732//4621 2669//4621 2598//4621
f 5777//4622 5730//4622 5766//4622
f 5730//4623 2712//4623 5766//4623
f 5762//4624 5763//4624 2708//4624
f 5669//4625 2672//4625 5671//4625
f 2672//4625 2668//4625 5671//4625
f 5761//4626 5754//4626 5759//4626
f 5759//4627 5754//4627 5753//4627
f 5775//4628 2708//4628 5763//4628
f 5682//27 5741//27 2715//27
f 5741//27 2686//27 2715//27
f 2726//4629 2674//4629 5774//4629
f 5774//4630 2674//4630 5745//4630
f 5757//4631 5756//4631 2716//4631
f 2716//4632 5756//4632 2713//4632
f 5730//4633 2687//4633 2712//4633
f 2687//4634 2711//4634 2712//4634
f 2727//4635 5768//4635 2716//4635
f 2716//4636 5768//4636 5757//4636
f 5759//4637 5753//4637 5773//4637
f 5773//4637 5753//4637 2723//4637
f 2704//4638 2720//4638 2696//4638
f 2720//4639 2708//4639 2696//4639
f 5773//4640 2723//4640 5770//4640
f 5770//4641 2723//4641 5772//4641
f 5770//4642 5772//4642 5769//4642
f 5769//4643 5772//4643 5771//4643
f 2721//4644 2627//4644 2722//4644
f 2627//4645 5767//4645 2722//4645
f 2673//4646 2719//4646 2704//4646
f 2719//4647 2720//4647 2704//4647
f 5743//4648 2696//4648 5775//4648
f 2696//4649 2708//4649 5775//4649
f 2707//4650 2724//4650 2709//4650
f 2724//4651 2618//4651 2709//4651
f 2719//4652 2673//4652 2718//4652
f 2673//4653 2600//4653 2718//4653
f 2621//4654 2684//4654 2705//4654
f 2705//4654 2684//4654 5721//4654
f 3164//4655 5779//4655 3134//4655
f 3134//4655 5779//4655 2697//4655
f 5776//4656 2665//4656 2725//4656
f 2725//4657 2665//4657 5778//4657
f 5768//4658 2727//4658 5774//4658
f 5774//4659 2727//4659 2726//4659
f 2728//4660 2729//4660 2681//4660
f 2729//4661 2703//4661 2681//4661
f 2717//4662 2711//4662 2702//4662
f 2711//4663 2687//4663 2702//4663
f 2729//4664 2717//4664 2703//4664
f 2717//4665 2702//4665 2703//4665
f 2840//4666 2841//4666 2737//4666
f 2841//4666 2738//4666 2737//4666
f 3180//4667 2736//4667 3174//4667
f 2736//4668 2839//4668 3174//4668
f 5780//4669 2840//4669 5781//4669
f 2840//4670 2737//4670 5781//4670
f 2732//4671 5792//4671 2841//4671
f 5792//4672 2738//4672 2841//4672
f 5786//4673 5802//4673 5790//4673
f 5802//4674 5892//4674 5790//4674
f 5802//4675 2745//4675 2747//4675
f 2745//4676 5801//4676 2747//4676
f 2763//4677 2857//4677 2742//4677
f 2857//4678 5809//4678 2742//4678
f 2743//4679 5798//4679 5796//4679
f 5798//4680 5800//4680 5796//4680
f 5797//4681 2750//4681 5785//4681
f 5787//4682 2749//4682 5789//4682
f 2733//4683 2839//4683 5794//4683
f 2839//4684 2736//4684 5794//4684
f 5892//4685 5802//4685 2753//4685
f 5802//4686 2747//4686 2753//4686
f 5798//4687 2743//4687 5799//4687
f 5791//4688 5793//4688 2739//4688
f 5793//4688 2735//4688 2739//4688
f 5797//4689 5785//4689 5795//4689
f 5785//4690 5784//4690 5795//4690
f 2766//4691 5799//4691 2743//4691
f 5804//27 2850//27 5803//27
f 2850//27 5928//27 5803//27
f 5806//4692 5808//4692 2741//4692
f 2741//4693 5808//4693 5807//4693
f 5788//4694 2756//4694 5787//4694
f 5787//4695 2756//4695 2749//4695
f 2753//4696 2747//4696 2754//4696
f 2747//4697 2746//4697 2754//4697
f 2767//4698 2756//4698 5810//4698
f 5810//4699 2756//4699 5788//4699
f 5795//4700 5784//4700 2759//4700
f 5784//4701 2762//4701 2759//4701
f 2772//4702 2764//4702 5813//4702
f 2764//4703 2743//4703 5813//4703
f 2759//4704 2762//4704 2758//4704
f 2762//4705 5812//4705 2758//4705
f 2758//4706 5812//4706 5886//4706
f 5812//4707 5811//4707 5886//4707
f 2760//4708 2761//4708 2857//4708
f 2761//4709 5809//4709 2857//4709
f 2740//4710 2772//4710 5814//4710
f 2772//4711 5813//4711 5814//4711
f 5805//4712 2766//4712 2764//4712
f 2766//4713 2743//4713 2764//4713
f 2742//4714 2744//4714 2763//4714
f 2744//4715 2752//4715 2763//4715
f 5814//4716 2853//4716 2740//4716
f 2853//4717 2734//4717 2740//4717
f 2755//4718 5783//4718 2751//4718
f 2751//4718 5783//4718 5782//4718
f 3305//4719 3207//4719 5894//4719
f 5894//4719 3207//4719 2765//4719
f 2730//4720 2859//4720 2731//4720
f 2731//4721 2859//4721 5839//4721
f 5810//4722 5808//4722 2767//4722
f 2767//4723 5808//4723 5806//4723
f 2768//4724 2748//4724 2769//4724
f 2748//4725 2771//4725 2769//4725
f 2757//4726 2770//4726 2746//4726
f 2770//4727 2754//4727 2746//4727
f 2769//4728 2771//4728 2757//4728
f 2771//4729 2770//4729 2757//4729
f 2775//4730 2737//4730 2776//4730
f 2737//4730 2738//4730 2776//4730
f 3180//4731 3220//4731 2736//4731
f 3220//4732 2774//4732 2736//4732
f 5719//4733 5781//4733 2775//4733
f 5781//4734 2737//4734 2775//4734
f 5838//4735 2776//4735 5792//4735
f 2776//4736 2738//4736 5792//4736
f 5817//4737 5821//4737 5829//4737
f 5821//4738 5729//4738 5829//4738
f 5829//4739 2782//4739 2780//4739
f 2782//4740 5828//4740 2780//4740
f 2794//4741 2777//4741 2792//4741
f 2777//4742 5830//4742 2792//4742
f 2778//4743 5823//4743 5825//4743
f 5823//4744 5827//4744 5825//4744
f 5824//4745 2784//4745 5816//4745
f 5818//4746 5820//4746 2783//4746
f 5731//4747 5794//4747 2774//4747
f 5794//4748 2736//4748 2774//4748
f 5729//4749 2753//4749 5829//4749
f 2753//4750 2782//4750 5829//4750
f 5825//4751 5826//4751 2778//4751
f 2773//4752 2739//4752 2666//4752
f 2739//4752 2735//4752 2666//4752
f 5824//4753 5816//4753 5822//4753
f 5822//4754 5816//4754 5815//4754
f 5836//4755 2778//4755 5826//4755
f 5742//27 5803//27 2685//27
f 5803//27 5928//27 2685//27
f 2796//4756 2741//4756 5835//4756
f 5835//4757 2741//4757 5807//4757
f 5819//4758 5818//4758 2786//4758
f 2786//4759 5818//4759 2783//4759
f 2753//4760 2754//4760 2782//4760
f 2754//4761 2781//4761 2782//4761
f 2797//4762 5831//4762 2786//4762
f 2786//4763 5831//4763 5819//4763
f 5822//4764 5815//4764 5834//4764
f 5834//4765 5815//4765 2793//4765
f 2772//4766 2790//4766 2764//4766
f 2790//4767 2778//4767 2764//4767
f 5834//4768 2793//4768 5833//4768
f 5833//4768 2793//4768 5837//4768
f 5833//4769 5837//4769 5832//4769
f 5832//4770 5837//4770 5749//4770
f 2693//4771 2792//4771 2791//4771
f 2792//4772 5830//4772 2791//4772
f 2740//4773 2789//4773 2772//4773
f 2789//4774 2790//4774 2772//4774
f 5805//4775 2764//4775 5836//4775
f 2764//4776 2778//4776 5836//4776
f 2777//4777 2794//4777 2779//4777
f 2794//4778 2785//4778 2779//4778
f 2789//4779 2740//4779 2788//4779
f 2740//4780 2667//4780 2788//4780
f 2688//4781 2751//4781 5722//4781
f 5722//4781 2751//4781 5782//4781
f 3133//4730 5840//4730 3207//4730
f 3207//4730 5840//4730 2765//4730
f 2664//4782 2731//4782 2795//4782
f 2795//4783 2731//4783 5839//4783
f 5831//4784 2797//4784 5835//4784
f 5835//4785 2797//4785 2796//4785
f 2798//4786 2799//4786 2748//4786
f 2799//4787 2771//4787 2748//4787
f 2787//4788 2781//4788 2770//4788
f 2781//4789 2754//4789 2770//4789
f 2799//4790 2787//4790 2771//4790
f 2787//4791 2770//4791 2771//4791
f 2885//4792 2801//4792 2805//4792
f 2801//4792 2806//4792 2805//4792
f 3251//4793 2804//4793 3335//4793
f 2804//4794 2884//4794 3335//4794
f 5841//4795 2885//4795 5842//4795
f 2885//4796 2805//4796 5842//4796
f 2882//4797 5930//4797 2801//4797
f 5930//4798 2806//4798 2801//4798
f 5845//4799 5856//4799 5901//4799
f 5856//4800 5920//4800 5901//4800
f 5856//4801 2813//4801 2815//4801
f 2813//4802 5855//4802 2815//4802
f 2905//4803 2903//4803 2810//4803
f 2903//4804 5863//4804 2810//4804
f 2811//4805 5852//4805 5850//4805
f 5852//4806 5854//4806 5850//4806
f 5851//4807 5844//4807 2818//4807
f 5846//4808 2817//4808 5848//4808
f 2883//4809 2884//4809 5931//4809
f 2884//4810 2804//4810 5931//4810
f 5920//4811 5856//4811 2820//4811
f 5856//4812 2815//4812 2820//4812
f 5852//4813 2811//4813 5853//4813
f 5921//4814 5922//4814 2807//4814
f 5922//4814 2803//4814 2807//4814
f 5851//4815 5849//4815 5844//4815
f 5844//4816 5849//4816 5843//4816
f 2832//4817 5853//4817 2811//4817
f 5858//27 2894//27 5857//27
f 2894//27 5893//27 5857//27
f 5860//4818 5862//4818 2809//4818
f 2809//4819 5862//4819 5861//4819
f 5847//4820 2823//4820 5846//4820
f 5846//4821 2823//4821 2817//4821
f 2820//4822 2815//4822 2821//4822
f 2815//4823 2814//4823 2821//4823
f 2833//4824 2823//4824 5864//4824
f 5864//4825 2823//4825 5847//4825
f 5849//4826 2826//4826 5843//4826
f 5843//4827 2826//4827 2828//4827
f 2838//4828 2829//4828 5865//4828
f 2829//4829 2811//4829 5865//4829
f 2826//4830 2825//4830 2828//4830
f 2828//4831 2825//4831 5869//4831
f 2825//4832 5912//4832 5869//4832
f 5869//4832 5912//4832 5914//4832
f 2901//4833 2827//4833 2903//4833
f 2827//4834 5863//4834 2903//4834
f 2808//4835 2838//4835 5868//4835
f 2838//4836 5865//4836 5868//4836
f 5859//4837 2832//4837 2829//4837
f 2832//4838 2811//4838 2829//4838
f 2810//4839 2812//4839 2905//4839
f 2812//4840 2895//4840 2905//4840
f 5868//4841 2898//4841 2808//4841
f 2898//4842 2802//4842 2808//4842
f 2822//4843 5919//4843 2819//4843
f 2819//4843 5919//4843 5929//4843
f 3356//4844 3275//4844 5867//4844
f 5867//4844 3275//4844 2830//4844
f 2881//4845 2831//4845 2800//4845
f 2800//4846 2831//4846 5866//4846
f 5864//4847 5862//4847 2833//4847
f 2833//4848 5862//4848 5860//4848
f 2834//4849 2816//4849 2835//4849
f 2816//4850 2837//4850 2835//4850
f 2824//4851 2836//4851 2814//4851
f 2836//4852 2821//4852 2814//4852
f 2835//4853 2837//4853 2824//4853
f 2837//4854 2836//4854 2824//4854
f 2840//4855 2805//4855 2841//4855
f 2805//4855 2806//4855 2841//4855
f 3251//4856 3174//4856 2804//4856
f 3174//4857 2839//4857 2804//4857
f 5780//4858 5842//4858 2840//4858
f 5842//4859 2805//4859 2840//4859
f 2732//4860 2841//4860 5930//4860
f 2841//4861 2806//4861 5930//4861
f 5872//4862 5790//4862 5883//4862
f 5790//4863 5892//4863 5883//4863
f 5883//4864 2847//4864 2845//4864
f 2847//4864 5882//4864 2845//4864
f 2763//4677 2842//4677 2857//4677
f 2842//4865 5884//4865 2857//4865
f 2843//4866 5877//4866 5879//4866
f 5877//4867 5881//4867 5879//4867
f 5878//4868 5871//4868 2849//4868
f 5873//4869 5875//4869 2848//4869
f 2733//4870 5931//4870 2839//4870
f 5931//4871 2804//4871 2839//4871
f 5892//4872 2820//4872 5883//4872
f 2820//4873 2847//4873 5883//4873
f 5879//4874 5880//4874 2843//4874
f 5791//4875 2807//4875 5793//4875
f 2807//4875 2803//4875 5793//4875
f 5878//4876 5876//4876 5871//4876
f 5876//4877 5870//4877 5871//4877
f 5890//4878 2843//4878 5880//4878
f 5804//27 5857//27 2850//27
f 5857//27 5893//27 2850//27
f 2860//4879 2809//4879 5889//4879
f 5889//4880 2809//4880 5861//4880
f 5874//4881 5873//4881 2851//4881
f 2851//4882 5873//4882 2848//4882
f 2820//4883 2821//4883 2847//4883
f 2821//4884 2846//4884 2847//4884
f 2861//4885 5885//4885 2851//4885
f 2851//4886 5885//4886 5874//4886
f 5876//4887 5888//4887 5870//4887
f 5888//4888 2858//4888 5870//4888
f 2838//4889 2855//4889 2829//4889
f 2855//4890 2843//4890 2829//4890
f 5888//4891 5887//4891 2858//4891
f 5887//4891 5891//4891 2858//4891
f 5887//4892 5886//4892 5891//4892
f 5886//4893 5811//4893 5891//4893
f 2760//4894 2857//4894 2856//4894
f 2857//4895 5884//4895 2856//4895
f 2808//4896 2854//4896 2838//4896
f 2854//4897 2855//4897 2838//4897
f 5859//4898 2829//4898 5890//4898
f 2829//4899 2843//4899 5890//4899
f 2842//4900 2763//4900 2844//4900
f 2763//4901 2752//4901 2844//4901
f 2854//4902 2808//4902 2853//4902
f 2808//4903 2734//4903 2853//4903
f 2755//4875 2819//4875 5783//4875
f 5783//4875 2819//4875 5929//4875
f 3305//4855 5894//4855 3275//4855
f 3275//4855 5894//4855 2830//4855
f 2730//4904 2800//4904 2859//4904
f 2859//4905 2800//4905 5866//4905
f 5885//4906 2861//4906 5889//4906
f 5889//4907 2861//4907 2860//4907
f 2862//4908 2863//4908 2816//4908
f 2863//4909 2837//4909 2816//4909
f 2852//4910 2846//4910 2836//4910
f 2846//4911 2821//4911 2836//4911
f 2863//4912 2852//4912 2837//4912
f 2852//4913 2836//4913 2837//4913
f 2885//4914 2867//4914 2801//4914
f 2867//4914 2868//4914 2801//4914
f 3316//4915 3335//4915 2866//4915
f 3335//4916 2884//4916 2866//4916
f 5841//4917 4474//4917 2885//4917
f 4474//4918 2867//4918 2885//4918
f 2882//4919 2801//4919 4460//4919
f 2801//4920 2868//4920 4460//4920
f 5897//4921 5901//4921 5909//4921
f 5901//4922 5920//4922 5909//4922
f 5909//4923 2891//4923 2889//4923
f 2891//4924 5908//4924 2889//4924
f 2905//4925 2886//4925 2903//4925
f 2886//4926 5910//4926 2903//4926
f 2887//4927 5903//4927 5905//4927
f 5903//4928 5907//4928 5905//4928
f 5904//4929 2893//4929 5896//4929
f 5898//4930 2892//4930 5900//4930
f 2883//4931 4462//4931 2884//4931
f 4462//4932 2866//4932 2884//4932
f 5920//4933 2874//4933 5909//4933
f 2874//4934 2891//4934 5909//4934
f 5905//4935 5906//4935 2887//4935
f 5921//4936 2869//4936 5922//4936
f 2869//4936 2865//4936 5922//4936
f 5904//4937 5896//4937 5902//4937
f 5902//4938 5896//4938 5895//4938
f 5918//4939 2887//4939 5906//4939
f 5858//27 4475//27 2894//27
f 4475//27 4458//27 2894//27
f 2906//4940 5917//4940 2871//4940
f 5917//4941 2872//4941 2871//4941
f 5899//4942 2896//4942 5898//4942
f 2896//4943 2892//4943 5898//4943
f 2874//4944 2875//4944 2891//4944
f 2875//4945 2890//4945 2891//4945
f 2907//4946 2896//4946 5911//4946
f 2896//4947 5899//4947 5911//4947
f 5902//4948 5895//4948 5916//4948
f 5916//4949 5895//4949 2904//4949
f 2880//4950 2900//4950 2876//4950
f 2900//4951 2887//4951 2876//4951
f 5916//4952 2904//4952 5913//4952
f 5913//4953 2904//4953 5915//4953
f 5913//4954 5915//4954 5912//4954
f 5912//4955 5915//4955 5914//4955
f 2901//4956 2903//4956 2902//4956
f 2903//4957 5910//4957 2902//4957
f 2870//4958 2899//4958 2880//4958
f 2899//4959 2900//4959 2880//4959
f 4463//4960 2876//4960 5918//4960
f 2876//4961 2887//4961 5918//4961
f 2886//4962 2905//4962 2888//4962
f 2905//4963 2895//4963 2888//4963
f 2899//4964 2870//4964 2898//4964
f 2870//4965 2802//4965 2898//4965
f 2822//4966 2873//4966 5919//4966
f 5919//4966 2873//4966 4455//4966
f 3356//4967 5867//4967 3325//4967
f 3325//4967 5867//4967 2877//4967
f 2881//4968 2864//4968 2831//4968
f 2831//4969 2864//4969 4476//4969
f 5911//4970 5917//4970 2907//4970
f 5917//4971 2906//4971 2907//4971
f 2908//4972 2909//4972 4464//4972
f 2909//4973 2879//4973 4464//4973
f 2897//4974 2890//4974 2878//4974
f 2890//4975 2875//4975 2878//4975
f 2909//4976 2897//4976 2879//4976
f 2897//4977 2878//4977 2879//4977
f 3002//4229 2914//4229 3003//4229
f 2914//4229 2915//4229 3003//4229
f 2916//4978 3004//4978 2913//4978
f 3004//4979 3001//4979 2913//4979
f 6012//4234 5562//4234 3002//4234
f 5562//4235 2914//4235 3002//4235
f 2999//4232 3003//4232 5563//4232
f 3003//4233 2915//4233 5563//4233
f 5935//4980 5995//4980 5947//4980
f 5995//4981 5939//4981 5947//4981
f 5947//4982 2925//4982 2923//4982
f 2925//4983 5946//4983 2923//4983
f 2942//4984 2920//4984 2940//4984
f 2920//4985 5951//4985 2940//4985
f 2921//4986 5941//4986 5943//4986
f 5941//4987 5945//4987 5943//4987
f 5942//4988 2928//4988 5934//4988
f 5936//4989 2927//4989 5938//4989
f 3000//4990 5564//4990 3001//4990
f 5564//4991 2913//4991 3001//4991
f 5939//4992 5218//4992 5947//4992
f 5218//4993 2925//4993 5947//4993
f 5943//4994 5944//4994 2921//4994
f 6014//4251 2917//4251 6015//4251
f 2917//4251 2912//4251 6015//4251
f 5942//4995 5934//4995 5940//4995
f 5940//4996 5934//4996 5933//4996
f 2946//4997 2921//4997 5944//4997
f 5948//771 5227//771 2930//771
f 5227//771 2931//771 2930//771
f 5949//4998 5950//4998 2919//4998
f 5950//4999 5231//4999 2919//4999
f 5937//5000 2934//5000 5936//5000
f 2934//5001 2927//5001 5936//5001
f 5218//5002 2932//5002 2925//5002
f 2932//5003 2924//5003 2925//5003
f 2947//5004 2934//5004 5952//5004
f 2934//5005 5937//5005 5952//5005
f 5940//5006 5933//5006 2937//5006
f 2937//5007 5933//5007 2941//5007
f 2952//5008 5955//5008 2943//5008
f 5955//5009 2921//5009 2943//5009
f 2937//5010 2941//5010 2936//5010
f 2936//5011 2941//5011 5954//5011
f 2936//5012 5954//5012 3017//5012
f 3017//5012 5954//5012 5953//5012
f 2938//5013 2940//5013 2939//5013
f 2940//5014 5951//5014 2939//5014
f 2918//5015 5956//5015 2952//5015
f 5956//5016 5955//5016 2952//5016
f 5229//5017 2943//5017 2946//5017
f 2943//5018 2921//5018 2946//5018
f 2920//5019 2942//5019 2922//5019
f 2942//5020 3014//5020 2922//5020
f 5956//5021 2918//5021 6006//5021
f 2918//5022 3005//5022 6006//5022
f 2933//4280 2929//4280 5932//4280
f 5932//4280 2929//4280 5209//4280
f 3022//4281 6016//4281 2944//4281
f 2944//4281 6016//4281 2945//4281
f 2910//5023 2911//5023 3023//5023
f 3023//5024 2911//5024 5565//5024
f 5952//5025 5950//5025 2947//5025
f 5950//5026 5949//5026 2947//5026
f 2948//5027 2949//5027 2926//5027
f 2949//5028 2951//5028 2926//5028
f 2935//5029 2924//5029 2950//5029
f 2924//5030 2932//5030 2950//5030
f 2949//5031 2935//5031 2951//5031
f 2935//5032 2950//5032 2951//5032
f 2956//4292 2960//4292 3075//4292
f 2960//4292 2961//4292 3075//4292
f 2962//5033 2957//5033 2959//5033
f 2957//5034 3074//5034 2959//5034
f 6070//4297 6013//4297 2956//4297
f 6013//4298 2960//4298 2956//4298
f 2954//4295 3075//4295 5965//4295
f 3075//4296 2961//4296 5965//4296
f 5959//5035 5963//5035 5975//5035
f 5963//5036 6073//5036 5975//5036
f 5975//5037 2971//5037 2969//5037
f 2971//5037 5974//5037 2969//5037
f 3094//5038 2966//5038 3092//5038
f 2966//5039 5980//5039 3092//5039
f 2967//5040 5969//5040 5971//5040
f 5969//5041 5973//5041 5971//5041
f 5970//5042 5958//5042 2974//5042
f 5960//5043 5962//5043 2973//5043
f 2955//5044 5967//5044 3074//5044
f 5967//5045 2959//5045 3074//5045
f 6073//5046 2977//5046 5975//5046
f 2977//5047 2971//5047 5975//5047
f 5971//5048 5972//5048 2967//5048
f 5964//4313 2963//4313 5966//4313
f 2963//4313 2958//4313 5966//4313
f 5970//5049 5968//5049 5958//5049
f 5968//5050 5957//5050 5958//5050
f 2992//5051 2967//5051 5972//5051
f 6075//771 6282//771 3085//771
f 6282//771 6281//771 3085//771
f 5977//5052 2965//5052 5979//5052
f 5979//5053 2965//5053 5978//5053
f 5961//5054 5960//5054 2979//5054
f 2979//5055 5960//5055 2973//5055
f 2977//5056 2978//5056 2971//5056
f 2978//5057 2970//5057 2971//5057
f 2993//5058 5981//5058 2979//5058
f 2979//5059 5981//5059 5961//5059
f 5968//5060 2983//5060 5957//5060
f 2983//5061 2986//5061 5957//5061
f 2998//5062 5986//5062 2987//5062
f 5986//5063 2967//5063 2987//5063
f 2983//5064 2982//5064 2986//5064
f 2982//5064 5985//5064 2986//5064
f 2982//5065 5982//5065 5985//5065
f 5982//5066 5984//5066 5985//5066
f 2984//5067 3092//5067 2985//5067
f 3092//5068 5980//5068 2985//5068
f 2964//5069 5983//5069 2998//5069
f 5983//5070 5986//5070 2998//5070
f 5976//5071 2987//5071 2992//5071
f 2987//5072 2967//5072 2992//5072
f 2966//5073 3094//5073 2968//5073
f 3094//5074 2976//5074 2968//5074
f 5983//5075 2964//5075 2981//5075
f 2964//5076 3076//5076 2981//5076
f 3086//4313 2975//4313 6072//4313
f 6072//4313 2975//4313 6280//4313
f 2988//4292 5988//4292 2989//4292
f 2989//4292 5988//4292 2990//4292
f 3073//5077 2953//5077 2991//5077
f 2991//5078 2953//5078 5987//5078
f 5981//5079 2993//5079 5979//5079
f 5979//5080 2993//5080 5977//5080
f 2994//5081 2995//5081 2972//5081
f 2995//5082 2997//5082 2972//5082
f 2980//5083 2970//5083 2996//5083
f 2970//5084 2978//5084 2996//5084
f 2995//5085 2980//5085 2997//5085
f 2980//5086 2996//5086 2997//5086
f 3002//4352 3003//4352 2960//4352
f 3003//4352 2961//4352 2960//4352
f 2962//5087 2959//5087 3004//5087
f 2959//5088 3001//5088 3004//5088
f 6012//4357 3002//4357 6013//4357
f 3002//5089 2960//5089 6013//5089
f 2999//4355 5965//4355 3003//4355
f 5965//5090 2961//5090 3003//5090
f 5991//5091 6003//5091 5995//5091
f 6003//5092 5939//5092 5995//5092
f 6003//5093 3009//5093 3011//5093
f 3009//5094 6002//5094 3011//5094
f 2942//5095 2940//5095 3006//5095
f 2940//5096 6004//5096 3006//5096
f 3007//5097 5999//5097 5997//5097
f 5999//5098 6001//5098 5997//5098
f 5998//5099 5990//5099 3013//5099
f 5992//5100 3012//5100 5994//5100
f 3000//5101 3001//5101 5967//5101
f 3001//5102 2959//5102 5967//5102
f 5939//5103 6003//5103 2977//5103
f 6003//5104 3011//5104 2977//5104
f 5999//5105 3007//5105 6000//5105
f 6014//4374 6015//4374 2963//4374
f 6015//4374 2958//4374 2963//4374
f 5998//5106 5996//5106 5990//5106
f 5990//5107 5996//5107 5989//5107
f 6010//5108 6000//5108 3007//5108
f 5948//771 2930//771 6282//771
f 2930//771 6281//771 6282//771
f 3024//5109 6009//5109 2965//5109
f 2965//5110 6009//5110 5978//5110
f 5993//5111 3015//5111 5992//5111
f 5992//5112 3015//5112 3012//5112
f 2977//5113 3011//5113 2978//5113
f 3011//5114 3010//5114 2978//5114
f 3025//5115 3015//5115 6005//5115
f 6005//5116 3015//5116 5993//5116
f 5996//5117 6008//5117 5989//5117
f 5989//5118 6008//5118 3021//5118
f 2998//5119 2987//5119 3019//5119
f 2987//5120 3007//5120 3019//5120
f 6008//5121 6007//5121 3021//5121
f 3021//5122 6007//5122 6011//5122
f 6007//5123 3017//5123 6011//5123
f 6011//5123 3017//5123 5953//5123
f 2938//5124 3020//5124 2940//5124
f 3020//5125 6004//5125 2940//5125
f 2964//5126 2998//5126 3018//5126
f 2998//5127 3019//5127 3018//5127
f 5976//5128 6010//5128 2987//5128
f 6010//5129 3007//5129 2987//5129
f 3006//5130 3008//5130 2942//5130
f 3008//5131 3014//5131 2942//5131
f 3018//5132 6006//5132 2964//5132
f 6006//5133 3005//5133 2964//5133
f 2933//4403 5932//4403 2975//4403
f 2975//4403 5932//4403 6280//4403
f 3022//4404 2989//4404 6016//4404
f 6016//4404 2989//4404 2990//4404
f 2910//5134 3023//5134 2953//5134
f 2953//5135 3023//5135 5987//5135
f 6005//5136 6009//5136 3025//5136
f 3025//5137 6009//5137 3024//5137
f 3026//5138 2972//5138 3027//5138
f 2972//5139 2997//5139 3027//5139
f 3016//5140 2996//5140 3010//5140
f 2996//5141 2978//5141 3010//5141
f 3027//5142 2997//5142 3016//5142
f 2997//5143 2996//5143 3016//5143
f 3032//4415 3036//4415 3144//4415
f 3036//4415 3037//4415 3144//4415
f 3038//5144 3145//5144 3035//5144
f 3145//5145 3031//5145 3035//5145
f 6017//4420 6018//4420 3032//4420
f 6018//4421 3036//4421 3032//4421
f 3029//4418 3144//4418 6027//4418
f 3144//4419 3037//4419 6027//4419
f 6021//5146 6025//5146 6037//5146
f 6025//5147 6134//5147 6037//5147
f 6037//5148 3047//5148 3045//5148
f 3047//5149 6036//5149 3045//5149
f 3163//5150 3042//5150 3061//5150
f 3042//5151 6044//5151 3061//5151
f 3043//5152 6031//5152 6033//5152
f 6031//5153 6035//5153 6033//5153
f 6032//5154 3050//5154 6020//5154
f 6022//5155 6024//5155 3049//5155
f 3030//5156 6029//5156 3031//5156
f 6029//5157 3035//5157 3031//5157
f 6134//5158 3053//5158 6037//5158
f 3053//5159 3047//5159 6037//5159
f 6033//5160 6034//5160 3043//5160
f 6026//4437 3039//4437 6028//4437
f 3039//4437 3034//4437 6028//4437
f 6032//5161 6020//5161 6030//5161
f 6030//5162 6020//5162 6019//5162
f 3066//5163 3043//5163 6034//5163
f 6039//771 6038//771 3154//771
f 6038//771 6074//771 3154//771
f 6041//5164 3041//5164 6043//5164
f 6043//5165 3041//5165 6042//5165
f 6023//5166 6022//5166 3056//5166
f 3056//5167 6022//5167 3049//5167
f 3053//5168 3054//5168 3047//5168
f 3054//5169 3046//5169 3047//5169
f 3067//5170 6045//5170 3056//5170
f 3056//5171 6045//5171 6023//5171
f 6030//5172 6019//5172 3059//5172
f 3059//5173 6019//5173 3062//5173
f 3072//5174 6046//5174 3063//5174
f 6046//5175 3043//5175 3063//5175
f 3059//5176 3062//5176 3058//5176
f 3058//5176 3062//5176 6048//5176
f 3058//5177 6048//5177 6126//5177
f 6126//5178 6048//5178 6128//5178
f 3160//5179 3061//5179 3060//5179
f 3061//5180 6044//5180 3060//5180
f 3040//5181 6047//5181 3072//5181
f 6047//5182 6046//5182 3072//5182
f 6040//5183 3063//5183 3066//5183
f 3063//5184 3043//5184 3066//5184
f 3042//5185 3163//5185 3044//5185
f 3163//5186 3052//5186 3044//5186
f 6047//5187 3040//5187 3157//5187
f 3040//5188 3033//5188 3157//5188
f 3055//4466 3051//4466 3143//4466
f 3143//4466 3051//4466 6071//4466
f 3164//4415 6136//4415 3064//4415
f 3064//4415 6136//4415 3065//4415
f 6133//5189 3028//5189 3165//5189
f 3165//5190 3028//5190 6283//5190
f 6045//5191 3067//5191 6043//5191
f 6043//5192 3067//5192 6041//5192
f 3068//5193 3069//5193 3048//5193
f 3069//5194 3071//5194 3048//5194
f 3057//5195 3046//5195 3070//5195
f 3046//5196 3054//5196 3070//5196
f 3069//5197 3057//5197 3071//5197
f 3057//5198 3070//5198 3071//5198
f 2956//4477 3075//4477 3036//4477
f 3075//4477 3037//4477 3036//4477
f 3038//5199 3035//5199 2957//5199
f 3035//5200 3074//5200 2957//5200
f 6070//4482 2956//4482 6018//4482
f 2956//4483 3036//4483 6018//4483
f 2954//4480 6027//4480 3075//4480
f 6027//4481 3037//4481 3075//4481
f 6051//5201 6062//5201 5963//5201
f 6062//5202 6073//5202 5963//5202
f 6062//5203 3080//5203 3082//5203
f 3080//5204 6061//5204 3082//5204
f 3094//5038 3092//5038 3077//5038
f 3092//5205 6063//5205 3077//5205
f 3078//5206 6058//5206 6056//5206
f 6058//5207 6060//5207 6056//5207
f 6057//5208 3084//5208 6050//5208
f 6052//5209 3083//5209 6054//5209
f 2955//5210 3074//5210 6029//5210
f 3074//5211 3035//5211 6029//5211
f 6073//5212 6062//5212 3053//5212
f 6062//5213 3082//5213 3053//5213
f 6058//5214 3078//5214 6059//5214
f 5964//4498 5966//4498 3039//4498
f 5966//4498 3034//4498 3039//4498
f 6057//5215 6050//5215 6055//5215
f 6050//5216 6049//5216 6055//5216
f 6067//5217 6059//5217 3078//5217
f 6075//771 3085//771 6038//771
f 3085//771 6074//771 6038//771
f 3095//5218 6066//5218 3041//5218
f 3041//5219 6066//5219 6042//5219
f 6053//5220 3087//5220 6052//5220
f 6052//5221 3087//5221 3083//5221
f 3053//5222 3082//5222 3054//5222
f 3082//5223 3081//5223 3054//5223
f 3096//5224 3087//5224 6064//5224
f 6064//5225 3087//5225 6053//5225
f 6055//5226 6049//5226 6065//5226
f 6049//5227 3093//5227 6065//5227
f 3072//5228 3063//5228 3090//5228
f 3063//5229 3078//5229 3090//5229
f 6065//5230 3093//5230 6068//5230
f 3093//5231 6069//5231 6068//5231
f 6068//5232 6069//5232 5982//5232
f 6069//5233 5984//5233 5982//5233
f 2984//5234 3091//5234 3092//5234
f 3091//5235 6063//5235 3092//5235
f 3040//5236 3072//5236 3089//5236
f 3072//5237 3090//5237 3089//5237
f 6040//5238 6067//5238 3063//5238
f 6067//5239 3078//5239 3063//5239
f 3077//5240 3079//5240 3094//5240
f 3079//5241 2976//5241 3094//5241
f 3089//5242 2981//5242 3040//5242
f 2981//5243 3076//5243 3040//5243
f 3086//4528 6072//4528 3051//4528
f 3051//4528 6072//4528 6071//4528
f 2988//4529 3064//4529 5988//4529
f 5988//4529 3064//4529 3065//4529
f 3073//5244 2991//5244 3028//5244
f 3028//5245 2991//5245 6283//5245
f 6064//5246 6066//5246 3096//5246
f 3096//5247 6066//5247 3095//5247
f 3097//5248 3048//5248 3098//5248
f 3048//5249 3071//5249 3098//5249
f 3088//5250 3070//5250 3081//5250
f 3070//5251 3054//5251 3081//5251
f 3098//5252 3071//5252 3088//5252
f 3071//5253 3070//5253 3088//5253
f 3218//4540 3105//4540 3219//4540
f 3105//4540 3106//4540 3219//4540
f 3107//5254 3220//5254 3104//5254
f 3220//5255 3217//5255 3104//5255
f 6076//4545 6077//4545 3218//4545
f 6077//4546 3105//4546 3218//4546
f 6195//4543 3219//4543 6284//4543
f 3219//4544 3106//4544 6284//4544
f 6082//5256 6178//5256 6097//5256
f 6178//5257 6086//5257 6097//5257
f 6097//5258 3116//5258 3114//5258
f 3116//5259 6096//5259 3114//5259
f 3238//5260 3111//5260 3236//5260
f 3111//5261 6104//5261 3236//5261
f 3112//5262 6091//5262 6093//5262
f 6091//5263 6095//5263 6093//5263
f 6092//5264 3119//5264 6081//5264
f 6083//5265 6085//5265 3118//5265
f 6088//5266 6089//5266 3217//5266
f 6089//5267 3104//5267 3217//5267
f 6086//5268 6087//5268 6097//5268
f 6087//5269 3116//5269 6097//5269
f 6093//5270 6094//5270 3112//5270
f 3216//4562 3108//4562 3101//4562
f 3108//4562 3103//4562 3101//4562
f 6092//5271 6081//5271 6090//5271
f 6090//5272 6081//5272 6080//5272
f 3136//5273 3112//5273 6094//5273
f 6099//771 6098//771 3121//771
f 6098//771 3122//771 3121//771
f 6101//5274 3110//5274 6103//5274
f 6103//5275 3110//5275 6102//5275
f 6084//5276 6083//5276 3125//5276
f 3125//5277 6083//5277 3118//5277
f 6087//5278 3123//5278 3116//5278
f 3123//5279 3115//5279 3116//5279
f 3137//5280 6105//5280 3125//5280
f 3125//5281 6105//5281 6084//5281
f 6090//5282 6080//5282 3128//5282
f 3128//5283 6080//5283 3131//5283
f 3142//5284 6108//5284 3132//5284
f 6108//5285 3112//5285 3132//5285
f 3128//5286 3131//5286 3127//5286
f 3127//5286 3131//5286 6107//5286
f 3127//5287 6107//5287 6189//5287
f 6189//5288 6107//5288 6106//5288
f 3129//5289 3236//5289 3130//5289
f 3236//5290 6104//5290 3130//5290
f 3109//5291 6109//5291 3142//5291
f 6109//5292 6108//5292 3142//5292
f 6100//5293 3132//5293 3136//5293
f 3132//5294 3112//5294 3136//5294
f 3111//5295 3238//5295 3113//5295
f 3238//5296 3229//5296 3113//5296
f 6109//5297 3109//5297 3232//5297
f 3109//5298 3102//5298 3232//5298
f 3124//4591 3120//4591 6079//4591
f 6079//4591 3120//4591 6078//4591
f 3133//4592 6197//4592 3134//4592
f 3134//4592 6197//4592 3135//4592
f 3099//5299 3100//5299 3239//5299
f 3239//5300 3100//5300 6135//5300
f 6105//5301 3137//5301 6103//5301
f 6103//5302 3137//5302 6101//5302
f 3138//5303 3139//5303 3117//5303
f 3139//5304 3141//5304 3117//5304
f 3126//5305 3115//5305 3140//5305
f 3115//5306 3123//5306 3140//5306
f 3139//5307 3126//5307 3141//5307
f 3126//5308 3140//5308 3141//5308
f 3032//4603 3144//4603 3105//4603
f 3144//4603 3106//4603 3105//4603
f 3107//5309 3104//5309 3145//5309
f 3104//5310 3031//5310 3145//5310
f 6017//4608 3032//4608 6077//4608
f 3032//4609 3105//4609 6077//4609
f 3029//4606 6284//4606 3144//4606
f 6284//4607 3106//4607 3144//4607
f 6112//5311 6123//5311 6025//5311
f 6123//5312 6134//5312 6025//5312
f 6123//5313 3149//5313 3151//5313
f 3149//5314 6122//5314 3151//5314
f 3163//5315 3061//5315 3146//5315
f 3061//5316 6124//5316 3146//5316
f 3147//5317 6119//5317 6117//5317
f 6119//5318 6121//5318 6117//5318
f 6118//5319 6111//5319 3153//5319
f 6113//5320 3152//5320 6115//5320
f 3030//5321 3031//5321 6089//5321
f 3031//5322 3104//5322 6089//5322
f 6134//5323 6123//5323 6087//5323
f 6123//5324 3151//5324 6087//5324
f 6119//5325 3147//5325 6120//5325
f 6026//4625 6028//4625 3108//4625
f 6028//4625 3103//4625 3108//4625
f 6118//5326 6116//5326 6111//5326
f 6111//5327 6116//5327 6110//5327
f 6132//5328 6120//5328 3147//5328
f 6039//771 3154//771 6098//771
f 3154//771 3122//771 6098//771
f 3166//5329 6131//5329 3110//5329
f 3110//5330 6131//5330 6102//5330
f 6114//5331 3155//5331 6113//5331
f 6113//5332 3155//5332 3152//5332
f 6087//5333 3151//5333 3123//5333
f 3151//5334 3150//5334 3123//5334
f 3167//5335 3155//5335 6125//5335
f 6125//5336 3155//5336 6114//5336
f 6116//5337 6130//5337 6110//5337
f 6110//5337 6130//5337 3162//5337
f 3142//5338 3132//5338 3159//5338
f 3132//5339 3147//5339 3159//5339
f 6130//5340 6127//5340 3162//5340
f 3162//5341 6127//5341 6129//5341
f 6127//5342 6126//5342 6129//5342
f 6129//5343 6126//5343 6128//5343
f 3160//5344 3161//5344 3061//5344
f 3161//5345 6124//5345 3061//5345
f 3109//5346 3142//5346 3158//5346
f 3142//5347 3159//5347 3158//5347
f 6100//5348 6132//5348 3132//5348
f 6132//5349 3147//5349 3132//5349
f 3146//5350 3148//5350 3163//5350
f 3148//5351 3052//5351 3163//5351
f 3158//5352 3157//5352 3109//5352
f 3157//5353 3033//5353 3109//5353
f 3055//4654 3143//4654 3120//4654
f 3120//4654 3143//4654 6078//4654
f 3164//4655 3134//4655 6136//4655
f 6136//4655 3134//4655 3135//4655
f 6133//5354 3165//5354 3100//5354
f 3100//5355 3165//5355 6135//5355
f 6125//5356 6131//5356 3167//5356
f 3167//5357 6131//5357 3166//5357
f 3168//5358 3117//5358 3169//5358
f 3117//5359 3141//5359 3169//5359
f 3156//5360 3140//5360 3150//5360
f 3140//5361 3123//5361 3150//5361
f 3169//5362 3141//5362 3156//5362
f 3141//5363 3140//5363 3156//5363
f 3286//4666 3178//4666 3287//4666
f 3178//4666 3179//4666 3287//4666
f 3180//5364 3174//5364 3177//5364
f 3174//5365 3285//5365 3177//5365
f 6137//4671 6138//4671 3286//4671
f 6138//4672 3178//4672 3286//4672
f 3172//4669 3287//4669 6149//4669
f 3287//4670 3179//4670 6149//4670
f 6143//5366 6147//5366 6159//5366
f 6147//5367 6249//5367 6159//5367
f 6159//5368 3189//5368 3187//5368
f 3189//5369 6158//5369 3187//5369
f 3205//5370 3184//5370 3303//5370
f 3184//5371 6166//5371 3303//5371
f 3185//5372 6153//5372 6155//5372
f 6153//5373 6157//5373 6155//5373
f 6154//5374 6142//5374 3192//5374
f 6144//5375 6146//5375 3191//5375
f 3173//5376 6151//5376 3285//5376
f 6151//5377 3177//5377 3285//5377
f 6249//5378 3195//5378 6159//5378
f 3195//5379 3189//5379 6159//5379
f 6155//5380 6156//5380 3185//5380
f 6148//4688 3181//4688 6150//4688
f 3181//4688 3176//4688 6150//4688
f 6154//5381 6152//5381 6142//5381
f 6152//5382 6141//5382 6142//5382
f 3209//5383 3185//5383 6156//5383
f 6161//771 6160//771 3296//771
f 6160//771 6285//771 3296//771
f 6163//5384 3183//5384 6165//5384
f 6165//5385 3183//5385 6164//5385
f 6145//5386 6144//5386 3198//5386
f 3198//5387 6144//5387 3191//5387
f 3195//5388 3196//5388 3189//5388
f 3196//5389 3188//5389 3189//5389
f 3210//5390 6167//5390 3198//5390
f 3198//5391 6167//5391 6145//5391
f 6152//5392 3201//5392 6141//5392
f 3201//5393 3204//5393 6141//5393
f 3215//5394 6170//5394 3206//5394
f 6170//5395 3185//5395 3206//5395
f 3201//5396 3200//5396 3204//5396
f 3200//5397 6169//5397 3204//5397
f 3200//5398 6243//5398 6169//5398
f 6243//5399 6168//5399 6169//5399
f 3202//5400 3303//5400 3203//5400
f 3303//5401 6166//5401 3203//5401
f 3182//5402 6171//5402 3215//5402
f 6171//5403 6170//5403 3215//5403
f 6162//5404 3206//5404 3209//5404
f 3206//5405 3185//5405 3209//5405
f 3184//5406 3205//5406 3186//5406
f 3205//5407 3194//5407 3186//5407
f 6171//5408 3182//5408 3299//5408
f 3182//5409 3175//5409 3299//5409
f 3197//4718 3193//4718 6140//4718
f 6140//4718 3193//4718 6139//4718
f 3305//4719 6251//4719 3207//4719
f 3207//4719 6251//4719 3208//4719
f 3170//5410 3171//5410 3306//5410
f 3306//5411 3171//5411 6196//5411
f 6167//5412 3210//5412 6165//5412
f 6165//5413 3210//5413 6163//5413
f 3211//5414 3212//5414 3190//5414
f 3212//5415 3214//5415 3190//5415
f 3199//5416 3188//5416 3213//5416
f 3188//5417 3196//5417 3213//5417
f 3212//5418 3199//5418 3214//5418
f 3199//5419 3213//5419 3214//5419
f 3218//4730 3219//4730 3178//4730
f 3219//4730 3179//4730 3178//4730
f 3180//5420 3177//5420 3220//5420
f 3177//5421 3217//5421 3220//5421
f 6076//4735 3218//4735 6138//4735
f 3218//4736 3178//4736 6138//4736
f 6195//4733 6149//4733 3219//4733
f 6149//4734 3179//4734 3219//4734
f 6174//5422 6186//5422 6178//5422
f 6186//5423 6086//5423 6178//5423
f 6186//5424 3224//5424 3226//5424
f 3224//5425 6185//5425 3226//5425
f 3238//5426 3236//5426 3221//5426
f 3236//5427 6187//5427 3221//5427
f 3222//5428 6182//5428 6180//5428
f 6182//5429 6184//5429 6180//5429
f 6181//5430 6173//5430 3228//5430
f 6175//5431 3227//5431 6177//5431
f 6088//5432 3217//5432 6151//5432
f 3217//5433 3177//5433 6151//5433
f 6086//5434 6186//5434 3195//5434
f 6186//5435 3226//5435 3195//5435
f 6182//5436 3222//5436 6183//5436
f 3216//4752 3101//4752 3181//4752
f 3101//4752 3176//4752 3181//4752
f 6181//5437 6179//5437 6173//5437
f 6173//5438 6179//5438 6172//5438
f 6193//5439 6183//5439 3222//5439
f 6099//771 3121//771 6160//771
f 3121//771 6285//771 6160//771
f 3240//5440 6192//5440 3183//5440
f 3183//5441 6192//5441 6164//5441
f 6176//5442 3230//5442 6175//5442
f 6175//5443 3230//5443 3227//5443
f 3195//5444 3226//5444 3196//5444
f 3226//5445 3225//5445 3196//5445
f 3241//5446 3230//5446 6188//5446
f 6188//5447 3230//5447 6176//5447
f 6179//5448 6191//5448 6172//5448
f 6172//5449 6191//5449 3237//5449
f 3215//5450 3206//5450 3234//5450
f 3206//5451 3222//5451 3234//5451
f 6191//5452 6190//5452 3237//5452
f 3237//5452 6190//5452 6194//5452
f 6190//5453 6189//5453 6194//5453
f 6194//5454 6189//5454 6106//5454
f 3129//5455 3235//5455 3236//5455
f 3235//5456 6187//5456 3236//5456
f 3182//5457 3215//5457 3233//5457
f 3215//5458 3234//5458 3233//5458
f 6162//5459 6193//5459 3206//5459
f 6193//5460 3222//5460 3206//5460
f 3221//5461 3223//5461 3238//5461
f 3223//5462 3229//5462 3238//5462
f 3233//5463 3232//5463 3182//5463
f 3232//5464 3102//5464 3182//5464
f 3124//4781 6079//4781 3193//4781
f 3193//4781 6079//4781 6139//4781
f 3133//4730 3207//4730 6197//4730
f 6197//4730 3207//4730 3208//4730
f 3099//5465 3239//5465 3171//5465
f 3171//5466 3239//5466 6196//5466
f 6188//5467 6192//5467 3241//5467
f 3241//5468 6192//5468 3240//5468
f 3242//5469 3190//5469 3243//5469
f 3190//5470 3214//5470 3243//5470
f 3231//5471 3213//5471 3225//5471
f 3213//5472 3196//5472 3225//5472
f 3243//5473 3214//5473 3231//5473
f 3214//5474 3213//5474 3231//5474
f 3334//4792 3249//4792 3245//4792
f 3249//4792 3250//4792 3245//4792
f 3251//5475 3335//5475 3248//5475
f 3335//5476 3333//5476 3248//5476
f 6198//4797 6199//4797 3334//4797
f 6199//4798 3249//4798 3334//4798
f 3331//4795 3245//4795 6287//4795
f 3245//4796 3250//4796 6287//4796
f 6202//5477 6258//5477 6213//5477
f 6258//5478 6277//5478 6213//5478
f 6213//5479 3260//5479 3258//5479
f 3260//5480 6212//5480 3258//5480
f 3355//5481 3255//5481 3353//5481
f 3255//5482 6220//5482 3353//5482
f 3256//5483 6207//5483 6209//5483
f 6207//5484 6211//5484 6209//5484
f 6208//5485 3263//5485 6201//5485
f 6203//5486 6205//5486 3262//5486
f 3332//5487 6288//5487 3333//5487
f 6288//5488 3248//5488 3333//5488
f 6277//5489 3265//5489 6213//5489
f 3265//5490 3260//5490 6213//5490
f 6209//5491 6210//5491 3256//5491
f 6278//4814 3252//4814 6279//4814
f 3252//4814 3247//4814 6279//4814
f 6208//5492 6201//5492 6206//5492
f 6206//5493 6201//5493 6200//5493
f 3278//5494 3256//5494 6210//5494
f 6215//771 6214//771 3344//771
f 6214//771 6250//771 3344//771
f 6217//5495 3254//5495 6219//5495
f 6219//5496 3254//5496 6218//5496
f 6204//5497 6203//5497 3268//5497
f 3268//5498 6203//5498 3262//5498
f 3265//5499 3266//5499 3260//5499
f 3266//5500 3259//5500 3260//5500
f 3279//5501 6221//5501 3268//5501
f 3268//5502 6221//5502 6204//5502
f 6206//5503 6200//5503 3271//5503
f 3271//5504 6200//5504 3273//5504
f 3284//5505 6222//5505 3274//5505
f 6222//5506 3256//5506 3274//5506
f 3271//5507 3273//5507 3270//5507
f 3270//5508 3273//5508 6226//5508
f 3270//5509 6226//5509 6269//5509
f 6269//5509 6226//5509 6271//5509
f 3351//5510 3353//5510 3272//5510
f 3353//5511 6220//5511 3272//5511
f 3253//5512 6225//5512 3284//5512
f 6225//5513 6222//5513 3284//5513
f 6216//5514 3274//5514 3278//5514
f 3274//5515 3256//5515 3278//5515
f 3255//5516 3355//5516 3257//5516
f 3355//5517 3345//5517 3257//5517
f 6225//5518 3253//5518 3348//5518
f 3253//5519 3246//5519 3348//5519
f 3267//4843 3264//4843 6276//4843
f 6276//4843 3264//4843 6286//4843
f 3356//4844 6224//4844 3275//4844
f 3275//4844 6224//4844 3276//4844
f 3330//5520 3244//5520 3277//5520
f 3277//5521 3244//5521 6223//5521
f 6221//5522 3279//5522 6219//5522
f 6219//5523 3279//5523 6217//5523
f 3280//5524 3281//5524 3261//5524
f 3281//5525 3283//5525 3261//5525
f 3269//5526 3259//5526 3282//5526
f 3259//5527 3266//5527 3282//5527
f 3281//5528 3269//5528 3283//5528
f 3269//5529 3282//5529 3283//5529
f 3286//4855 3287//4855 3249//4855
f 3287//4855 3250//4855 3249//4855
f 3251//5530 3248//5530 3174//5530
f 3248//5531 3285//5531 3174//5531
f 6137//4860 3286//4860 6199//4860
f 3286//4861 3249//4861 6199//4861
f 3172//4858 6287//4858 3287//4858
f 6287//4859 3250//4859 3287//4859
f 6229//5532 6240//5532 6147//5532
f 6240//5533 6249//5533 6147//5533
f 6240//5534 3291//5534 3293//5534
f 3291//5534 6239//5534 3293//5534
f 3205//5370 3303//5370 3288//5370
f 3303//5535 6241//5535 3288//5535
f 3289//5536 6236//5536 6234//5536
f 6236//5537 6238//5537 6234//5537
f 6235//5538 3295//5538 6228//5538
f 6230//5539 3294//5539 6232//5539
f 3173//5540 3285//5540 6288//5540
f 3285//5541 3248//5541 6288//5541
f 6249//5542 6240//5542 3265//5542
f 6240//5543 3293//5543 3265//5543
f 6236//5544 3289//5544 6237//5544
f 6148//4875 6150//4875 3252//4875
f 6150//4875 3247//4875 3252//4875
f 6235//5545 6228//5545 6233//5545
f 6228//5546 6227//5546 6233//5546
f 6247//5547 6237//5547 3289//5547
f 6161//771 3296//771 6214//771
f 3296//771 6250//771 6214//771
f 3307//5548 6246//5548 3254//5548
f 3254//5549 6246//5549 6218//5549
f 6231//5550 3297//5550 6230//5550
f 6230//5551 3297//5551 3294//5551
f 3265//5552 3293//5552 3266//5552
f 3293//5553 3292//5553 3266//5553
f 3308//5554 3297//5554 6242//5554
f 6242//5555 3297//5555 6231//5555
f 6233//5556 6227//5556 6245//5556
f 6227//5557 3304//5557 6245//5557
f 3284//5558 3274//5558 3301//5558
f 3274//5559 3289//5559 3301//5559
f 6245//5560 3304//5560 6244//5560
f 3304//5560 6248//5560 6244//5560
f 6244//5561 6248//5561 6243//5561
f 6248//5562 6168//5562 6243//5562
f 3202//5563 3302//5563 3303//5563
f 3302//5564 6241//5564 3303//5564
f 3253//5565 3284//5565 3300//5565
f 3284//5566 3301//5566 3300//5566
f 6216//5567 6247//5567 3274//5567
f 6247//5568 3289//5568 3274//5568
f 3288//5569 3290//5569 3205//5569
f 3290//5570 3194//5570 3205//5570
f 3300//5571 3299//5571 3253//5571
f 3299//5572 3175//5572 3253//5572
f 3197//4875 6140//4875 3264//4875
f 3264//4875 6140//4875 6286//4875
f 3305//4855 3275//4855 6251//4855
f 6251//4855 3275//4855 3276//4855
f 3170//5573 3306//5573 3244//5573
f 3244//5574 3306//5574 6223//5574
f 6242//5575 6246//5575 3308//5575
f 3308//5576 6246//5576 3307//5576
f 3309//5577 3261//5577 3310//5577
f 3261//5578 3283//5578 3310//5578
f 3298//5579 3282//5579 3292//5579
f 3282//5580 3266//5580 3292//5580
f 3310//5581 3283//5581 3298//5581
f 3283//5582 3282//5582 3298//5582
f 3334//4914 3245//4914 3314//4914
f 3245//4914 3315//4914 3314//4914
f 3316//5583 3313//5583 3335//5583
f 3313//5584 3333//5584 3335//5584
f 6198//4919 3334//4919 4840//4919
f 3334//4920 3314//4920 4840//4920
f 3331//4917 4826//4917 3245//4917
f 4826//4918 3315//4918 3245//4918
f 6254//5585 6266//5585 6258//5585
f 6266//5586 6277//5586 6258//5586
f 6266//5587 3339//5587 3341//5587
f 3339//5588 6265//5588 3341//5588
f 3355//5589 3353//5589 3336//5589
f 3353//5590 6267//5590 3336//5590
f 3337//5591 6262//5591 6260//5591
f 6262//5592 6264//5592 6260//5592
f 6261//5593 6253//5593 3343//5593
f 6255//5594 6257//5594 3342//5594
f 3332//5595 3333//5595 4828//5595
f 3333//5596 3313//5596 4828//5596
f 6277//5597 6266//5597 3322//5597
f 6266//5598 3341//5598 3322//5598
f 6262//5599 3337//5599 6263//5599
f 6278//4936 6279//4936 3317//4936
f 6279//4936 3312//4936 3317//4936
f 6261//5600 6259//5600 6253//5600
f 6253//5601 6259//5601 6252//5601
f 6275//5602 6263//5602 3337//5602
f 6215//771 3344//771 4841//771
f 3344//771 4824//771 4841//771
f 3357//5603 3319//5603 6274//5603
f 3319//5604 3320//5604 6274//5604
f 6256//5605 6255//5605 3346//5605
f 6255//5606 3342//5606 3346//5606
f 3322//5607 3341//5607 3323//5607
f 3341//5608 3340//5608 3323//5608
f 3358//5609 6268//5609 3346//5609
f 6268//5610 6256//5610 3346//5610
f 6259//5611 6273//5611 6252//5611
f 6252//5612 6273//5612 3354//5612
f 3329//5613 3324//5613 3350//5613
f 3324//5614 3337//5614 3350//5614
f 6273//5615 6270//5615 3354//5615
f 3354//5616 6270//5616 6272//5616
f 6270//5617 6269//5617 6272//5617
f 6272//5618 6269//5618 6271//5618
f 3351//5619 3352//5619 3353//5619
f 3352//5620 6267//5620 3353//5620
f 3318//5621 3329//5621 3349//5621
f 3329//5622 3350//5622 3349//5622
f 4829//5623 6275//5623 3324//5623
f 6275//5624 3337//5624 3324//5624
f 3336//5625 3338//5625 3355//5625
f 3338//5626 3345//5626 3355//5626
f 3349//5627 3348//5627 3318//5627
f 3348//5628 3246//5628 3318//5628
f 3267//4966 6276//4966 3321//4966
f 3321//4966 6276//4966 4821//4966
f 3356//4967 3325//4967 6224//4967
f 6224//4967 3325//4967 3326//4967
f 3330//5629 3277//5629 3311//5629
f 3311//5630 3277//5630 4842//5630
f 6268//5631 3358//5631 6274//5631
f 3358//5632 3357//5632 6274//5632
f 3359//5633 4830//5633 3360//5633
f 4830//5634 3328//5634 3360//5634
f 3347//5635 3327//5635 3340//5635
f 3327//5636 3323//5636 3340//5636
f 3360//5637 3328//5637 3347//5637
f 3328//5638 3327//5638 3347//5638
