# Blender 4.3.2
# www.blender.org
mtllib ThinlongSlab.mtl
o Part.1
v -7.960000 9.620002 23.959999
v -7.960000 12.780002 23.959997
v -6.400000 9.620002 22.400000
v -5.400000 9.620002 22.400000
v -5.400000 12.780002 23.959997
v -6.400000 11.700002 22.400000
v -5.400000 11.700002 21.400000
v -5.400000 12.780002 21.399998
v -5.400000 11.700002 22.400000
v -5.400000 9.620002 23.959999
v -6.400000 11.700002 21.400000
v -7.960000 9.620002 21.400000
v -6.400000 9.620002 21.400000
v -7.960000 12.780002 21.399998
v -7.960000 9.619998 -23.959999
v -7.960000 12.779998 -23.960001
v -6.400000 9.619998 -22.400000
v -5.400000 9.619998 -22.400000
v -5.400000 12.779998 -23.960001
v -6.400000 11.699998 -22.400000
v -5.400000 11.699998 -21.400000
v -5.400000 12.779998 -21.400002
v -5.400000 11.699998 -22.400000
v -5.400000 9.619998 -23.959999
v -6.400000 11.699998 -21.400000
v -7.960000 9.619998 -21.400000
v -6.400000 9.619998 -21.400000
v -7.960000 12.779998 -21.400002
v -5.400000 12.780000 -0.000001
v -5.400000 11.700000 -0.000001
v -7.960000 9.620000 -0.000001
v -7.960000 12.780000 -0.000001
v -6.400000 9.620000 -0.000001
v -6.400000 11.700000 -0.000001
v 7.960000 9.620002 23.959999
v 7.960000 12.780002 23.959997
v 6.400000 9.620002 22.400000
v 5.400000 9.620002 22.400000
v 5.400000 12.780002 23.959997
v 6.400000 11.700002 22.400000
v 5.400000 11.700002 21.400000
v 5.400000 12.780002 21.399998
v 5.400000 11.700002 22.400000
v 5.400000 9.620002 23.959999
v 6.400000 11.700002 21.400000
v 7.960000 9.620002 21.400000
v 6.400000 9.620002 21.400000
v 7.960000 12.780002 21.399998
v 0.000000 12.780002 21.399998
v 0.000000 11.700002 21.400000
v 0.000000 9.620002 23.959999
v 0.000000 12.780002 23.959997
v 0.000000 9.620002 22.400000
v 0.000000 11.700002 22.400000
v 7.960000 9.619998 -23.959999
v 7.960000 12.779998 -23.960001
v 6.400000 9.619998 -22.400000
v 5.400000 9.619998 -22.400000
v 5.400000 12.779998 -23.960001
v 6.400000 11.699998 -22.400000
v 5.400000 11.699998 -21.400000
v 5.400000 12.779998 -21.400002
v 5.400000 11.699998 -22.400000
v 5.400000 9.619998 -23.959999
v 6.400000 11.699998 -21.400000
v 7.960000 9.619998 -21.400000
v 6.400000 9.619998 -21.400000
v 7.960000 12.779998 -21.400002
v 5.400000 12.780000 -0.000001
v 5.400000 11.700000 -0.000001
v 7.960000 9.620000 -0.000001
v 7.960000 12.780000 -0.000001
v 6.400000 9.620000 -0.000001
v 6.400000 11.700000 -0.000001
v 0.000000 12.779998 -21.400002
v 0.000000 11.699998 -21.400000
v 0.000000 9.619998 -23.959999
v 0.000000 12.779998 -23.960001
v 0.000000 9.619998 -22.400000
v 0.000000 11.699998 -22.400000
v 0.000000 11.700000 -0.000001
v 0.000000 12.780000 -0.000001
v -5.400000 9.620002 23.959999
v -7.960000 9.620002 23.959999
v -7.960000 9.620002 23.959999
v -7.960000 12.780002 23.959997
v -7.960000 12.780002 23.959997
v -7.960000 12.780002 21.399998
v -6.400000 9.620002 21.400000
v -6.400000 9.620002 22.400000
v -6.400000 9.620002 22.400000
v -6.400000 11.700002 22.400000
v -6.400000 11.700002 22.400000
v -5.400000 9.620002 22.400000
v -5.400000 11.700002 22.400000
v 0.000000 9.620002 23.959999
v -7.960000 9.620002 21.400000
v -7.960000 9.620000 -0.000001
v -6.400000 11.700002 21.400000
v -6.400000 11.700000 -0.000001
v -5.400000 12.780002 23.959997
v 0.000000 12.780002 23.959997
v 0.000000 9.620002 22.400000
v 0.000000 11.700002 22.400000
v -7.960000 12.780000 -0.000001
v -6.400000 9.620000 -0.000001
v -5.400000 9.619998 -23.959999
v -7.960000 9.619998 -23.959999
v -7.960000 9.619998 -23.959999
v -7.960000 12.779998 -23.960001
v -7.960000 12.779998 -23.960001
v -7.960000 12.779998 -21.400002
v -6.400000 9.619998 -21.400000
v -6.400000 9.619998 -22.400000
v -6.400000 9.619998 -22.400000
v -6.400000 11.699998 -22.400000
v -6.400000 11.699998 -22.400000
v -5.400000 9.619998 -22.400000
v -5.400000 11.699998 -22.400000
v 0.000000 9.619998 -23.959999
v -7.960000 9.619998 -21.400000
v -6.400000 11.699998 -21.400000
v -5.400000 12.779998 -23.960001
v 0.000000 12.779998 -23.960001
v 0.000000 9.619998 -22.400000
v 0.000000 11.699998 -22.400000
v 5.400000 9.620002 23.959999
v 7.960000 9.620002 23.959999
v 7.960000 9.620002 23.959999
v 7.960000 12.780002 23.959997
v 7.960000 12.780002 23.959997
v 7.960000 12.780002 21.399998
v 6.400000 9.620002 21.400000
v 6.400000 9.620002 22.400000
v 6.400000 9.620002 22.400000
v 6.400000 11.700002 22.400000
v 6.400000 11.700002 22.400000
v 5.400000 9.620002 22.400000
v 5.400000 11.700002 22.400000
v 7.960000 9.620002 21.400000
v 7.960000 9.620000 -0.000001
v 6.400000 11.700002 21.400000
v 6.400000 11.700000 -0.000001
v 5.400000 12.780002 23.959997
v 7.960000 12.780000 -0.000001
v 6.400000 9.620000 -0.000001
v 5.400000 9.619998 -23.959999
v 7.960000 9.619998 -23.959999
v 7.960000 9.619998 -23.959999
v 7.960000 12.779998 -23.960001
v 7.960000 12.779998 -23.960001
v 7.960000 12.779998 -21.400002
v 6.400000 9.619998 -21.400000
v 6.400000 9.619998 -22.400000
v 6.400000 9.619998 -22.400000
v 6.400000 11.699998 -22.400000
v 6.400000 11.699998 -22.400000
v 5.400000 9.619998 -22.400000
v 5.400000 11.699998 -22.400000
v 7.960000 9.619998 -21.400000
v 6.400000 11.699998 -21.400000
v 5.400000 12.779998 -23.960001
v 6.217000 14.349998 -19.082003
v 5.982000 14.599998 -19.179003
v 6.148000 14.526999 -19.110003
v 5.517000 14.599999 -18.483002
v 5.697000 14.349999 -18.303001
v 5.644000 14.526999 -18.356003
v 4.918000 14.349999 -17.783003
v 4.821000 14.599999 -18.018002
v 4.890000 14.526999 -17.852001
v 4.000000 14.599999 -17.855001
v 4.000000 14.349999 -17.600002
v 4.000000 14.526999 -17.675001
v 3.082000 14.349999 -17.783003
v 3.179000 14.599999 -18.018002
v 3.110000 14.526999 -17.852001
v 2.303000 14.349999 -18.303001
v 2.483000 14.599999 -18.483002
v 2.356000 14.526999 -18.356003
v 1.783000 14.349998 -19.082003
v 2.018000 14.599998 -19.179003
v 1.852000 14.526999 -19.110003
v 1.600000 14.349998 -20.000002
v 1.855000 14.599998 -20.000002
v 1.675000 14.526999 -20.000002
v 2.018000 14.599998 -20.821001
v 1.783000 14.349998 -20.918001
v 1.852000 14.526999 -20.890001
v 2.303000 14.349998 -21.697002
v 2.483000 14.599998 -21.517002
v 2.356000 14.526999 -21.644001
v 3.082000 14.349998 -22.217001
v 3.179000 14.599998 -21.982002
v 3.110000 14.526999 -22.148003
v 4.000000 14.349998 -22.400002
v 4.000000 14.599998 -22.145002
v 4.000000 14.526999 -22.325003
v 4.918000 14.349998 -22.217001
v 4.821000 14.599998 -21.982002
v 4.890000 14.526999 -22.148003
v 5.517000 14.599998 -21.517002
v 5.697000 14.349998 -21.697002
v 5.644000 14.526999 -21.644001
v 6.217000 14.349998 -20.918001
v 5.982000 14.599998 -20.821001
v 6.148000 14.526999 -20.890001
v 6.400000 14.349998 -20.000002
v 6.145000 14.599998 -20.000002
v 6.325000 14.526999 -20.000002
v 2.986000 14.599999 -18.937002
v 4.000000 14.599999 -18.836002
v 5.014000 14.599999 -18.937002
v 2.903000 14.599998 -20.000002
v 4.000000 14.599998 -20.000002
v 5.097000 14.599998 -20.000002
v 2.986000 14.599998 -21.063002
v 4.000000 14.599998 -21.164001
v 5.014000 14.599998 -21.063002
v 6.400000 12.929998 -20.000002
v 6.553000 12.779998 -20.000002
v 6.445000 12.823998 -20.000002
v 6.359000 12.779998 -20.977001
v 6.217000 12.929998 -20.918001
v 6.259000 12.823998 -20.936003
v 5.805000 12.779998 -21.805002
v 5.697000 12.929998 -21.697002
v 5.729000 12.823998 -21.729002
v 4.977000 12.779998 -22.359001
v 4.918000 12.929998 -22.217001
v 4.936000 12.823998 -22.259003
v 4.000000 12.779998 -22.553001
v 4.000000 12.929998 -22.400002
v 4.000000 12.823998 -22.445002
v 3.023000 12.779998 -22.359001
v 3.082000 12.929998 -22.217001
v 3.064000 12.823998 -22.259003
v 2.195000 12.779998 -21.805002
v 2.303000 12.929998 -21.697002
v 2.271000 12.823998 -21.729002
v 1.641000 12.779998 -20.977001
v 1.783000 12.929998 -20.918001
v 1.741000 12.823998 -20.936003
v 1.447000 12.779998 -20.000002
v 1.600000 12.929998 -20.000002
v 1.555000 12.823998 -20.000002
v 1.641000 12.779998 -19.023003
v 1.783000 12.929998 -19.082003
v 1.741000 12.823998 -19.064001
v 2.195000 12.779999 -18.195002
v 2.303000 12.929999 -18.303001
v 2.271000 12.823999 -18.271002
v 3.023000 12.779999 -17.641003
v 3.082000 12.929999 -17.783003
v 3.064000 12.823999 -17.741001
v 4.000000 12.779999 -17.447002
v 4.000000 12.929999 -17.600002
v 4.000000 12.823999 -17.555002
v 4.977000 12.779999 -17.641003
v 4.918000 12.929999 -17.783003
v 4.936000 12.823999 -17.741001
v 5.805000 12.779999 -18.195002
v 5.697000 12.929999 -18.303001
v 5.729000 12.823999 -18.271002
v 6.359000 12.779998 -19.023003
v 6.217000 12.929998 -19.082003
v 6.259000 12.823998 -19.064001
v 6.217000 14.349999 -11.082001
v 5.982000 14.599999 -11.179001
v 6.148000 14.526999 -11.110001
v 5.517000 14.599999 -10.483001
v 5.697000 14.349999 -10.303001
v 5.644000 14.526999 -10.356001
v 4.918000 14.349999 -9.783001
v 4.821000 14.599999 -10.018001
v 4.890000 14.526999 -9.852001
v 4.000000 14.599999 -9.855000
v 4.000000 14.349999 -9.600001
v 4.000000 14.526999 -9.675001
v 3.082000 14.349999 -9.783001
v 3.179000 14.599999 -10.018001
v 3.110000 14.526999 -9.852001
v 2.303000 14.349999 -10.303001
v 2.483000 14.599999 -10.483001
v 2.356000 14.526999 -10.356001
v 1.783000 14.349999 -11.082001
v 2.018000 14.599999 -11.179001
v 1.852000 14.526999 -11.110001
v 1.600000 14.349999 -12.000001
v 1.855000 14.599999 -12.000001
v 1.675000 14.526999 -12.000001
v 2.018000 14.599999 -12.821001
v 1.783000 14.349999 -12.918001
v 1.852000 14.526999 -12.890001
v 2.303000 14.349999 -13.697001
v 2.483000 14.599999 -13.517001
v 2.356000 14.526999 -13.644001
v 3.082000 14.349999 -14.217001
v 3.179000 14.599999 -13.982001
v 3.110000 14.526999 -14.148001
v 4.000000 14.349999 -14.400001
v 4.000000 14.599999 -14.145001
v 4.000000 14.526999 -14.325001
v 4.918000 14.349999 -14.217001
v 4.821000 14.599999 -13.982001
v 4.890000 14.526999 -14.148001
v 5.517000 14.599999 -13.517001
v 5.697000 14.349999 -13.697001
v 5.644000 14.526999 -13.644001
v 6.217000 14.349999 -12.918001
v 5.982000 14.599999 -12.821001
v 6.148000 14.526999 -12.890001
v 6.400000 14.349999 -12.000001
v 6.145000 14.599999 -12.000001
v 6.325000 14.526999 -12.000001
v 2.986000 14.599999 -10.937001
v 4.000000 14.599999 -10.836001
v 5.014000 14.599999 -10.937001
v 2.903000 14.599999 -12.000001
v 4.000000 14.599999 -12.000001
v 5.097000 14.599999 -12.000001
v 2.986000 14.599999 -13.063001
v 4.000000 14.599999 -13.164001
v 5.014000 14.599999 -13.063001
v 6.400000 12.929999 -12.000001
v 6.553000 12.779999 -12.000001
v 6.445000 12.823999 -12.000001
v 6.359000 12.779999 -12.977001
v 6.217000 12.929999 -12.918001
v 6.259000 12.823999 -12.936001
v 5.805000 12.779999 -13.805001
v 5.697000 12.929999 -13.697001
v 5.729000 12.823999 -13.729001
v 4.977000 12.779999 -14.359001
v 4.918000 12.929999 -14.217001
v 4.936000 12.823999 -14.259001
v 4.000000 12.779999 -14.553001
v 4.000000 12.929999 -14.400001
v 4.000000 12.823999 -14.445001
v 3.023000 12.779999 -14.359001
v 3.082000 12.929999 -14.217001
v 3.064000 12.823999 -14.259001
v 2.195000 12.779999 -13.805001
v 2.303000 12.929999 -13.697001
v 2.271000 12.823999 -13.729001
v 1.641000 12.779999 -12.977001
v 1.783000 12.929999 -12.918001
v 1.741000 12.823999 -12.936001
v 1.447000 12.779999 -12.000001
v 1.600000 12.929999 -12.000001
v 1.555000 12.823999 -12.000001
v 1.641000 12.779999 -11.023001
v 1.783000 12.929999 -11.082001
v 1.741000 12.823999 -11.064001
v 2.195000 12.779999 -10.195001
v 2.303000 12.929999 -10.303001
v 2.271000 12.823999 -10.271001
v 3.023000 12.779999 -9.641001
v 3.082000 12.929999 -9.783001
v 3.064000 12.823999 -9.741001
v 4.000000 12.779999 -9.447001
v 4.000000 12.929999 -9.600001
v 4.000000 12.823999 -9.555001
v 4.977000 12.779999 -9.641001
v 4.918000 12.929999 -9.783001
v 4.936000 12.823999 -9.741001
v 5.805000 12.779999 -10.195001
v 5.697000 12.929999 -10.303001
v 5.729000 12.823999 -10.271001
v 6.359000 12.779999 -11.023001
v 6.217000 12.929999 -11.082001
v 6.259000 12.823999 -11.064001
v 6.217000 14.350000 -3.082001
v 5.982000 14.600000 -3.179001
v 6.148000 14.527000 -3.110001
v 5.517000 14.600000 -2.483001
v 5.697000 14.350000 -2.303001
v 5.644000 14.527000 -2.356001
v 4.918000 14.350000 -1.783001
v 4.821000 14.600000 -2.018001
v 4.890000 14.527000 -1.852001
v 4.000000 14.600000 -1.855001
v 4.000000 14.350000 -1.600001
v 4.000000 14.527000 -1.675001
v 3.082000 14.350000 -1.783001
v 3.179000 14.600000 -2.018001
v 3.110000 14.527000 -1.852001
v 2.303000 14.350000 -2.303001
v 2.483000 14.600000 -2.483001
v 2.356000 14.527000 -2.356001
v 1.783000 14.350000 -3.082001
v 2.018000 14.600000 -3.179001
v 1.852000 14.527000 -3.110001
v 1.600000 14.350000 -4.000001
v 1.855000 14.600000 -4.000001
v 1.675000 14.527000 -4.000001
v 2.018000 14.600000 -4.821001
v 1.783000 14.350000 -4.918001
v 1.852000 14.527000 -4.890001
v 2.303000 14.350000 -5.697001
v 2.483000 14.600000 -5.517001
v 2.356000 14.527000 -5.644001
v 3.082000 14.350000 -6.217001
v 3.179000 14.600000 -5.982001
v 3.110000 14.527000 -6.148001
v 4.000000 14.349999 -6.400001
v 4.000000 14.600000 -6.145001
v 4.000000 14.526999 -6.325001
v 4.918000 14.350000 -6.217001
v 4.821000 14.600000 -5.982001
v 4.890000 14.527000 -6.148001
v 5.517000 14.600000 -5.517001
v 5.697000 14.350000 -5.697001
v 5.644000 14.527000 -5.644001
v 6.217000 14.350000 -4.918001
v 5.982000 14.600000 -4.821001
v 6.148000 14.527000 -4.890001
v 6.400000 14.350000 -4.000001
v 6.145000 14.600000 -4.000001
v 6.325000 14.527000 -4.000001
v 2.986000 14.600000 -2.937001
v 4.000000 14.600000 -2.836001
v 5.014000 14.600000 -2.937001
v 2.903000 14.600000 -4.000001
v 4.000000 14.600000 -4.000001
v 5.097000 14.600000 -4.000001
v 2.986000 14.600000 -5.063001
v 4.000000 14.600000 -5.164001
v 5.014000 14.600000 -5.063001
v 6.400000 12.930000 -4.000001
v 6.553000 12.780000 -4.000001
v 6.445000 12.824000 -4.000001
v 6.359000 12.780000 -4.977001
v 6.217000 12.930000 -4.918001
v 6.259000 12.824000 -4.936001
v 5.805000 12.780000 -5.805001
v 5.697000 12.930000 -5.697001
v 5.729000 12.824000 -5.729001
v 4.977000 12.779999 -6.359001
v 4.918000 12.930000 -6.217001
v 4.936000 12.824000 -6.259001
v 4.000000 12.779999 -6.553001
v 4.000000 12.929999 -6.400001
v 4.000000 12.823999 -6.445001
v 3.023000 12.779999 -6.359001
v 3.082000 12.930000 -6.217001
v 3.064000 12.824000 -6.259001
v 2.195000 12.780000 -5.805001
v 2.303000 12.930000 -5.697001
v 2.271000 12.824000 -5.729001
v 1.641000 12.780000 -4.977001
v 1.783000 12.930000 -4.918001
v 1.741000 12.824000 -4.936001
v 1.447000 12.780000 -4.000001
v 1.600000 12.930000 -4.000001
v 1.555000 12.824000 -4.000001
v 1.641000 12.780000 -3.023001
v 1.783000 12.930000 -3.082001
v 1.741000 12.824000 -3.064001
v 2.195000 12.780000 -2.195001
v 2.303000 12.930000 -2.303001
v 2.271000 12.824000 -2.271001
v 3.023000 12.780000 -1.641001
v 3.082000 12.930000 -1.783001
v 3.064000 12.824000 -1.741001
v 4.000000 12.780000 -1.447001
v 4.000000 12.930000 -1.600001
v 4.000000 12.824000 -1.555001
v 4.977000 12.780000 -1.641001
v 4.918000 12.930000 -1.783001
v 4.936000 12.824000 -1.741001
v 5.805000 12.780000 -2.195001
v 5.697000 12.930000 -2.303001
v 5.729000 12.824000 -2.271001
v 6.359000 12.780000 -3.023001
v 6.217000 12.930000 -3.082001
v 6.259000 12.824000 -3.064001
v 6.217000 14.350000 4.917999
v 5.982000 14.600000 4.820999
v 6.148000 14.527000 4.889999
v 5.517000 14.600000 5.516999
v 5.697000 14.350000 5.696999
v 5.644000 14.527000 5.643999
v 4.918000 14.350000 6.216999
v 4.821000 14.600000 5.981999
v 4.890000 14.527000 6.147999
v 4.000000 14.600000 6.144999
v 4.000000 14.350001 6.399999
v 4.000000 14.527001 6.324999
v 3.082000 14.350000 6.216999
v 3.179000 14.600000 5.981999
v 3.110000 14.527000 6.147999
v 2.303000 14.350000 5.696999
v 2.483000 14.600000 5.516999
v 2.356000 14.527000 5.643999
v 1.783000 14.350000 4.917999
v 2.018000 14.600000 4.820999
v 1.852000 14.527000 4.889999
v 1.600000 14.350000 3.999999
v 1.855000 14.600000 3.999999
v 1.675000 14.527000 3.999999
v 2.018000 14.600000 3.178999
v 1.783000 14.350000 3.081999
v 1.852000 14.527000 3.109999
v 2.303000 14.350000 2.302999
v 2.483000 14.600000 2.482999
v 2.356000 14.527000 2.355999
v 3.082000 14.350000 1.782999
v 3.179000 14.600000 2.017999
v 3.110000 14.527000 1.851999
v 4.000000 14.350000 1.599999
v 4.000000 14.600000 1.854999
v 4.000000 14.527000 1.674999
v 4.918000 14.350000 1.782999
v 4.821000 14.600000 2.017999
v 4.890000 14.527000 1.851999
v 5.517000 14.600000 2.482999
v 5.697000 14.350000 2.302999
v 5.644000 14.527000 2.355999
v 6.217000 14.350000 3.081999
v 5.982000 14.600000 3.178999
v 6.148000 14.527000 3.109999
v 6.400000 14.350000 3.999999
v 6.145000 14.600000 3.999999
v 6.325000 14.527000 3.999999
v 2.986000 14.600000 5.062999
v 4.000000 14.600000 5.163999
v 5.014000 14.600000 5.062999
v 2.903000 14.600000 3.999999
v 4.000000 14.600000 3.999999
v 5.097000 14.600000 3.999999
v 2.986000 14.600000 2.936999
v 4.000000 14.600000 2.835999
v 5.014000 14.600000 2.936999
v 6.400000 12.930000 3.999999
v 6.553000 12.780000 3.999999
v 6.445000 12.824000 3.999999
v 6.359000 12.780000 3.022999
v 6.217000 12.930000 3.081999
v 6.259000 12.824000 3.063999
v 5.805000 12.780000 2.194999
v 5.697000 12.930000 2.302999
v 5.729000 12.824000 2.270999
v 4.977000 12.780000 1.640999
v 4.918000 12.930000 1.782999
v 4.936000 12.824000 1.740999
v 4.000000 12.780000 1.446999
v 4.000000 12.930000 1.599999
v 4.000000 12.824000 1.554999
v 3.023000 12.780000 1.640999
v 3.082000 12.930000 1.782999
v 3.064000 12.824000 1.740999
v 2.195000 12.780000 2.194999
v 2.303000 12.930000 2.302999
v 2.271000 12.824000 2.270999
v 1.641000 12.780000 3.022999
v 1.783000 12.930000 3.081999
v 1.741000 12.824000 3.063999
v 1.447000 12.780000 3.999999
v 1.600000 12.930000 3.999999
v 1.555000 12.824000 3.999999
v 1.641000 12.780000 4.976999
v 1.783000 12.930000 4.917999
v 1.741000 12.824000 4.935999
v 2.195000 12.780000 5.804999
v 2.303000 12.930000 5.696999
v 2.271000 12.824000 5.728999
v 3.023000 12.780001 6.358999
v 3.082000 12.930000 6.216999
v 3.064000 12.824000 6.258999
v 4.000000 12.780001 6.552999
v 4.000000 12.930001 6.399999
v 4.000000 12.824001 6.444999
v 4.977000 12.780001 6.358999
v 4.918000 12.930000 6.216999
v 4.936000 12.824000 6.258999
v 5.805000 12.780000 5.804999
v 5.697000 12.930000 5.696999
v 5.729000 12.824000 5.728999
v 6.359000 12.780000 4.976999
v 6.217000 12.930000 4.917999
v 6.259000 12.824000 4.935999
v 6.217000 14.350001 12.917999
v 5.982000 14.600001 12.820999
v 6.148000 14.527001 12.889999
v 5.517000 14.600001 13.516999
v 5.697000 14.350001 13.696999
v 5.644000 14.527001 13.643999
v 4.918000 14.350001 14.216999
v 4.821000 14.600001 13.981999
v 4.890000 14.527001 14.147999
v 4.000000 14.600001 14.145000
v 4.000000 14.350001 14.399999
v 4.000000 14.527001 14.324999
v 3.082000 14.350001 14.216999
v 3.179000 14.600001 13.981999
v 3.110000 14.527001 14.147999
v 2.303000 14.350001 13.696999
v 2.483000 14.600001 13.516999
v 2.356000 14.527001 13.643999
v 1.783000 14.350001 12.917999
v 2.018000 14.600001 12.820999
v 1.852000 14.527001 12.889999
v 1.600000 14.350001 11.999999
v 1.855000 14.600001 11.999999
v 1.675000 14.527001 11.999999
v 2.018000 14.600001 11.178999
v 1.783000 14.350001 11.081999
v 1.852000 14.527001 11.109999
v 2.303000 14.350001 10.302999
v 2.483000 14.600001 10.482999
v 2.356000 14.527001 10.355999
v 3.082000 14.350001 9.782999
v 3.179000 14.600001 10.017999
v 3.110000 14.527001 9.851999
v 4.000000 14.350001 9.599999
v 4.000000 14.600001 9.854999
v 4.000000 14.527001 9.674999
v 4.918000 14.350001 9.782999
v 4.821000 14.600001 10.017999
v 4.890000 14.527001 9.851999
v 5.517000 14.600001 10.482999
v 5.697000 14.350001 10.302999
v 5.644000 14.527001 10.355999
v 6.217000 14.350001 11.081999
v 5.982000 14.600001 11.178999
v 6.148000 14.527001 11.109999
v 6.400000 14.350001 11.999999
v 6.145000 14.600001 11.999999
v 6.325000 14.527001 11.999999
v 2.986000 14.600001 13.062999
v 4.000000 14.600001 13.163999
v 5.014000 14.600001 13.062999
v 2.903000 14.600001 11.999999
v 4.000000 14.600001 11.999999
v 5.097000 14.600001 11.999999
v 2.986000 14.600001 10.936999
v 4.000000 14.600001 10.835999
v 5.014000 14.600001 10.936999
v 6.400000 12.930001 11.999999
v 6.553000 12.780001 11.999999
v 6.445000 12.824001 11.999999
v 6.359000 12.780001 11.022999
v 6.217000 12.930001 11.081999
v 6.259000 12.824001 11.063999
v 5.805000 12.780001 10.194999
v 5.697000 12.930001 10.302999
v 5.729000 12.824001 10.270999
v 4.977000 12.780001 9.640999
v 4.918000 12.930001 9.782999
v 4.936000 12.824001 9.740999
v 4.000000 12.780001 9.446999
v 4.000000 12.930001 9.599999
v 4.000000 12.824001 9.554999
v 3.023000 12.780001 9.640999
v 3.082000 12.930001 9.782999
v 3.064000 12.824001 9.740999
v 2.195000 12.780001 10.194999
v 2.303000 12.930001 10.302999
v 2.271000 12.824001 10.270999
v 1.641000 12.780001 11.022999
v 1.783000 12.930001 11.081999
v 1.741000 12.824001 11.063999
v 1.447000 12.780001 11.999999
v 1.600000 12.930001 11.999999
v 1.555000 12.824001 11.999999
v 1.641000 12.780001 12.976999
v 1.783000 12.930001 12.917999
v 1.741000 12.824001 12.935999
v 2.195000 12.780001 13.804999
v 2.303000 12.930001 13.696999
v 2.271000 12.824001 13.728999
v 3.023000 12.780001 14.358999
v 3.082000 12.930001 14.216999
v 3.064000 12.824001 14.258999
v 4.000000 12.780001 14.552999
v 4.000000 12.930001 14.399999
v 4.000000 12.824001 14.444999
v 4.977000 12.780001 14.358999
v 4.918000 12.930001 14.216999
v 4.936000 12.824001 14.258999
v 5.805000 12.780001 13.804999
v 5.697000 12.930001 13.696999
v 5.729000 12.824001 13.728999
v 6.359000 12.780001 12.976999
v 6.217000 12.930001 12.917999
v 6.259000 12.824001 12.935999
v 6.217000 14.350002 20.917997
v 5.982000 14.600002 20.820997
v 6.148000 14.527002 20.889997
v 5.517000 14.600002 21.516998
v 5.697000 14.350002 21.696999
v 5.644000 14.527002 21.643997
v 4.918000 14.350002 22.216997
v 4.821000 14.600002 21.981998
v 4.890000 14.527002 22.147999
v 4.000000 14.600002 22.144999
v 4.000000 14.350002 22.399998
v 4.000000 14.527002 22.324999
v 3.082000 14.350002 22.216997
v 3.179000 14.600002 21.981998
v 3.110000 14.527002 22.147999
v 2.303000 14.350002 21.696999
v 2.483000 14.600002 21.516998
v 2.356000 14.527002 21.643997
v 1.783000 14.350002 20.917997
v 2.018000 14.600002 20.820997
v 1.852000 14.527002 20.889997
v 1.600000 14.350002 19.999998
v 1.855000 14.600002 19.999998
v 1.675000 14.527002 19.999998
v 2.018000 14.600002 19.178999
v 1.783000 14.350002 19.081999
v 1.852000 14.527002 19.109999
v 2.303000 14.350001 18.302998
v 2.483000 14.600001 18.482998
v 2.356000 14.527001 18.355999
v 3.082000 14.350001 17.782999
v 3.179000 14.600001 18.017998
v 3.110000 14.527001 17.851997
v 4.000000 14.350001 17.599998
v 4.000000 14.600001 17.854998
v 4.000000 14.527001 17.674997
v 4.918000 14.350001 17.782999
v 4.821000 14.600001 18.017998
v 4.890000 14.527001 17.851997
v 5.517000 14.600001 18.482998
v 5.697000 14.350001 18.302998
v 5.644000 14.527001 18.355999
v 6.217000 14.350002 19.081999
v 5.982000 14.600002 19.178999
v 6.148000 14.527002 19.109999
v 6.400000 14.350002 19.999998
v 6.145000 14.600002 19.999998
v 6.325000 14.527002 19.999998
v 2.986000 14.600002 21.062998
v 4.000000 14.600002 21.163998
v 5.014000 14.600002 21.062998
v 2.903000 14.600002 19.999998
v 4.000000 14.600002 19.999998
v 5.097000 14.600002 19.999998
v 2.986000 14.600001 18.936998
v 4.000000 14.600001 18.835999
v 5.014000 14.600001 18.936998
v 6.400000 12.930002 19.999998
v 6.553000 12.780002 19.999998
v 6.445000 12.824002 19.999998
v 6.359000 12.780002 19.022999
v 6.217000 12.930002 19.081999
v 6.259000 12.824002 19.063997
v 5.805000 12.780001 18.194998
v 5.697000 12.930001 18.302998
v 5.729000 12.824001 18.270998
v 4.977000 12.780001 17.640999
v 4.918000 12.930001 17.782999
v 4.936000 12.824001 17.740997
v 4.000000 12.780001 17.446999
v 4.000000 12.930001 17.599998
v 4.000000 12.824001 17.554998
v 3.023000 12.780001 17.640999
v 3.082000 12.930001 17.782999
v 3.064000 12.824001 17.740997
v 2.195000 12.780001 18.194998
v 2.303000 12.930001 18.302998
v 2.271000 12.824001 18.270998
v 1.641000 12.780002 19.022999
v 1.783000 12.930002 19.081999
v 1.741000 12.824002 19.063997
v 1.447000 12.780002 19.999998
v 1.600000 12.930002 19.999998
v 1.555000 12.824002 19.999998
v 1.641000 12.780002 20.976997
v 1.783000 12.930002 20.917997
v 1.741000 12.824002 20.935999
v 2.195000 12.780002 21.804998
v 2.303000 12.930002 21.696999
v 2.271000 12.824002 21.728998
v 3.023000 12.780002 22.358997
v 3.082000 12.930002 22.216997
v 3.064000 12.824002 22.258999
v 4.000000 12.780002 22.552998
v 4.000000 12.930002 22.399998
v 4.000000 12.824002 22.444998
v 4.977000 12.780002 22.358997
v 4.918000 12.930002 22.216997
v 4.936000 12.824002 22.258999
v 5.805000 12.780002 21.804998
v 5.697000 12.930002 21.696999
v 5.729000 12.824002 21.728998
v 6.359000 12.780002 20.976997
v 6.217000 12.930002 20.917997
v 6.259000 12.824002 20.935999
v -1.783000 14.349998 -19.082003
v -2.018000 14.599998 -19.179003
v -1.852000 14.526999 -19.110003
v -2.483000 14.599999 -18.483002
v -2.303000 14.349999 -18.303001
v -2.356000 14.526999 -18.356003
v -3.082000 14.349999 -17.783003
v -3.179000 14.599999 -18.018002
v -3.110000 14.526999 -17.852001
v -4.000000 14.599999 -17.855001
v -4.000000 14.349999 -17.600002
v -4.000000 14.526999 -17.675001
v -4.918000 14.349999 -17.783003
v -4.821000 14.599999 -18.018002
v -4.890000 14.526999 -17.852001
v -5.697000 14.349999 -18.303001
v -5.517000 14.599999 -18.483002
v -5.644000 14.526999 -18.356003
v -6.217000 14.349998 -19.082003
v -5.982000 14.599998 -19.179003
v -6.148000 14.526999 -19.110003
v -6.400000 14.349998 -20.000002
v -6.145000 14.599998 -20.000002
v -6.325000 14.526999 -20.000002
v -5.982000 14.599998 -20.821001
v -6.217000 14.349998 -20.918001
v -6.148000 14.526999 -20.890001
v -5.697000 14.349998 -21.697002
v -5.517000 14.599998 -21.517002
v -5.644000 14.526999 -21.644001
v -4.918000 14.349998 -22.217001
v -4.821000 14.599998 -21.982002
v -4.890000 14.526999 -22.148003
v -4.000000 14.349998 -22.400002
v -4.000000 14.599998 -22.145002
v -4.000000 14.526999 -22.325003
v -3.082000 14.349998 -22.217001
v -3.179000 14.599998 -21.982002
v -3.110000 14.526999 -22.148003
v -2.483000 14.599998 -21.517002
v -2.303000 14.349998 -21.697002
v -2.356000 14.526999 -21.644001
v -1.783000 14.349998 -20.918001
v -2.018000 14.599998 -20.821001
v -1.852000 14.526999 -20.890001
v -1.600000 14.349998 -20.000002
v -1.855000 14.599998 -20.000002
v -1.675000 14.526999 -20.000002
v -5.014000 14.599999 -18.937002
v -4.000000 14.599999 -18.836002
v -2.986000 14.599999 -18.937002
v -5.097000 14.599998 -20.000002
v -4.000000 14.599998 -20.000002
v -2.903000 14.599998 -20.000002
v -5.014000 14.599998 -21.063002
v -4.000000 14.599998 -21.164001
v -2.986000 14.599998 -21.063002
v -1.600000 12.929998 -20.000002
v -1.447000 12.779998 -20.000002
v -1.555000 12.823998 -20.000002
v -1.641000 12.779998 -20.977001
v -1.783000 12.929998 -20.918001
v -1.741000 12.823998 -20.936003
v -2.195000 12.779998 -21.805002
v -2.303000 12.929998 -21.697002
v -2.271000 12.823998 -21.729002
v -3.023000 12.779998 -22.359001
v -3.082000 12.929998 -22.217001
v -3.064000 12.823998 -22.259003
v -4.000000 12.779998 -22.553001
v -4.000000 12.929998 -22.400002
v -4.000000 12.823998 -22.445002
v -4.977000 12.779998 -22.359001
v -4.918000 12.929998 -22.217001
v -4.936000 12.823998 -22.259003
v -5.805000 12.779998 -21.805002
v -5.697000 12.929998 -21.697002
v -5.729000 12.823998 -21.729002
v -6.359000 12.779998 -20.977001
v -6.217000 12.929998 -20.918001
v -6.259000 12.823998 -20.936003
v -6.553000 12.779998 -20.000002
v -6.400000 12.929998 -20.000002
v -6.445000 12.823998 -20.000002
v -6.359000 12.779998 -19.023003
v -6.217000 12.929998 -19.082003
v -6.259000 12.823998 -19.064001
v -5.805000 12.779999 -18.195002
v -5.697000 12.929999 -18.303001
v -5.729000 12.823999 -18.271002
v -4.977000 12.779999 -17.641003
v -4.918000 12.929999 -17.783003
v -4.936000 12.823999 -17.741001
v -4.000000 12.779999 -17.447002
v -4.000000 12.929999 -17.600002
v -4.000000 12.823999 -17.555002
v -3.023000 12.779999 -17.641003
v -3.082000 12.929999 -17.783003
v -3.064000 12.823999 -17.741001
v -2.195000 12.779999 -18.195002
v -2.303000 12.929999 -18.303001
v -2.271000 12.823999 -18.271002
v -1.641000 12.779998 -19.023003
v -1.783000 12.929998 -19.082003
v -1.741000 12.823998 -19.064001
v -1.783000 14.349999 -11.082001
v -2.018000 14.599999 -11.179001
v -1.852000 14.526999 -11.110001
v -2.483000 14.599999 -10.483001
v -2.303000 14.349999 -10.303001
v -2.356000 14.526999 -10.356001
v -3.082000 14.349999 -9.783001
v -3.179000 14.599999 -10.018001
v -3.110000 14.526999 -9.852001
v -4.000000 14.599999 -9.855000
v -4.000000 14.349999 -9.600001
v -4.000000 14.526999 -9.675001
v -4.918000 14.349999 -9.783001
v -4.821000 14.599999 -10.018001
v -4.890000 14.526999 -9.852001
v -5.697000 14.349999 -10.303001
v -5.517000 14.599999 -10.483001
v -5.644000 14.526999 -10.356001
v -6.217000 14.349999 -11.082001
v -5.982000 14.599999 -11.179001
v -6.148000 14.526999 -11.110001
v -6.400000 14.349999 -12.000001
v -6.145000 14.599999 -12.000001
v -6.325000 14.526999 -12.000001
v -5.982000 14.599999 -12.821001
v -6.217000 14.349999 -12.918001
v -6.148000 14.526999 -12.890001
v -5.697000 14.349999 -13.697001
v -5.517000 14.599999 -13.517001
v -5.644000 14.526999 -13.644001
v -4.918000 14.349999 -14.217001
v -4.821000 14.599999 -13.982001
v -4.890000 14.526999 -14.148001
v -4.000000 14.349999 -14.400001
v -4.000000 14.599999 -14.145001
v -4.000000 14.526999 -14.325001
v -3.082000 14.349999 -14.217001
v -3.179000 14.599999 -13.982001
v -3.110000 14.526999 -14.148001
v -2.483000 14.599999 -13.517001
v -2.303000 14.349999 -13.697001
v -2.356000 14.526999 -13.644001
v -1.783000 14.349999 -12.918001
v -2.018000 14.599999 -12.821001
v -1.852000 14.526999 -12.890001
v -1.600000 14.349999 -12.000001
v -1.855000 14.599999 -12.000001
v -1.675000 14.526999 -12.000001
v -5.014000 14.599999 -10.937001
v -4.000000 14.599999 -10.836001
v -2.986000 14.599999 -10.937001
v -5.097000 14.599999 -12.000001
v -4.000000 14.599999 -12.000001
v -2.903000 14.599999 -12.000001
v -5.014000 14.599999 -13.063001
v -4.000000 14.599999 -13.164001
v -2.986000 14.599999 -13.063001
v -1.600000 12.929999 -12.000001
v -1.447000 12.779999 -12.000001
v -1.555000 12.823999 -12.000001
v -1.641000 12.779999 -12.977001
v -1.783000 12.929999 -12.918001
v -1.741000 12.823999 -12.936001
v -2.195000 12.779999 -13.805001
v -2.303000 12.929999 -13.697001
v -2.271000 12.823999 -13.729001
v -3.023000 12.779999 -14.359001
v -3.082000 12.929999 -14.217001
v -3.064000 12.823999 -14.259001
v -4.000000 12.779999 -14.553001
v -4.000000 12.929999 -14.400001
v -4.000000 12.823999 -14.445001
v -4.977000 12.779999 -14.359001
v -4.918000 12.929999 -14.217001
v -4.936000 12.823999 -14.259001
v -5.805000 12.779999 -13.805001
v -5.697000 12.929999 -13.697001
v -5.729000 12.823999 -13.729001
v -6.359000 12.779999 -12.977001
v -6.217000 12.929999 -12.918001
v -6.259000 12.823999 -12.936001
v -6.553000 12.779999 -12.000001
v -6.400000 12.929999 -12.000001
v -6.445000 12.823999 -12.000001
v -6.359000 12.779999 -11.023001
v -6.217000 12.929999 -11.082001
v -6.259000 12.823999 -11.064001
v -5.805000 12.779999 -10.195001
v -5.697000 12.929999 -10.303001
v -5.729000 12.823999 -10.271001
v -4.977000 12.779999 -9.641001
v -4.918000 12.929999 -9.783001
v -4.936000 12.823999 -9.741001
v -4.000000 12.779999 -9.447001
v -4.000000 12.929999 -9.600001
v -4.000000 12.823999 -9.555001
v -3.023000 12.779999 -9.641001
v -3.082000 12.929999 -9.783001
v -3.064000 12.823999 -9.741001
v -2.195000 12.779999 -10.195001
v -2.303000 12.929999 -10.303001
v -2.271000 12.823999 -10.271001
v -1.641000 12.779999 -11.023001
v -1.783000 12.929999 -11.082001
v -1.741000 12.823999 -11.064001
v -1.783000 14.350000 -3.082001
v -2.018000 14.600000 -3.179001
v -1.852000 14.527000 -3.110001
v -2.483000 14.600000 -2.483001
v -2.303000 14.350000 -2.303001
v -2.356000 14.527000 -2.356001
v -3.082000 14.350000 -1.783001
v -3.179000 14.600000 -2.018001
v -3.110000 14.527000 -1.852001
v -4.000000 14.600000 -1.855001
v -4.000000 14.350000 -1.600001
v -4.000000 14.527000 -1.675001
v -4.918000 14.350000 -1.783001
v -4.821000 14.600000 -2.018001
v -4.890000 14.527000 -1.852001
v -5.697000 14.350000 -2.303001
v -5.517000 14.600000 -2.483001
v -5.644000 14.527000 -2.356001
v -6.217000 14.350000 -3.082001
v -5.982000 14.600000 -3.179001
v -6.148000 14.527000 -3.110001
v -6.400000 14.350000 -4.000001
v -6.145000 14.600000 -4.000001
v -6.325000 14.527000 -4.000001
v -5.982000 14.600000 -4.821001
v -6.217000 14.350000 -4.918001
v -6.148000 14.527000 -4.890001
v -5.697000 14.350000 -5.697001
v -5.517000 14.600000 -5.517001
v -5.644000 14.527000 -5.644001
v -4.918000 14.350000 -6.217001
v -4.821000 14.600000 -5.982001
v -4.890000 14.527000 -6.148001
v -4.000000 14.349999 -6.400001
v -4.000000 14.600000 -6.145001
v -4.000000 14.526999 -6.325001
v -3.082000 14.350000 -6.217001
v -3.179000 14.600000 -5.982001
v -3.110000 14.527000 -6.148001
v -2.483000 14.600000 -5.517001
v -2.303000 14.350000 -5.697001
v -2.356000 14.527000 -5.644001
v -1.783000 14.350000 -4.918001
v -2.018000 14.600000 -4.821001
v -1.852000 14.527000 -4.890001
v -1.600000 14.350000 -4.000001
v -1.855000 14.600000 -4.000001
v -1.675000 14.527000 -4.000001
v -5.014000 14.600000 -2.937001
v -4.000000 14.600000 -2.836001
v -2.986000 14.600000 -2.937001
v -5.097000 14.600000 -4.000001
v -4.000000 14.600000 -4.000001
v -2.903000 14.600000 -4.000001
v -5.014000 14.600000 -5.063001
v -4.000000 14.600000 -5.164001
v -2.986000 14.600000 -5.063001
v -1.600000 12.930000 -4.000001
v -1.447000 12.780000 -4.000001
v -1.555000 12.824000 -4.000001
v -1.641000 12.780000 -4.977001
v -1.783000 12.930000 -4.918001
v -1.741000 12.824000 -4.936001
v -2.195000 12.780000 -5.805001
v -2.303000 12.930000 -5.697001
v -2.271000 12.824000 -5.729001
v -3.023000 12.779999 -6.359001
v -3.082000 12.930000 -6.217001
v -3.064000 12.824000 -6.259001
v -4.000000 12.779999 -6.553001
v -4.000000 12.929999 -6.400001
v -4.000000 12.823999 -6.445001
v -4.977000 12.779999 -6.359001
v -4.918000 12.930000 -6.217001
v -4.936000 12.824000 -6.259001
v -5.805000 12.780000 -5.805001
v -5.697000 12.930000 -5.697001
v -5.729000 12.824000 -5.729001
v -6.359000 12.780000 -4.977001
v -6.217000 12.930000 -4.918001
v -6.259000 12.824000 -4.936001
v -6.553000 12.780000 -4.000001
v -6.400000 12.930000 -4.000001
v -6.445000 12.824000 -4.000001
v -6.359000 12.780000 -3.023001
v -6.217000 12.930000 -3.082001
v -6.259000 12.824000 -3.064001
v -5.805000 12.780000 -2.195001
v -5.697000 12.930000 -2.303001
v -5.729000 12.824000 -2.271001
v -4.977000 12.780000 -1.641001
v -4.918000 12.930000 -1.783001
v -4.936000 12.824000 -1.741001
v -4.000000 12.780000 -1.447001
v -4.000000 12.930000 -1.600001
v -4.000000 12.824000 -1.555001
v -3.023000 12.780000 -1.641001
v -3.082000 12.930000 -1.783001
v -3.064000 12.824000 -1.741001
v -2.195000 12.780000 -2.195001
v -2.303000 12.930000 -2.303001
v -2.271000 12.824000 -2.271001
v -1.641000 12.780000 -3.023001
v -1.783000 12.930000 -3.082001
v -1.741000 12.824000 -3.064001
v -1.783000 14.350000 4.917999
v -2.018000 14.600000 4.820999
v -1.852000 14.527000 4.889999
v -2.483000 14.600000 5.516999
v -2.303000 14.350000 5.696999
v -2.356000 14.527000 5.643999
v -3.082000 14.350000 6.216999
v -3.179000 14.600000 5.981999
v -3.110000 14.527000 6.147999
v -4.000000 14.600000 6.144999
v -4.000000 14.350001 6.399999
v -4.000000 14.527001 6.324999
v -4.918000 14.350000 6.216999
v -4.821000 14.600000 5.981999
v -4.890000 14.527000 6.147999
v -5.697000 14.350000 5.696999
v -5.517000 14.600000 5.516999
v -5.644000 14.527000 5.643999
v -6.217000 14.350000 4.917999
v -5.982000 14.600000 4.820999
v -6.148000 14.527000 4.889999
v -6.400000 14.350000 3.999999
v -6.145000 14.600000 3.999999
v -6.325000 14.527000 3.999999
v -5.982000 14.600000 3.178999
v -6.217000 14.350000 3.081999
v -6.148000 14.527000 3.109999
v -5.697000 14.350000 2.302999
v -5.517000 14.600000 2.482999
v -5.644000 14.527000 2.355999
v -4.918000 14.350000 1.782999
v -4.821000 14.600000 2.017999
v -4.890000 14.527000 1.851999
v -4.000000 14.350000 1.599999
v -4.000000 14.600000 1.854999
v -4.000000 14.527000 1.674999
v -3.082000 14.350000 1.782999
v -3.179000 14.600000 2.017999
v -3.110000 14.527000 1.851999
v -2.483000 14.600000 2.482999
v -2.303000 14.350000 2.302999
v -2.356000 14.527000 2.355999
v -1.783000 14.350000 3.081999
v -2.018000 14.600000 3.178999
v -1.852000 14.527000 3.109999
v -1.600000 14.350000 3.999999
v -1.855000 14.600000 3.999999
v -1.675000 14.527000 3.999999
v -5.014000 14.600000 5.062999
v -4.000000 14.600000 5.163999
v -2.986000 14.600000 5.062999
v -5.097000 14.600000 3.999999
v -4.000000 14.600000 3.999999
v -2.903000 14.600000 3.999999
v -5.014000 14.600000 2.936999
v -4.000000 14.600000 2.835999
v -2.986000 14.600000 2.936999
v -1.600000 12.930000 3.999999
v -1.447000 12.780000 3.999999
v -1.555000 12.824000 3.999999
v -1.641000 12.780000 3.022999
v -1.783000 12.930000 3.081999
v -1.741000 12.824000 3.063999
v -2.195000 12.780000 2.194999
v -2.303000 12.930000 2.302999
v -2.271000 12.824000 2.270999
v -3.023000 12.780000 1.640999
v -3.082000 12.930000 1.782999
v -3.064000 12.824000 1.740999
v -4.000000 12.780000 1.446999
v -4.000000 12.930000 1.599999
v -4.000000 12.824000 1.554999
v -4.977000 12.780000 1.640999
v -4.918000 12.930000 1.782999
v -4.936000 12.824000 1.740999
v -5.805000 12.780000 2.194999
v -5.697000 12.930000 2.302999
v -5.729000 12.824000 2.270999
v -6.359000 12.780000 3.022999
v -6.217000 12.930000 3.081999
v -6.259000 12.824000 3.063999
v -6.553000 12.780000 3.999999
v -6.400000 12.930000 3.999999
v -6.445000 12.824000 3.999999
v -6.359000 12.780000 4.976999
v -6.217000 12.930000 4.917999
v -6.259000 12.824000 4.935999
v -5.805000 12.780000 5.804999
v -5.697000 12.930000 5.696999
v -5.729000 12.824000 5.728999
v -4.977000 12.780001 6.358999
v -4.918000 12.930000 6.216999
v -4.936000 12.824000 6.258999
v -4.000000 12.780001 6.552999
v -4.000000 12.930001 6.399999
v -4.000000 12.824001 6.444999
v -3.023000 12.780001 6.358999
v -3.082000 12.930000 6.216999
v -3.064000 12.824000 6.258999
v -2.195000 12.780000 5.804999
v -2.303000 12.930000 5.696999
v -2.271000 12.824000 5.728999
v -1.641000 12.780000 4.976999
v -1.783000 12.930000 4.917999
v -1.741000 12.824000 4.935999
v -1.783000 14.350001 12.917999
v -2.018000 14.600001 12.820999
v -1.852000 14.527001 12.889999
v -2.483000 14.600001 13.516999
v -2.303000 14.350001 13.696999
v -2.356000 14.527001 13.643999
v -3.082000 14.350001 14.216999
v -3.179000 14.600001 13.981999
v -3.110000 14.527001 14.147999
v -4.000000 14.600001 14.145000
v -4.000000 14.350001 14.399999
v -4.000000 14.527001 14.324999
v -4.918000 14.350001 14.216999
v -4.821000 14.600001 13.981999
v -4.890000 14.527001 14.147999
v -5.697000 14.350001 13.696999
v -5.517000 14.600001 13.516999
v -5.644000 14.527001 13.643999
v -6.217000 14.350001 12.917999
v -5.982000 14.600001 12.820999
v -6.148000 14.527001 12.889999
v -6.400000 14.350001 11.999999
v -6.145000 14.600001 11.999999
v -6.325000 14.527001 11.999999
v -5.982000 14.600001 11.178999
v -6.217000 14.350001 11.081999
v -6.148000 14.527001 11.109999
v -5.697000 14.350001 10.302999
v -5.517000 14.600001 10.482999
v -5.644000 14.527001 10.355999
v -4.918000 14.350001 9.782999
v -4.821000 14.600001 10.017999
v -4.890000 14.527001 9.851999
v -4.000000 14.350001 9.599999
v -4.000000 14.600001 9.854999
v -4.000000 14.527001 9.674999
v -3.082000 14.350001 9.782999
v -3.179000 14.600001 10.017999
v -3.110000 14.527001 9.851999
v -2.483000 14.600001 10.482999
v -2.303000 14.350001 10.302999
v -2.356000 14.527001 10.355999
v -1.783000 14.350001 11.081999
v -2.018000 14.600001 11.178999
v -1.852000 14.527001 11.109999
v -1.600000 14.350001 11.999999
v -1.855000 14.600001 11.999999
v -1.675000 14.527001 11.999999
v -5.014000 14.600001 13.062999
v -4.000000 14.600001 13.163999
v -2.986000 14.600001 13.062999
v -5.097000 14.600001 11.999999
v -4.000000 14.600001 11.999999
v -2.903000 14.600001 11.999999
v -5.014000 14.600001 10.936999
v -4.000000 14.600001 10.835999
v -2.986000 14.600001 10.936999
v -1.600000 12.930001 11.999999
v -1.447000 12.780001 11.999999
v -1.555000 12.824001 11.999999
v -1.641000 12.780001 11.022999
v -1.783000 12.930001 11.081999
v -1.741000 12.824001 11.063999
v -2.195000 12.780001 10.194999
v -2.303000 12.930001 10.302999
v -2.271000 12.824001 10.270999
v -3.023000 12.780001 9.640999
v -3.082000 12.930001 9.782999
v -3.064000 12.824001 9.740999
v -4.000000 12.780001 9.446999
v -4.000000 12.930001 9.599999
v -4.000000 12.824001 9.554999
v -4.977000 12.780001 9.640999
v -4.918000 12.930001 9.782999
v -4.936000 12.824001 9.740999
v -5.805000 12.780001 10.194999
v -5.697000 12.930001 10.302999
v -5.729000 12.824001 10.270999
v -6.359000 12.780001 11.022999
v -6.217000 12.930001 11.081999
v -6.259000 12.824001 11.063999
v -6.553000 12.780001 11.999999
v -6.400000 12.930001 11.999999
v -6.445000 12.824001 11.999999
v -6.359000 12.780001 12.976999
v -6.217000 12.930001 12.917999
v -6.259000 12.824001 12.935999
v -5.805000 12.780001 13.804999
v -5.697000 12.930001 13.696999
v -5.729000 12.824001 13.728999
v -4.977000 12.780001 14.358999
v -4.918000 12.930001 14.216999
v -4.936000 12.824001 14.258999
v -4.000000 12.780001 14.552999
v -4.000000 12.930001 14.399999
v -4.000000 12.824001 14.444999
v -3.023000 12.780001 14.358999
v -3.082000 12.930001 14.216999
v -3.064000 12.824001 14.258999
v -2.195000 12.780001 13.804999
v -2.303000 12.930001 13.696999
v -2.271000 12.824001 13.728999
v -1.641000 12.780001 12.976999
v -1.783000 12.930001 12.917999
v -1.741000 12.824001 12.935999
v -1.783000 14.350002 20.917997
v -2.018000 14.600002 20.820997
v -1.852000 14.527002 20.889997
v -2.483000 14.600002 21.516998
v -2.303000 14.350002 21.696999
v -2.356000 14.527002 21.643997
v -3.082000 14.350002 22.216997
v -3.179000 14.600002 21.981998
v -3.110000 14.527002 22.147999
v -4.000000 14.600002 22.144999
v -4.000000 14.350002 22.399998
v -4.000000 14.527002 22.324999
v -4.918000 14.350002 22.216997
v -4.821000 14.600002 21.981998
v -4.890000 14.527002 22.147999
v -5.697000 14.350002 21.696999
v -5.517000 14.600002 21.516998
v -5.644000 14.527002 21.643997
v -6.217000 14.350002 20.917997
v -5.982000 14.600002 20.820997
v -6.148000 14.527002 20.889997
v -6.400000 14.350002 19.999998
v -6.145000 14.600002 19.999998
v -6.325000 14.527002 19.999998
v -5.982000 14.600002 19.178999
v -6.217000 14.350002 19.081999
v -6.148000 14.527002 19.109999
v -5.697000 14.350001 18.302998
v -5.517000 14.600001 18.482998
v -5.644000 14.527001 18.355999
v -4.918000 14.350001 17.782999
v -4.821000 14.600001 18.017998
v -4.890000 14.527001 17.851997
v -4.000000 14.350001 17.599998
v -4.000000 14.600001 17.854998
v -4.000000 14.527001 17.674997
v -3.082000 14.350001 17.782999
v -3.179000 14.600001 18.017998
v -3.110000 14.527001 17.851997
v -2.483000 14.600001 18.482998
v -2.303000 14.350001 18.302998
v -2.356000 14.527001 18.355999
v -1.783000 14.350002 19.081999
v -2.018000 14.600002 19.178999
v -1.852000 14.527002 19.109999
v -1.600000 14.350002 19.999998
v -1.855000 14.600002 19.999998
v -1.675000 14.527002 19.999998
v -5.014000 14.600002 21.062998
v -4.000000 14.600002 21.163998
v -2.986000 14.600002 21.062998
v -5.097000 14.600002 19.999998
v -4.000000 14.600002 19.999998
v -2.903000 14.600002 19.999998
v -5.014000 14.600001 18.936998
v -4.000000 14.600001 18.835999
v -2.986000 14.600001 18.936998
v -1.600000 12.930002 19.999998
v -1.447000 12.780002 19.999998
v -1.555000 12.824002 19.999998
v -1.641000 12.780002 19.022999
v -1.783000 12.930002 19.081999
v -1.741000 12.824002 19.063997
v -2.195000 12.780001 18.194998
v -2.303000 12.930001 18.302998
v -2.271000 12.824001 18.270998
v -3.023000 12.780001 17.640999
v -3.082000 12.930001 17.782999
v -3.064000 12.824001 17.740997
v -4.000000 12.780001 17.446999
v -4.000000 12.930001 17.599998
v -4.000000 12.824001 17.554998
v -4.977000 12.780001 17.640999
v -4.918000 12.930001 17.782999
v -4.936000 12.824001 17.740997
v -5.805000 12.780001 18.194998
v -5.697000 12.930001 18.302998
v -5.729000 12.824001 18.270998
v -6.359000 12.780002 19.022999
v -6.217000 12.930002 19.081999
v -6.259000 12.824002 19.063997
v -6.553000 12.780002 19.999998
v -6.400000 12.930002 19.999998
v -6.445000 12.824002 19.999998
v -6.359000 12.780002 20.976997
v -6.217000 12.930002 20.917997
v -6.259000 12.824002 20.935999
v -5.805000 12.780002 21.804998
v -5.697000 12.930002 21.696999
v -5.729000 12.824002 21.728998
v -4.977000 12.780002 22.358997
v -4.918000 12.930002 22.216997
v -4.936000 12.824002 22.258999
v -4.000000 12.780002 22.552998
v -4.000000 12.930002 22.399998
v -4.000000 12.824002 22.444998
v -3.023000 12.780002 22.358997
v -3.082000 12.930002 22.216997
v -3.064000 12.824002 22.258999
v -2.195000 12.780002 21.804998
v -2.303000 12.930002 21.696999
v -2.271000 12.824002 21.728998
v -1.641000 12.780002 20.976997
v -1.783000 12.930002 20.917997
v -1.741000 12.824002 20.935999
v 3.250000 11.699999 -16.000000
v 3.003000 11.699999 -17.243999
v 2.298000 11.699999 -18.298000
v 1.244000 11.699998 -19.003000
v 0.000000 11.699998 -19.250000
v -1.244000 11.699998 -19.003000
v -2.298000 11.699999 -18.298000
v -3.003000 11.699999 -17.243999
v -3.250000 11.699999 -16.000000
v -3.003000 11.699999 -14.756001
v -2.298000 11.699999 -13.702001
v -1.244000 11.699999 -12.997001
v 0.000000 11.699999 -12.750001
v 1.244000 11.699999 -12.997001
v 2.298000 11.699999 -13.702001
v 3.003000 11.699999 -14.756001
v 2.400000 11.699999 -16.000000
v 2.217000 11.699999 -16.917999
v 1.697000 11.699999 -17.697001
v 0.918000 11.699999 -18.216999
v 0.000000 11.699999 -18.400000
v -0.918000 11.699999 -18.216999
v -1.697000 11.699999 -17.697001
v -2.217000 11.699999 -16.917999
v -2.400000 11.699999 -16.000000
v -2.217000 11.699999 -15.082001
v -1.697000 11.699999 -14.303001
v -0.918000 11.699999 -13.783001
v 0.000000 11.699999 -13.600001
v 0.918000 11.699999 -13.783001
v 1.697000 11.699999 -14.303001
v 2.217000 11.699999 -15.082001
v 3.250000 9.770000 -16.000000
v 3.097000 9.619999 -16.000000
v 3.205000 9.663999 -16.000000
v 2.861000 9.619999 -17.184999
v 3.003000 9.770000 -17.243999
v 2.961000 9.663999 -17.226999
v 2.190000 9.619999 -18.190001
v 2.298000 9.770000 -18.298000
v 2.266000 9.663999 -18.266001
v 1.185000 9.619999 -18.861000
v 1.244000 9.769999 -19.003000
v 1.227000 9.663998 -18.961000
v 0.000000 9.619998 -19.097000
v 0.000000 9.769999 -19.250000
v 0.000000 9.663998 -19.205000
v -1.185000 9.619999 -18.861000
v -1.244000 9.769999 -19.003000
v -1.227000 9.663998 -18.961000
v -2.190000 9.619999 -18.190001
v -2.298000 9.770000 -18.298000
v -2.266000 9.663999 -18.266001
v -2.861000 9.619999 -17.184999
v -3.003000 9.770000 -17.243999
v -2.961000 9.663999 -17.226999
v -3.097000 9.619999 -16.000000
v -3.250000 9.770000 -16.000000
v -3.205000 9.663999 -16.000000
v -2.861000 9.619999 -14.815001
v -3.003000 9.770000 -14.756001
v -2.961000 9.663999 -14.773001
v -2.190000 9.619999 -13.810001
v -2.298000 9.770000 -13.702001
v -2.266000 9.663999 -13.734001
v -1.185000 9.619999 -13.139001
v -1.244000 9.770000 -12.997001
v -1.227000 9.663999 -13.039001
v 0.000000 9.619999 -12.903001
v 0.000000 9.770000 -12.750001
v 0.000000 9.663999 -12.795001
v 1.185000 9.619999 -13.139001
v 1.244000 9.770000 -12.997001
v 1.227000 9.663999 -13.039001
v 2.190000 9.619999 -13.810001
v 2.298000 9.770000 -13.702001
v 2.266000 9.663999 -13.734001
v 2.861000 9.619999 -14.815001
v 3.003000 9.770000 -14.756001
v 2.961000 9.663999 -14.773001
v 2.553000 9.619999 -16.000000
v 2.400000 9.770000 -16.000000
v 2.445000 9.663999 -16.000000
v 2.217000 9.770000 -16.917999
v 2.359000 9.619999 -16.976999
v 2.259000 9.663999 -16.936001
v 1.697000 9.770000 -17.697001
v 1.805000 9.619999 -17.805000
v 1.729000 9.663999 -17.729000
v 0.918000 9.770000 -18.216999
v 0.977000 9.619999 -18.358999
v 0.936000 9.663999 -18.259001
v 0.000000 9.770000 -18.400000
v 0.000000 9.619999 -18.552999
v 0.000000 9.663999 -18.445000
v -0.918000 9.770000 -18.216999
v -0.977000 9.619999 -18.358999
v -0.936000 9.663999 -18.259001
v -1.697000 9.770000 -17.697001
v -1.805000 9.619999 -17.805000
v -1.729000 9.663999 -17.729000
v -2.217000 9.770000 -16.917999
v -2.359000 9.619999 -16.976999
v -2.259000 9.663999 -16.936001
v -2.400000 9.770000 -16.000000
v -2.553000 9.619999 -16.000000
v -2.445000 9.663999 -16.000000
v -2.217000 9.770000 -15.082001
v -2.359000 9.619999 -15.023001
v -2.259000 9.663999 -15.064001
v -1.697000 9.770000 -14.303001
v -1.805000 9.619999 -14.195001
v -1.729000 9.663999 -14.271001
v -0.918000 9.770000 -13.783001
v -0.977000 9.619999 -13.641001
v -0.936000 9.663999 -13.741001
v 0.000000 9.770000 -13.600001
v 0.000000 9.619999 -13.447001
v 0.000000 9.663999 -13.555001
v 0.918000 9.770000 -13.783001
v 0.977000 9.619999 -13.641001
v 0.936000 9.663999 -13.741001
v 1.697000 9.770000 -14.303001
v 1.805000 9.619999 -14.195001
v 1.729000 9.663999 -14.271001
v 2.217000 9.770000 -15.082001
v 2.359000 9.619999 -15.023001
v 2.259000 9.663999 -15.064001
v 3.250000 11.699999 -8.000001
v 3.003000 11.699999 -9.244001
v 2.298000 11.699999 -10.298001
v 1.244000 11.699999 -11.003001
v 0.000000 11.699999 -11.250001
v -1.244000 11.699999 -11.003001
v -2.298000 11.699999 -10.298001
v -3.003000 11.699999 -9.244001
v -3.250000 11.699999 -8.000001
v -3.003000 11.699999 -6.756001
v -2.298000 11.700000 -5.702001
v -1.244000 11.700000 -4.997001
v 0.000000 11.700000 -4.750001
v 1.244000 11.700000 -4.997001
v 2.298000 11.700000 -5.702001
v 3.003000 11.699999 -6.756001
v 2.400000 11.699999 -8.000001
v 2.217000 11.699999 -8.918001
v 1.697000 11.699999 -9.697001
v 0.918000 11.699999 -10.217001
v 0.000000 11.699999 -10.400001
v -0.918000 11.699999 -10.217001
v -1.697000 11.699999 -9.697001
v -2.217000 11.699999 -8.918001
v -2.400000 11.699999 -8.000001
v -2.217000 11.699999 -7.082001
v -1.697000 11.700000 -6.303001
v -0.918000 11.700000 -5.783001
v 0.000000 11.700000 -5.600001
v 0.918000 11.700000 -5.783001
v 1.697000 11.700000 -6.303001
v 2.217000 11.699999 -7.082001
v 3.250000 9.770000 -8.000001
v 3.097000 9.619999 -8.000001
v 3.205000 9.663999 -8.000001
v 2.861000 9.619999 -9.185001
v 3.003000 9.770000 -9.244001
v 2.961000 9.663999 -9.227001
v 2.190000 9.619999 -10.190001
v 2.298000 9.770000 -10.298001
v 2.266000 9.663999 -10.266001
v 1.185000 9.619999 -10.861001
v 1.244000 9.770000 -11.003001
v 1.227000 9.663999 -10.961001
v 0.000000 9.619999 -11.097001
v 0.000000 9.770000 -11.250001
v 0.000000 9.663999 -11.205001
v -1.185000 9.619999 -10.861001
v -1.244000 9.770000 -11.003001
v -1.227000 9.663999 -10.961001
v -2.190000 9.619999 -10.190001
v -2.298000 9.770000 -10.298001
v -2.266000 9.663999 -10.266001
v -2.861000 9.619999 -9.185001
v -3.003000 9.770000 -9.244001
v -2.961000 9.663999 -9.227001
v -3.097000 9.619999 -8.000001
v -3.250000 9.770000 -8.000001
v -3.205000 9.663999 -8.000001
v -2.861000 9.619999 -6.815001
v -3.003000 9.770000 -6.756001
v -2.961000 9.663999 -6.773001
v -2.190000 9.620000 -5.810001
v -2.298000 9.770000 -5.702001
v -2.266000 9.664000 -5.734001
v -1.185000 9.620000 -5.139001
v -1.244000 9.770000 -4.997001
v -1.227000 9.664000 -5.039001
v 0.000000 9.620000 -4.903001
v 0.000000 9.770000 -4.750001
v 0.000000 9.664000 -4.795001
v 1.185000 9.620000 -5.139001
v 1.244000 9.770000 -4.997001
v 1.227000 9.664000 -5.039001
v 2.190000 9.620000 -5.810001
v 2.298000 9.770000 -5.702001
v 2.266000 9.664000 -5.734001
v 2.861000 9.619999 -6.815001
v 3.003000 9.770000 -6.756001
v 2.961000 9.663999 -6.773001
v 2.553000 9.619999 -8.000001
v 2.400000 9.770000 -8.000001
v 2.445000 9.663999 -8.000001
v 2.217000 9.770000 -8.918001
v 2.359000 9.619999 -8.977001
v 2.259000 9.663999 -8.936001
v 1.697000 9.770000 -9.697001
v 1.805000 9.619999 -9.805001
v 1.729000 9.663999 -9.729001
v 0.918000 9.770000 -10.217001
v 0.977000 9.619999 -10.359001
v 0.936000 9.663999 -10.259001
v 0.000000 9.770000 -10.400001
v 0.000000 9.619999 -10.553001
v 0.000000 9.663999 -10.445001
v -0.918000 9.770000 -10.217001
v -0.977000 9.619999 -10.359001
v -0.936000 9.663999 -10.259001
v -1.697000 9.770000 -9.697001
v -1.805000 9.619999 -9.805001
v -1.729000 9.663999 -9.729001
v -2.217000 9.770000 -8.918001
v -2.359000 9.619999 -8.977001
v -2.259000 9.663999 -8.936001
v -2.400000 9.770000 -8.000001
v -2.553000 9.619999 -8.000001
v -2.445000 9.663999 -8.000001
v -2.217000 9.770000 -7.082001
v -2.359000 9.619999 -7.023001
v -2.259000 9.663999 -7.064001
v -1.697000 9.770000 -6.303001
v -1.805000 9.620000 -6.195001
v -1.729000 9.664000 -6.271001
v -0.918000 9.770000 -5.783001
v -0.977000 9.620000 -5.641001
v -0.936000 9.664000 -5.741001
v 0.000000 9.770000 -5.600001
v 0.000000 9.620000 -5.447001
v 0.000000 9.664000 -5.555001
v 0.918000 9.770000 -5.783001
v 0.977000 9.620000 -5.641001
v 0.936000 9.664000 -5.741001
v 1.697000 9.770000 -6.303001
v 1.805000 9.620000 -6.195001
v 1.729000 9.664000 -6.271001
v 2.217000 9.770000 -7.082001
v 2.359000 9.619999 -7.023001
v 2.259000 9.663999 -7.064001
v 3.250000 11.700000 -0.000001
v 3.003000 11.700000 -1.244001
v 2.298000 11.700000 -2.298001
v 1.244000 11.700000 -3.003001
v 0.000000 11.700000 -3.250001
v -1.244000 11.700000 -3.003001
v -2.298000 11.700000 -2.298001
v -3.003000 11.700000 -1.244001
v -3.250000 11.700000 -0.000001
v -3.003000 11.700000 1.243999
v -2.298000 11.700000 2.297999
v -1.244000 11.700000 3.002999
v 0.000000 11.700000 3.249999
v 1.244000 11.700000 3.002999
v 2.298000 11.700000 2.297999
v 3.003000 11.700000 1.243999
v 2.400000 11.700000 -0.000001
v 2.217000 11.700000 -0.918001
v 1.697000 11.700000 -1.697001
v 0.918000 11.700000 -2.217001
v 0.000000 11.700000 -2.400001
v -0.918000 11.700000 -2.217001
v -1.697000 11.700000 -1.697001
v -2.217000 11.700000 -0.918001
v -2.400000 11.700000 -0.000001
v -2.217000 11.700000 0.917999
v -1.697000 11.700000 1.696999
v -0.918000 11.700000 2.216999
v 0.000000 11.700000 2.399999
v 0.918000 11.700000 2.216999
v 1.697000 11.700000 1.696999
v 2.217000 11.700000 0.917999
v 3.250000 9.770000 -0.000001
v 3.097000 9.620000 -0.000001
v 3.205000 9.664000 -0.000001
v 2.861000 9.620000 -1.185001
v 3.003000 9.770000 -1.244001
v 2.961000 9.664000 -1.227001
v 2.190000 9.620000 -2.190001
v 2.298000 9.770000 -2.298001
v 2.266000 9.664000 -2.266001
v 1.185000 9.620000 -2.861001
v 1.244000 9.770000 -3.003001
v 1.227000 9.664000 -2.961001
v 0.000000 9.620000 -3.097001
v 0.000000 9.770000 -3.250001
v 0.000000 9.664000 -3.205001
v -1.185000 9.620000 -2.861001
v -1.244000 9.770000 -3.003001
v -1.227000 9.664000 -2.961001
v -2.190000 9.620000 -2.190001
v -2.298000 9.770000 -2.298001
v -2.266000 9.664000 -2.266001
v -2.861000 9.620000 -1.185001
v -3.003000 9.770000 -1.244001
v -2.961000 9.664000 -1.227001
v -3.097000 9.620000 -0.000001
v -3.250000 9.770000 -0.000001
v -3.205000 9.664000 -0.000001
v -2.861000 9.620000 1.184999
v -3.003000 9.770000 1.243999
v -2.961000 9.664000 1.226999
v -2.190000 9.620000 2.189999
v -2.298000 9.770000 2.297999
v -2.266000 9.664000 2.265999
v -1.185000 9.620000 2.860999
v -1.244000 9.770000 3.002999
v -1.227000 9.664000 2.960999
v 0.000000 9.620000 3.096999
v 0.000000 9.770000 3.249999
v 0.000000 9.664000 3.204999
v 1.185000 9.620000 2.860999
v 1.244000 9.770000 3.002999
v 1.227000 9.664000 2.960999
v 2.190000 9.620000 2.189999
v 2.298000 9.770000 2.297999
v 2.266000 9.664000 2.265999
v 2.861000 9.620000 1.184999
v 3.003000 9.770000 1.243999
v 2.961000 9.664000 1.226999
v 2.553000 9.620000 -0.000001
v 2.400000 9.770000 -0.000001
v 2.445000 9.664000 -0.000001
v 2.217000 9.770000 -0.918001
v 2.359000 9.620000 -0.977001
v 2.259000 9.664000 -0.936001
v 1.697000 9.770000 -1.697001
v 1.805000 9.620000 -1.805001
v 1.729000 9.664000 -1.729001
v 0.918000 9.770000 -2.217001
v 0.977000 9.620000 -2.359001
v 0.936000 9.664000 -2.259001
v 0.000000 9.770000 -2.400001
v 0.000000 9.620000 -2.553001
v 0.000000 9.664000 -2.445001
v -0.918000 9.770000 -2.217001
v -0.977000 9.620000 -2.359001
v -0.936000 9.664000 -2.259001
v -1.697000 9.770000 -1.697001
v -1.805000 9.620000 -1.805001
v -1.729000 9.664000 -1.729001
v -2.217000 9.770000 -0.918001
v -2.359000 9.620000 -0.977001
v -2.259000 9.664000 -0.936001
v -2.400000 9.770000 -0.000001
v -2.553000 9.620000 -0.000001
v -2.445000 9.664000 -0.000001
v -2.217000 9.770000 0.917999
v -2.359000 9.620000 0.976999
v -2.259000 9.664000 0.935999
v -1.697000 9.770000 1.696999
v -1.805000 9.620000 1.804999
v -1.729000 9.664000 1.728999
v -0.918000 9.770000 2.216999
v -0.977000 9.620000 2.358999
v -0.936000 9.664000 2.258999
v 0.000000 9.770000 2.399999
v 0.000000 9.620000 2.552999
v 0.000000 9.664000 2.444999
v 0.918000 9.770000 2.216999
v 0.977000 9.620000 2.358999
v 0.936000 9.664000 2.258999
v 1.697000 9.770000 1.696999
v 1.805000 9.620000 1.804999
v 1.729000 9.664000 1.728999
v 2.217000 9.770000 0.917999
v 2.359000 9.620000 0.976999
v 2.259000 9.664000 0.935999
v 3.250000 11.700001 7.999999
v 3.003000 11.700001 6.755999
v 2.298000 11.700000 5.701999
v 1.244000 11.700000 4.996999
v 0.000000 11.700000 4.749999
v -1.244000 11.700000 4.996999
v -2.298000 11.700000 5.701999
v -3.003000 11.700001 6.755999
v -3.250000 11.700001 7.999999
v -3.003000 11.700001 9.243999
v -2.298000 11.700001 10.297999
v -1.244000 11.700001 11.002999
v 0.000000 11.700001 11.249999
v 1.244000 11.700001 11.002999
v 2.298000 11.700001 10.297999
v 3.003000 11.700001 9.243999
v 2.400000 11.700001 7.999999
v 2.217000 11.700001 7.081999
v 1.697000 11.700000 6.302999
v 0.918000 11.700000 5.782999
v 0.000000 11.700000 5.599999
v -0.918000 11.700000 5.782999
v -1.697000 11.700000 6.302999
v -2.217000 11.700001 7.081999
v -2.400000 11.700001 7.999999
v -2.217000 11.700001 8.917999
v -1.697000 11.700001 9.696999
v -0.918000 11.700001 10.216999
v 0.000000 11.700001 10.399999
v 0.918000 11.700001 10.216999
v 1.697000 11.700001 9.696999
v 2.217000 11.700001 8.917999
v 3.250000 9.770001 7.999999
v 3.097000 9.620001 7.999999
v 3.205000 9.664001 7.999999
v 2.861000 9.620001 6.814999
v 3.003000 9.770001 6.755999
v 2.961000 9.664001 6.772999
v 2.190000 9.620000 5.809999
v 2.298000 9.770000 5.701999
v 2.266000 9.664000 5.733999
v 1.185000 9.620000 5.138999
v 1.244000 9.770000 4.996999
v 1.227000 9.664000 5.038999
v 0.000000 9.620000 4.902999
v 0.000000 9.770000 4.749999
v 0.000000 9.664000 4.794999
v -1.185000 9.620000 5.138999
v -1.244000 9.770000 4.996999
v -1.227000 9.664000 5.038999
v -2.190000 9.620000 5.809999
v -2.298000 9.770000 5.701999
v -2.266000 9.664000 5.733999
v -2.861000 9.620001 6.814999
v -3.003000 9.770001 6.755999
v -2.961000 9.664001 6.772999
v -3.097000 9.620001 7.999999
v -3.250000 9.770001 7.999999
v -3.205000 9.664001 7.999999
v -2.861000 9.620001 9.184999
v -3.003000 9.770001 9.243999
v -2.961000 9.664001 9.226999
v -2.190000 9.620001 10.189999
v -2.298000 9.770001 10.297999
v -2.266000 9.664001 10.265999
v -1.185000 9.620001 10.860999
v -1.244000 9.770001 11.002999
v -1.227000 9.664001 10.960999
v 0.000000 9.620001 11.096999
v 0.000000 9.770001 11.249999
v 0.000000 9.664001 11.204999
v 1.185000 9.620001 10.860999
v 1.244000 9.770001 11.002999
v 1.227000 9.664001 10.960999
v 2.190000 9.620001 10.189999
v 2.298000 9.770001 10.297999
v 2.266000 9.664001 10.265999
v 2.861000 9.620001 9.184999
v 3.003000 9.770001 9.243999
v 2.961000 9.664001 9.226999
v 2.553000 9.620001 7.999999
v 2.400000 9.770001 7.999999
v 2.445000 9.664001 7.999999
v 2.217000 9.770001 7.081999
v 2.359000 9.620001 7.022999
v 2.259000 9.664001 7.063999
v 1.697000 9.770000 6.302999
v 1.805000 9.620000 6.194999
v 1.729000 9.664000 6.270999
v 0.918000 9.770000 5.782999
v 0.977000 9.620000 5.640999
v 0.936000 9.664000 5.740999
v 0.000000 9.770000 5.599999
v 0.000000 9.620000 5.446999
v 0.000000 9.664000 5.554999
v -0.918000 9.770000 5.782999
v -0.977000 9.620000 5.640999
v -0.936000 9.664000 5.740999
v -1.697000 9.770000 6.302999
v -1.805000 9.620000 6.194999
v -1.729000 9.664000 6.270999
v -2.217000 9.770001 7.081999
v -2.359000 9.620001 7.022999
v -2.259000 9.664001 7.063999
v -2.400000 9.770001 7.999999
v -2.553000 9.620001 7.999999
v -2.445000 9.664001 7.999999
v -2.217000 9.770001 8.917999
v -2.359000 9.620001 8.976999
v -2.259000 9.664001 8.935999
v -1.697000 9.770001 9.696999
v -1.805000 9.620001 9.804999
v -1.729000 9.664001 9.728999
v -0.918000 9.770001 10.216999
v -0.977000 9.620001 10.358999
v -0.936000 9.664001 10.258999
v 0.000000 9.770001 10.399999
v 0.000000 9.620001 10.552999
v 0.000000 9.664001 10.444999
v 0.918000 9.770001 10.216999
v 0.977000 9.620001 10.358999
v 0.936000 9.664001 10.258999
v 1.697000 9.770001 9.696999
v 1.805000 9.620001 9.804999
v 1.729000 9.664001 9.728999
v 2.217000 9.770001 8.917999
v 2.359000 9.620001 8.976999
v 2.259000 9.664001 8.935999
v 3.250000 11.700001 15.999999
v 3.003000 11.700001 14.755999
v 2.298000 11.700001 13.701999
v 1.244000 11.700001 12.996999
v 0.000000 11.700001 12.749999
v -1.244000 11.700001 12.996999
v -2.298000 11.700001 13.701999
v -3.003000 11.700001 14.755999
v -3.250000 11.700001 15.999999
v -3.003000 11.700001 17.243999
v -2.298000 11.700001 18.298000
v -1.244000 11.700002 19.003000
v 0.000000 11.700002 19.250000
v 1.244000 11.700002 19.003000
v 2.298000 11.700001 18.298000
v 3.003000 11.700001 17.243999
v 2.400000 11.700001 15.999999
v 2.217000 11.700001 15.081999
v 1.697000 11.700001 14.302999
v 0.918000 11.700001 13.782999
v 0.000000 11.700001 13.599999
v -0.918000 11.700001 13.782999
v -1.697000 11.700001 14.302999
v -2.217000 11.700001 15.081999
v -2.400000 11.700001 15.999999
v -2.217000 11.700001 16.917999
v -1.697000 11.700001 17.697001
v -0.918000 11.700001 18.216999
v 0.000000 11.700001 18.400000
v 0.918000 11.700001 18.216999
v 1.697000 11.700001 17.697001
v 2.217000 11.700001 16.917999
v 3.250000 9.770001 15.999999
v 3.097000 9.620001 15.999999
v 3.205000 9.664001 15.999999
v 2.861000 9.620001 14.814999
v 3.003000 9.770001 14.755999
v 2.961000 9.664001 14.772999
v 2.190000 9.620001 13.809999
v 2.298000 9.770001 13.701999
v 2.266000 9.664001 13.733999
v 1.185000 9.620001 13.138999
v 1.244000 9.770001 12.996999
v 1.227000 9.664001 13.038999
v 0.000000 9.620001 12.902999
v 0.000000 9.770001 12.749999
v 0.000000 9.664001 12.794999
v -1.185000 9.620001 13.138999
v -1.244000 9.770001 12.996999
v -1.227000 9.664001 13.038999
v -2.190000 9.620001 13.809999
v -2.298000 9.770001 13.701999
v -2.266000 9.664001 13.733999
v -2.861000 9.620001 14.814999
v -3.003000 9.770001 14.755999
v -2.961000 9.664001 14.772999
v -3.097000 9.620001 15.999999
v -3.250000 9.770001 15.999999
v -3.205000 9.664001 15.999999
v -2.861000 9.620001 17.184999
v -3.003000 9.770001 17.243999
v -2.961000 9.664001 17.226999
v -2.190000 9.620001 18.190001
v -2.298000 9.770001 18.298000
v -2.266000 9.664001 18.266001
v -1.185000 9.620001 18.861000
v -1.244000 9.770002 19.003000
v -1.227000 9.664001 18.961000
v 0.000000 9.620002 19.097000
v 0.000000 9.770002 19.250000
v 0.000000 9.664001 19.205000
v 1.185000 9.620001 18.861000
v 1.244000 9.770002 19.003000
v 1.227000 9.664001 18.961000
v 2.190000 9.620001 18.190001
v 2.298000 9.770001 18.298000
v 2.266000 9.664001 18.266001
v 2.861000 9.620001 17.184999
v 3.003000 9.770001 17.243999
v 2.961000 9.664001 17.226999
v 2.553000 9.620001 15.999999
v 2.400000 9.770001 15.999999
v 2.445000 9.664001 15.999999
v 2.217000 9.770001 15.081999
v 2.359000 9.620001 15.022999
v 2.259000 9.664001 15.063999
v 1.697000 9.770001 14.302999
v 1.805000 9.620001 14.194999
v 1.729000 9.664001 14.270999
v 0.918000 9.770001 13.782999
v 0.977000 9.620001 13.640999
v 0.936000 9.664001 13.740999
v 0.000000 9.770001 13.599999
v 0.000000 9.620001 13.446999
v 0.000000 9.664001 13.554999
v -0.918000 9.770001 13.782999
v -0.977000 9.620001 13.640999
v -0.936000 9.664001 13.740999
v -1.697000 9.770001 14.302999
v -1.805000 9.620001 14.194999
v -1.729000 9.664001 14.270999
v -2.217000 9.770001 15.081999
v -2.359000 9.620001 15.022999
v -2.259000 9.664001 15.063999
v -2.400000 9.770001 15.999999
v -2.553000 9.620001 15.999999
v -2.445000 9.664001 15.999999
v -2.217000 9.770001 16.917999
v -2.359000 9.620001 16.976999
v -2.259000 9.664001 16.936001
v -1.697000 9.770001 17.697001
v -1.805000 9.620001 17.805000
v -1.729000 9.664001 17.729000
v -0.918000 9.770001 18.216999
v -0.977000 9.620001 18.358999
v -0.936000 9.664001 18.259001
v 0.000000 9.770001 18.400000
v 0.000000 9.620001 18.552999
v 0.000000 9.664001 18.445000
v 0.918000 9.770001 18.216999
v 0.977000 9.620001 18.358999
v 0.936000 9.664001 18.259001
v 1.697000 9.770001 17.697001
v 1.805000 9.620001 17.805000
v 1.729000 9.664001 17.729000
v 2.217000 9.770001 16.917999
v 2.359000 9.620001 16.976999
v 2.259000 9.664001 16.936001
vn -0.0000 -0.0000 1.0000
vn -0.0000 1.0000 -0.0000
vn -1.0000 -0.0000 -0.0000
vn -0.0000 -0.0000 -1.0000
vn 1.0000 -0.0000 -0.0000
vn 0.5552 -0.0000 -0.8317
vn 0.5127 0.3835 0.7681
vn 0.5138 0.3809 0.7687
vn 0.2127 0.9238 0.3183
vn 0.2125 0.9240 0.3180
vn -0.1805 0.3837 0.9056
vn -0.1803 0.3819 0.9065
vn -0.0745 0.9241 0.3748
vn -0.0745 0.9239 0.3753
vn -0.7690 0.3810 -0.5133
vn -0.7678 0.3836 -0.5132
vn -0.3180 0.9240 -0.2125
vn -0.3183 0.9238 -0.2127
vn -0.5133 0.3810 0.7690
vn -0.5132 0.3836 0.7678
vn -0.2125 0.9240 0.3180
vn -0.2127 0.9238 0.3183
vn -0.7681 0.3835 0.5127
vn -0.7687 0.3809 0.5138
vn -0.3183 0.9238 0.2127
vn -0.3180 0.9240 0.2125
vn -0.5127 0.3835 -0.7681
vn -0.5138 0.3809 -0.7687
vn -0.2127 0.9238 -0.3183
vn -0.2125 0.9240 -0.3180
vn -0.1807 0.3819 -0.9064
vn -0.1801 0.3838 -0.9057
vn -0.0746 0.9239 -0.3753
vn -0.0744 0.9241 -0.3748
vn 0.7681 0.3835 -0.5127
vn 0.7687 0.3809 -0.5138
vn 0.3183 0.9238 -0.2127
vn 0.3180 0.9240 -0.2125
vn -0.9064 0.3819 0.1807
vn -0.9057 0.3838 0.1801
vn -0.3753 0.9239 0.0746
vn -0.3748 0.9241 0.0744
vn -0.9056 0.3837 -0.1805
vn -0.9065 0.3819 -0.1803
vn -0.3748 0.9241 -0.0745
vn -0.3753 0.9239 -0.0745
vn 0.1805 0.3837 -0.9056
vn 0.1803 0.3819 -0.9065
vn 0.0745 0.9241 -0.3748
vn 0.0745 0.9239 -0.3753
vn 0.5133 0.3810 -0.7690
vn 0.5132 0.3836 -0.7678
vn 0.2125 0.9240 -0.3180
vn 0.2127 0.9238 -0.3183
vn 0.9064 0.3819 -0.1807
vn 0.9057 0.3838 -0.1801
vn 0.3753 0.9239 -0.0746
vn 0.3748 0.9241 -0.0744
vn 0.1807 0.3819 0.9064
vn 0.1801 0.3838 0.9057
vn 0.0746 0.9239 0.3753
vn 0.0744 0.9241 0.3748
vn 0.9056 0.3837 0.1805
vn 0.9065 0.3819 0.1803
vn 0.3748 0.9241 0.0745
vn 0.3753 0.9239 0.0745
vn 0.7690 0.3810 0.5133
vn 0.7678 0.3836 0.5132
vn 0.3180 0.9240 0.2125
vn 0.3183 0.9238 0.2127
vn 0.9036 0.3886 -0.1801
vn 0.9055 0.3844 -0.1799
vn 0.3758 0.9237 -0.0747
vn 0.3762 0.9235 -0.0747
vn 0.7672 0.3862 -0.5121
vn 0.7655 0.3902 -0.5116
vn 0.3203 0.9228 -0.2140
vn 0.3189 0.9235 -0.2133
vn 0.5112 0.3902 -0.7658
vn 0.5125 0.3862 -0.7669
vn 0.2132 0.9235 -0.3190
vn 0.2142 0.9229 -0.3201
vn 0.1805 0.3844 -0.9054
vn 0.1796 0.3886 -0.9037
vn 0.0748 0.9235 -0.3762
vn 0.0746 0.9237 -0.3758
vn -0.1801 0.3886 -0.9036
vn -0.1799 0.3844 -0.9055
vn -0.0747 0.9237 -0.3758
vn -0.0747 0.9235 -0.3762
vn -0.5121 0.3862 -0.7672
vn -0.5116 0.3902 -0.7655
vn -0.2140 0.9228 -0.3203
vn -0.2133 0.9235 -0.3189
vn -0.7658 0.3902 -0.5112
vn -0.7669 0.3862 -0.5125
vn -0.3189 0.9235 -0.2132
vn -0.3201 0.9229 -0.2142
vn -0.9054 0.3844 -0.1805
vn -0.9037 0.3886 -0.1796
vn -0.3762 0.9235 -0.0748
vn -0.3758 0.9237 -0.0746
vn -0.9036 0.3886 0.1801
vn -0.9055 0.3844 0.1799
vn -0.3758 0.9237 0.0747
vn -0.3762 0.9235 0.0747
vn -0.7672 0.3862 0.5121
vn -0.7655 0.3902 0.5116
vn -0.3202 0.9228 0.2140
vn -0.3189 0.9235 0.2134
vn -0.5112 0.3902 0.7658
vn -0.5125 0.3862 0.7669
vn -0.2132 0.9235 0.3190
vn -0.2142 0.9229 0.3201
vn -0.1805 0.3844 0.9054
vn -0.1796 0.3886 0.9037
vn -0.0748 0.9235 0.3762
vn -0.0746 0.9237 0.3758
vn 0.1801 0.3886 0.9036
vn 0.1799 0.3844 0.9055
vn 0.0747 0.9237 0.3758
vn 0.0747 0.9235 0.3762
vn 0.5121 0.3862 0.7672
vn 0.5116 0.3902 0.7655
vn 0.2140 0.9228 0.3203
vn 0.2133 0.9235 0.3188
vn 0.7658 0.3902 0.5112
vn 0.7669 0.3862 0.5125
vn 0.3189 0.9235 0.2132
vn 0.3201 0.9229 0.2142
vn 0.9054 0.3844 0.1805
vn 0.9037 0.3886 0.1796
vn 0.3762 0.9235 0.0748
vn 0.3758 0.9237 0.0746
vn -0.8317 -0.0000 0.5552
vn 0.8317 -0.0000 -0.5552
vn -0.9807 -0.0000 0.1955
vn 0.9807 -0.0000 0.1955
vn 0.9807 -0.0000 -0.1955
vn -0.9807 -0.0000 -0.1955
vn 0.8317 -0.0000 0.5552
vn -0.8317 -0.0000 -0.5552
vn 0.5552 -0.0000 0.8317
vn -0.5552 -0.0000 -0.8317
vn 0.1955 -0.0000 0.9807
vn -0.1955 -0.0000 -0.9807
vn -0.1955 -0.0000 0.9807
vn 0.1955 -0.0000 -0.9807
vn -0.5552 -0.0000 0.8317
vn 0.5125 0.3863 -0.7669
vn 0.2132 0.9235 -0.3189
vn -0.2132 0.9235 0.3189
vn 0.7669 0.3863 0.5125
vn 0.3202 0.9228 -0.2140
vn 0.3189 0.9235 -0.2134
vn -0.2133 0.9235 -0.3188
vn -0.3203 0.9228 0.2140
vn -0.3189 0.9235 0.2133
vn 0.2133 0.9235 0.3189
vn -0.7669 0.3863 -0.5125
vn -0.5125 0.3863 0.7669
vn -0.3201 0.9228 -0.2142
vn 0.1948 -0.0000 -0.9809
vn -0.9809 -0.0000 -0.1948
vn -0.5560 -0.0000 -0.8312
vn 0.5560 -0.0000 -0.8312
vn -0.1948 -0.0000 0.9809
vn 0.9809 -0.0000 0.1948
vn -0.5560 -0.0000 0.8312
vn -0.1948 -0.0000 -0.9809
vn 0.8312 -0.0000 -0.5560
vn 0.8312 -0.0000 0.5560
vn 0.1948 -0.0000 0.9809
vn -0.8312 -0.0000 0.5560
vn -0.8312 -0.0000 -0.5560
vn -0.9809 -0.0000 0.1948
vn 0.5560 -0.0000 0.8312
vn 0.9809 -0.0000 -0.1948
vn -0.0000 -1.0000 -0.0000
vn 0.9044 -0.3871 -0.1796
vn 0.9054 -0.3844 -0.1801
vn 0.3752 -0.9239 -0.0746
vn 0.3762 -0.9235 -0.0749
vn 0.7667 -0.3863 -0.5128
vn 0.7667 -0.3861 -0.5129
vn 0.3201 -0.9229 -0.2141
vn 0.3176 -0.9242 -0.2121
vn 0.5129 -0.3861 -0.7668
vn 0.5128 -0.3863 -0.7667
vn 0.2123 -0.9242 -0.3174
vn 0.2139 -0.9228 -0.3204
vn 0.1798 -0.3844 -0.9055
vn 0.1798 -0.3871 -0.9043
vn 0.0748 -0.9235 -0.3762
vn 0.0747 -0.9239 -0.3752
vn -0.1796 -0.3871 -0.9044
vn -0.1801 -0.3844 -0.9054
vn -0.0746 -0.9239 -0.3752
vn -0.0749 -0.9235 -0.3762
vn -0.5128 -0.3863 -0.7667
vn -0.5129 -0.3861 -0.7668
vn -0.2141 -0.9229 -0.3201
vn -0.2120 -0.9242 -0.3176
vn -0.7668 -0.3861 -0.5129
vn -0.7667 -0.3863 -0.5128
vn -0.3175 -0.9242 -0.2123
vn -0.3204 -0.9228 -0.2139
vn -0.9055 -0.3844 -0.1798
vn -0.9043 -0.3871 -0.1798
vn -0.3762 -0.9235 -0.0748
vn -0.3752 -0.9239 -0.0747
vn -0.9044 -0.3871 0.1796
vn -0.9054 -0.3844 0.1801
vn -0.3752 -0.9239 0.0746
vn -0.3762 -0.9235 0.0749
vn -0.7667 -0.3863 0.5128
vn -0.7667 -0.3861 0.5129
vn -0.3201 -0.9229 0.2141
vn -0.3176 -0.9242 0.2121
vn -0.5129 -0.3861 0.7668
vn -0.5128 -0.3863 0.7667
vn -0.2123 -0.9242 0.3174
vn -0.2139 -0.9228 0.3204
vn -0.1798 -0.3844 0.9055
vn -0.1798 -0.3871 0.9043
vn -0.0748 -0.9235 0.3762
vn -0.0747 -0.9239 0.3752
vn 0.1796 -0.3871 0.9044
vn 0.1801 -0.3844 0.9054
vn 0.0746 -0.9239 0.3752
vn 0.0749 -0.9235 0.3762
vn 0.5128 -0.3863 0.7667
vn 0.5129 -0.3861 0.7668
vn 0.2141 -0.9229 0.3201
vn 0.2120 -0.9242 0.3176
vn 0.7668 -0.3861 0.5129
vn 0.7667 -0.3863 0.5128
vn 0.3175 -0.9242 0.2123
vn 0.3204 -0.9228 0.2139
vn 0.9055 -0.3844 0.1798
vn 0.9043 -0.3871 0.1798
vn 0.3762 -0.9235 0.0748
vn 0.3752 -0.9239 0.0747
vn -0.9054 -0.3843 0.1805
vn -0.9037 -0.3886 0.1796
vn -0.3762 -0.9235 0.0748
vn -0.3758 -0.9237 0.0746
vn -0.7658 -0.3902 0.5112
vn -0.7669 -0.3862 0.5125
vn -0.3189 -0.9235 0.2132
vn -0.3201 -0.9229 0.2142
vn -0.5121 -0.3862 0.7672
vn -0.5116 -0.3902 0.7655
vn -0.2140 -0.9228 0.3202
vn -0.2133 -0.9235 0.3189
vn -0.1801 -0.3886 0.9036
vn -0.1799 -0.3844 0.9055
vn -0.0747 -0.9237 0.3758
vn -0.0747 -0.9235 0.3762
vn 0.1805 -0.3844 0.9054
vn 0.1796 -0.3886 0.9037
vn 0.0748 -0.9235 0.3762
vn 0.0746 -0.9237 0.3758
vn 0.5112 -0.3902 0.7658
vn 0.5125 -0.3862 0.7669
vn 0.2132 -0.9235 0.3189
vn 0.2142 -0.9229 0.3201
vn 0.7672 -0.3862 0.5121
vn 0.7655 -0.3902 0.5116
vn 0.3202 -0.9228 0.2140
vn 0.3189 -0.9235 0.2133
vn 0.9036 -0.3886 0.1801
vn 0.9055 -0.3844 0.1799
vn 0.3758 -0.9237 0.0747
vn 0.3762 -0.9235 0.0747
vn 0.9054 -0.3844 -0.1805
vn 0.9037 -0.3886 -0.1796
vn 0.3762 -0.9235 -0.0748
vn 0.3758 -0.9237 -0.0746
vn 0.7658 -0.3902 -0.5112
vn 0.7669 -0.3862 -0.5125
vn 0.3189 -0.9235 -0.2132
vn 0.3201 -0.9229 -0.2142
vn 0.5121 -0.3862 -0.7672
vn 0.5116 -0.3902 -0.7655
vn 0.2140 -0.9228 -0.3202
vn 0.2133 -0.9235 -0.3189
vn 0.1801 -0.3886 -0.9036
vn 0.1799 -0.3844 -0.9055
vn 0.0747 -0.9237 -0.3758
vn 0.0747 -0.9235 -0.3762
vn -0.1805 -0.3844 -0.9054
vn -0.1796 -0.3886 -0.9037
vn -0.0748 -0.9235 -0.3762
vn -0.0746 -0.9237 -0.3758
vn -0.5112 -0.3902 -0.7658
vn -0.5125 -0.3862 -0.7669
vn -0.2132 -0.9235 -0.3189
vn -0.2142 -0.9229 -0.3201
vn -0.7672 -0.3862 -0.5121
vn -0.7655 -0.3902 -0.5116
vn -0.3202 -0.9228 -0.2140
vn -0.3189 -0.9235 -0.2133
vn -0.9036 -0.3886 -0.1801
vn -0.9055 -0.3844 -0.1799
vn -0.3758 -0.9237 -0.0747
vn -0.3762 -0.9235 -0.0747
vn -0.2124 -0.9242 0.3174
vn -0.9054 -0.3844 0.1805
vn 0.2124 -0.9242 -0.3174
vn -0.9043 -0.3872 -0.1798
vn 0.9043 -0.3872 0.1798
vn 0.9054 -0.3843 -0.1805
s 0
usemtl MB_192.001
f 83//1 101//1 84//1
f 101//1 86//1 84//1
f 104//2 50//2 9//2
f 9//2 50//2 7//2
f 97//2 85//2 89//2
f 89//2 85//2 90//2
f 13//3 91//3 99//3
f 99//3 91//3 92//3
f 106//3 13//3 34//3
f 34//3 13//3 99//3
f 3//1 94//1 93//1
f 93//1 94//1 95//1
f 85//2 10//2 90//2
f 90//2 10//2 4//2
f 1//3 87//3 12//3
f 87//3 88//3 12//3
f 7//2 30//2 11//2
f 11//2 30//2 100//2
f 98//2 97//2 33//2
f 33//2 97//2 89//2
f 14//2 2//2 8//2
f 2//2 5//2 8//2
f 96//1 52//1 83//1
f 52//1 101//1 83//1
f 12//3 88//3 31//3
f 88//3 32//3 31//3
f 50//2 81//2 7//2
f 7//2 81//2 30//2
f 9//2 7//2 6//2
f 6//2 7//2 11//2
f 29//2 8//2 82//2
f 8//2 49//2 82//2
f 105//2 14//2 29//2
f 14//2 8//2 29//2
f 94//1 103//1 95//1
f 95//1 103//1 54//1
f 10//2 51//2 4//2
f 4//2 51//2 53//2
f 8//2 5//2 49//2
f 5//2 102//2 49//2
f 107//4 108//4 123//4
f 108//4 110//4 123//4
f 126//2 23//2 76//2
f 76//2 23//2 21//2
f 121//2 113//2 109//2
f 109//2 113//2 114//2
f 27//3 122//3 115//3
f 115//3 122//3 116//3
f 106//3 34//3 27//3
f 27//3 34//3 122//3
f 17//4 117//4 118//4
f 118//4 117//4 119//4
f 109//2 114//2 24//2
f 24//2 114//2 18//2
f 15//3 26//3 111//3
f 26//3 112//3 111//3
f 21//2 25//2 30//2
f 30//2 25//2 100//2
f 98//2 33//2 121//2
f 121//2 33//2 113//2
f 28//2 22//2 16//2
f 22//2 19//2 16//2
f 120//4 107//4 78//4
f 107//4 123//4 78//4
f 26//3 31//3 112//3
f 31//3 32//3 112//3
f 76//2 21//2 81//2
f 81//2 21//2 30//2
f 23//2 20//2 21//2
f 21//2 20//2 25//2
f 29//2 82//2 22//2
f 82//2 75//2 22//2
f 105//2 29//2 28//2
f 29//2 22//2 28//2
f 118//4 119//4 125//4
f 125//4 119//4 80//4
f 24//2 18//2 77//2
f 77//2 18//2 79//2
f 22//2 75//2 19//2
f 75//2 124//2 19//2
f 127//1 128//1 144//1
f 128//1 130//1 144//1
f 104//2 43//2 50//2
f 50//2 43//2 41//2
f 140//2 133//2 129//2
f 129//2 133//2 134//2
f 47//5 142//5 135//5
f 135//5 142//5 136//5
f 146//5 74//5 47//5
f 47//5 74//5 142//5
f 37//1 137//1 138//1
f 138//1 137//1 139//1
f 129//2 134//2 44//2
f 44//2 134//2 38//2
f 35//5 46//5 131//5
f 46//5 132//5 131//5
f 41//2 45//2 70//2
f 70//2 45//2 143//2
f 141//2 73//2 140//2
f 140//2 73//2 133//2
f 48//2 42//2 36//2
f 42//2 39//2 36//2
f 96//1 127//1 52//1
f 127//1 144//1 52//1
f 46//5 71//5 132//5
f 71//5 72//5 132//5
f 50//2 41//2 81//2
f 81//2 41//2 70//2
f 43//2 40//2 41//2
f 41//2 40//2 45//2
f 69//2 82//2 42//2
f 82//2 49//2 42//2
f 145//2 69//2 48//2
f 69//2 42//2 48//2
f 138//1 139//1 103//1
f 103//1 139//1 54//1
f 44//2 38//2 51//2
f 51//2 38//2 53//2
f 42//2 49//2 39//2
f 49//2 102//2 39//2
f 147//4 162//4 148//4
f 162//4 150//4 148//4
f 126//2 76//2 63//2
f 63//2 76//2 61//2
f 160//2 149//2 153//2
f 153//2 149//2 154//2
f 67//5 155//5 161//5
f 161//5 155//5 156//5
f 146//5 67//5 74//5
f 74//5 67//5 161//5
f 57//4 158//4 157//4
f 157//4 158//4 159//4
f 149//2 64//2 154//2
f 154//2 64//2 58//2
f 55//5 151//5 66//5
f 151//5 152//5 66//5
f 61//2 70//2 65//2
f 65//2 70//2 143//2
f 141//2 160//2 73//2
f 73//2 160//2 153//2
f 68//2 56//2 62//2
f 56//2 59//2 62//2
f 120//4 78//4 147//4
f 78//4 162//4 147//4
f 66//5 152//5 71//5
f 152//5 72//5 71//5
f 76//2 81//2 61//2
f 61//2 81//2 70//2
f 63//2 61//2 60//2
f 60//2 61//2 65//2
f 69//2 62//2 82//2
f 62//2 75//2 82//2
f 145//2 68//2 69//2
f 68//2 62//2 69//2
f 158//4 125//4 159//4
f 159//4 125//4 80//4
f 64//2 77//2 58//2
f 58//2 77//2 79//2
f 62//2 59//2 75//2
f 59//2 124//2 75//2
f 170//2 213//2 172//2
f 213//2 212//2 172//2
f 199//6 203//6 230//6
f 203//6 227//6 230//6
f 218//2 197//2 217//2
f 197//2 194//2 217//2
f 214//2 217//2 185//2
f 217//2 187//2 185//2
f 202//2 200//2 206//2
f 200//2 219//2 206//2
f 209//2 216//2 164//2
f 216//2 213//2 164//2
f 217//2 194//2 187//2
f 194//2 191//2 187//2
f 176//2 211//2 179//2
f 211//2 182//2 179//2
f 206//2 219//2 209//2
f 219//2 216//2 209//2
f 219//2 200//2 218//2
f 200//2 197//2 218//2
f 164//2 213//2 166//2
f 213//2 170//2 166//2
f 172//2 212//2 176//2
f 212//2 211//2 176//2
f 211//2 214//2 182//2
f 214//2 185//2 182//2
f 167//7 168//7 169//7
f 168//8 171//8 169//8
f 168//9 166//9 171//9
f 166//10 170//10 171//10
f 173//11 174//11 175//11
f 174//12 177//12 175//12
f 174//13 172//13 177//13
f 172//14 176//14 177//14
f 188//15 189//15 190//15
f 189//16 192//16 190//16
f 189//17 187//17 192//17
f 187//18 191//18 192//18
f 175//19 177//19 178//19
f 177//20 180//20 178//20
f 177//21 176//21 180//21
f 176//22 179//22 180//22
f 178//23 180//23 181//23
f 180//24 183//24 181//24
f 180//25 179//25 183//25
f 179//26 182//26 183//26
f 190//27 192//27 193//27
f 192//28 195//28 193//28
f 192//29 191//29 195//29
f 191//30 194//30 195//30
f 193//31 195//31 196//31
f 195//32 198//32 196//32
f 195//33 194//33 198//33
f 194//34 197//34 198//34
f 203//35 204//35 205//35
f 204//36 207//36 205//36
f 204//37 202//37 207//37
f 202//38 206//38 207//38
f 181//39 183//39 184//39
f 183//40 186//40 184//40
f 183//41 182//41 186//41
f 182//42 185//42 186//42
f 184//43 186//43 188//43
f 186//44 189//44 188//44
f 186//45 185//45 189//45
f 185//46 187//46 189//46
f 196//47 198//47 199//47
f 198//48 201//48 199//48
f 198//49 197//49 201//49
f 197//50 200//50 201//50
f 199//51 201//51 203//51
f 201//52 204//52 203//52
f 201//53 200//53 204//53
f 200//54 202//54 204//54
f 205//55 207//55 208//55
f 207//56 210//56 208//56
f 207//57 206//57 210//57
f 206//58 209//58 210//58
f 169//59 171//59 173//59
f 171//60 174//60 173//60
f 171//61 170//61 174//61
f 170//62 172//62 174//62
f 208//63 210//63 163//63
f 210//64 165//64 163//64
f 210//65 209//65 165//65
f 209//66 164//66 165//66
f 163//67 165//67 167//67
f 165//68 168//68 167//68
f 165//69 164//69 168//69
f 164//70 166//70 168//70
f 212//2 215//2 211//2
f 215//2 214//2 211//2
f 215//2 218//2 214//2
f 218//2 217//2 214//2
f 213//2 216//2 212//2
f 216//2 215//2 212//2
f 216//2 219//2 215//2
f 219//2 218//2 215//2
f 224//71 220//71 225//71
f 220//72 222//72 225//72
f 225//73 222//73 223//73
f 222//74 221//74 223//74
f 227//75 224//75 228//75
f 224//76 225//76 228//76
f 228//77 225//77 226//77
f 225//78 223//78 226//78
f 230//79 227//79 231//79
f 227//80 228//80 231//80
f 231//81 228//81 229//81
f 228//82 226//82 229//82
f 233//83 230//83 234//83
f 230//84 231//84 234//84
f 234//85 231//85 232//85
f 231//86 229//86 232//86
f 236//87 233//87 237//87
f 233//88 234//88 237//88
f 237//89 234//89 235//89
f 234//90 232//90 235//90
f 239//91 236//91 240//91
f 236//92 237//92 240//92
f 240//93 237//93 238//93
f 237//94 235//94 238//94
f 242//95 239//95 243//95
f 239//96 240//96 243//96
f 243//97 240//97 241//97
f 240//98 238//98 241//98
f 245//99 242//99 246//99
f 242//100 243//100 246//100
f 246//101 243//101 244//101
f 243//102 241//102 244//102
f 248//103 245//103 249//103
f 245//104 246//104 249//104
f 249//105 246//105 247//105
f 246//106 244//106 247//106
f 251//107 248//107 252//107
f 248//108 249//108 252//108
f 252//109 249//109 250//109
f 249//110 247//110 250//110
f 254//111 251//111 255//111
f 251//112 252//112 255//112
f 255//113 252//113 253//113
f 252//114 250//114 253//114
f 257//115 254//115 258//115
f 254//116 255//116 258//116
f 258//117 255//117 256//117
f 255//118 253//118 256//118
f 260//119 257//119 261//119
f 257//120 258//120 261//120
f 261//121 258//121 259//121
f 258//122 256//122 259//122
f 263//123 260//123 264//123
f 260//124 261//124 264//124
f 264//125 261//125 262//125
f 261//126 259//126 262//126
f 266//127 263//127 267//127
f 263//128 264//128 267//128
f 267//129 264//129 265//129
f 264//130 262//130 265//130
f 220//131 266//131 222//131
f 266//132 267//132 222//132
f 222//133 267//133 221//133
f 267//134 265//134 221//134
f 178//135 181//135 251//135
f 181//135 248//135 251//135
f 203//136 205//136 227//136
f 205//136 224//136 227//136
f 181//137 184//137 248//137
f 184//137 245//137 248//137
f 220//138 208//138 266//138
f 208//138 163//138 266//138
f 205//139 208//139 224//139
f 208//139 220//139 224//139
f 184//140 188//140 245//140
f 188//140 242//140 245//140
f 266//141 163//141 263//141
f 163//141 167//141 263//141
f 188//142 190//142 242//142
f 190//142 239//142 242//142
f 167//143 169//143 263//143
f 169//143 260//143 263//143
f 190//144 193//144 239//144
f 193//144 236//144 239//144
f 169//145 173//145 260//145
f 173//145 257//145 260//145
f 193//146 196//146 236//146
f 196//146 233//146 236//146
f 173//147 175//147 257//147
f 175//147 254//147 257//147
f 196//148 199//148 233//148
f 199//148 230//148 233//148
f 175//149 178//149 254//149
f 178//149 251//149 254//149
f 275//2 318//2 277//2
f 318//2 317//2 277//2
f 304//6 308//6 335//6
f 308//6 332//6 335//6
f 323//2 302//2 322//2
f 302//2 299//2 322//2
f 319//2 322//2 290//2
f 322//2 292//2 290//2
f 307//2 305//2 311//2
f 305//2 324//2 311//2
f 314//2 321//2 269//2
f 321//2 318//2 269//2
f 322//2 299//2 292//2
f 299//2 296//2 292//2
f 281//2 316//2 284//2
f 316//2 287//2 284//2
f 311//2 324//2 314//2
f 324//2 321//2 314//2
f 324//2 305//2 323//2
f 305//2 302//2 323//2
f 269//2 318//2 271//2
f 318//2 275//2 271//2
f 277//2 317//2 281//2
f 317//2 316//2 281//2
f 316//2 319//2 287//2
f 319//2 290//2 287//2
f 272//7 273//7 274//7
f 273//8 276//8 274//8
f 273//9 271//9 276//9
f 271//10 275//10 276//10
f 278//11 279//11 280//11
f 279//12 282//12 280//12
f 279//13 277//13 282//13
f 277//14 281//14 282//14
f 293//15 294//15 295//15
f 294//16 297//16 295//16
f 294//17 292//17 297//17
f 292//18 296//18 297//18
f 280//19 282//19 283//19
f 282//20 285//20 283//20
f 282//21 281//21 285//21
f 281//22 284//22 285//22
f 283//23 285//23 286//23
f 285//24 288//24 286//24
f 285//25 284//25 288//25
f 284//26 287//26 288//26
f 295//27 297//27 298//27
f 297//28 300//28 298//28
f 297//29 296//29 300//29
f 296//30 299//30 300//30
f 298//31 300//31 301//31
f 300//32 303//32 301//32
f 300//33 299//33 303//33
f 299//34 302//34 303//34
f 308//35 309//35 310//35
f 309//36 312//36 310//36
f 309//37 307//37 312//37
f 307//38 311//38 312//38
f 286//39 288//39 289//39
f 288//40 291//40 289//40
f 288//41 287//41 291//41
f 287//42 290//42 291//42
f 289//43 291//43 293//43
f 291//44 294//44 293//44
f 291//45 290//45 294//45
f 290//46 292//46 294//46
f 301//47 303//47 304//47
f 303//48 306//48 304//48
f 303//49 302//49 306//49
f 302//50 305//50 306//50
f 304//51 306//51 308//51
f 306//52 309//52 308//52
f 306//53 305//53 309//53
f 305//54 307//54 309//54
f 310//55 312//55 313//55
f 312//56 315//56 313//56
f 312//57 311//57 315//57
f 311//58 314//58 315//58
f 274//59 276//59 278//59
f 276//60 279//60 278//60
f 276//61 275//61 279//61
f 275//62 277//62 279//62
f 313//63 315//63 268//63
f 315//64 270//64 268//64
f 315//65 314//65 270//65
f 314//66 269//66 270//66
f 268//67 270//67 272//67
f 270//68 273//68 272//68
f 270//69 269//69 273//69
f 269//70 271//70 273//70
f 317//2 320//2 316//2
f 320//2 319//2 316//2
f 320//2 323//2 319//2
f 323//2 322//2 319//2
f 318//2 321//2 317//2
f 321//2 320//2 317//2
f 321//2 324//2 320//2
f 324//2 323//2 320//2
f 329//71 325//71 330//71
f 325//72 327//72 330//72
f 330//73 327//73 328//73
f 327//74 326//74 328//74
f 332//75 329//75 333//75
f 329//76 330//76 333//76
f 333//77 330//77 331//77
f 330//78 328//78 331//78
f 335//79 332//79 336//79
f 332//150 333//150 336//150
f 336//151 333//151 334//151
f 333//82 331//82 334//82
f 338//83 335//83 339//83
f 335//84 336//84 339//84
f 339//85 336//85 337//85
f 336//86 334//86 337//86
f 341//87 338//87 342//87
f 338//88 339//88 342//88
f 342//89 339//89 340//89
f 339//90 337//90 340//90
f 344//91 341//91 345//91
f 341//92 342//92 345//92
f 345//93 342//93 343//93
f 342//94 340//94 343//94
f 347//95 344//95 348//95
f 344//96 345//96 348//96
f 348//97 345//97 346//97
f 345//98 343//98 346//98
f 350//99 347//99 351//99
f 347//100 348//100 351//100
f 351//101 348//101 349//101
f 348//102 346//102 349//102
f 353//103 350//103 354//103
f 350//104 351//104 354//104
f 354//105 351//105 352//105
f 351//106 349//106 352//106
f 356//107 353//107 357//107
f 353//108 354//108 357//108
f 357//109 354//109 355//109
f 354//110 352//110 355//110
f 359//111 356//111 360//111
f 356//112 357//112 360//112
f 360//152 357//152 358//152
f 357//114 355//114 358//114
f 362//115 359//115 363//115
f 359//116 360//116 363//116
f 363//117 360//117 361//117
f 360//118 358//118 361//118
f 365//119 362//119 366//119
f 362//120 363//120 366//120
f 366//121 363//121 364//121
f 363//122 361//122 364//122
f 368//123 365//123 369//123
f 365//124 366//124 369//124
f 369//125 366//125 367//125
f 366//126 364//126 367//126
f 371//127 368//127 372//127
f 368//153 369//153 372//153
f 372//129 369//129 370//129
f 369//130 367//130 370//130
f 325//131 371//131 327//131
f 371//132 372//132 327//132
f 327//133 372//133 326//133
f 372//134 370//134 326//134
f 283//135 286//135 356//135
f 286//135 353//135 356//135
f 308//136 310//136 332//136
f 310//136 329//136 332//136
f 286//137 289//137 353//137
f 289//137 350//137 353//137
f 325//138 313//138 371//138
f 313//138 268//138 371//138
f 310//139 313//139 329//139
f 313//139 325//139 329//139
f 289//140 293//140 350//140
f 293//140 347//140 350//140
f 371//141 268//141 368//141
f 268//141 272//141 368//141
f 293//142 295//142 347//142
f 295//142 344//142 347//142
f 272//143 274//143 368//143
f 274//143 365//143 368//143
f 295//144 298//144 344//144
f 298//144 341//144 344//144
f 274//145 278//145 365//145
f 278//145 362//145 365//145
f 298//146 301//146 341//146
f 301//146 338//146 341//146
f 278//147 280//147 362//147
f 280//147 359//147 362//147
f 301//148 304//148 338//148
f 304//148 335//148 338//148
f 280//149 283//149 359//149
f 283//149 356//149 359//149
f 380//2 423//2 382//2
f 423//2 422//2 382//2
f 409//6 413//6 440//6
f 413//6 437//6 440//6
f 428//2 407//2 427//2
f 407//2 404//2 427//2
f 424//2 427//2 395//2
f 427//2 397//2 395//2
f 412//2 410//2 416//2
f 410//2 429//2 416//2
f 419//2 426//2 374//2
f 426//2 423//2 374//2
f 427//2 404//2 397//2
f 404//2 401//2 397//2
f 386//2 421//2 389//2
f 421//2 392//2 389//2
f 416//2 429//2 419//2
f 429//2 426//2 419//2
f 429//2 410//2 428//2
f 410//2 407//2 428//2
f 374//2 423//2 376//2
f 423//2 380//2 376//2
f 382//2 422//2 386//2
f 422//2 421//2 386//2
f 421//2 424//2 392//2
f 424//2 395//2 392//2
f 377//7 378//7 379//7
f 378//8 381//8 379//8
f 378//9 376//9 381//9
f 376//10 380//10 381//10
f 383//11 384//11 385//11
f 384//12 387//12 385//12
f 384//13 382//13 387//13
f 382//14 386//14 387//14
f 398//15 399//15 400//15
f 399//16 402//16 400//16
f 399//17 397//17 402//17
f 397//18 401//18 402//18
f 385//19 387//19 388//19
f 387//20 390//20 388//20
f 387//21 386//21 390//21
f 386//22 389//22 390//22
f 388//23 390//23 391//23
f 390//24 393//24 391//24
f 390//25 389//25 393//25
f 389//26 392//26 393//26
f 400//27 402//27 403//27
f 402//28 405//28 403//28
f 402//29 401//29 405//29
f 401//30 404//30 405//30
f 403//31 405//31 406//31
f 405//32 408//32 406//32
f 405//33 404//33 408//33
f 404//34 407//34 408//34
f 413//35 414//35 415//35
f 414//36 417//36 415//36
f 414//37 412//37 417//37
f 412//38 416//38 417//38
f 391//39 393//39 394//39
f 393//40 396//40 394//40
f 393//41 392//41 396//41
f 392//42 395//42 396//42
f 394//43 396//43 398//43
f 396//44 399//44 398//44
f 396//45 395//45 399//45
f 395//46 397//46 399//46
f 406//47 408//47 409//47
f 408//48 411//48 409//48
f 408//49 407//49 411//49
f 407//50 410//50 411//50
f 409//51 411//51 413//51
f 411//52 414//52 413//52
f 411//53 410//53 414//53
f 410//54 412//54 414//54
f 415//55 417//55 418//55
f 417//56 420//56 418//56
f 417//57 416//57 420//57
f 416//58 419//58 420//58
f 379//59 381//59 383//59
f 381//60 384//60 383//60
f 381//61 380//61 384//61
f 380//62 382//62 384//62
f 418//63 420//63 373//63
f 420//64 375//64 373//64
f 420//65 419//65 375//65
f 419//66 374//66 375//66
f 373//67 375//67 377//67
f 375//68 378//68 377//68
f 375//69 374//69 378//69
f 374//70 376//70 378//70
f 422//2 425//2 421//2
f 425//2 424//2 421//2
f 425//2 428//2 424//2
f 428//2 427//2 424//2
f 423//2 426//2 422//2
f 426//2 425//2 422//2
f 426//2 429//2 425//2
f 429//2 428//2 425//2
f 434//71 430//71 435//71
f 430//72 432//72 435//72
f 435//73 432//73 433//73
f 432//74 431//74 433//74
f 437//75 434//75 438//75
f 434//76 435//76 438//76
f 438//154 435//154 436//154
f 435//78 433//78 436//78
f 440//79 437//79 441//79
f 437//150 438//150 441//150
f 441//151 438//151 439//151
f 438//82 436//82 439//82
f 443//83 440//83 444//83
f 440//84 441//84 444//84
f 444//85 441//85 442//85
f 441//86 439//86 442//86
f 446//87 443//87 447//87
f 443//88 444//88 447//88
f 447//89 444//89 445//89
f 444//90 442//90 445//90
f 449//91 446//91 450//91
f 446//92 447//92 450//92
f 450//93 447//93 448//93
f 447//94 445//94 448//94
f 452//95 449//95 453//95
f 449//96 450//96 453//96
f 453//97 450//97 451//97
f 450//98 448//98 451//98
f 455//99 452//99 456//99
f 452//100 453//100 456//100
f 456//101 453//101 454//101
f 453//102 451//102 454//102
f 458//103 455//103 459//103
f 455//104 456//104 459//104
f 459//105 456//105 457//105
f 456//106 454//106 457//106
f 461//107 458//107 462//107
f 458//108 459//108 462//108
f 462//109 459//109 460//109
f 459//110 457//110 460//110
f 464//111 461//111 465//111
f 461//112 462//112 465//112
f 465//152 462//152 463//152
f 462//114 460//114 463//114
f 467//115 464//115 468//115
f 464//116 465//116 468//116
f 468//117 465//117 466//117
f 465//118 463//118 466//118
f 470//119 467//119 471//119
f 467//120 468//120 471//120
f 471//121 468//121 469//121
f 468//122 466//122 469//122
f 473//123 470//123 474//123
f 470//124 471//124 474//124
f 474//125 471//125 472//125
f 471//126 469//126 472//126
f 476//127 473//127 477//127
f 473//128 474//128 477//128
f 477//129 474//129 475//129
f 474//130 472//130 475//130
f 430//131 476//131 432//131
f 476//132 477//132 432//132
f 432//133 477//133 431//133
f 477//134 475//134 431//134
f 388//135 391//135 461//135
f 391//135 458//135 461//135
f 413//136 415//136 437//136
f 415//136 434//136 437//136
f 391//137 394//137 458//137
f 394//137 455//137 458//137
f 430//138 418//138 476//138
f 418//138 373//138 476//138
f 415//139 418//139 434//139
f 418//139 430//139 434//139
f 394//140 398//140 455//140
f 398//140 452//140 455//140
f 476//141 373//141 473//141
f 373//141 377//141 473//141
f 398//142 400//142 452//142
f 400//142 449//142 452//142
f 377//143 379//143 473//143
f 379//143 470//143 473//143
f 400//144 403//144 449//144
f 403//144 446//144 449//144
f 379//145 383//145 470//145
f 383//145 467//145 470//145
f 403//146 406//146 446//146
f 406//146 443//146 446//146
f 383//147 385//147 467//147
f 385//147 464//147 467//147
f 406//148 409//148 443//148
f 409//148 440//148 443//148
f 385//149 388//149 464//149
f 388//149 461//149 464//149
f 485//2 528//2 487//2
f 528//2 527//2 487//2
f 514//6 518//6 545//6
f 518//6 542//6 545//6
f 533//2 512//2 532//2
f 512//2 509//2 532//2
f 529//2 532//2 500//2
f 532//2 502//2 500//2
f 517//2 515//2 521//2
f 515//2 534//2 521//2
f 524//2 531//2 479//2
f 531//2 528//2 479//2
f 532//2 509//2 502//2
f 509//2 506//2 502//2
f 491//2 526//2 494//2
f 526//2 497//2 494//2
f 521//2 534//2 524//2
f 534//2 531//2 524//2
f 534//2 515//2 533//2
f 515//2 512//2 533//2
f 479//2 528//2 481//2
f 528//2 485//2 481//2
f 487//2 527//2 491//2
f 527//2 526//2 491//2
f 526//2 529//2 497//2
f 529//2 500//2 497//2
f 482//7 483//7 484//7
f 483//8 486//8 484//8
f 483//9 481//9 486//9
f 481//10 485//10 486//10
f 488//11 489//11 490//11
f 489//12 492//12 490//12
f 489//13 487//13 492//13
f 487//14 491//14 492//14
f 503//15 504//15 505//15
f 504//16 507//16 505//16
f 504//17 502//17 507//17
f 502//18 506//18 507//18
f 490//19 492//19 493//19
f 492//20 495//20 493//20
f 492//21 491//21 495//21
f 491//22 494//22 495//22
f 493//23 495//23 496//23
f 495//24 498//24 496//24
f 495//25 494//25 498//25
f 494//26 497//26 498//26
f 505//27 507//27 508//27
f 507//28 510//28 508//28
f 507//29 506//29 510//29
f 506//30 509//30 510//30
f 508//31 510//31 511//31
f 510//32 513//32 511//32
f 510//33 509//33 513//33
f 509//34 512//34 513//34
f 518//35 519//35 520//35
f 519//36 522//36 520//36
f 519//37 517//37 522//37
f 517//38 521//38 522//38
f 496//39 498//39 499//39
f 498//40 501//40 499//40
f 498//41 497//41 501//41
f 497//42 500//42 501//42
f 499//43 501//43 503//43
f 501//44 504//44 503//44
f 501//45 500//45 504//45
f 500//46 502//46 504//46
f 511//47 513//47 514//47
f 513//48 516//48 514//48
f 513//49 512//49 516//49
f 512//50 515//50 516//50
f 514//51 516//51 518//51
f 516//52 519//52 518//52
f 516//53 515//53 519//53
f 515//54 517//54 519//54
f 520//55 522//55 523//55
f 522//56 525//56 523//56
f 522//57 521//57 525//57
f 521//58 524//58 525//58
f 484//59 486//59 488//59
f 486//60 489//60 488//60
f 486//61 485//61 489//61
f 485//62 487//62 489//62
f 523//63 525//63 478//63
f 525//64 480//64 478//64
f 525//65 524//65 480//65
f 524//66 479//66 480//66
f 478//67 480//67 482//67
f 480//68 483//68 482//68
f 480//69 479//69 483//69
f 479//70 481//70 483//70
f 527//2 530//2 526//2
f 530//2 529//2 526//2
f 530//2 533//2 529//2
f 533//2 532//2 529//2
f 528//2 531//2 527//2
f 531//2 530//2 527//2
f 531//2 534//2 530//2
f 534//2 533//2 530//2
f 539//71 535//71 540//71
f 535//72 537//72 540//72
f 540//73 537//73 538//73
f 537//74 536//74 538//74
f 542//75 539//75 543//75
f 539//76 540//76 543//76
f 543//154 540//154 541//154
f 540//78 538//78 541//78
f 545//79 542//79 546//79
f 542//80 543//80 546//80
f 546//151 543//151 544//151
f 543//82 541//82 544//82
f 548//83 545//83 549//83
f 545//84 546//84 549//84
f 549//85 546//85 547//85
f 546//86 544//86 547//86
f 551//87 548//87 552//87
f 548//88 549//88 552//88
f 552//89 549//89 550//89
f 549//90 547//90 550//90
f 554//91 551//91 555//91
f 551//92 552//92 555//92
f 555//93 552//93 553//93
f 552//94 550//94 553//94
f 557//95 554//95 558//95
f 554//96 555//96 558//96
f 558//97 555//97 556//97
f 555//98 553//98 556//98
f 560//99 557//99 561//99
f 557//100 558//100 561//100
f 561//101 558//101 559//101
f 558//102 556//102 559//102
f 563//103 560//103 564//103
f 560//104 561//104 564//104
f 564//105 561//105 562//105
f 561//106 559//106 562//106
f 566//107 563//107 567//107
f 563//108 564//108 567//108
f 567//109 564//109 565//109
f 564//110 562//110 565//110
f 569//111 566//111 570//111
f 566//112 567//112 570//112
f 570//152 567//152 568//152
f 567//114 565//114 568//114
f 572//115 569//115 573//115
f 569//116 570//116 573//116
f 573//117 570//117 571//117
f 570//118 568//118 571//118
f 575//119 572//119 576//119
f 572//120 573//120 576//120
f 576//121 573//121 574//121
f 573//122 571//122 574//122
f 578//123 575//123 579//123
f 575//124 576//124 579//124
f 579//125 576//125 577//125
f 576//126 574//126 577//126
f 581//127 578//127 582//127
f 578//128 579//128 582//128
f 582//129 579//129 580//129
f 579//130 577//130 580//130
f 535//131 581//131 537//131
f 581//132 582//132 537//132
f 537//133 582//133 536//133
f 582//134 580//134 536//134
f 493//135 496//135 566//135
f 496//135 563//135 566//135
f 518//136 520//136 542//136
f 520//136 539//136 542//136
f 496//137 499//137 563//137
f 499//137 560//137 563//137
f 535//138 523//138 581//138
f 523//138 478//138 581//138
f 520//139 523//139 539//139
f 523//139 535//139 539//139
f 499//140 503//140 560//140
f 503//140 557//140 560//140
f 581//141 478//141 578//141
f 478//141 482//141 578//141
f 503//142 505//142 557//142
f 505//142 554//142 557//142
f 482//143 484//143 578//143
f 484//143 575//143 578//143
f 505//144 508//144 554//144
f 508//144 551//144 554//144
f 484//145 488//145 575//145
f 488//145 572//145 575//145
f 508//146 511//146 551//146
f 511//146 548//146 551//146
f 488//147 490//147 572//147
f 490//147 569//147 572//147
f 511//148 514//148 548//148
f 514//148 545//148 548//148
f 490//149 493//149 569//149
f 493//149 566//149 569//149
f 590//2 633//2 592//2
f 633//2 632//2 592//2
f 619//6 623//6 650//6
f 623//6 647//6 650//6
f 638//2 617//2 637//2
f 617//2 614//2 637//2
f 634//2 637//2 605//2
f 637//2 607//2 605//2
f 622//2 620//2 626//2
f 620//2 639//2 626//2
f 629//2 636//2 584//2
f 636//2 633//2 584//2
f 637//2 614//2 607//2
f 614//2 611//2 607//2
f 596//2 631//2 599//2
f 631//2 602//2 599//2
f 626//2 639//2 629//2
f 639//2 636//2 629//2
f 639//2 620//2 638//2
f 620//2 617//2 638//2
f 584//2 633//2 586//2
f 633//2 590//2 586//2
f 592//2 632//2 596//2
f 632//2 631//2 596//2
f 631//2 634//2 602//2
f 634//2 605//2 602//2
f 587//7 588//7 589//7
f 588//8 591//8 589//8
f 588//9 586//9 591//9
f 586//10 590//10 591//10
f 593//11 594//11 595//11
f 594//12 597//12 595//12
f 594//13 592//13 597//13
f 592//14 596//14 597//14
f 608//15 609//15 610//15
f 609//16 612//16 610//16
f 609//17 607//17 612//17
f 607//18 611//18 612//18
f 595//19 597//19 598//19
f 597//20 600//20 598//20
f 597//21 596//21 600//21
f 596//22 599//22 600//22
f 598//23 600//23 601//23
f 600//24 603//24 601//24
f 600//25 599//25 603//25
f 599//26 602//26 603//26
f 610//27 612//27 613//27
f 612//28 615//28 613//28
f 612//29 611//29 615//29
f 611//30 614//30 615//30
f 613//31 615//31 616//31
f 615//32 618//32 616//32
f 615//33 614//33 618//33
f 614//34 617//34 618//34
f 623//35 624//35 625//35
f 624//36 627//36 625//36
f 624//37 622//37 627//37
f 622//38 626//38 627//38
f 601//39 603//39 604//39
f 603//40 606//40 604//40
f 603//41 602//41 606//41
f 602//42 605//42 606//42
f 604//43 606//43 608//43
f 606//44 609//44 608//44
f 606//45 605//45 609//45
f 605//46 607//46 609//46
f 616//47 618//47 619//47
f 618//48 621//48 619//48
f 618//49 617//49 621//49
f 617//50 620//50 621//50
f 619//51 621//51 623//51
f 621//52 624//52 623//52
f 621//53 620//53 624//53
f 620//54 622//54 624//54
f 625//55 627//55 628//55
f 627//56 630//56 628//56
f 627//57 626//57 630//57
f 626//58 629//58 630//58
f 589//59 591//59 593//59
f 591//60 594//60 593//60
f 591//61 590//61 594//61
f 590//62 592//62 594//62
f 628//63 630//63 583//63
f 630//64 585//64 583//64
f 630//65 629//65 585//65
f 629//66 584//66 585//66
f 583//67 585//67 587//67
f 585//68 588//68 587//68
f 585//69 584//69 588//69
f 584//70 586//70 588//70
f 632//2 635//2 631//2
f 635//2 634//2 631//2
f 635//2 638//2 634//2
f 638//2 637//2 634//2
f 633//2 636//2 632//2
f 636//2 635//2 632//2
f 636//2 639//2 635//2
f 639//2 638//2 635//2
f 644//71 640//71 645//71
f 640//72 642//72 645//72
f 645//73 642//73 643//73
f 642//74 641//74 643//74
f 647//75 644//75 648//75
f 644//76 645//76 648//76
f 648//154 645//154 646//154
f 645//78 643//78 646//78
f 650//79 647//79 651//79
f 647//150 648//150 651//150
f 651//151 648//151 649//151
f 648//82 646//82 649//82
f 653//83 650//83 654//83
f 650//84 651//84 654//84
f 654//85 651//85 652//85
f 651//86 649//86 652//86
f 656//87 653//87 657//87
f 653//88 654//88 657//88
f 657//89 654//89 655//89
f 654//90 652//90 655//90
f 659//91 656//91 660//91
f 656//92 657//92 660//92
f 660//93 657//93 658//93
f 657//94 655//94 658//94
f 662//95 659//95 663//95
f 659//96 660//96 663//96
f 663//97 660//97 661//97
f 660//98 658//98 661//98
f 665//99 662//99 666//99
f 662//100 663//100 666//100
f 666//101 663//101 664//101
f 663//102 661//102 664//102
f 668//103 665//103 669//103
f 665//104 666//104 669//104
f 669//105 666//105 667//105
f 666//106 664//106 667//106
f 671//107 668//107 672//107
f 668//108 669//108 672//108
f 672//109 669//109 670//109
f 669//110 667//110 670//110
f 674//111 671//111 675//111
f 671//112 672//112 675//112
f 675//152 672//152 673//152
f 672//114 670//114 673//114
f 677//115 674//115 678//115
f 674//116 675//116 678//116
f 678//117 675//117 676//117
f 675//118 673//118 676//118
f 680//119 677//119 681//119
f 677//120 678//120 681//120
f 681//121 678//121 679//121
f 678//122 676//122 679//122
f 683//123 680//123 684//123
f 680//124 681//124 684//124
f 684//125 681//125 682//125
f 681//126 679//126 682//126
f 686//127 683//127 687//127
f 683//153 684//153 687//153
f 687//129 684//129 685//129
f 684//130 682//130 685//130
f 640//131 686//131 642//131
f 686//132 687//132 642//132
f 642//133 687//133 641//133
f 687//134 685//134 641//134
f 598//135 601//135 671//135
f 601//135 668//135 671//135
f 623//136 625//136 647//136
f 625//136 644//136 647//136
f 601//137 604//137 668//137
f 604//137 665//137 668//137
f 640//138 628//138 686//138
f 628//138 583//138 686//138
f 625//139 628//139 644//139
f 628//139 640//139 644//139
f 604//140 608//140 665//140
f 608//140 662//140 665//140
f 686//141 583//141 683//141
f 583//141 587//141 683//141
f 608//142 610//142 662//142
f 610//142 659//142 662//142
f 587//143 589//143 683//143
f 589//143 680//143 683//143
f 610//144 613//144 659//144
f 613//144 656//144 659//144
f 589//145 593//145 680//145
f 593//145 677//145 680//145
f 613//146 616//146 656//146
f 616//146 653//146 656//146
f 593//147 595//147 677//147
f 595//147 674//147 677//147
f 616//148 619//148 653//148
f 619//148 650//148 653//148
f 595//149 598//149 674//149
f 598//149 671//149 674//149
f 695//2 738//2 697//2
f 738//2 737//2 697//2
f 724//6 728//6 755//6
f 728//6 752//6 755//6
f 743//2 722//2 742//2
f 722//2 719//2 742//2
f 739//2 742//2 710//2
f 742//2 712//2 710//2
f 727//2 725//2 731//2
f 725//2 744//2 731//2
f 734//2 741//2 689//2
f 741//2 738//2 689//2
f 742//2 719//2 712//2
f 719//2 716//2 712//2
f 701//2 736//2 704//2
f 736//2 707//2 704//2
f 731//2 744//2 734//2
f 744//2 741//2 734//2
f 744//2 725//2 743//2
f 725//2 722//2 743//2
f 689//2 738//2 691//2
f 738//2 695//2 691//2
f 697//2 737//2 701//2
f 737//2 736//2 701//2
f 736//2 739//2 707//2
f 739//2 710//2 707//2
f 692//7 693//7 694//7
f 693//8 696//8 694//8
f 693//9 691//9 696//9
f 691//10 695//10 696//10
f 698//11 699//11 700//11
f 699//12 702//12 700//12
f 699//13 697//13 702//13
f 697//14 701//14 702//14
f 713//15 714//15 715//15
f 714//16 717//16 715//16
f 714//17 712//17 717//17
f 712//18 716//18 717//18
f 700//19 702//19 703//19
f 702//20 705//20 703//20
f 702//21 701//21 705//21
f 701//22 704//22 705//22
f 703//23 705//23 706//23
f 705//24 708//24 706//24
f 705//25 704//25 708//25
f 704//26 707//26 708//26
f 715//27 717//27 718//27
f 717//28 720//28 718//28
f 717//29 716//29 720//29
f 716//30 719//30 720//30
f 718//31 720//31 721//31
f 720//32 723//32 721//32
f 720//33 719//33 723//33
f 719//34 722//34 723//34
f 728//35 729//35 730//35
f 729//36 732//36 730//36
f 729//37 727//37 732//37
f 727//38 731//38 732//38
f 706//39 708//39 709//39
f 708//40 711//40 709//40
f 708//41 707//41 711//41
f 707//42 710//42 711//42
f 709//43 711//43 713//43
f 711//44 714//44 713//44
f 711//45 710//45 714//45
f 710//46 712//46 714//46
f 721//47 723//47 724//47
f 723//48 726//48 724//48
f 723//49 722//49 726//49
f 722//50 725//50 726//50
f 724//51 726//51 728//51
f 726//52 729//52 728//52
f 726//53 725//53 729//53
f 725//54 727//54 729//54
f 730//55 732//55 733//55
f 732//56 735//56 733//56
f 732//57 731//57 735//57
f 731//58 734//58 735//58
f 694//59 696//59 698//59
f 696//60 699//60 698//60
f 696//61 695//61 699//61
f 695//62 697//62 699//62
f 733//63 735//63 688//63
f 735//64 690//64 688//64
f 735//65 734//65 690//65
f 734//66 689//66 690//66
f 688//67 690//67 692//67
f 690//68 693//68 692//68
f 690//69 689//69 693//69
f 689//70 691//70 693//70
f 737//2 740//2 736//2
f 740//2 739//2 736//2
f 740//2 743//2 739//2
f 743//2 742//2 739//2
f 738//2 741//2 737//2
f 741//2 740//2 737//2
f 741//2 744//2 740//2
f 744//2 743//2 740//2
f 749//71 745//71 750//71
f 745//72 747//72 750//72
f 750//73 747//73 748//73
f 747//74 746//74 748//74
f 752//75 749//75 753//75
f 749//76 750//76 753//76
f 753//77 750//77 751//77
f 750//78 748//78 751//78
f 755//79 752//79 756//79
f 752//80 753//80 756//80
f 756//81 753//81 754//81
f 753//82 751//82 754//82
f 758//83 755//83 759//83
f 755//84 756//84 759//84
f 759//85 756//85 757//85
f 756//86 754//86 757//86
f 761//87 758//87 762//87
f 758//88 759//88 762//88
f 762//89 759//89 760//89
f 759//90 757//90 760//90
f 764//91 761//91 765//91
f 761//92 762//92 765//92
f 765//93 762//93 763//93
f 762//94 760//94 763//94
f 767//95 764//95 768//95
f 764//96 765//96 768//96
f 768//97 765//97 766//97
f 765//98 763//98 766//98
f 770//99 767//99 771//99
f 767//100 768//100 771//100
f 771//101 768//101 769//101
f 768//102 766//102 769//102
f 773//103 770//103 774//103
f 770//104 771//104 774//104
f 774//105 771//105 772//105
f 771//106 769//106 772//106
f 776//107 773//107 777//107
f 773//108 774//108 777//108
f 777//109 774//109 775//109
f 774//110 772//110 775//110
f 779//111 776//111 780//111
f 776//112 777//112 780//112
f 780//113 777//113 778//113
f 777//114 775//114 778//114
f 782//115 779//115 783//115
f 779//116 780//116 783//116
f 783//117 780//117 781//117
f 780//118 778//118 781//118
f 785//119 782//119 786//119
f 782//120 783//120 786//120
f 786//121 783//121 784//121
f 783//122 781//122 784//122
f 788//123 785//123 789//123
f 785//124 786//124 789//124
f 789//125 786//125 787//125
f 786//126 784//126 787//126
f 791//127 788//127 792//127
f 788//128 789//128 792//128
f 792//129 789//129 790//129
f 789//130 787//130 790//130
f 745//131 791//131 747//131
f 791//132 792//132 747//132
f 747//133 792//133 746//133
f 792//134 790//134 746//134
f 703//135 706//135 776//135
f 706//135 773//135 776//135
f 728//136 730//136 752//136
f 730//136 749//136 752//136
f 706//137 709//137 773//137
f 709//137 770//137 773//137
f 745//138 733//138 791//138
f 733//138 688//138 791//138
f 730//139 733//139 749//139
f 733//139 745//139 749//139
f 709//140 713//140 770//140
f 713//140 767//140 770//140
f 791//141 688//141 788//141
f 688//141 692//141 788//141
f 713//142 715//142 767//142
f 715//142 764//142 767//142
f 692//143 694//143 788//143
f 694//143 785//143 788//143
f 715//144 718//144 764//144
f 718//144 761//144 764//144
f 694//145 698//145 785//145
f 698//145 782//145 785//145
f 718//146 721//146 761//146
f 721//146 758//146 761//146
f 698//147 700//147 782//147
f 700//147 779//147 782//147
f 721//148 724//148 758//148
f 724//148 755//148 758//148
f 700//149 703//149 779//149
f 703//149 776//149 779//149
f 800//2 843//2 802//2
f 843//2 842//2 802//2
f 829//6 833//6 860//6
f 833//6 857//6 860//6
f 848//2 827//2 847//2
f 827//2 824//2 847//2
f 844//2 847//2 815//2
f 847//2 817//2 815//2
f 832//2 830//2 836//2
f 830//2 849//2 836//2
f 839//2 846//2 794//2
f 846//2 843//2 794//2
f 847//2 824//2 817//2
f 824//2 821//2 817//2
f 806//2 841//2 809//2
f 841//2 812//2 809//2
f 836//2 849//2 839//2
f 849//2 846//2 839//2
f 849//2 830//2 848//2
f 830//2 827//2 848//2
f 794//2 843//2 796//2
f 843//2 800//2 796//2
f 802//2 842//2 806//2
f 842//2 841//2 806//2
f 841//2 844//2 812//2
f 844//2 815//2 812//2
f 797//7 798//7 799//7
f 798//8 801//8 799//8
f 798//9 796//9 801//9
f 796//10 800//10 801//10
f 803//11 804//11 805//11
f 804//12 807//12 805//12
f 804//13 802//13 807//13
f 802//14 806//14 807//14
f 818//15 819//15 820//15
f 819//16 822//16 820//16
f 819//17 817//17 822//17
f 817//18 821//18 822//18
f 805//19 807//19 808//19
f 807//20 810//20 808//20
f 807//21 806//21 810//21
f 806//22 809//22 810//22
f 808//23 810//23 811//23
f 810//24 813//24 811//24
f 810//25 809//25 813//25
f 809//26 812//26 813//26
f 820//27 822//27 823//27
f 822//28 825//28 823//28
f 822//29 821//29 825//29
f 821//30 824//30 825//30
f 823//31 825//31 826//31
f 825//32 828//32 826//32
f 825//33 824//33 828//33
f 824//34 827//34 828//34
f 833//35 834//35 835//35
f 834//36 837//36 835//36
f 834//37 832//37 837//37
f 832//38 836//38 837//38
f 811//39 813//39 814//39
f 813//40 816//40 814//40
f 813//41 812//41 816//41
f 812//42 815//42 816//42
f 814//43 816//43 818//43
f 816//44 819//44 818//44
f 816//45 815//45 819//45
f 815//46 817//46 819//46
f 826//47 828//47 829//47
f 828//48 831//48 829//48
f 828//49 827//49 831//49
f 827//50 830//50 831//50
f 829//51 831//51 833//51
f 831//52 834//52 833//52
f 831//53 830//53 834//53
f 830//54 832//54 834//54
f 835//55 837//55 838//55
f 837//56 840//56 838//56
f 837//57 836//57 840//57
f 836//58 839//58 840//58
f 799//59 801//59 803//59
f 801//60 804//60 803//60
f 801//61 800//61 804//61
f 800//62 802//62 804//62
f 838//63 840//63 793//63
f 840//64 795//64 793//64
f 840//65 839//65 795//65
f 839//66 794//66 795//66
f 793//67 795//67 797//67
f 795//68 798//68 797//68
f 795//69 794//69 798//69
f 794//70 796//70 798//70
f 842//2 845//2 841//2
f 845//2 844//2 841//2
f 845//2 848//2 844//2
f 848//2 847//2 844//2
f 843//2 846//2 842//2
f 846//2 845//2 842//2
f 846//2 849//2 845//2
f 849//2 848//2 845//2
f 854//71 850//71 855//71
f 850//72 852//72 855//72
f 855//73 852//73 853//73
f 852//74 851//74 853//74
f 857//75 854//75 858//75
f 854//76 855//76 858//76
f 858//154 855//154 856//154
f 855//155 853//155 856//155
f 860//79 857//79 861//79
f 857//80 858//80 861//80
f 861//81 858//81 859//81
f 858//82 856//82 859//82
f 863//83 860//83 864//83
f 860//84 861//84 864//84
f 864//85 861//85 862//85
f 861//86 859//86 862//86
f 866//87 863//87 867//87
f 863//88 864//88 867//88
f 867//89 864//89 865//89
f 864//90 862//90 865//90
f 869//91 866//91 870//91
f 866//92 867//92 870//92
f 870//93 867//93 868//93
f 867//156 865//156 868//156
f 872//95 869//95 873//95
f 869//96 870//96 873//96
f 873//97 870//97 871//97
f 870//98 868//98 871//98
f 875//99 872//99 876//99
f 872//100 873//100 876//100
f 876//101 873//101 874//101
f 873//102 871//102 874//102
f 878//103 875//103 879//103
f 875//104 876//104 879//104
f 879//105 876//105 877//105
f 876//106 874//106 877//106
f 881//107 878//107 882//107
f 878//108 879//108 882//108
f 882//157 879//157 880//157
f 879//158 877//158 880//158
f 884//111 881//111 885//111
f 881//112 882//112 885//112
f 885//113 882//113 883//113
f 882//114 880//114 883//114
f 887//115 884//115 888//115
f 884//116 885//116 888//116
f 888//117 885//117 886//117
f 885//118 883//118 886//118
f 890//119 887//119 891//119
f 887//120 888//120 891//120
f 891//121 888//121 889//121
f 888//122 886//122 889//122
f 893//123 890//123 894//123
f 890//124 891//124 894//124
f 894//125 891//125 892//125
f 891//159 889//159 892//159
f 896//127 893//127 897//127
f 893//128 894//128 897//128
f 897//129 894//129 895//129
f 894//130 892//130 895//130
f 850//131 896//131 852//131
f 896//132 897//132 852//132
f 852//133 897//133 851//133
f 897//134 895//134 851//134
f 808//135 811//135 881//135
f 811//135 878//135 881//135
f 833//136 835//136 857//136
f 835//136 854//136 857//136
f 811//137 814//137 878//137
f 814//137 875//137 878//137
f 850//138 838//138 896//138
f 838//138 793//138 896//138
f 835//139 838//139 854//139
f 838//139 850//139 854//139
f 814//140 818//140 875//140
f 818//140 872//140 875//140
f 896//141 793//141 893//141
f 793//141 797//141 893//141
f 818//142 820//142 872//142
f 820//142 869//142 872//142
f 797//143 799//143 893//143
f 799//143 890//143 893//143
f 820//144 823//144 869//144
f 823//144 866//144 869//144
f 799//145 803//145 890//145
f 803//145 887//145 890//145
f 823//146 826//146 866//146
f 826//146 863//146 866//146
f 803//147 805//147 887//147
f 805//147 884//147 887//147
f 826//148 829//148 863//148
f 829//148 860//148 863//148
f 805//149 808//149 884//149
f 808//149 881//149 884//149
f 905//2 948//2 907//2
f 948//2 947//2 907//2
f 934//6 938//6 965//6
f 938//6 962//6 965//6
f 953//2 932//2 952//2
f 932//2 929//2 952//2
f 949//2 952//2 920//2
f 952//2 922//2 920//2
f 937//2 935//2 941//2
f 935//2 954//2 941//2
f 944//2 951//2 899//2
f 951//2 948//2 899//2
f 952//2 929//2 922//2
f 929//2 926//2 922//2
f 911//2 946//2 914//2
f 946//2 917//2 914//2
f 941//2 954//2 944//2
f 954//2 951//2 944//2
f 954//2 935//2 953//2
f 935//2 932//2 953//2
f 899//2 948//2 901//2
f 948//2 905//2 901//2
f 907//2 947//2 911//2
f 947//2 946//2 911//2
f 946//2 949//2 917//2
f 949//2 920//2 917//2
f 902//7 903//7 904//7
f 903//8 906//8 904//8
f 903//9 901//9 906//9
f 901//10 905//10 906//10
f 908//11 909//11 910//11
f 909//12 912//12 910//12
f 909//13 907//13 912//13
f 907//14 911//14 912//14
f 923//15 924//15 925//15
f 924//16 927//16 925//16
f 924//17 922//17 927//17
f 922//18 926//18 927//18
f 910//19 912//19 913//19
f 912//20 915//20 913//20
f 912//21 911//21 915//21
f 911//22 914//22 915//22
f 913//23 915//23 916//23
f 915//24 918//24 916//24
f 915//25 914//25 918//25
f 914//26 917//26 918//26
f 925//27 927//27 928//27
f 927//28 930//28 928//28
f 927//29 926//29 930//29
f 926//30 929//30 930//30
f 928//31 930//31 931//31
f 930//32 933//32 931//32
f 930//33 929//33 933//33
f 929//34 932//34 933//34
f 938//35 939//35 940//35
f 939//36 942//36 940//36
f 939//37 937//37 942//37
f 937//38 941//38 942//38
f 916//39 918//39 919//39
f 918//40 921//40 919//40
f 918//41 917//41 921//41
f 917//42 920//42 921//42
f 919//43 921//43 923//43
f 921//44 924//44 923//44
f 921//45 920//45 924//45
f 920//46 922//46 924//46
f 931//47 933//47 934//47
f 933//48 936//48 934//48
f 933//49 932//49 936//49
f 932//50 935//50 936//50
f 934//51 936//51 938//51
f 936//52 939//52 938//52
f 936//53 935//53 939//53
f 935//54 937//54 939//54
f 940//55 942//55 943//55
f 942//56 945//56 943//56
f 942//57 941//57 945//57
f 941//58 944//58 945//58
f 904//59 906//59 908//59
f 906//60 909//60 908//60
f 906//61 905//61 909//61
f 905//62 907//62 909//62
f 943//63 945//63 898//63
f 945//64 900//64 898//64
f 945//65 944//65 900//65
f 944//66 899//66 900//66
f 898//67 900//67 902//67
f 900//68 903//68 902//68
f 900//69 899//69 903//69
f 899//70 901//70 903//70
f 947//2 950//2 946//2
f 950//2 949//2 946//2
f 950//2 953//2 949//2
f 953//2 952//2 949//2
f 948//2 951//2 947//2
f 951//2 950//2 947//2
f 951//2 954//2 950//2
f 954//2 953//2 950//2
f 959//71 955//71 960//71
f 955//72 957//72 960//72
f 960//73 957//73 958//73
f 957//74 956//74 958//74
f 962//75 959//75 963//75
f 959//76 960//76 963//76
f 963//154 960//154 961//154
f 960//155 958//155 961//155
f 965//79 962//79 966//79
f 962//80 963//80 966//80
f 966//151 963//151 964//151
f 963//82 961//82 964//82
f 968//83 965//83 969//83
f 965//84 966//84 969//84
f 969//85 966//85 967//85
f 966//86 964//86 967//86
f 971//87 968//87 972//87
f 968//88 969//88 972//88
f 972//89 969//89 970//89
f 969//90 967//90 970//90
f 974//91 971//91 975//91
f 971//92 972//92 975//92
f 975//93 972//93 973//93
f 972//156 970//156 973//156
f 977//95 974//95 978//95
f 974//160 975//160 978//160
f 978//97 975//97 976//97
f 975//98 973//98 976//98
f 980//99 977//99 981//99
f 977//100 978//100 981//100
f 981//101 978//101 979//101
f 978//102 976//102 979//102
f 983//103 980//103 984//103
f 980//104 981//104 984//104
f 984//105 981//105 982//105
f 981//106 979//106 982//106
f 986//107 983//107 987//107
f 983//108 984//108 987//108
f 987//109 984//109 985//109
f 984//158 982//158 985//158
f 989//111 986//111 990//111
f 986//161 987//161 990//161
f 990//152 987//152 988//152
f 987//114 985//114 988//114
f 992//115 989//115 993//115
f 989//116 990//116 993//116
f 993//117 990//117 991//117
f 990//118 988//118 991//118
f 995//119 992//119 996//119
f 992//120 993//120 996//120
f 996//121 993//121 994//121
f 993//122 991//122 994//122
f 998//123 995//123 999//123
f 995//124 996//124 999//124
f 999//125 996//125 997//125
f 996//159 994//159 997//159
f 1001//127 998//127 1002//127
f 998//128 999//128 1002//128
f 1002//129 999//129 1000//129
f 999//130 997//130 1000//130
f 955//131 1001//131 957//131
f 1001//132 1002//132 957//132
f 957//133 1002//133 956//133
f 1002//134 1000//134 956//134
f 913//135 916//135 986//135
f 916//135 983//135 986//135
f 938//136 940//136 962//136
f 940//136 959//136 962//136
f 916//137 919//137 983//137
f 919//137 980//137 983//137
f 955//138 943//138 1001//138
f 943//138 898//138 1001//138
f 940//139 943//139 959//139
f 943//139 955//139 959//139
f 919//140 923//140 980//140
f 923//140 977//140 980//140
f 1001//141 898//141 998//141
f 898//141 902//141 998//141
f 923//142 925//142 977//142
f 925//142 974//142 977//142
f 902//143 904//143 998//143
f 904//143 995//143 998//143
f 925//144 928//144 974//144
f 928//144 971//144 974//144
f 904//145 908//145 995//145
f 908//145 992//145 995//145
f 928//146 931//146 971//146
f 931//146 968//146 971//146
f 908//147 910//147 992//147
f 910//147 989//147 992//147
f 931//148 934//148 968//148
f 934//148 965//148 968//148
f 910//149 913//149 989//149
f 913//149 986//149 989//149
f 1010//2 1053//2 1012//2
f 1053//2 1052//2 1012//2
f 1039//6 1043//6 1070//6
f 1043//6 1067//6 1070//6
f 1058//2 1037//2 1057//2
f 1037//2 1034//2 1057//2
f 1054//2 1057//2 1025//2
f 1057//2 1027//2 1025//2
f 1042//2 1040//2 1046//2
f 1040//2 1059//2 1046//2
f 1049//2 1056//2 1004//2
f 1056//2 1053//2 1004//2
f 1057//2 1034//2 1027//2
f 1034//2 1031//2 1027//2
f 1016//2 1051//2 1019//2
f 1051//2 1022//2 1019//2
f 1046//2 1059//2 1049//2
f 1059//2 1056//2 1049//2
f 1059//2 1040//2 1058//2
f 1040//2 1037//2 1058//2
f 1004//2 1053//2 1006//2
f 1053//2 1010//2 1006//2
f 1012//2 1052//2 1016//2
f 1052//2 1051//2 1016//2
f 1051//2 1054//2 1022//2
f 1054//2 1025//2 1022//2
f 1007//7 1008//7 1009//7
f 1008//8 1011//8 1009//8
f 1008//9 1006//9 1011//9
f 1006//10 1010//10 1011//10
f 1013//11 1014//11 1015//11
f 1014//12 1017//12 1015//12
f 1014//13 1012//13 1017//13
f 1012//14 1016//14 1017//14
f 1028//15 1029//15 1030//15
f 1029//16 1032//16 1030//16
f 1029//17 1027//17 1032//17
f 1027//18 1031//18 1032//18
f 1015//19 1017//19 1018//19
f 1017//20 1020//20 1018//20
f 1017//21 1016//21 1020//21
f 1016//22 1019//22 1020//22
f 1018//23 1020//23 1021//23
f 1020//24 1023//24 1021//24
f 1020//25 1019//25 1023//25
f 1019//26 1022//26 1023//26
f 1030//27 1032//27 1033//27
f 1032//28 1035//28 1033//28
f 1032//29 1031//29 1035//29
f 1031//30 1034//30 1035//30
f 1033//31 1035//31 1036//31
f 1035//32 1038//32 1036//32
f 1035//33 1034//33 1038//33
f 1034//34 1037//34 1038//34
f 1043//35 1044//35 1045//35
f 1044//36 1047//36 1045//36
f 1044//37 1042//37 1047//37
f 1042//38 1046//38 1047//38
f 1021//39 1023//39 1024//39
f 1023//40 1026//40 1024//40
f 1023//41 1022//41 1026//41
f 1022//42 1025//42 1026//42
f 1024//43 1026//43 1028//43
f 1026//44 1029//44 1028//44
f 1026//45 1025//45 1029//45
f 1025//46 1027//46 1029//46
f 1036//47 1038//47 1039//47
f 1038//48 1041//48 1039//48
f 1038//49 1037//49 1041//49
f 1037//50 1040//50 1041//50
f 1039//51 1041//51 1043//51
f 1041//52 1044//52 1043//52
f 1041//53 1040//53 1044//53
f 1040//54 1042//54 1044//54
f 1045//55 1047//55 1048//55
f 1047//56 1050//56 1048//56
f 1047//57 1046//57 1050//57
f 1046//58 1049//58 1050//58
f 1009//59 1011//59 1013//59
f 1011//60 1014//60 1013//60
f 1011//61 1010//61 1014//61
f 1010//62 1012//62 1014//62
f 1048//63 1050//63 1003//63
f 1050//64 1005//64 1003//64
f 1050//65 1049//65 1005//65
f 1049//66 1004//66 1005//66
f 1003//67 1005//67 1007//67
f 1005//68 1008//68 1007//68
f 1005//69 1004//69 1008//69
f 1004//70 1006//70 1008//70
f 1052//2 1055//2 1051//2
f 1055//2 1054//2 1051//2
f 1055//2 1058//2 1054//2
f 1058//2 1057//2 1054//2
f 1053//2 1056//2 1052//2
f 1056//2 1055//2 1052//2
f 1056//2 1059//2 1055//2
f 1059//2 1058//2 1055//2
f 1064//71 1060//71 1065//71
f 1060//72 1062//72 1065//72
f 1065//73 1062//73 1063//73
f 1062//74 1061//74 1063//74
f 1067//75 1064//75 1068//75
f 1064//76 1065//76 1068//76
f 1068//154 1065//154 1066//154
f 1065//155 1063//155 1066//155
f 1070//79 1067//79 1071//79
f 1067//80 1068//80 1071//80
f 1071//151 1068//151 1069//151
f 1068//82 1066//82 1069//82
f 1073//83 1070//83 1074//83
f 1070//84 1071//84 1074//84
f 1074//85 1071//85 1072//85
f 1071//86 1069//86 1072//86
f 1076//87 1073//87 1077//87
f 1073//88 1074//88 1077//88
f 1077//89 1074//89 1075//89
f 1074//90 1072//90 1075//90
f 1079//91 1076//91 1080//91
f 1076//92 1077//92 1080//92
f 1080//93 1077//93 1078//93
f 1077//156 1075//156 1078//156
f 1082//95 1079//95 1083//95
f 1079//96 1080//96 1083//96
f 1083//97 1080//97 1081//97
f 1080//98 1078//98 1081//98
f 1085//99 1082//99 1086//99
f 1082//100 1083//100 1086//100
f 1086//101 1083//101 1084//101
f 1083//102 1081//102 1084//102
f 1088//103 1085//103 1089//103
f 1085//104 1086//104 1089//104
f 1089//105 1086//105 1087//105
f 1086//106 1084//106 1087//106
f 1091//107 1088//107 1092//107
f 1088//108 1089//108 1092//108
f 1092//109 1089//109 1090//109
f 1089//158 1087//158 1090//158
f 1094//111 1091//111 1095//111
f 1091//112 1092//112 1095//112
f 1095//152 1092//152 1093//152
f 1092//114 1090//114 1093//114
f 1097//115 1094//115 1098//115
f 1094//116 1095//116 1098//116
f 1098//117 1095//117 1096//117
f 1095//118 1093//118 1096//118
f 1100//119 1097//119 1101//119
f 1097//120 1098//120 1101//120
f 1101//121 1098//121 1099//121
f 1098//122 1096//122 1099//122
f 1103//123 1100//123 1104//123
f 1100//124 1101//124 1104//124
f 1104//125 1101//125 1102//125
f 1101//159 1099//159 1102//159
f 1106//127 1103//127 1107//127
f 1103//128 1104//128 1107//128
f 1107//129 1104//129 1105//129
f 1104//130 1102//130 1105//130
f 1060//131 1106//131 1062//131
f 1106//132 1107//132 1062//132
f 1062//133 1107//133 1061//133
f 1107//134 1105//134 1061//134
f 1018//135 1021//135 1091//135
f 1021//135 1088//135 1091//135
f 1043//136 1045//136 1067//136
f 1045//136 1064//136 1067//136
f 1021//137 1024//137 1088//137
f 1024//137 1085//137 1088//137
f 1060//138 1048//138 1106//138
f 1048//138 1003//138 1106//138
f 1045//139 1048//139 1064//139
f 1048//139 1060//139 1064//139
f 1024//140 1028//140 1085//140
f 1028//140 1082//140 1085//140
f 1106//141 1003//141 1103//141
f 1003//141 1007//141 1103//141
f 1028//142 1030//142 1082//142
f 1030//142 1079//142 1082//142
f 1007//143 1009//143 1103//143
f 1009//143 1100//143 1103//143
f 1030//144 1033//144 1079//144
f 1033//144 1076//144 1079//144
f 1009//145 1013//145 1100//145
f 1013//145 1097//145 1100//145
f 1033//146 1036//146 1076//146
f 1036//146 1073//146 1076//146
f 1013//147 1015//147 1097//147
f 1015//147 1094//147 1097//147
f 1036//148 1039//148 1073//148
f 1039//148 1070//148 1073//148
f 1015//149 1018//149 1094//149
f 1018//149 1091//149 1094//149
f 1115//2 1158//2 1117//2
f 1158//2 1157//2 1117//2
f 1144//6 1148//6 1175//6
f 1148//6 1172//6 1175//6
f 1163//2 1142//2 1162//2
f 1142//2 1139//2 1162//2
f 1159//2 1162//2 1130//2
f 1162//2 1132//2 1130//2
f 1147//2 1145//2 1151//2
f 1145//2 1164//2 1151//2
f 1154//2 1161//2 1109//2
f 1161//2 1158//2 1109//2
f 1162//2 1139//2 1132//2
f 1139//2 1136//2 1132//2
f 1121//2 1156//2 1124//2
f 1156//2 1127//2 1124//2
f 1151//2 1164//2 1154//2
f 1164//2 1161//2 1154//2
f 1164//2 1145//2 1163//2
f 1145//2 1142//2 1163//2
f 1109//2 1158//2 1111//2
f 1158//2 1115//2 1111//2
f 1117//2 1157//2 1121//2
f 1157//2 1156//2 1121//2
f 1156//2 1159//2 1127//2
f 1159//2 1130//2 1127//2
f 1112//7 1113//7 1114//7
f 1113//8 1116//8 1114//8
f 1113//9 1111//9 1116//9
f 1111//10 1115//10 1116//10
f 1118//11 1119//11 1120//11
f 1119//12 1122//12 1120//12
f 1119//13 1117//13 1122//13
f 1117//14 1121//14 1122//14
f 1133//15 1134//15 1135//15
f 1134//16 1137//16 1135//16
f 1134//17 1132//17 1137//17
f 1132//18 1136//18 1137//18
f 1120//19 1122//19 1123//19
f 1122//20 1125//20 1123//20
f 1122//21 1121//21 1125//21
f 1121//22 1124//22 1125//22
f 1123//23 1125//23 1126//23
f 1125//24 1128//24 1126//24
f 1125//25 1124//25 1128//25
f 1124//26 1127//26 1128//26
f 1135//27 1137//27 1138//27
f 1137//28 1140//28 1138//28
f 1137//29 1136//29 1140//29
f 1136//30 1139//30 1140//30
f 1138//31 1140//31 1141//31
f 1140//32 1143//32 1141//32
f 1140//33 1139//33 1143//33
f 1139//34 1142//34 1143//34
f 1148//35 1149//35 1150//35
f 1149//36 1152//36 1150//36
f 1149//37 1147//37 1152//37
f 1147//38 1151//38 1152//38
f 1126//39 1128//39 1129//39
f 1128//40 1131//40 1129//40
f 1128//41 1127//41 1131//41
f 1127//42 1130//42 1131//42
f 1129//43 1131//43 1133//43
f 1131//44 1134//44 1133//44
f 1131//45 1130//45 1134//45
f 1130//46 1132//46 1134//46
f 1141//47 1143//47 1144//47
f 1143//48 1146//48 1144//48
f 1143//49 1142//49 1146//49
f 1142//50 1145//50 1146//50
f 1144//51 1146//51 1148//51
f 1146//52 1149//52 1148//52
f 1146//53 1145//53 1149//53
f 1145//54 1147//54 1149//54
f 1150//55 1152//55 1153//55
f 1152//56 1155//56 1153//56
f 1152//57 1151//57 1155//57
f 1151//58 1154//58 1155//58
f 1114//59 1116//59 1118//59
f 1116//60 1119//60 1118//60
f 1116//61 1115//61 1119//61
f 1115//62 1117//62 1119//62
f 1153//63 1155//63 1108//63
f 1155//64 1110//64 1108//64
f 1155//65 1154//65 1110//65
f 1154//66 1109//66 1110//66
f 1108//67 1110//67 1112//67
f 1110//68 1113//68 1112//68
f 1110//69 1109//69 1113//69
f 1109//70 1111//70 1113//70
f 1157//2 1160//2 1156//2
f 1160//2 1159//2 1156//2
f 1160//2 1163//2 1159//2
f 1163//2 1162//2 1159//2
f 1158//2 1161//2 1157//2
f 1161//2 1160//2 1157//2
f 1161//2 1164//2 1160//2
f 1164//2 1163//2 1160//2
f 1169//71 1165//71 1170//71
f 1165//72 1167//72 1170//72
f 1170//73 1167//73 1168//73
f 1167//74 1166//74 1168//74
f 1172//75 1169//75 1173//75
f 1169//76 1170//76 1173//76
f 1173//154 1170//154 1171//154
f 1170//155 1168//155 1171//155
f 1175//79 1172//79 1176//79
f 1172//80 1173//80 1176//80
f 1176//151 1173//151 1174//151
f 1173//82 1171//82 1174//82
f 1178//83 1175//83 1179//83
f 1175//84 1176//84 1179//84
f 1179//85 1176//85 1177//85
f 1176//86 1174//86 1177//86
f 1181//87 1178//87 1182//87
f 1178//88 1179//88 1182//88
f 1182//89 1179//89 1180//89
f 1179//90 1177//90 1180//90
f 1184//91 1181//91 1185//91
f 1181//92 1182//92 1185//92
f 1185//93 1182//93 1183//93
f 1182//156 1180//156 1183//156
f 1187//95 1184//95 1188//95
f 1184//96 1185//96 1188//96
f 1188//97 1185//97 1186//97
f 1185//162 1183//162 1186//162
f 1190//99 1187//99 1191//99
f 1187//100 1188//100 1191//100
f 1191//101 1188//101 1189//101
f 1188//102 1186//102 1189//102
f 1193//103 1190//103 1194//103
f 1190//104 1191//104 1194//104
f 1194//105 1191//105 1192//105
f 1191//106 1189//106 1192//106
f 1196//107 1193//107 1197//107
f 1193//108 1194//108 1197//108
f 1197//109 1194//109 1195//109
f 1194//158 1192//158 1195//158
f 1199//111 1196//111 1200//111
f 1196//161 1197//161 1200//161
f 1200//152 1197//152 1198//152
f 1197//114 1195//114 1198//114
f 1202//115 1199//115 1203//115
f 1199//116 1200//116 1203//116
f 1203//117 1200//117 1201//117
f 1200//118 1198//118 1201//118
f 1205//119 1202//119 1206//119
f 1202//120 1203//120 1206//120
f 1206//121 1203//121 1204//121
f 1203//122 1201//122 1204//122
f 1208//123 1205//123 1209//123
f 1205//124 1206//124 1209//124
f 1209//125 1206//125 1207//125
f 1206//159 1204//159 1207//159
f 1211//127 1208//127 1212//127
f 1208//128 1209//128 1212//128
f 1212//129 1209//129 1210//129
f 1209//130 1207//130 1210//130
f 1165//131 1211//131 1167//131
f 1211//132 1212//132 1167//132
f 1167//133 1212//133 1166//133
f 1212//134 1210//134 1166//134
f 1123//135 1126//135 1196//135
f 1126//135 1193//135 1196//135
f 1148//136 1150//136 1172//136
f 1150//136 1169//136 1172//136
f 1126//137 1129//137 1193//137
f 1129//137 1190//137 1193//137
f 1165//138 1153//138 1211//138
f 1153//138 1108//138 1211//138
f 1150//139 1153//139 1169//139
f 1153//139 1165//139 1169//139
f 1129//140 1133//140 1190//140
f 1133//140 1187//140 1190//140
f 1211//141 1108//141 1208//141
f 1108//141 1112//141 1208//141
f 1133//142 1135//142 1187//142
f 1135//142 1184//142 1187//142
f 1112//143 1114//143 1208//143
f 1114//143 1205//143 1208//143
f 1135//144 1138//144 1184//144
f 1138//144 1181//144 1184//144
f 1114//145 1118//145 1205//145
f 1118//145 1202//145 1205//145
f 1138//146 1141//146 1181//146
f 1141//146 1178//146 1181//146
f 1118//147 1120//147 1202//147
f 1120//147 1199//147 1202//147
f 1141//148 1144//148 1178//148
f 1144//148 1175//148 1178//148
f 1120//149 1123//149 1199//149
f 1123//149 1196//149 1199//149
f 1220//2 1263//2 1222//2
f 1263//2 1262//2 1222//2
f 1249//6 1253//6 1280//6
f 1253//6 1277//6 1280//6
f 1268//2 1247//2 1267//2
f 1247//2 1244//2 1267//2
f 1264//2 1267//2 1235//2
f 1267//2 1237//2 1235//2
f 1252//2 1250//2 1256//2
f 1250//2 1269//2 1256//2
f 1259//2 1266//2 1214//2
f 1266//2 1263//2 1214//2
f 1267//2 1244//2 1237//2
f 1244//2 1241//2 1237//2
f 1226//2 1261//2 1229//2
f 1261//2 1232//2 1229//2
f 1256//2 1269//2 1259//2
f 1269//2 1266//2 1259//2
f 1269//2 1250//2 1268//2
f 1250//2 1247//2 1268//2
f 1214//2 1263//2 1216//2
f 1263//2 1220//2 1216//2
f 1222//2 1262//2 1226//2
f 1262//2 1261//2 1226//2
f 1261//2 1264//2 1232//2
f 1264//2 1235//2 1232//2
f 1217//7 1218//7 1219//7
f 1218//8 1221//8 1219//8
f 1218//9 1216//9 1221//9
f 1216//10 1220//10 1221//10
f 1223//11 1224//11 1225//11
f 1224//12 1227//12 1225//12
f 1224//13 1222//13 1227//13
f 1222//14 1226//14 1227//14
f 1238//15 1239//15 1240//15
f 1239//16 1242//16 1240//16
f 1239//17 1237//17 1242//17
f 1237//18 1241//18 1242//18
f 1225//19 1227//19 1228//19
f 1227//20 1230//20 1228//20
f 1227//21 1226//21 1230//21
f 1226//22 1229//22 1230//22
f 1228//23 1230//23 1231//23
f 1230//24 1233//24 1231//24
f 1230//25 1229//25 1233//25
f 1229//26 1232//26 1233//26
f 1240//27 1242//27 1243//27
f 1242//28 1245//28 1243//28
f 1242//29 1241//29 1245//29
f 1241//30 1244//30 1245//30
f 1243//31 1245//31 1246//31
f 1245//32 1248//32 1246//32
f 1245//33 1244//33 1248//33
f 1244//34 1247//34 1248//34
f 1253//35 1254//35 1255//35
f 1254//36 1257//36 1255//36
f 1254//37 1252//37 1257//37
f 1252//38 1256//38 1257//38
f 1231//39 1233//39 1234//39
f 1233//40 1236//40 1234//40
f 1233//41 1232//41 1236//41
f 1232//42 1235//42 1236//42
f 1234//43 1236//43 1238//43
f 1236//44 1239//44 1238//44
f 1236//45 1235//45 1239//45
f 1235//46 1237//46 1239//46
f 1246//47 1248//47 1249//47
f 1248//48 1251//48 1249//48
f 1248//49 1247//49 1251//49
f 1247//50 1250//50 1251//50
f 1249//51 1251//51 1253//51
f 1251//52 1254//52 1253//52
f 1251//53 1250//53 1254//53
f 1250//54 1252//54 1254//54
f 1255//55 1257//55 1258//55
f 1257//56 1260//56 1258//56
f 1257//57 1256//57 1260//57
f 1256//58 1259//58 1260//58
f 1219//59 1221//59 1223//59
f 1221//60 1224//60 1223//60
f 1221//61 1220//61 1224//61
f 1220//62 1222//62 1224//62
f 1258//63 1260//63 1213//63
f 1260//64 1215//64 1213//64
f 1260//65 1259//65 1215//65
f 1259//66 1214//66 1215//66
f 1213//67 1215//67 1217//67
f 1215//68 1218//68 1217//68
f 1215//69 1214//69 1218//69
f 1214//70 1216//70 1218//70
f 1262//2 1265//2 1261//2
f 1265//2 1264//2 1261//2
f 1265//2 1268//2 1264//2
f 1268//2 1267//2 1264//2
f 1263//2 1266//2 1262//2
f 1266//2 1265//2 1262//2
f 1266//2 1269//2 1265//2
f 1269//2 1268//2 1265//2
f 1274//71 1270//71 1275//71
f 1270//72 1272//72 1275//72
f 1275//73 1272//73 1273//73
f 1272//74 1271//74 1273//74
f 1277//75 1274//75 1278//75
f 1274//76 1275//76 1278//76
f 1278//154 1275//154 1276//154
f 1275//155 1273//155 1276//155
f 1280//79 1277//79 1281//79
f 1277//80 1278//80 1281//80
f 1281//151 1278//151 1279//151
f 1278//82 1276//82 1279//82
f 1283//83 1280//83 1284//83
f 1280//84 1281//84 1284//84
f 1284//85 1281//85 1282//85
f 1281//86 1279//86 1282//86
f 1286//87 1283//87 1287//87
f 1283//88 1284//88 1287//88
f 1287//89 1284//89 1285//89
f 1284//90 1282//90 1285//90
f 1289//91 1286//91 1290//91
f 1286//92 1287//92 1290//92
f 1290//93 1287//93 1288//93
f 1287//156 1285//156 1288//156
f 1292//95 1289//95 1293//95
f 1289//160 1290//160 1293//160
f 1293//97 1290//97 1291//97
f 1290//98 1288//98 1291//98
f 1295//99 1292//99 1296//99
f 1292//100 1293//100 1296//100
f 1296//101 1293//101 1294//101
f 1293//102 1291//102 1294//102
f 1298//103 1295//103 1299//103
f 1295//104 1296//104 1299//104
f 1299//105 1296//105 1297//105
f 1296//106 1294//106 1297//106
f 1301//107 1298//107 1302//107
f 1298//108 1299//108 1302//108
f 1302//157 1299//157 1300//157
f 1299//158 1297//158 1300//158
f 1304//111 1301//111 1305//111
f 1301//161 1302//161 1305//161
f 1305//152 1302//152 1303//152
f 1302//114 1300//114 1303//114
f 1307//115 1304//115 1308//115
f 1304//116 1305//116 1308//116
f 1308//117 1305//117 1306//117
f 1305//118 1303//118 1306//118
f 1310//119 1307//119 1311//119
f 1307//120 1308//120 1311//120
f 1311//121 1308//121 1309//121
f 1308//122 1306//122 1309//122
f 1313//123 1310//123 1314//123
f 1310//124 1311//124 1314//124
f 1314//125 1311//125 1312//125
f 1311//159 1309//159 1312//159
f 1316//127 1313//127 1317//127
f 1313//128 1314//128 1317//128
f 1317//129 1314//129 1315//129
f 1314//130 1312//130 1315//130
f 1270//131 1316//131 1272//131
f 1316//132 1317//132 1272//132
f 1272//133 1317//133 1271//133
f 1317//134 1315//134 1271//134
f 1228//135 1231//135 1301//135
f 1231//135 1298//135 1301//135
f 1253//136 1255//136 1277//136
f 1255//136 1274//136 1277//136
f 1231//137 1234//137 1298//137
f 1234//137 1295//137 1298//137
f 1270//138 1258//138 1316//138
f 1258//138 1213//138 1316//138
f 1255//139 1258//139 1274//139
f 1258//139 1270//139 1274//139
f 1234//140 1238//140 1295//140
f 1238//140 1292//140 1295//140
f 1316//141 1213//141 1313//141
f 1213//141 1217//141 1313//141
f 1238//142 1240//142 1292//142
f 1240//142 1289//142 1292//142
f 1217//143 1219//143 1313//143
f 1219//143 1310//143 1313//143
f 1240//144 1243//144 1289//144
f 1243//144 1286//144 1289//144
f 1219//145 1223//145 1310//145
f 1223//145 1307//145 1310//145
f 1243//146 1246//146 1286//146
f 1246//146 1283//146 1286//146
f 1223//147 1225//147 1307//147
f 1225//147 1304//147 1307//147
f 1246//148 1249//148 1283//148
f 1249//148 1280//148 1283//148
f 1225//149 1228//149 1304//149
f 1228//149 1301//149 1304//149
f 1325//2 1368//2 1327//2
f 1368//2 1367//2 1327//2
f 1354//6 1358//6 1385//6
f 1358//6 1382//6 1385//6
f 1373//2 1352//2 1372//2
f 1352//2 1349//2 1372//2
f 1369//2 1372//2 1340//2
f 1372//2 1342//2 1340//2
f 1357//2 1355//2 1361//2
f 1355//2 1374//2 1361//2
f 1364//2 1371//2 1319//2
f 1371//2 1368//2 1319//2
f 1372//2 1349//2 1342//2
f 1349//2 1346//2 1342//2
f 1331//2 1366//2 1334//2
f 1366//2 1337//2 1334//2
f 1361//2 1374//2 1364//2
f 1374//2 1371//2 1364//2
f 1374//2 1355//2 1373//2
f 1355//2 1352//2 1373//2
f 1319//2 1368//2 1321//2
f 1368//2 1325//2 1321//2
f 1327//2 1367//2 1331//2
f 1367//2 1366//2 1331//2
f 1366//2 1369//2 1337//2
f 1369//2 1340//2 1337//2
f 1322//7 1323//7 1324//7
f 1323//8 1326//8 1324//8
f 1323//9 1321//9 1326//9
f 1321//10 1325//10 1326//10
f 1328//11 1329//11 1330//11
f 1329//12 1332//12 1330//12
f 1329//13 1327//13 1332//13
f 1327//14 1331//14 1332//14
f 1343//15 1344//15 1345//15
f 1344//16 1347//16 1345//16
f 1344//17 1342//17 1347//17
f 1342//18 1346//18 1347//18
f 1330//19 1332//19 1333//19
f 1332//20 1335//20 1333//20
f 1332//21 1331//21 1335//21
f 1331//22 1334//22 1335//22
f 1333//23 1335//23 1336//23
f 1335//24 1338//24 1336//24
f 1335//25 1334//25 1338//25
f 1334//26 1337//26 1338//26
f 1345//27 1347//27 1348//27
f 1347//28 1350//28 1348//28
f 1347//29 1346//29 1350//29
f 1346//30 1349//30 1350//30
f 1348//31 1350//31 1351//31
f 1350//32 1353//32 1351//32
f 1350//33 1349//33 1353//33
f 1349//34 1352//34 1353//34
f 1358//35 1359//35 1360//35
f 1359//36 1362//36 1360//36
f 1359//37 1357//37 1362//37
f 1357//38 1361//38 1362//38
f 1336//39 1338//39 1339//39
f 1338//40 1341//40 1339//40
f 1338//41 1337//41 1341//41
f 1337//42 1340//42 1341//42
f 1339//43 1341//43 1343//43
f 1341//44 1344//44 1343//44
f 1341//45 1340//45 1344//45
f 1340//46 1342//46 1344//46
f 1351//47 1353//47 1354//47
f 1353//48 1356//48 1354//48
f 1353//49 1352//49 1356//49
f 1352//50 1355//50 1356//50
f 1354//51 1356//51 1358//51
f 1356//52 1359//52 1358//52
f 1356//53 1355//53 1359//53
f 1355//54 1357//54 1359//54
f 1360//55 1362//55 1363//55
f 1362//56 1365//56 1363//56
f 1362//57 1361//57 1365//57
f 1361//58 1364//58 1365//58
f 1324//59 1326//59 1328//59
f 1326//60 1329//60 1328//60
f 1326//61 1325//61 1329//61
f 1325//62 1327//62 1329//62
f 1363//63 1365//63 1318//63
f 1365//64 1320//64 1318//64
f 1365//65 1364//65 1320//65
f 1364//66 1319//66 1320//66
f 1318//67 1320//67 1322//67
f 1320//68 1323//68 1322//68
f 1320//69 1319//69 1323//69
f 1319//70 1321//70 1323//70
f 1367//2 1370//2 1366//2
f 1370//2 1369//2 1366//2
f 1370//2 1373//2 1369//2
f 1373//2 1372//2 1369//2
f 1368//2 1371//2 1367//2
f 1371//2 1370//2 1367//2
f 1371//2 1374//2 1370//2
f 1374//2 1373//2 1370//2
f 1379//71 1375//71 1380//71
f 1375//72 1377//72 1380//72
f 1380//73 1377//73 1378//73
f 1377//74 1376//74 1378//74
f 1382//75 1379//75 1383//75
f 1379//76 1380//76 1383//76
f 1383//154 1380//154 1381//154
f 1380//155 1378//155 1381//155
f 1385//79 1382//79 1386//79
f 1382//80 1383//80 1386//80
f 1386//81 1383//81 1384//81
f 1383//82 1381//82 1384//82
f 1388//83 1385//83 1389//83
f 1385//84 1386//84 1389//84
f 1389//85 1386//85 1387//85
f 1386//86 1384//86 1387//86
f 1391//87 1388//87 1392//87
f 1388//88 1389//88 1392//88
f 1392//89 1389//89 1390//89
f 1389//90 1387//90 1390//90
f 1394//91 1391//91 1395//91
f 1391//92 1392//92 1395//92
f 1395//93 1392//93 1393//93
f 1392//156 1390//156 1393//156
f 1397//95 1394//95 1398//95
f 1394//96 1395//96 1398//96
f 1398//97 1395//97 1396//97
f 1395//98 1393//98 1396//98
f 1400//99 1397//99 1401//99
f 1397//100 1398//100 1401//100
f 1401//101 1398//101 1399//101
f 1398//102 1396//102 1399//102
f 1403//103 1400//103 1404//103
f 1400//104 1401//104 1404//104
f 1404//105 1401//105 1402//105
f 1401//106 1399//106 1402//106
f 1406//107 1403//107 1407//107
f 1403//108 1404//108 1407//108
f 1407//157 1404//157 1405//157
f 1404//158 1402//158 1405//158
f 1409//111 1406//111 1410//111
f 1406//112 1407//112 1410//112
f 1410//113 1407//113 1408//113
f 1407//114 1405//114 1408//114
f 1412//115 1409//115 1413//115
f 1409//116 1410//116 1413//116
f 1413//117 1410//117 1411//117
f 1410//118 1408//118 1411//118
f 1415//119 1412//119 1416//119
f 1412//120 1413//120 1416//120
f 1416//121 1413//121 1414//121
f 1413//122 1411//122 1414//122
f 1418//123 1415//123 1419//123
f 1415//124 1416//124 1419//124
f 1419//125 1416//125 1417//125
f 1416//159 1414//159 1417//159
f 1421//127 1418//127 1422//127
f 1418//128 1419//128 1422//128
f 1422//129 1419//129 1420//129
f 1419//130 1417//130 1420//130
f 1375//131 1421//131 1377//131
f 1421//132 1422//132 1377//132
f 1377//133 1422//133 1376//133
f 1422//134 1420//134 1376//134
f 1333//135 1336//135 1406//135
f 1336//135 1403//135 1406//135
f 1358//136 1360//136 1382//136
f 1360//136 1379//136 1382//136
f 1336//137 1339//137 1403//137
f 1339//137 1400//137 1403//137
f 1375//138 1363//138 1421//138
f 1363//138 1318//138 1421//138
f 1360//139 1363//139 1379//139
f 1363//139 1375//139 1379//139
f 1339//140 1343//140 1400//140
f 1343//140 1397//140 1400//140
f 1421//141 1318//141 1418//141
f 1318//141 1322//141 1418//141
f 1343//142 1345//142 1397//142
f 1345//142 1394//142 1397//142
f 1322//143 1324//143 1418//143
f 1324//143 1415//143 1418//143
f 1345//144 1348//144 1394//144
f 1348//144 1391//144 1394//144
f 1324//145 1328//145 1415//145
f 1328//145 1412//145 1415//145
f 1348//146 1351//146 1391//146
f 1351//146 1388//146 1391//146
f 1328//147 1330//147 1412//147
f 1330//147 1409//147 1412//147
f 1351//148 1354//148 1388//148
f 1354//148 1385//148 1388//148
f 1330//149 1333//149 1409//149
f 1333//149 1406//149 1409//149
f 1509//135 1506//135 1441//135
f 1506//135 1440//135 1441//135
f 1468//163 1427//163 1465//163
f 1427//163 1426//163 1465//163
f 1480//164 1431//164 1477//164
f 1431//164 1430//164 1477//164
f 1474//165 1429//165 1471//165
f 1429//165 1428//165 1471//165
f 1465//166 1426//166 1462//166
f 1426//166 1425//166 1462//166
f 1492//167 1435//167 1489//167
f 1435//167 1434//167 1489//167
f 1455//168 1423//168 1501//168
f 1423//168 1438//168 1501//168
f 1489//169 1434//169 1486//169
f 1434//169 1433//169 1486//169
f 1471//170 1428//170 1468//170
f 1428//170 1427//170 1468//170
f 1462//171 1425//171 1459//171
f 1425//171 1424//171 1459//171
f 1501//172 1438//172 1498//172
f 1438//172 1437//172 1498//172
f 1495//173 1436//173 1492//173
f 1436//173 1435//173 1492//173
f 1486//174 1433//174 1483//174
f 1433//174 1432//174 1483//174
f 1477//175 1430//175 1474//175
f 1430//175 1429//175 1474//175
f 1483//176 1432//176 1480//176
f 1432//176 1431//176 1480//176
f 1498//177 1437//177 1495//177
f 1437//177 1436//177 1495//177
f 1530//139 1527//139 1448//139
f 1527//139 1447//139 1448//139
f 1459//178 1424//178 1455//178
f 1424//178 1423//178 1455//178
f 1533//136 1530//136 1449//136
f 1530//136 1448//136 1449//136
f 1512//149 1509//149 1442//149
f 1509//149 1441//149 1442//149
f 1536//6 1533//6 1450//6
f 1533//6 1449//6 1450//6
f 1515//147 1512//147 1443//147
f 1512//147 1442//147 1443//147
f 1539//148 1536//148 1451//148
f 1536//148 1450//148 1451//148
f 1518//145 1515//145 1444//145
f 1515//145 1443//145 1444//145
f 1542//146 1539//146 1452//146
f 1539//146 1451//146 1452//146
f 1521//143 1518//143 1445//143
f 1518//143 1444//143 1445//143
f 1545//144 1542//144 1453//144
f 1542//144 1452//144 1453//144
f 1524//141 1521//141 1446//141
f 1521//141 1445//141 1446//141
f 1548//142 1545//142 1454//142
f 1545//142 1453//142 1454//142
f 1527//138 1524//138 1447//138
f 1524//138 1446//138 1447//138
f 1485//179 1482//179 1534//179
f 1482//179 1531//179 1534//179
f 1464//179 1461//179 1513//179
f 1461//179 1510//179 1513//179
f 1488//179 1485//179 1537//179
f 1485//179 1534//179 1537//179
f 1513//179 1516//179 1464//179
f 1516//179 1467//179 1464//179
f 1488//179 1537//179 1491//179
f 1537//179 1540//179 1491//179
f 1470//179 1467//179 1519//179
f 1467//179 1516//179 1519//179
f 1540//179 1543//179 1491//179
f 1543//179 1494//179 1491//179
f 1473//179 1470//179 1522//179
f 1470//179 1519//179 1522//179
f 1546//179 1497//179 1543//179
f 1497//179 1494//179 1543//179
f 1476//179 1473//179 1525//179
f 1473//179 1522//179 1525//179
f 1500//179 1497//179 1549//179
f 1497//179 1546//179 1549//179
f 1476//179 1525//179 1479//179
f 1525//179 1528//179 1479//179
f 1500//179 1549//179 1456//179
f 1549//179 1503//179 1456//179
f 1506//137 1504//137 1440//137
f 1504//137 1439//137 1440//137
f 1528//179 1531//179 1479//179
f 1531//179 1482//179 1479//179
f 1507//179 1510//179 1458//179
f 1510//179 1461//179 1458//179
f 1459//180 1455//180 1460//180
f 1455//181 1457//181 1460//181
f 1460//182 1457//182 1458//182
f 1457//183 1456//183 1458//183
f 1462//184 1459//184 1463//184
f 1459//185 1460//185 1463//185
f 1463//186 1460//186 1461//186
f 1460//187 1458//187 1461//187
f 1465//188 1462//188 1466//188
f 1462//189 1463//189 1466//189
f 1466//190 1463//190 1464//190
f 1463//191 1461//191 1464//191
f 1468//192 1465//192 1469//192
f 1465//193 1466//193 1469//193
f 1469//194 1466//194 1467//194
f 1466//195 1464//195 1467//195
f 1471//196 1468//196 1472//196
f 1468//197 1469//197 1472//197
f 1472//198 1469//198 1470//198
f 1469//199 1467//199 1470//199
f 1474//200 1471//200 1475//200
f 1471//201 1472//201 1475//201
f 1475//202 1472//202 1473//202
f 1472//203 1470//203 1473//203
f 1477//204 1474//204 1478//204
f 1474//205 1475//205 1478//205
f 1478//206 1475//206 1476//206
f 1475//207 1473//207 1476//207
f 1480//208 1477//208 1481//208
f 1477//209 1478//209 1481//209
f 1481//210 1478//210 1479//210
f 1478//211 1476//211 1479//211
f 1483//212 1480//212 1484//212
f 1480//213 1481//213 1484//213
f 1484//214 1481//214 1482//214
f 1481//215 1479//215 1482//215
f 1486//216 1483//216 1487//216
f 1483//217 1484//217 1487//217
f 1487//218 1484//218 1485//218
f 1484//219 1482//219 1485//219
f 1489//220 1486//220 1490//220
f 1486//221 1487//221 1490//221
f 1490//222 1487//222 1488//222
f 1487//223 1485//223 1488//223
f 1492//224 1489//224 1493//224
f 1489//225 1490//225 1493//225
f 1493//226 1490//226 1491//226
f 1490//227 1488//227 1491//227
f 1495//228 1492//228 1496//228
f 1492//229 1493//229 1496//229
f 1496//230 1493//230 1494//230
f 1493//231 1491//231 1494//231
f 1498//232 1495//232 1499//232
f 1495//233 1496//233 1499//233
f 1499//234 1496//234 1497//234
f 1496//235 1494//235 1497//235
f 1501//236 1498//236 1502//236
f 1498//237 1499//237 1502//237
f 1502//238 1499//238 1500//238
f 1499//239 1497//239 1500//239
f 1455//240 1501//240 1457//240
f 1501//241 1502//241 1457//241
f 1457//242 1502//242 1456//242
f 1502//243 1500//243 1456//243
f 1504//140 1548//140 1439//140
f 1548//140 1454//140 1439//140
f 1504//244 1506//244 1505//244
f 1506//245 1508//245 1505//245
f 1505//246 1508//246 1503//246
f 1508//247 1507//247 1503//247
f 1506//248 1509//248 1508//248
f 1509//249 1511//249 1508//249
f 1508//250 1511//250 1507//250
f 1511//251 1510//251 1507//251
f 1509//252 1512//252 1511//252
f 1512//253 1514//253 1511//253
f 1511//254 1514//254 1510//254
f 1514//255 1513//255 1510//255
f 1512//256 1515//256 1514//256
f 1515//257 1517//257 1514//257
f 1514//258 1517//258 1513//258
f 1517//259 1516//259 1513//259
f 1515//260 1518//260 1517//260
f 1518//261 1520//261 1517//261
f 1517//262 1520//262 1516//262
f 1520//263 1519//263 1516//263
f 1518//264 1521//264 1520//264
f 1521//265 1523//265 1520//265
f 1520//266 1523//266 1519//266
f 1523//267 1522//267 1519//267
f 1521//268 1524//268 1523//268
f 1524//269 1526//269 1523//269
f 1523//270 1526//270 1522//270
f 1526//271 1525//271 1522//271
f 1524//272 1527//272 1526//272
f 1527//273 1529//273 1526//273
f 1526//274 1529//274 1525//274
f 1529//275 1528//275 1525//275
f 1527//276 1530//276 1529//276
f 1530//277 1532//277 1529//277
f 1529//278 1532//278 1528//278
f 1532//279 1531//279 1528//279
f 1530//280 1533//280 1532//280
f 1533//281 1535//281 1532//281
f 1532//282 1535//282 1531//282
f 1535//283 1534//283 1531//283
f 1533//284 1536//284 1535//284
f 1536//285 1538//285 1535//285
f 1535//286 1538//286 1534//286
f 1538//287 1537//287 1534//287
f 1536//288 1539//288 1538//288
f 1539//289 1541//289 1538//289
f 1538//290 1541//290 1537//290
f 1541//291 1540//291 1537//291
f 1539//292 1542//292 1541//292
f 1542//293 1544//293 1541//293
f 1541//294 1544//294 1540//294
f 1544//295 1543//295 1540//295
f 1542//296 1545//296 1544//296
f 1545//297 1547//297 1544//297
f 1544//298 1547//298 1543//298
f 1547//299 1546//299 1543//299
f 1545//300 1548//300 1547//300
f 1548//301 1550//301 1547//301
f 1547//302 1550//302 1546//302
f 1550//303 1549//303 1546//303
f 1548//304 1504//304 1550//304
f 1504//305 1505//305 1550//305
f 1550//306 1505//306 1549//306
f 1505//307 1503//307 1549//307
f 1503//179 1507//179 1456//179
f 1507//179 1458//179 1456//179
f 1637//135 1634//135 1569//135
f 1634//135 1568//135 1569//135
f 1596//163 1555//163 1593//163
f 1555//163 1554//163 1593//163
f 1608//164 1559//164 1605//164
f 1559//164 1558//164 1605//164
f 1602//165 1557//165 1599//165
f 1557//165 1556//165 1599//165
f 1593//166 1554//166 1590//166
f 1554//166 1553//166 1590//166
f 1620//167 1563//167 1617//167
f 1563//167 1562//167 1617//167
f 1583//168 1551//168 1629//168
f 1551//168 1566//168 1629//168
f 1617//169 1562//169 1614//169
f 1562//169 1561//169 1614//169
f 1599//170 1556//170 1596//170
f 1556//170 1555//170 1596//170
f 1590//171 1553//171 1587//171
f 1553//171 1552//171 1587//171
f 1629//172 1566//172 1626//172
f 1566//172 1565//172 1626//172
f 1623//173 1564//173 1620//173
f 1564//173 1563//173 1620//173
f 1614//174 1561//174 1611//174
f 1561//174 1560//174 1611//174
f 1605//175 1558//175 1602//175
f 1558//175 1557//175 1602//175
f 1611//176 1560//176 1608//176
f 1560//176 1559//176 1608//176
f 1626//177 1565//177 1623//177
f 1565//177 1564//177 1623//177
f 1658//139 1655//139 1576//139
f 1655//139 1575//139 1576//139
f 1587//178 1552//178 1583//178
f 1552//178 1551//178 1583//178
f 1661//136 1658//136 1577//136
f 1658//136 1576//136 1577//136
f 1640//149 1637//149 1570//149
f 1637//149 1569//149 1570//149
f 1664//6 1661//6 1578//6
f 1661//6 1577//6 1578//6
f 1643//147 1640//147 1571//147
f 1640//147 1570//147 1571//147
f 1667//148 1664//148 1579//148
f 1664//148 1578//148 1579//148
f 1646//145 1643//145 1572//145
f 1643//145 1571//145 1572//145
f 1670//146 1667//146 1580//146
f 1667//146 1579//146 1580//146
f 1649//143 1646//143 1573//143
f 1646//143 1572//143 1573//143
f 1673//144 1670//144 1581//144
f 1670//144 1580//144 1581//144
f 1652//141 1649//141 1574//141
f 1649//141 1573//141 1574//141
f 1676//142 1673//142 1582//142
f 1673//142 1581//142 1582//142
f 1655//138 1652//138 1575//138
f 1652//138 1574//138 1575//138
f 1613//179 1610//179 1662//179
f 1610//179 1659//179 1662//179
f 1592//179 1589//179 1641//179
f 1589//179 1638//179 1641//179
f 1616//179 1613//179 1665//179
f 1613//179 1662//179 1665//179
f 1641//179 1644//179 1592//179
f 1644//179 1595//179 1592//179
f 1616//179 1665//179 1619//179
f 1665//179 1668//179 1619//179
f 1598//179 1595//179 1647//179
f 1595//179 1644//179 1647//179
f 1668//179 1671//179 1619//179
f 1671//179 1622//179 1619//179
f 1601//179 1598//179 1650//179
f 1598//179 1647//179 1650//179
f 1674//179 1625//179 1671//179
f 1625//179 1622//179 1671//179
f 1604//179 1601//179 1653//179
f 1601//179 1650//179 1653//179
f 1628//179 1625//179 1677//179
f 1625//179 1674//179 1677//179
f 1604//179 1653//179 1607//179
f 1653//179 1656//179 1607//179
f 1628//179 1677//179 1584//179
f 1677//179 1631//179 1584//179
f 1634//137 1632//137 1568//137
f 1632//137 1567//137 1568//137
f 1656//179 1659//179 1607//179
f 1659//179 1610//179 1607//179
f 1635//179 1638//179 1586//179
f 1638//179 1589//179 1586//179
f 1587//180 1583//180 1588//180
f 1583//181 1585//181 1588//181
f 1588//182 1585//182 1586//182
f 1585//183 1584//183 1586//183
f 1590//184 1587//184 1591//184
f 1587//185 1588//185 1591//185
f 1591//186 1588//186 1589//186
f 1588//187 1586//187 1589//187
f 1593//188 1590//188 1594//188
f 1590//189 1591//189 1594//189
f 1594//190 1591//190 1592//190
f 1591//191 1589//191 1592//191
f 1596//192 1593//192 1597//192
f 1593//193 1594//193 1597//193
f 1597//194 1594//194 1595//194
f 1594//195 1592//195 1595//195
f 1599//196 1596//196 1600//196
f 1596//197 1597//197 1600//197
f 1600//198 1597//198 1598//198
f 1597//199 1595//199 1598//199
f 1602//200 1599//200 1603//200
f 1599//201 1600//201 1603//201
f 1603//202 1600//202 1601//202
f 1600//203 1598//203 1601//203
f 1605//204 1602//204 1606//204
f 1602//205 1603//205 1606//205
f 1606//206 1603//206 1604//206
f 1603//207 1601//207 1604//207
f 1608//208 1605//208 1609//208
f 1605//209 1606//209 1609//209
f 1609//210 1606//210 1607//210
f 1606//211 1604//211 1607//211
f 1611//212 1608//212 1612//212
f 1608//213 1609//213 1612//213
f 1612//214 1609//214 1610//214
f 1609//215 1607//215 1610//215
f 1614//216 1611//216 1615//216
f 1611//217 1612//217 1615//217
f 1615//218 1612//218 1613//218
f 1612//219 1610//219 1613//219
f 1617//220 1614//220 1618//220
f 1614//221 1615//221 1618//221
f 1618//308 1615//308 1616//308
f 1615//223 1613//223 1616//223
f 1620//224 1617//224 1621//224
f 1617//225 1618//225 1621//225
f 1621//226 1618//226 1619//226
f 1618//227 1616//227 1619//227
f 1623//228 1620//228 1624//228
f 1620//229 1621//229 1624//229
f 1624//230 1621//230 1622//230
f 1621//231 1619//231 1622//231
f 1626//232 1623//232 1627//232
f 1623//233 1624//233 1627//233
f 1627//234 1624//234 1625//234
f 1624//235 1622//235 1625//235
f 1629//236 1626//236 1630//236
f 1626//237 1627//237 1630//237
f 1630//238 1627//238 1628//238
f 1627//239 1625//239 1628//239
f 1583//240 1629//240 1585//240
f 1629//241 1630//241 1585//241
f 1585//242 1630//242 1584//242
f 1630//243 1628//243 1584//243
f 1632//140 1676//140 1567//140
f 1676//140 1582//140 1567//140
f 1632//309 1634//309 1633//309
f 1634//245 1636//245 1633//245
f 1633//246 1636//246 1631//246
f 1636//247 1635//247 1631//247
f 1634//248 1637//248 1636//248
f 1637//249 1639//249 1636//249
f 1636//250 1639//250 1635//250
f 1639//251 1638//251 1635//251
f 1637//252 1640//252 1639//252
f 1640//253 1642//253 1639//253
f 1639//254 1642//254 1638//254
f 1642//255 1641//255 1638//255
f 1640//256 1643//256 1642//256
f 1643//257 1645//257 1642//257
f 1642//258 1645//258 1641//258
f 1645//259 1644//259 1641//259
f 1643//260 1646//260 1645//260
f 1646//261 1648//261 1645//261
f 1645//262 1648//262 1644//262
f 1648//263 1647//263 1644//263
f 1646//264 1649//264 1648//264
f 1649//265 1651//265 1648//265
f 1648//266 1651//266 1647//266
f 1651//267 1650//267 1647//267
f 1649//268 1652//268 1651//268
f 1652//269 1654//269 1651//269
f 1651//270 1654//270 1650//270
f 1654//271 1653//271 1650//271
f 1652//272 1655//272 1654//272
f 1655//273 1657//273 1654//273
f 1654//274 1657//274 1653//274
f 1657//275 1656//275 1653//275
f 1655//276 1658//276 1657//276
f 1658//277 1660//277 1657//277
f 1657//278 1660//278 1656//278
f 1660//279 1659//279 1656//279
f 1658//280 1661//280 1660//280
f 1661//281 1663//281 1660//281
f 1660//282 1663//282 1659//282
f 1663//283 1662//283 1659//283
f 1661//284 1664//284 1663//284
f 1664//285 1666//285 1663//285
f 1663//286 1666//286 1662//286
f 1666//287 1665//287 1662//287
f 1664//288 1667//288 1666//288
f 1667//289 1669//289 1666//289
f 1666//290 1669//290 1665//290
f 1669//291 1668//291 1665//291
f 1667//292 1670//292 1669//292
f 1670//293 1672//293 1669//293
f 1669//294 1672//294 1668//294
f 1672//295 1671//295 1668//295
f 1670//296 1673//296 1672//296
f 1673//297 1675//297 1672//297
f 1672//298 1675//298 1671//298
f 1675//299 1674//299 1671//299
f 1673//300 1676//300 1675//300
f 1676//301 1678//301 1675//301
f 1675//302 1678//302 1674//302
f 1678//303 1677//303 1674//303
f 1676//304 1632//304 1678//304
f 1632//305 1633//305 1678//305
f 1678//306 1633//306 1677//306
f 1633//307 1631//307 1677//307
f 1631//179 1635//179 1584//179
f 1635//179 1586//179 1584//179
f 1765//135 1762//135 1697//135
f 1762//135 1696//135 1697//135
f 1724//163 1683//163 1721//163
f 1683//163 1682//163 1721//163
f 1736//164 1687//164 1733//164
f 1687//164 1686//164 1733//164
f 1730//165 1685//165 1727//165
f 1685//165 1684//165 1727//165
f 1721//166 1682//166 1718//166
f 1682//166 1681//166 1718//166
f 1748//167 1691//167 1745//167
f 1691//167 1690//167 1745//167
f 1711//168 1679//168 1757//168
f 1679//168 1694//168 1757//168
f 1745//169 1690//169 1742//169
f 1690//169 1689//169 1742//169
f 1727//170 1684//170 1724//170
f 1684//170 1683//170 1724//170
f 1718//171 1681//171 1715//171
f 1681//171 1680//171 1715//171
f 1757//172 1694//172 1754//172
f 1694//172 1693//172 1754//172
f 1751//173 1692//173 1748//173
f 1692//173 1691//173 1748//173
f 1742//174 1689//174 1739//174
f 1689//174 1688//174 1739//174
f 1733//175 1686//175 1730//175
f 1686//175 1685//175 1730//175
f 1739//176 1688//176 1736//176
f 1688//176 1687//176 1736//176
f 1754//177 1693//177 1751//177
f 1693//177 1692//177 1751//177
f 1786//139 1783//139 1704//139
f 1783//139 1703//139 1704//139
f 1715//178 1680//178 1711//178
f 1680//178 1679//178 1711//178
f 1789//136 1786//136 1705//136
f 1786//136 1704//136 1705//136
f 1768//149 1765//149 1698//149
f 1765//149 1697//149 1698//149
f 1792//6 1789//6 1706//6
f 1789//6 1705//6 1706//6
f 1771//147 1768//147 1699//147
f 1768//147 1698//147 1699//147
f 1795//148 1792//148 1707//148
f 1792//148 1706//148 1707//148
f 1774//145 1771//145 1700//145
f 1771//145 1699//145 1700//145
f 1798//146 1795//146 1708//146
f 1795//146 1707//146 1708//146
f 1777//143 1774//143 1701//143
f 1774//143 1700//143 1701//143
f 1801//144 1798//144 1709//144
f 1798//144 1708//144 1709//144
f 1780//141 1777//141 1702//141
f 1777//141 1701//141 1702//141
f 1804//142 1801//142 1710//142
f 1801//142 1709//142 1710//142
f 1783//138 1780//138 1703//138
f 1780//138 1702//138 1703//138
f 1741//179 1738//179 1790//179
f 1738//179 1787//179 1790//179
f 1720//179 1717//179 1769//179
f 1717//179 1766//179 1769//179
f 1744//179 1741//179 1793//179
f 1741//179 1790//179 1793//179
f 1769//179 1772//179 1720//179
f 1772//179 1723//179 1720//179
f 1744//179 1793//179 1747//179
f 1793//179 1796//179 1747//179
f 1726//179 1723//179 1775//179
f 1723//179 1772//179 1775//179
f 1796//179 1799//179 1747//179
f 1799//179 1750//179 1747//179
f 1729//179 1726//179 1778//179
f 1726//179 1775//179 1778//179
f 1802//179 1753//179 1799//179
f 1753//179 1750//179 1799//179
f 1732//179 1729//179 1781//179
f 1729//179 1778//179 1781//179
f 1756//179 1753//179 1805//179
f 1753//179 1802//179 1805//179
f 1732//179 1781//179 1735//179
f 1781//179 1784//179 1735//179
f 1756//179 1805//179 1712//179
f 1805//179 1759//179 1712//179
f 1762//137 1760//137 1696//137
f 1760//137 1695//137 1696//137
f 1784//179 1787//179 1735//179
f 1787//179 1738//179 1735//179
f 1763//179 1766//179 1714//179
f 1766//179 1717//179 1714//179
f 1715//180 1711//180 1716//180
f 1711//181 1713//181 1716//181
f 1716//182 1713//182 1714//182
f 1713//183 1712//183 1714//183
f 1718//184 1715//184 1719//184
f 1715//185 1716//185 1719//185
f 1719//186 1716//186 1717//186
f 1716//187 1714//187 1717//187
f 1721//188 1718//188 1722//188
f 1718//189 1719//189 1722//189
f 1722//310 1719//310 1720//310
f 1719//191 1717//191 1720//191
f 1724//192 1721//192 1725//192
f 1721//193 1722//193 1725//193
f 1725//194 1722//194 1723//194
f 1722//195 1720//195 1723//195
f 1727//196 1724//196 1728//196
f 1724//197 1725//197 1728//197
f 1728//198 1725//198 1726//198
f 1725//199 1723//199 1726//199
f 1730//200 1727//200 1731//200
f 1727//201 1728//201 1731//201
f 1731//202 1728//202 1729//202
f 1728//203 1726//203 1729//203
f 1733//204 1730//204 1734//204
f 1730//205 1731//205 1734//205
f 1734//206 1731//206 1732//206
f 1731//207 1729//207 1732//207
f 1736//208 1733//208 1737//208
f 1733//311 1734//311 1737//311
f 1737//210 1734//210 1735//210
f 1734//211 1732//211 1735//211
f 1739//212 1736//212 1740//212
f 1736//213 1737//213 1740//213
f 1740//214 1737//214 1738//214
f 1737//215 1735//215 1738//215
f 1742//216 1739//216 1743//216
f 1739//217 1740//217 1743//217
f 1743//218 1740//218 1741//218
f 1740//219 1738//219 1741//219
f 1745//220 1742//220 1746//220
f 1742//221 1743//221 1746//221
f 1746//308 1743//308 1744//308
f 1743//223 1741//223 1744//223
f 1748//224 1745//224 1749//224
f 1745//225 1746//225 1749//225
f 1749//226 1746//226 1747//226
f 1746//227 1744//227 1747//227
f 1751//228 1748//228 1752//228
f 1748//229 1749//229 1752//229
f 1752//230 1749//230 1750//230
f 1749//231 1747//231 1750//231
f 1754//232 1751//232 1755//232
f 1751//233 1752//233 1755//233
f 1755//234 1752//234 1753//234
f 1752//235 1750//235 1753//235
f 1757//236 1754//236 1758//236
f 1754//237 1755//237 1758//237
f 1758//238 1755//238 1756//238
f 1755//239 1753//239 1756//239
f 1711//240 1757//240 1713//240
f 1757//312 1758//312 1713//312
f 1713//242 1758//242 1712//242
f 1758//243 1756//243 1712//243
f 1760//140 1804//140 1695//140
f 1804//140 1710//140 1695//140
f 1760//244 1762//244 1761//244
f 1762//245 1764//245 1761//245
f 1761//246 1764//246 1759//246
f 1764//247 1763//247 1759//247
f 1762//248 1765//248 1764//248
f 1765//249 1767//249 1764//249
f 1764//250 1767//250 1763//250
f 1767//251 1766//251 1763//251
f 1765//252 1768//252 1767//252
f 1768//253 1770//253 1767//253
f 1767//254 1770//254 1766//254
f 1770//255 1769//255 1766//255
f 1768//256 1771//256 1770//256
f 1771//257 1773//257 1770//257
f 1770//258 1773//258 1769//258
f 1773//259 1772//259 1769//259
f 1771//260 1774//260 1773//260
f 1774//261 1776//261 1773//261
f 1773//262 1776//262 1772//262
f 1776//263 1775//263 1772//263
f 1774//264 1777//264 1776//264
f 1777//265 1779//265 1776//265
f 1776//266 1779//266 1775//266
f 1779//267 1778//267 1775//267
f 1777//268 1780//268 1779//268
f 1780//269 1782//269 1779//269
f 1779//270 1782//270 1778//270
f 1782//271 1781//271 1778//271
f 1780//272 1783//272 1782//272
f 1783//273 1785//273 1782//273
f 1782//274 1785//274 1781//274
f 1785//275 1784//275 1781//275
f 1783//313 1786//313 1785//313
f 1786//277 1788//277 1785//277
f 1785//278 1788//278 1784//278
f 1788//279 1787//279 1784//279
f 1786//280 1789//280 1788//280
f 1789//281 1791//281 1788//281
f 1788//282 1791//282 1787//282
f 1791//283 1790//283 1787//283
f 1789//284 1792//284 1791//284
f 1792//285 1794//285 1791//285
f 1791//286 1794//286 1790//286
f 1794//287 1793//287 1790//287
f 1792//288 1795//288 1794//288
f 1795//289 1797//289 1794//289
f 1794//290 1797//290 1793//290
f 1797//291 1796//291 1793//291
f 1795//292 1798//292 1797//292
f 1798//293 1800//293 1797//293
f 1797//294 1800//294 1796//294
f 1800//295 1799//295 1796//295
f 1798//296 1801//296 1800//296
f 1801//297 1803//297 1800//297
f 1800//298 1803//298 1799//298
f 1803//299 1802//299 1799//299
f 1801//300 1804//300 1803//300
f 1804//301 1806//301 1803//301
f 1803//302 1806//302 1802//302
f 1806//303 1805//303 1802//303
f 1804//304 1760//304 1806//304
f 1760//305 1761//305 1806//305
f 1806//306 1761//306 1805//306
f 1761//307 1759//307 1805//307
f 1759//179 1763//179 1712//179
f 1763//179 1714//179 1712//179
f 1893//135 1890//135 1825//135
f 1890//135 1824//135 1825//135
f 1852//163 1811//163 1849//163
f 1811//163 1810//163 1849//163
f 1864//164 1815//164 1861//164
f 1815//164 1814//164 1861//164
f 1858//165 1813//165 1855//165
f 1813//165 1812//165 1855//165
f 1849//166 1810//166 1846//166
f 1810//166 1809//166 1846//166
f 1876//167 1819//167 1873//167
f 1819//167 1818//167 1873//167
f 1839//168 1807//168 1885//168
f 1807//168 1822//168 1885//168
f 1873//169 1818//169 1870//169
f 1818//169 1817//169 1870//169
f 1855//170 1812//170 1852//170
f 1812//170 1811//170 1852//170
f 1846//171 1809//171 1843//171
f 1809//171 1808//171 1843//171
f 1885//172 1822//172 1882//172
f 1822//172 1821//172 1882//172
f 1879//173 1820//173 1876//173
f 1820//173 1819//173 1876//173
f 1870//174 1817//174 1867//174
f 1817//174 1816//174 1867//174
f 1861//175 1814//175 1858//175
f 1814//175 1813//175 1858//175
f 1867//176 1816//176 1864//176
f 1816//176 1815//176 1864//176
f 1882//177 1821//177 1879//177
f 1821//177 1820//177 1879//177
f 1914//139 1911//139 1832//139
f 1911//139 1831//139 1832//139
f 1843//178 1808//178 1839//178
f 1808//178 1807//178 1839//178
f 1917//136 1914//136 1833//136
f 1914//136 1832//136 1833//136
f 1896//149 1893//149 1826//149
f 1893//149 1825//149 1826//149
f 1920//6 1917//6 1834//6
f 1917//6 1833//6 1834//6
f 1899//147 1896//147 1827//147
f 1896//147 1826//147 1827//147
f 1923//148 1920//148 1835//148
f 1920//148 1834//148 1835//148
f 1902//145 1899//145 1828//145
f 1899//145 1827//145 1828//145
f 1926//146 1923//146 1836//146
f 1923//146 1835//146 1836//146
f 1905//143 1902//143 1829//143
f 1902//143 1828//143 1829//143
f 1929//144 1926//144 1837//144
f 1926//144 1836//144 1837//144
f 1908//141 1905//141 1830//141
f 1905//141 1829//141 1830//141
f 1932//142 1929//142 1838//142
f 1929//142 1837//142 1838//142
f 1911//138 1908//138 1831//138
f 1908//138 1830//138 1831//138
f 1869//179 1866//179 1918//179
f 1866//179 1915//179 1918//179
f 1848//179 1845//179 1897//179
f 1845//179 1894//179 1897//179
f 1872//179 1869//179 1921//179
f 1869//179 1918//179 1921//179
f 1897//179 1900//179 1848//179
f 1900//179 1851//179 1848//179
f 1872//179 1921//179 1875//179
f 1921//179 1924//179 1875//179
f 1854//179 1851//179 1903//179
f 1851//179 1900//179 1903//179
f 1924//179 1927//179 1875//179
f 1927//179 1878//179 1875//179
f 1857//179 1854//179 1906//179
f 1854//179 1903//179 1906//179
f 1930//179 1881//179 1927//179
f 1881//179 1878//179 1927//179
f 1860//179 1857//179 1909//179
f 1857//179 1906//179 1909//179
f 1884//179 1881//179 1933//179
f 1881//179 1930//179 1933//179
f 1860//179 1909//179 1863//179
f 1909//179 1912//179 1863//179
f 1884//179 1933//179 1840//179
f 1933//179 1887//179 1840//179
f 1890//137 1888//137 1824//137
f 1888//137 1823//137 1824//137
f 1912//179 1915//179 1863//179
f 1915//179 1866//179 1863//179
f 1891//179 1894//179 1842//179
f 1894//179 1845//179 1842//179
f 1843//180 1839//180 1844//180
f 1839//181 1841//181 1844//181
f 1844//182 1841//182 1842//182
f 1841//183 1840//183 1842//183
f 1846//184 1843//184 1847//184
f 1843//185 1844//185 1847//185
f 1847//186 1844//186 1845//186
f 1844//187 1842//187 1845//187
f 1849//188 1846//188 1850//188
f 1846//189 1847//189 1850//189
f 1850//310 1847//310 1848//310
f 1847//191 1845//191 1848//191
f 1852//192 1849//192 1853//192
f 1849//193 1850//193 1853//193
f 1853//194 1850//194 1851//194
f 1850//195 1848//195 1851//195
f 1855//196 1852//196 1856//196
f 1852//197 1853//197 1856//197
f 1856//198 1853//198 1854//198
f 1853//199 1851//199 1854//199
f 1858//200 1855//200 1859//200
f 1855//201 1856//201 1859//201
f 1859//202 1856//202 1857//202
f 1856//203 1854//203 1857//203
f 1861//204 1858//204 1862//204
f 1858//205 1859//205 1862//205
f 1862//206 1859//206 1860//206
f 1859//207 1857//207 1860//207
f 1864//208 1861//208 1865//208
f 1861//209 1862//209 1865//209
f 1865//210 1862//210 1863//210
f 1862//211 1860//211 1863//211
f 1867//212 1864//212 1868//212
f 1864//213 1865//213 1868//213
f 1868//214 1865//214 1866//214
f 1865//215 1863//215 1866//215
f 1870//216 1867//216 1871//216
f 1867//217 1868//217 1871//217
f 1871//218 1868//218 1869//218
f 1868//219 1866//219 1869//219
f 1873//220 1870//220 1874//220
f 1870//221 1871//221 1874//221
f 1874//222 1871//222 1872//222
f 1871//223 1869//223 1872//223
f 1876//224 1873//224 1877//224
f 1873//225 1874//225 1877//225
f 1877//226 1874//226 1875//226
f 1874//227 1872//227 1875//227
f 1879//228 1876//228 1880//228
f 1876//229 1877//229 1880//229
f 1880//230 1877//230 1878//230
f 1877//231 1875//231 1878//231
f 1882//232 1879//232 1883//232
f 1879//233 1880//233 1883//233
f 1883//234 1880//234 1881//234
f 1880//235 1878//235 1881//235
f 1885//236 1882//236 1886//236
f 1882//237 1883//237 1886//237
f 1886//238 1883//238 1884//238
f 1883//239 1881//239 1884//239
f 1839//240 1885//240 1841//240
f 1885//241 1886//241 1841//241
f 1841//242 1886//242 1840//242
f 1886//243 1884//243 1840//243
f 1888//140 1932//140 1823//140
f 1932//140 1838//140 1823//140
f 1888//309 1890//309 1889//309
f 1890//245 1892//245 1889//245
f 1889//246 1892//246 1887//246
f 1892//247 1891//247 1887//247
f 1890//248 1893//248 1892//248
f 1893//249 1895//249 1892//249
f 1892//250 1895//250 1891//250
f 1895//251 1894//251 1891//251
f 1893//252 1896//252 1895//252
f 1896//253 1898//253 1895//253
f 1895//254 1898//254 1894//254
f 1898//255 1897//255 1894//255
f 1896//256 1899//256 1898//256
f 1899//257 1901//257 1898//257
f 1898//258 1901//258 1897//258
f 1901//259 1900//259 1897//259
f 1899//260 1902//260 1901//260
f 1902//261 1904//261 1901//261
f 1901//262 1904//262 1900//262
f 1904//263 1903//263 1900//263
f 1902//264 1905//264 1904//264
f 1905//265 1907//265 1904//265
f 1904//266 1907//266 1903//266
f 1907//267 1906//267 1903//267
f 1905//268 1908//268 1907//268
f 1908//269 1910//269 1907//269
f 1907//270 1910//270 1906//270
f 1910//271 1909//271 1906//271
f 1908//272 1911//272 1910//272
f 1911//273 1913//273 1910//273
f 1910//274 1913//274 1909//274
f 1913//275 1912//275 1909//275
f 1911//276 1914//276 1913//276
f 1914//277 1916//277 1913//277
f 1913//278 1916//278 1912//278
f 1916//279 1915//279 1912//279
f 1914//280 1917//280 1916//280
f 1917//281 1919//281 1916//281
f 1916//282 1919//282 1915//282
f 1919//283 1918//283 1915//283
f 1917//284 1920//284 1919//284
f 1920//285 1922//285 1919//285
f 1919//286 1922//286 1918//286
f 1922//287 1921//287 1918//287
f 1920//288 1923//288 1922//288
f 1923//289 1925//289 1922//289
f 1922//290 1925//290 1921//290
f 1925//291 1924//291 1921//291
f 1923//292 1926//292 1925//292
f 1926//293 1928//293 1925//293
f 1925//294 1928//294 1924//294
f 1928//295 1927//295 1924//295
f 1926//296 1929//296 1928//296
f 1929//297 1931//297 1928//297
f 1928//298 1931//298 1927//298
f 1931//299 1930//299 1927//299
f 1929//300 1932//300 1931//300
f 1932//301 1934//301 1931//301
f 1931//302 1934//302 1930//302
f 1934//303 1933//303 1930//303
f 1932//304 1888//304 1934//304
f 1888//305 1889//305 1934//305
f 1934//306 1889//306 1933//306
f 1889//307 1887//307 1933//307
f 1887//179 1891//179 1840//179
f 1891//179 1842//179 1840//179
f 2021//135 2018//135 1953//135
f 2018//135 1952//135 1953//135
f 1980//163 1939//163 1977//163
f 1939//163 1938//163 1977//163
f 1992//164 1943//164 1989//164
f 1943//164 1942//164 1989//164
f 1986//165 1941//165 1983//165
f 1941//165 1940//165 1983//165
f 1977//166 1938//166 1974//166
f 1938//166 1937//166 1974//166
f 2004//167 1947//167 2001//167
f 1947//167 1946//167 2001//167
f 1967//168 1935//168 2013//168
f 1935//168 1950//168 2013//168
f 2001//169 1946//169 1998//169
f 1946//169 1945//169 1998//169
f 1983//170 1940//170 1980//170
f 1940//170 1939//170 1980//170
f 1974//171 1937//171 1971//171
f 1937//171 1936//171 1971//171
f 2013//172 1950//172 2010//172
f 1950//172 1949//172 2010//172
f 2007//173 1948//173 2004//173
f 1948//173 1947//173 2004//173
f 1998//174 1945//174 1995//174
f 1945//174 1944//174 1995//174
f 1989//175 1942//175 1986//175
f 1942//175 1941//175 1986//175
f 1995//176 1944//176 1992//176
f 1944//176 1943//176 1992//176
f 2010//177 1949//177 2007//177
f 1949//177 1948//177 2007//177
f 2042//139 2039//139 1960//139
f 2039//139 1959//139 1960//139
f 1971//178 1936//178 1967//178
f 1936//178 1935//178 1967//178
f 2045//136 2042//136 1961//136
f 2042//136 1960//136 1961//136
f 2024//149 2021//149 1954//149
f 2021//149 1953//149 1954//149
f 2048//6 2045//6 1962//6
f 2045//6 1961//6 1962//6
f 2027//147 2024//147 1955//147
f 2024//147 1954//147 1955//147
f 2051//148 2048//148 1963//148
f 2048//148 1962//148 1963//148
f 2030//145 2027//145 1956//145
f 2027//145 1955//145 1956//145
f 2054//146 2051//146 1964//146
f 2051//146 1963//146 1964//146
f 2033//143 2030//143 1957//143
f 2030//143 1956//143 1957//143
f 2057//144 2054//144 1965//144
f 2054//144 1964//144 1965//144
f 2036//141 2033//141 1958//141
f 2033//141 1957//141 1958//141
f 2060//142 2057//142 1966//142
f 2057//142 1965//142 1966//142
f 2039//138 2036//138 1959//138
f 2036//138 1958//138 1959//138
f 1997//179 1994//179 2046//179
f 1994//179 2043//179 2046//179
f 1976//179 1973//179 2025//179
f 1973//179 2022//179 2025//179
f 2000//179 1997//179 2049//179
f 1997//179 2046//179 2049//179
f 2025//179 2028//179 1976//179
f 2028//179 1979//179 1976//179
f 2000//179 2049//179 2003//179
f 2049//179 2052//179 2003//179
f 1982//179 1979//179 2031//179
f 1979//179 2028//179 2031//179
f 2052//179 2055//179 2003//179
f 2055//179 2006//179 2003//179
f 1985//179 1982//179 2034//179
f 1982//179 2031//179 2034//179
f 2058//179 2009//179 2055//179
f 2009//179 2006//179 2055//179
f 1988//179 1985//179 2037//179
f 1985//179 2034//179 2037//179
f 2012//179 2009//179 2061//179
f 2009//179 2058//179 2061//179
f 1988//179 2037//179 1991//179
f 2037//179 2040//179 1991//179
f 2012//179 2061//179 1968//179
f 2061//179 2015//179 1968//179
f 2018//137 2016//137 1952//137
f 2016//137 1951//137 1952//137
f 2040//179 2043//179 1991//179
f 2043//179 1994//179 1991//179
f 2019//179 2022//179 1970//179
f 2022//179 1973//179 1970//179
f 1971//180 1967//180 1972//180
f 1967//181 1969//181 1972//181
f 1972//182 1969//182 1970//182
f 1969//183 1968//183 1970//183
f 1974//184 1971//184 1975//184
f 1971//185 1972//185 1975//185
f 1975//186 1972//186 1973//186
f 1972//187 1970//187 1973//187
f 1977//188 1974//188 1978//188
f 1974//189 1975//189 1978//189
f 1978//190 1975//190 1976//190
f 1975//191 1973//191 1976//191
f 1980//192 1977//192 1981//192
f 1977//193 1978//193 1981//193
f 1981//194 1978//194 1979//194
f 1978//195 1976//195 1979//195
f 1983//196 1980//196 1984//196
f 1980//197 1981//197 1984//197
f 1984//198 1981//198 1982//198
f 1981//199 1979//199 1982//199
f 1986//200 1983//200 1987//200
f 1983//201 1984//201 1987//201
f 1987//202 1984//202 1985//202
f 1984//203 1982//203 1985//203
f 1989//204 1986//204 1990//204
f 1986//205 1987//205 1990//205
f 1990//206 1987//206 1988//206
f 1987//207 1985//207 1988//207
f 1992//208 1989//208 1993//208
f 1989//209 1990//209 1993//209
f 1993//210 1990//210 1991//210
f 1990//211 1988//211 1991//211
f 1995//212 1992//212 1996//212
f 1992//213 1993//213 1996//213
f 1996//214 1993//214 1994//214
f 1993//215 1991//215 1994//215
f 1998//216 1995//216 1999//216
f 1995//217 1996//217 1999//217
f 1999//218 1996//218 1997//218
f 1996//219 1994//219 1997//219
f 2001//220 1998//220 2002//220
f 1998//221 1999//221 2002//221
f 2002//222 1999//222 2000//222
f 1999//223 1997//223 2000//223
f 2004//224 2001//224 2005//224
f 2001//225 2002//225 2005//225
f 2005//226 2002//226 2003//226
f 2002//227 2000//227 2003//227
f 2007//228 2004//228 2008//228
f 2004//229 2005//229 2008//229
f 2008//230 2005//230 2006//230
f 2005//231 2003//231 2006//231
f 2010//232 2007//232 2011//232
f 2007//233 2008//233 2011//233
f 2011//234 2008//234 2009//234
f 2008//235 2006//235 2009//235
f 2013//236 2010//236 2014//236
f 2010//237 2011//237 2014//237
f 2014//238 2011//238 2012//238
f 2011//239 2009//239 2012//239
f 1967//240 2013//240 1969//240
f 2013//241 2014//241 1969//241
f 1969//242 2014//242 1968//242
f 2014//243 2012//243 1968//243
f 2016//140 2060//140 1951//140
f 2060//140 1966//140 1951//140
f 2016//309 2018//309 2017//309
f 2018//245 2020//245 2017//245
f 2017//246 2020//246 2015//246
f 2020//247 2019//247 2015//247
f 2018//248 2021//248 2020//248
f 2021//249 2023//249 2020//249
f 2020//250 2023//250 2019//250
f 2023//251 2022//251 2019//251
f 2021//252 2024//252 2023//252
f 2024//253 2026//253 2023//253
f 2023//254 2026//254 2022//254
f 2026//255 2025//255 2022//255
f 2024//256 2027//256 2026//256
f 2027//257 2029//257 2026//257
f 2026//258 2029//258 2025//258
f 2029//259 2028//259 2025//259
f 2027//260 2030//260 2029//260
f 2030//261 2032//261 2029//261
f 2029//262 2032//262 2028//262
f 2032//263 2031//263 2028//263
f 2030//264 2033//264 2032//264
f 2033//265 2035//265 2032//265
f 2032//266 2035//266 2031//266
f 2035//267 2034//267 2031//267
f 2033//268 2036//268 2035//268
f 2036//269 2038//269 2035//269
f 2035//270 2038//270 2034//270
f 2038//271 2037//271 2034//271
f 2036//272 2039//272 2038//272
f 2039//273 2041//273 2038//273
f 2038//274 2041//274 2037//274
f 2041//275 2040//275 2037//275
f 2039//313 2042//313 2041//313
f 2042//277 2044//277 2041//277
f 2041//278 2044//278 2040//278
f 2044//279 2043//279 2040//279
f 2042//280 2045//280 2044//280
f 2045//281 2047//281 2044//281
f 2044//282 2047//282 2043//282
f 2047//283 2046//283 2043//283
f 2045//284 2048//284 2047//284
f 2048//285 2050//285 2047//285
f 2047//286 2050//286 2046//286
f 2050//287 2049//287 2046//287
f 2048//288 2051//288 2050//288
f 2051//289 2053//289 2050//289
f 2050//290 2053//290 2049//290
f 2053//291 2052//291 2049//291
f 2051//292 2054//292 2053//292
f 2054//293 2056//293 2053//293
f 2053//294 2056//294 2052//294
f 2056//295 2055//295 2052//295
f 2054//296 2057//296 2056//296
f 2057//297 2059//297 2056//297
f 2056//298 2059//298 2055//298
f 2059//299 2058//299 2055//299
f 2057//300 2060//300 2059//300
f 2060//301 2062//301 2059//301
f 2059//302 2062//302 2058//302
f 2062//303 2061//303 2058//303
f 2060//304 2016//304 2062//304
f 2016//305 2017//305 2062//305
f 2062//306 2017//306 2061//306
f 2017//307 2015//307 2061//307
f 2015//179 2019//179 1968//179
f 2019//179 1970//179 1968//179
