# Blender 4.3.2
# www.blender.org
mtllib topBack.mtl
o Part.1
v 6.398000 9.579999 -12.000001
v 6.215000 9.579999 -12.917001
v 5.696000 9.579999 -13.695001
v 4.918000 9.579999 -14.215001
v 4.000000 9.579999 -14.397001
v 3.082000 9.579999 -14.215001
v 2.304000 9.579999 -13.695001
v 1.785000 9.579999 -12.917001
v 1.602000 9.579999 -12.000001
v 1.785000 9.579999 -11.083001
v 2.304000 9.579999 -10.305001
v 3.082000 9.579999 -9.785001
v 4.000000 9.579999 -9.603001
v 4.918000 9.579999 -9.785001
v 5.696000 9.579999 -10.305001
v 6.215000 9.579999 -11.083001
v 6.215000 11.399999 -12.917001
v 5.696000 11.399999 -13.695001
v 4.918000 11.399999 -14.215001
v 2.304000 11.399999 -13.695001
v 1.785000 11.399999 -12.917001
v 2.304000 11.399999 -10.305001
v 3.082000 11.399999 -9.785001
v 5.696000 11.399999 -10.305001
v 4.000000 11.399999 -12.000001
v 6.398000 9.580000 -4.000001
v 6.215000 9.580000 -4.917001
v 5.696000 9.580000 -5.695001
v 4.918000 9.580000 -6.215001
v 4.000000 9.579999 -6.397001
v 3.082000 9.580000 -6.215001
v 2.304000 9.580000 -5.695001
v 1.785000 9.580000 -4.917001
v 1.602000 9.580000 -4.000001
v 1.785000 9.580000 -3.083001
v 2.304000 9.580000 -2.305001
v 3.082000 9.580000 -1.785001
v 4.000000 9.580000 -1.603001
v 4.918000 9.580000 -1.785001
v 5.696000 9.580000 -2.305001
v 6.215000 9.580000 -3.083001
v 3.082000 11.400000 -6.215001
v 2.304000 11.400000 -5.695001
v 1.785000 11.400000 -4.917001
v 1.602000 11.400000 -4.000001
v 3.082000 11.400000 -1.785001
v 6.215000 11.400000 -3.083001
v 4.000000 11.400000 -4.000001
v 6.398000 9.580000 3.999999
v 6.215000 9.580000 3.082999
v 5.696000 9.580000 2.304999
v 4.918000 9.580000 1.784999
v 4.000000 9.580000 1.602999
v 3.082000 9.580000 1.784999
v 2.304000 9.580000 2.304999
v 1.785000 9.580000 3.082999
v 1.602000 9.580000 3.999999
v 1.785000 9.580000 4.916999
v 2.304000 9.580000 5.694999
v 3.082000 9.580000 6.214999
v 4.000000 9.580001 6.396999
v 4.918000 9.580000 6.214999
v 5.696000 9.580000 5.694999
v 6.215000 9.580000 4.916999
v 6.215000 11.400000 3.082999
v 5.696000 11.400000 2.304999
v 4.918000 11.400000 1.784999
v 1.785000 11.400000 3.082999
v 1.602000 11.400000 3.999999
v 3.082000 11.400000 6.214999
v 4.918000 11.400000 6.214999
v 5.696000 11.400000 5.694999
v 6.215000 11.400000 4.916999
v 4.000000 11.400000 3.999999
v 6.398000 9.580001 11.999999
v 6.215000 9.580001 11.082999
v 5.696000 9.580001 10.304999
v 4.918000 9.580001 9.784999
v 4.000000 9.580001 9.602999
v 3.082000 9.580001 9.784999
v 2.304000 9.580001 10.304999
v 1.785000 9.580001 11.082999
v 1.602000 9.580001 11.999999
v 1.785000 9.580001 12.916999
v 2.304000 9.580001 13.694999
v 3.082000 9.580001 14.214999
v 4.000000 9.580001 14.396999
v 4.918000 9.580001 14.214999
v 5.696000 9.580001 13.694999
v 6.215000 9.580001 12.916999
v 6.215000 11.400001 11.082999
v 5.696000 11.400001 10.304999
v 3.082000 11.400001 9.784999
v 1.785000 11.400001 11.082999
v 2.304000 11.400001 13.694999
v 3.082000 11.400001 14.214999
v 4.000000 11.400001 14.396999
v 6.215000 11.400001 12.916999
v 4.000000 11.400001 11.999999
v 14.398000 9.580001 11.999999
v 14.215000 9.580001 11.082999
v 13.696000 9.580001 10.304999
v 12.918000 9.580001 9.784999
v 12.000000 9.580001 9.602999
v 11.082000 9.580001 9.784999
v 10.304000 9.580001 10.304999
v 9.785000 9.580001 11.082999
v 9.602000 9.580001 11.999999
v 9.785000 9.580001 12.916999
v 10.304000 9.580001 13.694999
v 11.082000 9.580001 14.214999
v 12.000000 9.580001 14.396999
v 12.918000 9.580001 14.214999
v 13.696000 9.580001 13.694999
v 14.215000 9.580001 12.916999
v 14.215000 11.400001 11.082999
v 12.918000 11.400001 9.784999
v 11.082000 11.400001 9.784999
v 9.602000 11.400001 11.999999
v 9.785000 11.400001 12.916999
v 12.000000 11.400001 14.396999
v 13.696000 11.400001 13.694999
v 12.000000 11.400001 11.999999
v 14.398000 9.580000 3.999999
v 14.215000 9.580000 3.082999
v 13.696000 9.580000 2.304999
v 12.918000 9.580000 1.784999
v 12.000000 9.580000 1.602999
v 11.082000 9.580000 1.784999
v 10.304000 9.580000 2.304999
v 9.785000 9.580000 3.082999
v 9.602000 9.580000 3.999999
v 9.785000 9.580000 4.916999
v 10.304000 9.580000 5.694999
v 11.082000 9.580000 6.214999
v 12.000000 9.580001 6.396999
v 12.918000 9.580000 6.214999
v 13.696000 9.580000 5.694999
v 14.215000 9.580000 4.916999
v 14.215000 11.400000 3.082999
v 13.696000 11.400000 2.304999
v 12.918000 11.400000 1.784999
v 12.000000 11.400000 1.602999
v 10.304000 11.400000 2.304999
v 9.785000 11.400000 3.082999
v 13.696000 11.400000 5.694999
v 12.000000 11.400000 3.999999
v 14.398000 9.580000 -4.000001
v 14.215000 9.580000 -4.917001
v 13.696000 9.580000 -5.695001
v 12.918000 9.580000 -6.215001
v 12.000000 9.579999 -6.397001
v 11.082000 9.580000 -6.215001
v 10.304000 9.580000 -5.695001
v 9.785000 9.580000 -4.917001
v 9.602000 9.580000 -4.000001
v 9.785000 9.580000 -3.083001
v 10.304000 9.580000 -2.305001
v 11.082000 9.580000 -1.785001
v 12.000000 9.580000 -1.603001
v 12.918000 9.580000 -1.785001
v 13.696000 9.580000 -2.305001
v 14.215000 9.580000 -3.083001
v 13.696000 11.400000 -5.695001
v 12.918000 11.400000 -6.215001
v 12.000000 11.399999 -6.397001
v 11.082000 11.400000 -6.215001
v 10.304000 11.400000 -5.695001
v 9.602000 11.400000 -4.000001
v 10.304000 11.400000 -2.305001
v 11.082000 11.400000 -1.785001
v 12.000000 11.400000 -1.603001
v 12.000000 11.400000 -4.000001
v 14.398000 9.579999 -12.000001
v 14.215000 9.579999 -12.917001
v 13.696000 9.579999 -13.695001
v 12.918000 9.579999 -14.215001
v 12.000000 9.579999 -14.397001
v 11.082000 9.579999 -14.215001
v 10.304000 9.579999 -13.695001
v 9.785000 9.579999 -12.917001
v 9.602000 9.579999 -12.000001
v 9.785000 9.579999 -11.083001
v 10.304000 9.579999 -10.305001
v 11.082000 9.579999 -9.785001
v 12.000000 9.579999 -9.603001
v 12.918000 9.579999 -9.785001
v 13.696000 9.579999 -10.305001
v 14.215000 9.579999 -11.083001
v 14.215000 11.399999 -12.917001
v 13.696000 11.399999 -13.695001
v 12.918000 11.399999 -14.215001
v 12.000000 11.399999 -14.397001
v 11.082000 11.399999 -14.215001
v 9.785000 11.399999 -12.917001
v 9.602000 11.399999 -12.000001
v 9.785000 11.399999 -11.083001
v 10.304000 11.399999 -10.305001
v 11.082000 11.399999 -9.785001
v 12.000000 11.399999 -9.603001
v 12.918000 11.399999 -9.785001
v 14.215000 11.399999 -11.083001
v 12.000000 11.399999 -12.000001
v 22.398001 9.579999 -12.000001
v 22.215000 9.579999 -12.917001
v 21.695999 9.579999 -13.695001
v 20.917999 9.579999 -14.215001
v 20.000000 9.579999 -14.397001
v 19.082001 9.579999 -14.215001
v 18.304001 9.579999 -13.695001
v 17.785000 9.579999 -12.917001
v 17.601999 9.579999 -12.000001
v 17.785000 9.579999 -11.083001
v 18.304001 9.579999 -10.305001
v 19.082001 9.579999 -9.785001
v 20.000000 9.579999 -9.603001
v 20.917999 9.579999 -9.785001
v 21.695999 9.579999 -10.305001
v 22.215000 9.579999 -11.083001
v 22.398001 11.399999 -12.000001
v 22.215000 11.399999 -12.917001
v 20.000000 11.399999 -14.397001
v 19.082001 11.399999 -14.215001
v 18.304001 11.399999 -13.695001
v 17.785000 11.399999 -12.917001
v 17.601999 11.399999 -12.000001
v 19.082001 11.399999 -9.785001
v 22.215000 11.399999 -11.083001
v 20.000000 11.399999 -12.000001
v 22.398001 9.580000 -4.000001
v 22.215000 9.580000 -4.917001
v 21.695999 9.580000 -5.695001
v 20.917999 9.580000 -6.215001
v 20.000000 9.579999 -6.397001
v 19.082001 9.580000 -6.215001
v 18.304001 9.580000 -5.695001
v 17.785000 9.580000 -4.917001
v 17.601999 9.580000 -4.000001
v 17.785000 9.580000 -3.083001
v 18.304001 9.580000 -2.305001
v 19.082001 9.580000 -1.785001
v 20.000000 9.580000 -1.603001
v 20.917999 9.580000 -1.785001
v 21.695999 9.580000 -2.305001
v 22.215000 9.580000 -3.083001
v 21.695999 11.400000 -5.695001
v 17.785000 11.400000 -4.917001
v 17.601999 11.400000 -4.000001
v 17.785000 11.400000 -3.083001
v 19.082001 11.400000 -1.785001
v 22.215000 11.400000 -3.083001
v 20.000000 11.400000 -4.000001
v 22.398001 9.580000 3.999999
v 22.215000 9.580000 3.082999
v 21.695999 9.580000 2.304999
v 20.917999 9.580000 1.784999
v 20.000000 9.580000 1.602999
v 19.082001 9.580000 1.784999
v 18.304001 9.580000 2.304999
v 17.785000 9.580000 3.082999
v 17.601999 9.580000 3.999999
v 17.785000 9.580000 4.916999
v 18.304001 9.580000 5.694999
v 19.082001 9.580000 6.214999
v 20.000000 9.580001 6.396999
v 20.917999 9.580000 6.214999
v 21.695999 9.580000 5.694999
v 22.215000 9.580000 4.916999
v 22.215000 11.400000 3.082999
v 21.695999 11.400000 2.304999
v 20.917999 11.400000 1.784999
v 20.000000 11.400000 1.602999
v 19.082001 11.400000 1.784999
v 17.785000 11.400000 3.082999
v 17.601999 11.400000 3.999999
v 18.304001 11.400000 5.694999
v 20.000000 11.400001 6.396999
v 20.000000 11.400000 3.999999
v 22.398001 9.580001 11.999999
v 22.215000 9.580001 11.082999
v 21.695999 9.580001 10.304999
v 20.917999 9.580001 9.784999
v 20.000000 9.580001 9.602999
v 19.082001 9.580001 9.784999
v 18.304001 9.580001 10.304999
v 17.785000 9.580001 11.082999
v 17.601999 9.580001 11.999999
v 17.785000 9.580001 12.916999
v 18.304001 9.580001 13.694999
v 19.082001 9.580001 14.214999
v 20.000000 9.580001 14.396999
v 20.917999 9.580001 14.214999
v 21.695999 9.580001 13.694999
v 22.215000 9.580001 12.916999
v 22.215000 11.400001 11.082999
v 21.695999 11.400001 10.304999
v 20.000000 11.400001 9.602999
v 18.304001 11.400001 10.304999
v 17.601999 11.400001 11.999999
v 17.785000 11.400001 12.916999
v 19.082001 11.400001 14.214999
v 20.000000 11.400001 14.396999
v 22.215000 11.400001 12.916999
v 20.000000 11.400001 11.999999
v 15.987000 0.019999 -11.236000
v 12.987000 0.019999 -9.232000
v 13.690000 0.020000 -5.695000
v 14.744000 0.020000 -4.991000
v 15.987000 0.020000 -4.744000
v 18.283001 0.020000 -5.695000
v 18.987000 0.019999 -6.748000
v 19.233999 8.384999 -7.990000
v 18.987000 8.384999 -9.232001
v 18.283001 8.384999 -10.285001
v 17.229000 8.384999 -10.989001
v 15.987000 8.384999 -11.236001
v 14.744000 8.384999 -10.989001
v 13.690000 8.384999 -10.285001
v 12.987000 8.384999 -9.232001
v 12.739000 8.384999 -7.990000
v 12.987000 8.384999 -6.748001
v 13.690000 8.385000 -5.695001
v 14.744000 8.385000 -4.991001
v 15.987000 8.385000 -4.744000
v 17.229000 8.385000 -4.991001
v 18.283001 8.385000 -5.695001
v 18.987000 8.384999 -6.748001
v 18.385000 0.019999 -7.990000
v 18.202000 0.019999 -8.907000
v 17.681999 0.019999 -9.685000
v 15.069000 0.019999 -10.205000
v 14.291000 0.019999 -9.685000
v 13.771000 0.019999 -8.907000
v 13.771000 0.019999 -7.073000
v 14.291000 0.020000 -6.295000
v 15.987000 0.020000 -5.593000
v 16.903999 0.020000 -5.775000
v 18.385000 8.384999 -7.990000
v 18.202000 8.384999 -8.907001
v 17.681999 8.384999 -9.685001
v 16.903999 8.384999 -10.205001
v 15.987000 8.384999 -10.387001
v 15.069000 8.384999 -10.205001
v 14.291000 8.384999 -9.685001
v 13.771000 8.384999 -8.907001
v 13.589000 8.384999 -7.990000
v 13.771000 8.384999 -7.073000
v 14.291000 8.385000 -6.295001
v 15.069000 8.385000 -5.775001
v 15.987000 8.385000 -5.593000
v 16.903999 8.385000 -5.775001
v 17.681999 8.385000 -6.295001
v 18.202000 8.384999 -7.073000
v 3.000000 0.019999 -9.232000
v 2.296000 0.019999 -10.285000
v 1.243000 0.019999 -10.989000
v 1.243000 0.020000 -4.991000
v 2.296000 0.020000 -5.695000
v 3.000000 0.019999 -6.748000
v 3.247000 8.384999 -7.990000
v 3.000000 8.384999 -9.232001
v 2.296000 8.384999 -10.285001
v 1.243000 8.384999 -10.989001
v 1.243000 8.385000 -4.991001
v 2.296000 8.385000 -5.695001
v 3.000000 8.384999 -6.748001
v 0.918000 0.020000 -5.775000
v 2.398000 8.384999 -7.990000
v 2.215000 8.384999 -8.907001
v 1.696000 8.384999 -9.685001
v 0.918000 8.384999 -10.205001
v 0.918000 8.385000 -5.775001
v 1.696000 8.385000 -6.295001
v 2.215000 8.384999 -7.073000
v 3.247000 0.020001 7.990000
v 1.243000 0.020000 4.991000
v 3.247000 8.385001 7.989999
v 3.000000 8.385001 6.748000
v 2.296000 8.385000 5.695000
v 1.243000 8.385000 4.991000
v 1.243000 8.385001 10.988999
v 2.296000 8.385001 10.284999
v 3.000000 8.385001 9.231999
v 0.918000 0.020000 5.775000
v 0.918000 0.020001 10.205000
v 2.398000 8.385001 7.989999
v 2.215000 8.385001 7.072999
v 1.696000 8.385000 6.295000
v 0.918000 8.385000 5.775000
v 0.918000 8.385001 10.204999
v 1.696000 8.385001 9.684999
v 2.215000 8.385001 8.906999
v 19.233999 0.020001 7.990000
v 18.987000 0.020001 6.748000
v 18.283001 0.020000 5.695000
v 17.229000 0.020000 4.991000
v 12.987000 0.020001 9.232000
v 13.690000 0.020001 10.285000
v 14.744000 0.020001 10.989000
v 15.987000 0.020001 11.236000
v 17.229000 0.020001 10.989000
v 18.283001 0.020001 10.285000
v 19.233999 8.385001 7.989999
v 18.987000 8.385001 6.748000
v 18.283001 8.385000 5.695000
v 17.229000 8.385000 4.991000
v 15.987000 8.385000 4.743999
v 14.744000 8.385000 4.991000
v 13.690000 8.385000 5.695000
v 12.987000 8.385001 6.748000
v 12.739000 8.385001 7.989999
v 12.987000 8.385001 9.231999
v 13.690000 8.385001 10.284999
v 14.744000 8.385001 10.988999
v 15.987000 8.385001 11.235999
v 17.229000 8.385001 10.988999
v 18.283001 8.385001 10.284999
v 18.987000 8.385001 9.231999
v 18.385000 0.020001 7.990000
v 16.903999 0.020000 5.775000
v 15.987000 0.020000 5.593000
v 14.291000 0.020000 6.295000
v 13.589000 0.020001 7.990000
v 13.771000 0.020001 8.907000
v 17.681999 0.020001 9.685000
v 18.202000 0.020001 8.907000
v 18.385000 8.385001 7.989999
v 18.202000 8.385001 7.072999
v 17.681999 8.385000 6.295000
v 16.903999 8.385000 5.775000
v 15.987000 8.385000 5.592999
v 15.069000 8.385000 5.775000
v 14.291000 8.385000 6.295000
v 13.771000 8.385001 7.072999
v 13.589000 8.385001 7.989999
v 13.771000 8.385001 8.906999
v 14.291000 8.385001 9.684999
v 15.069000 8.385001 10.204999
v 15.987000 8.385001 10.386999
v 16.903999 8.385001 10.204999
v 17.681999 8.385001 9.684999
v 18.202000 8.385001 8.906999
v 10.993000 0.020000 -1.242000
v 10.290000 0.020000 -2.295000
v 9.236000 0.020000 -2.999000
v 6.751000 0.020000 -2.999000
v 5.697000 0.020000 -2.295000
v 4.993000 0.020000 1.242000
v 5.697000 0.020000 2.295000
v 10.290000 0.020000 2.295000
v 10.993000 8.385000 -1.242001
v 10.290000 8.385000 -2.295001
v 9.236000 8.385000 -2.999001
v 6.751000 8.385000 -2.999001
v 5.697000 8.385000 -2.295001
v 4.993000 8.385000 -1.242001
v 4.826000 8.385000 -0.400001
v 4.993000 8.385000 1.241999
v 5.697000 8.385000 2.294999
v 6.751000 8.385000 2.998999
v 9.236000 8.385000 2.998999
v 10.290000 8.385000 2.294999
v 10.993000 8.385000 1.241999
v 10.391000 0.020000 -0.000000
v 10.209000 0.020000 -0.917000
v 8.911000 0.020000 -2.215000
v 7.993000 0.020000 -2.397000
v 7.076000 0.020000 -2.215000
v 6.298000 0.020000 -1.695000
v 5.778000 0.020000 -0.917000
v 5.778000 0.020000 0.917000
v 8.911000 0.020000 2.215000
v 9.689000 0.020000 1.695000
v 10.391000 8.385000 -0.000001
v 10.209000 8.385000 -0.917001
v 9.689000 8.385000 -1.695001
v 8.911000 8.385000 -2.215001
v 7.993000 8.385000 -2.397001
v 7.076000 8.385000 -2.215001
v 6.298000 8.385000 -1.695001
v 5.778000 8.385000 -0.917001
v 5.595000 8.385000 -0.000001
v 5.778000 8.385000 0.916999
v 6.298000 8.385000 1.694999
v 7.076000 8.385000 2.214999
v 7.993000 8.385000 2.396999
v 8.911000 8.385000 2.214999
v 9.689000 8.385000 1.694999
v 10.209000 8.385000 0.916999
v 22.381001 0.020000 0.399000
v 10.993000 0.020000 1.242000
v 11.161000 0.020000 -0.400000
v 22.381001 8.385000 0.398999
v 8.393000 8.385000 -3.166001
v 7.594000 0.019999 -14.382000
v 7.594000 8.384999 -14.382001
v 8.393000 8.384999 -14.382001
v 7.594000 8.385000 3.165999
v 8.393000 0.020001 14.382000
v 22.381001 8.385001 14.381999
v 23.959999 0.020001 15.960000
v 23.959999 9.579999 -15.960001
v 6.398000 11.399999 -12.000001
v 4.000000 11.399999 -14.397001
v 3.082000 11.399999 -14.215001
v 1.602000 11.399999 -12.000001
v 1.785000 11.399999 -11.083001
v 4.000000 11.399999 -9.603001
v 4.918000 11.399999 -9.785001
v 6.215000 11.399999 -11.083001
v 6.215000 11.400000 -4.917001
v 6.398000 11.400000 -4.000001
v 5.696000 11.400000 -5.695001
v 4.918000 11.400000 -6.215001
v 4.000000 11.399999 -6.397001
v 1.785000 11.400000 -3.083001
v 2.304000 11.400000 -2.305001
v 4.000000 11.400000 -1.603001
v 4.918000 11.400000 -1.785001
v 5.696000 11.400000 -2.305001
v 6.398000 11.400000 3.999999
v 4.000000 11.400000 1.602999
v 3.082000 11.400000 1.784999
v 2.304000 11.400000 2.304999
v 1.785000 11.400000 4.916999
v 2.304000 11.400000 5.694999
v 4.000000 11.400001 6.396999
v 6.398000 11.400001 11.999999
v 4.918000 11.400001 9.784999
v 4.000000 11.400001 9.602999
v 2.304000 11.400001 10.304999
v 1.602000 11.400001 11.999999
v 1.785000 11.400001 12.916999
v 4.918000 11.400001 14.214999
v 5.696000 11.400001 13.694999
v 14.398000 11.400001 11.999999
v 13.696000 11.400001 10.304999
v 12.000000 11.400001 9.602999
v 10.304000 11.400001 10.304999
v 9.785000 11.400001 11.082999
v 10.304000 11.400001 13.694999
v 11.082000 11.400001 14.214999
v 12.918000 11.400001 14.214999
v 14.215000 11.400001 12.916999
v 14.398000 11.400000 3.999999
v 11.082000 11.400000 1.784999
v 9.602000 11.400000 3.999999
v 9.785000 11.400000 4.916999
v 10.304000 11.400000 5.694999
v 11.082000 11.400000 6.214999
v 12.000000 11.400001 6.396999
v 12.918000 11.400000 6.214999
v 14.215000 11.400000 4.916999
v 14.215000 11.400000 -4.917001
v 14.398000 11.400000 -4.000001
v 9.785000 11.400000 -4.917001
v 9.785000 11.400000 -3.083001
v 12.918000 11.400000 -1.785001
v 13.696000 11.400000 -2.305001
v 14.215000 11.400000 -3.083001
v 14.398000 11.399999 -12.000001
v 10.304000 11.399999 -13.695001
v 13.696000 11.399999 -10.305001
v 21.695999 11.399999 -13.695001
v 20.917999 11.399999 -14.215001
v 17.785000 11.399999 -11.083001
v 18.304001 11.399999 -10.305001
v 20.000000 11.399999 -9.603001
v 20.917999 11.399999 -9.785001
v 21.695999 11.399999 -10.305001
v 22.215000 11.400000 -4.917001
v 22.398001 11.400000 -4.000001
v 20.917999 11.400000 -6.215001
v 20.000000 11.399999 -6.397001
v 19.082001 11.400000 -6.215001
v 18.304001 11.400000 -5.695001
v 18.304001 11.400000 -2.305001
v 20.000000 11.400000 -1.603001
v 20.917999 11.400000 -1.785001
v 21.695999 11.400000 -2.305001
v 22.398001 11.400000 3.999999
v 18.304001 11.400000 2.304999
v 17.785000 11.400000 4.916999
v 19.082001 11.400000 6.214999
v 20.917999 11.400000 6.214999
v 21.695999 11.400000 5.694999
v 22.215000 11.400000 4.916999
v 22.398001 11.400001 11.999999
v 20.917999 11.400001 9.784999
v 19.082001 11.400001 9.784999
v 17.785000 11.400001 11.082999
v 18.304001 11.400001 13.694999
v 20.917999 11.400001 14.214999
v 21.695999 11.400001 13.694999
v 18.987000 0.019999 -9.232000
v 19.233999 0.019999 -7.990000
v 18.283001 0.019999 -10.285000
v 17.229000 0.019999 -10.989000
v 14.744000 0.019999 -10.989000
v 13.690000 0.019999 -10.285000
v 12.739000 0.019999 -7.990000
v 12.987000 0.019999 -6.748000
v 17.229000 0.020000 -4.991000
v 16.903999 0.019999 -10.205000
v 15.987000 0.019999 -10.387000
v 13.589000 0.019999 -7.990000
v 15.069000 0.020000 -5.775000
v 17.681999 0.020000 -6.295000
v 18.202000 0.019999 -7.073000
v 3.247000 0.019999 -7.990000
v 2.215000 0.019999 -8.907000
v 2.398000 0.019999 -7.990000
v 1.696000 0.019999 -9.685000
v 0.918000 0.019999 -10.205000
v 1.696000 0.020000 -6.295000
v 2.215000 0.019999 -7.073000
v 3.000000 0.020001 6.748000
v 2.296000 0.020000 5.695000
v 1.243000 0.020001 10.989000
v 2.296000 0.020001 10.285000
v 3.000000 0.020001 9.232000
v 2.215000 0.020001 7.073000
v 2.398000 0.020001 7.990000
v 1.696000 0.020000 6.295000
v 1.696000 0.020001 9.685000
v 2.215000 0.020001 8.907000
v 15.987000 0.020000 4.744000
v 14.744000 0.020000 4.991000
v 13.690000 0.020000 5.695000
v 12.987000 0.020001 6.748000
v 12.739000 0.020001 7.990000
v 18.987000 0.020001 9.232000
v 18.202000 0.020001 7.073000
v 17.681999 0.020000 6.295000
v 15.069000 0.020000 5.775000
v 13.771000 0.020001 7.073000
v 14.291000 0.020001 9.685000
v 15.069000 0.020001 10.205000
v 15.987000 0.020001 10.387000
v 16.903999 0.020001 10.205000
v 4.993000 0.020000 -1.242000
v 4.826000 0.020000 -0.400000
v 6.751000 0.020000 2.999000
v 9.236000 0.020000 2.999000
v 9.689000 0.020000 -1.695000
v 5.595000 0.020000 -0.000000
v 6.298000 0.020000 1.695000
v 7.076000 0.020000 2.215000
v 7.993000 0.020000 2.397000
v 10.209000 0.020000 0.917000
v 4.826000 0.020000 0.399000
v 4.826000 8.385000 0.398999
v 11.161000 0.020000 0.399000
v 11.161000 8.385000 0.398999
v 11.161000 8.385000 -0.400001
v 22.381001 0.020000 -0.400000
v 22.381001 8.385000 -0.400001
v 7.594000 0.020000 -3.166000
v 8.393000 0.020000 -3.166000
v 8.393000 0.019999 -14.382000
v 7.594000 8.385000 -3.166001
v 7.594000 0.020000 3.166000
v 8.393000 8.385000 3.165999
v 8.393000 0.020000 3.166000
v 7.594000 0.020001 14.382000
v 8.393000 8.385001 14.381999
v 7.594000 8.385001 14.381999
v 22.381001 0.020001 14.382000
v 22.381001 0.019999 -14.382000
v 22.381001 8.384999 -14.382001
v 23.959999 0.019999 -15.960000
v 23.959999 9.580001 15.959999
v 7.993000 8.385000 -0.000001
v -6.398000 9.579999 -12.000001
v -6.215000 9.579999 -12.917001
v -5.696000 9.579999 -13.695001
v -4.918000 9.579999 -14.215001
v -4.000000 9.579999 -14.397001
v -3.082000 9.579999 -14.215001
v -2.304000 9.579999 -13.695001
v -1.785000 9.579999 -12.917001
v -1.602000 9.579999 -12.000001
v -1.785000 9.579999 -11.083001
v -2.304000 9.579999 -10.305001
v -3.082000 9.579999 -9.785001
v -4.000000 9.579999 -9.603001
v -4.918000 9.579999 -9.785001
v -5.696000 9.579999 -10.305001
v -6.215000 9.579999 -11.083001
v -6.215000 11.399999 -12.917001
v -5.696000 11.399999 -13.695001
v -4.918000 11.399999 -14.215001
v -2.304000 11.399999 -13.695001
v -1.785000 11.399999 -12.917001
v -2.304000 11.399999 -10.305001
v -3.082000 11.399999 -9.785001
v -5.696000 11.399999 -10.305001
v -4.000000 11.399999 -12.000001
v -6.398000 9.580000 -4.000001
v -6.215000 9.580000 -4.917001
v -5.696000 9.580000 -5.695001
v -4.918000 9.580000 -6.215001
v -4.000000 9.579999 -6.397001
v -3.082000 9.580000 -6.215001
v -2.304000 9.580000 -5.695001
v -1.785000 9.580000 -4.917001
v -1.602000 9.580000 -4.000001
v -1.785000 9.580000 -3.083001
v -2.304000 9.580000 -2.305001
v -3.082000 9.580000 -1.785001
v -4.000000 9.580000 -1.603001
v -4.918000 9.580000 -1.785001
v -5.696000 9.580000 -2.305001
v -6.215000 9.580000 -3.083001
v -3.082000 11.400000 -6.215001
v -2.304000 11.400000 -5.695001
v -1.785000 11.400000 -4.917001
v -1.602000 11.400000 -4.000001
v -3.082000 11.400000 -1.785001
v -6.215000 11.400000 -3.083001
v -4.000000 11.400000 -4.000001
v -6.398000 9.580000 3.999999
v -6.215000 9.580000 3.082999
v -5.696000 9.580000 2.304999
v -4.918000 9.580000 1.784999
v -4.000000 9.580000 1.602999
v -3.082000 9.580000 1.784999
v -2.304000 9.580000 2.304999
v -1.785000 9.580000 3.082999
v -1.602000 9.580000 3.999999
v -1.785000 9.580000 4.916999
v -2.304000 9.580000 5.694999
v -3.082000 9.580000 6.214999
v -4.000000 9.580001 6.396999
v -4.918000 9.580000 6.214999
v -5.696000 9.580000 5.694999
v -6.215000 9.580000 4.916999
v -6.215000 11.400000 3.082999
v -5.696000 11.400000 2.304999
v -4.918000 11.400000 1.784999
v -1.785000 11.400000 3.082999
v -1.602000 11.400000 3.999999
v -3.082000 11.400000 6.214999
v -4.918000 11.400000 6.214999
v -5.696000 11.400000 5.694999
v -6.215000 11.400000 4.916999
v -4.000000 11.400000 3.999999
v -6.398000 9.580001 11.999999
v -6.215000 9.580001 11.082999
v -5.696000 9.580001 10.304999
v -4.918000 9.580001 9.784999
v -4.000000 9.580001 9.602999
v -3.082000 9.580001 9.784999
v -2.304000 9.580001 10.304999
v -1.785000 9.580001 11.082999
v -1.602000 9.580001 11.999999
v -1.785000 9.580001 12.916999
v -2.304000 9.580001 13.694999
v -3.082000 9.580001 14.214999
v -4.000000 9.580001 14.396999
v -4.918000 9.580001 14.214999
v -5.696000 9.580001 13.694999
v -6.215000 9.580001 12.916999
v -6.215000 11.400001 11.082999
v -5.696000 11.400001 10.304999
v -3.082000 11.400001 9.784999
v -1.785000 11.400001 11.082999
v -2.304000 11.400001 13.694999
v -3.082000 11.400001 14.214999
v -4.000000 11.400001 14.396999
v -6.215000 11.400001 12.916999
v -4.000000 11.400001 11.999999
v -14.398000 9.580001 11.999999
v -14.215000 9.580001 11.082999
v -13.696000 9.580001 10.304999
v -12.918000 9.580001 9.784999
v -12.000000 9.580001 9.602999
v -11.082000 9.580001 9.784999
v -10.304000 9.580001 10.304999
v -9.785000 9.580001 11.082999
v -9.602000 9.580001 11.999999
v -9.785000 9.580001 12.916999
v -10.304000 9.580001 13.694999
v -11.082000 9.580001 14.214999
v -12.000000 9.580001 14.396999
v -12.918000 9.580001 14.214999
v -13.696000 9.580001 13.694999
v -14.215000 9.580001 12.916999
v -14.215000 11.400001 11.082999
v -12.918000 11.400001 9.784999
v -11.082000 11.400001 9.784999
v -9.602000 11.400001 11.999999
v -9.785000 11.400001 12.916999
v -12.000000 11.400001 14.396999
v -13.696000 11.400001 13.694999
v -12.000000 11.400001 11.999999
v -14.398000 9.580000 3.999999
v -14.215000 9.580000 3.082999
v -13.696000 9.580000 2.304999
v -12.918000 9.580000 1.784999
v -12.000000 9.580000 1.602999
v -11.082000 9.580000 1.784999
v -10.304000 9.580000 2.304999
v -9.785000 9.580000 3.082999
v -9.602000 9.580000 3.999999
v -9.785000 9.580000 4.916999
v -10.304000 9.580000 5.694999
v -11.082000 9.580000 6.214999
v -12.000000 9.580001 6.396999
v -12.918000 9.580000 6.214999
v -13.696000 9.580000 5.694999
v -14.215000 9.580000 4.916999
v -14.215000 11.400000 3.082999
v -13.696000 11.400000 2.304999
v -12.918000 11.400000 1.784999
v -12.000000 11.400000 1.602999
v -10.304000 11.400000 2.304999
v -9.785000 11.400000 3.082999
v -13.696000 11.400000 5.694999
v -12.000000 11.400000 3.999999
v -14.398000 9.580000 -4.000001
v -14.215000 9.580000 -4.917001
v -13.696000 9.580000 -5.695001
v -12.918000 9.580000 -6.215001
v -12.000000 9.579999 -6.397001
v -11.082000 9.580000 -6.215001
v -10.304000 9.580000 -5.695001
v -9.785000 9.580000 -4.917001
v -9.602000 9.580000 -4.000001
v -9.785000 9.580000 -3.083001
v -10.304000 9.580000 -2.305001
v -11.082000 9.580000 -1.785001
v -12.000000 9.580000 -1.603001
v -12.918000 9.580000 -1.785001
v -13.696000 9.580000 -2.305001
v -14.215000 9.580000 -3.083001
v -13.696000 11.400000 -5.695001
v -12.918000 11.400000 -6.215001
v -12.000000 11.399999 -6.397001
v -11.082000 11.400000 -6.215001
v -10.304000 11.400000 -5.695001
v -9.602000 11.400000 -4.000001
v -10.304000 11.400000 -2.305001
v -11.082000 11.400000 -1.785001
v -12.000000 11.400000 -1.603001
v -12.000000 11.400000 -4.000001
v -14.398000 9.579999 -12.000001
v -14.215000 9.579999 -12.917001
v -13.696000 9.579999 -13.695001
v -12.918000 9.579999 -14.215001
v -12.000000 9.579999 -14.397001
v -11.082000 9.579999 -14.215001
v -10.304000 9.579999 -13.695001
v -9.785000 9.579999 -12.917001
v -9.602000 9.579999 -12.000001
v -9.785000 9.579999 -11.083001
v -10.304000 9.579999 -10.305001
v -11.082000 9.579999 -9.785001
v -12.000000 9.579999 -9.603001
v -12.918000 9.579999 -9.785001
v -13.696000 9.579999 -10.305001
v -14.215000 9.579999 -11.083001
v -14.215000 11.399999 -12.917001
v -13.696000 11.399999 -13.695001
v -12.918000 11.399999 -14.215001
v -12.000000 11.399999 -14.397001
v -11.082000 11.399999 -14.215001
v -9.785000 11.399999 -12.917001
v -9.602000 11.399999 -12.000001
v -9.785000 11.399999 -11.083001
v -10.304000 11.399999 -10.305001
v -11.082000 11.399999 -9.785001
v -12.000000 11.399999 -9.603001
v -12.918000 11.399999 -9.785001
v -14.215000 11.399999 -11.083001
v -12.000000 11.399999 -12.000001
v -22.398001 9.579999 -12.000001
v -22.215000 9.579999 -12.917001
v -21.695999 9.579999 -13.695001
v -20.917999 9.579999 -14.215001
v -20.000000 9.579999 -14.397001
v -19.082001 9.579999 -14.215001
v -18.304001 9.579999 -13.695001
v -17.785000 9.579999 -12.917001
v -17.601999 9.579999 -12.000001
v -17.785000 9.579999 -11.083001
v -18.304001 9.579999 -10.305001
v -19.082001 9.579999 -9.785001
v -20.000000 9.579999 -9.603001
v -20.917999 9.579999 -9.785001
v -21.695999 9.579999 -10.305001
v -22.215000 9.579999 -11.083001
v -22.398001 11.399999 -12.000001
v -22.215000 11.399999 -12.917001
v -20.000000 11.399999 -14.397001
v -19.082001 11.399999 -14.215001
v -18.304001 11.399999 -13.695001
v -17.785000 11.399999 -12.917001
v -17.601999 11.399999 -12.000001
v -19.082001 11.399999 -9.785001
v -22.215000 11.399999 -11.083001
v -20.000000 11.399999 -12.000001
v -22.398001 9.580000 -4.000001
v -22.215000 9.580000 -4.917001
v -21.695999 9.580000 -5.695001
v -20.917999 9.580000 -6.215001
v -20.000000 9.579999 -6.397001
v -19.082001 9.580000 -6.215001
v -18.304001 9.580000 -5.695001
v -17.785000 9.580000 -4.917001
v -17.601999 9.580000 -4.000001
v -17.785000 9.580000 -3.083001
v -18.304001 9.580000 -2.305001
v -19.082001 9.580000 -1.785001
v -20.000000 9.580000 -1.603001
v -20.917999 9.580000 -1.785001
v -21.695999 9.580000 -2.305001
v -22.215000 9.580000 -3.083001
v -21.695999 11.400000 -5.695001
v -17.785000 11.400000 -4.917001
v -17.601999 11.400000 -4.000001
v -17.785000 11.400000 -3.083001
v -19.082001 11.400000 -1.785001
v -22.215000 11.400000 -3.083001
v -20.000000 11.400000 -4.000001
v -22.398001 9.580000 3.999999
v -22.215000 9.580000 3.082999
v -21.695999 9.580000 2.304999
v -20.917999 9.580000 1.784999
v -20.000000 9.580000 1.602999
v -19.082001 9.580000 1.784999
v -18.304001 9.580000 2.304999
v -17.785000 9.580000 3.082999
v -17.601999 9.580000 3.999999
v -17.785000 9.580000 4.916999
v -18.304001 9.580000 5.694999
v -19.082001 9.580000 6.214999
v -20.000000 9.580001 6.396999
v -20.917999 9.580000 6.214999
v -21.695999 9.580000 5.694999
v -22.215000 9.580000 4.916999
v -22.215000 11.400000 3.082999
v -21.695999 11.400000 2.304999
v -20.917999 11.400000 1.784999
v -20.000000 11.400000 1.602999
v -19.082001 11.400000 1.784999
v -17.785000 11.400000 3.082999
v -17.601999 11.400000 3.999999
v -18.304001 11.400000 5.694999
v -20.000000 11.400001 6.396999
v -20.000000 11.400000 3.999999
v -22.398001 9.580001 11.999999
v -22.215000 9.580001 11.082999
v -21.695999 9.580001 10.304999
v -20.917999 9.580001 9.784999
v -20.000000 9.580001 9.602999
v -19.082001 9.580001 9.784999
v -18.304001 9.580001 10.304999
v -17.785000 9.580001 11.082999
v -17.601999 9.580001 11.999999
v -17.785000 9.580001 12.916999
v -18.304001 9.580001 13.694999
v -19.082001 9.580001 14.214999
v -20.000000 9.580001 14.396999
v -20.917999 9.580001 14.214999
v -21.695999 9.580001 13.694999
v -22.215000 9.580001 12.916999
v -22.215000 11.400001 11.082999
v -21.695999 11.400001 10.304999
v -20.000000 11.400001 9.602999
v -18.304001 11.400001 10.304999
v -17.601999 11.400001 11.999999
v -17.785000 11.400001 12.916999
v -19.082001 11.400001 14.214999
v -20.000000 11.400001 14.396999
v -22.215000 11.400001 12.916999
v -20.000000 11.400001 11.999999
v -15.987000 0.019999 -11.236000
v -12.987000 0.019999 -9.232000
v -13.690000 0.020000 -5.695000
v -14.744000 0.020000 -4.991000
v -15.987000 0.020000 -4.744000
v -18.283001 0.020000 -5.695000
v -18.987000 0.019999 -6.748000
v -19.233999 8.384999 -7.990000
v -18.987000 8.384999 -9.232001
v -18.283001 8.384999 -10.285001
v -17.229000 8.384999 -10.989001
v -15.987000 8.384999 -11.236001
v -14.744000 8.384999 -10.989001
v -13.690000 8.384999 -10.285001
v -12.987000 8.384999 -9.232001
v -12.739000 8.384999 -7.990000
v -12.987000 8.384999 -6.748001
v -13.690000 8.385000 -5.695001
v -14.744000 8.385000 -4.991001
v -15.987000 8.385000 -4.744000
v -17.229000 8.385000 -4.991001
v -18.283001 8.385000 -5.695001
v -18.987000 8.384999 -6.748001
v -18.385000 0.019999 -7.990000
v -18.202000 0.019999 -8.907000
v -17.681999 0.019999 -9.685000
v -15.069000 0.019999 -10.205000
v -14.291000 0.019999 -9.685000
v -13.771000 0.019999 -8.907000
v -13.771000 0.019999 -7.073000
v -14.291000 0.020000 -6.295000
v -15.987000 0.020000 -5.593000
v -16.903999 0.020000 -5.775000
v -18.385000 8.384999 -7.990000
v -18.202000 8.384999 -8.907001
v -17.681999 8.384999 -9.685001
v -16.903999 8.384999 -10.205001
v -15.987000 8.384999 -10.387001
v -15.069000 8.384999 -10.205001
v -14.291000 8.384999 -9.685001
v -13.771000 8.384999 -8.907001
v -13.589000 8.384999 -7.990000
v -13.771000 8.384999 -7.073000
v -14.291000 8.385000 -6.295001
v -15.069000 8.385000 -5.775001
v -15.987000 8.385000 -5.593000
v -16.903999 8.385000 -5.775001
v -17.681999 8.385000 -6.295001
v -18.202000 8.384999 -7.073000
v -3.000000 0.019999 -9.232000
v -2.296000 0.019999 -10.285000
v -1.243000 0.019999 -10.989000
v 0.000000 0.019999 -11.236000
v 0.000000 0.020000 -4.744000
v -1.243000 0.020000 -4.991000
v -2.296000 0.020000 -5.695000
v -3.000000 0.019999 -6.748000
v -3.247000 8.384999 -7.990000
v -3.000000 8.384999 -9.232001
v -2.296000 8.384999 -10.285001
v -1.243000 8.384999 -10.989001
v 0.000000 8.384999 -11.236001
v 0.000000 8.385000 -4.744000
v -1.243000 8.385000 -4.991001
v -2.296000 8.385000 -5.695001
v -3.000000 8.384999 -6.748001
v 0.000000 0.019999 -10.387000
v 0.000000 0.020000 -5.593000
v -0.918000 0.020000 -5.775000
v -2.398000 8.384999 -7.990000
v -2.215000 8.384999 -8.907001
v -1.696000 8.384999 -9.685001
v -0.918000 8.384999 -10.205001
v 0.000000 8.384999 -10.387001
v 0.000000 8.385000 -5.593000
v -0.918000 8.385000 -5.775001
v -1.696000 8.385000 -6.295001
v -2.215000 8.384999 -7.073000
v -3.247000 0.020001 7.990000
v -1.243000 0.020000 4.991000
v -3.247000 8.385001 7.989999
v -3.000000 8.385001 6.748000
v -2.296000 8.385000 5.695000
v -1.243000 8.385000 4.991000
v 0.000000 8.385000 4.743999
v 0.000000 8.385001 11.235999
v -1.243000 8.385001 10.988999
v -2.296000 8.385001 10.284999
v -3.000000 8.385001 9.231999
v -0.918000 0.020000 5.775000
v 0.000000 0.020001 10.387000
v -0.918000 0.020001 10.205000
v -2.398000 8.385001 7.989999
v -2.215000 8.385001 7.072999
v -1.696000 8.385000 6.295000
v -0.918000 8.385000 5.775000
v 0.000000 8.385000 5.592999
v 0.000000 8.385001 10.386999
v -0.918000 8.385001 10.204999
v -1.696000 8.385001 9.684999
v -2.215000 8.385001 8.906999
v -19.233999 0.020001 7.990000
v -18.987000 0.020001 6.748000
v -18.283001 0.020000 5.695000
v -17.229000 0.020000 4.991000
v -12.987000 0.020001 9.232000
v -13.690000 0.020001 10.285000
v -14.744000 0.020001 10.989000
v -15.987000 0.020001 11.236000
v -17.229000 0.020001 10.989000
v -18.283001 0.020001 10.285000
v -19.233999 8.385001 7.989999
v -18.987000 8.385001 6.748000
v -18.283001 8.385000 5.695000
v -17.229000 8.385000 4.991000
v -15.987000 8.385000 4.743999
v -14.744000 8.385000 4.991000
v -13.690000 8.385000 5.695000
v -12.987000 8.385001 6.748000
v -12.739000 8.385001 7.989999
v -12.987000 8.385001 9.231999
v -13.690000 8.385001 10.284999
v -14.744000 8.385001 10.988999
v -15.987000 8.385001 11.235999
v -17.229000 8.385001 10.988999
v -18.283001 8.385001 10.284999
v -18.987000 8.385001 9.231999
v -18.385000 0.020001 7.990000
v -16.903999 0.020000 5.775000
v -15.987000 0.020000 5.593000
v -14.291000 0.020000 6.295000
v -13.589000 0.020001 7.990000
v -13.771000 0.020001 8.907000
v -17.681999 0.020001 9.685000
v -18.202000 0.020001 8.907000
v -18.385000 8.385001 7.989999
v -18.202000 8.385001 7.072999
v -17.681999 8.385000 6.295000
v -16.903999 8.385000 5.775000
v -15.987000 8.385000 5.592999
v -15.069000 8.385000 5.775000
v -14.291000 8.385000 6.295000
v -13.771000 8.385001 7.072999
v -13.589000 8.385001 7.989999
v -13.771000 8.385001 8.906999
v -14.291000 8.385001 9.684999
v -15.069000 8.385001 10.204999
v -15.987000 8.385001 10.386999
v -16.903999 8.385001 10.204999
v -17.681999 8.385001 9.684999
v -18.202000 8.385001 8.906999
v -10.993000 0.020000 -1.242000
v -10.290000 0.020000 -2.295000
v -9.236000 0.020000 -2.999000
v -6.751000 0.020000 -2.999000
v -5.697000 0.020000 -2.295000
v -4.993000 0.020000 1.242000
v -5.697000 0.020000 2.295000
v -10.290000 0.020000 2.295000
v -10.993000 8.385000 -1.242001
v -10.290000 8.385000 -2.295001
v -9.236000 8.385000 -2.999001
v -6.751000 8.385000 -2.999001
v -5.697000 8.385000 -2.295001
v -4.993000 8.385000 -1.242001
v -4.826000 8.385000 -0.400001
v -4.993000 8.385000 1.241999
v -5.697000 8.385000 2.294999
v -6.751000 8.385000 2.998999
v -9.236000 8.385000 2.998999
v -10.290000 8.385000 2.294999
v -10.993000 8.385000 1.241999
v -10.391000 0.020000 -0.000000
v -10.209000 0.020000 -0.917000
v -8.911000 0.020000 -2.215000
v -7.993000 0.020000 -2.397000
v -7.076000 0.020000 -2.215000
v -6.298000 0.020000 -1.695000
v -5.778000 0.020000 -0.917000
v -5.778000 0.020000 0.917000
v -8.911000 0.020000 2.215000
v -9.689000 0.020000 1.695000
v -10.391000 8.385000 -0.000001
v -10.209000 8.385000 -0.917001
v -9.689000 8.385000 -1.695001
v -8.911000 8.385000 -2.215001
v -7.993000 8.385000 -2.397001
v -7.076000 8.385000 -2.215001
v -6.298000 8.385000 -1.695001
v -5.778000 8.385000 -0.917001
v -5.595000 8.385000 -0.000001
v -5.778000 8.385000 0.916999
v -6.298000 8.385000 1.694999
v -7.076000 8.385000 2.214999
v -7.993000 8.385000 2.396999
v -8.911000 8.385000 2.214999
v -9.689000 8.385000 1.694999
v -10.209000 8.385000 0.916999
v -22.381001 0.020000 0.399000
v -10.993000 0.020000 1.242000
v -11.161000 0.020000 -0.400000
v -22.381001 8.385000 0.398999
v -8.393000 8.385000 -3.166001
v -7.594000 0.019999 -14.382000
v -7.594000 8.384999 -14.382001
v -8.393000 8.384999 -14.382001
v -7.594000 8.385000 3.165999
v -8.393000 0.020001 14.382000
v -22.381001 8.385001 14.381999
v -23.959999 0.020001 15.960000
v -23.959999 9.579999 -15.960001
v -6.398000 11.399999 -12.000001
v -4.000000 11.399999 -14.397001
v -3.082000 11.399999 -14.215001
v -1.602000 11.399999 -12.000001
v -1.785000 11.399999 -11.083001
v -4.000000 11.399999 -9.603001
v -4.918000 11.399999 -9.785001
v -6.215000 11.399999 -11.083001
v -6.215000 11.400000 -4.917001
v -6.398000 11.400000 -4.000001
v -5.696000 11.400000 -5.695001
v -4.918000 11.400000 -6.215001
v -4.000000 11.399999 -6.397001
v -1.785000 11.400000 -3.083001
v -2.304000 11.400000 -2.305001
v -4.000000 11.400000 -1.603001
v -4.918000 11.400000 -1.785001
v -5.696000 11.400000 -2.305001
v -6.398000 11.400000 3.999999
v -4.000000 11.400000 1.602999
v -3.082000 11.400000 1.784999
v -2.304000 11.400000 2.304999
v -1.785000 11.400000 4.916999
v -2.304000 11.400000 5.694999
v -4.000000 11.400001 6.396999
v -6.398000 11.400001 11.999999
v -4.918000 11.400001 9.784999
v -4.000000 11.400001 9.602999
v -2.304000 11.400001 10.304999
v -1.602000 11.400001 11.999999
v -1.785000 11.400001 12.916999
v -4.918000 11.400001 14.214999
v -5.696000 11.400001 13.694999
v -14.398000 11.400001 11.999999
v -13.696000 11.400001 10.304999
v -12.000000 11.400001 9.602999
v -10.304000 11.400001 10.304999
v -9.785000 11.400001 11.082999
v -10.304000 11.400001 13.694999
v -11.082000 11.400001 14.214999
v -12.918000 11.400001 14.214999
v -14.215000 11.400001 12.916999
v -14.398000 11.400000 3.999999
v -11.082000 11.400000 1.784999
v -9.602000 11.400000 3.999999
v -9.785000 11.400000 4.916999
v -10.304000 11.400000 5.694999
v -11.082000 11.400000 6.214999
v -12.000000 11.400001 6.396999
v -12.918000 11.400000 6.214999
v -14.215000 11.400000 4.916999
v -14.215000 11.400000 -4.917001
v -14.398000 11.400000 -4.000001
v -9.785000 11.400000 -4.917001
v -9.785000 11.400000 -3.083001
v -12.918000 11.400000 -1.785001
v -13.696000 11.400000 -2.305001
v -14.215000 11.400000 -3.083001
v -14.398000 11.399999 -12.000001
v -10.304000 11.399999 -13.695001
v -13.696000 11.399999 -10.305001
v -21.695999 11.399999 -13.695001
v -20.917999 11.399999 -14.215001
v -17.785000 11.399999 -11.083001
v -18.304001 11.399999 -10.305001
v -20.000000 11.399999 -9.603001
v -20.917999 11.399999 -9.785001
v -21.695999 11.399999 -10.305001
v -22.215000 11.400000 -4.917001
v -22.398001 11.400000 -4.000001
v -20.917999 11.400000 -6.215001
v -20.000000 11.399999 -6.397001
v -19.082001 11.400000 -6.215001
v -18.304001 11.400000 -5.695001
v -18.304001 11.400000 -2.305001
v -20.000000 11.400000 -1.603001
v -20.917999 11.400000 -1.785001
v -21.695999 11.400000 -2.305001
v -22.398001 11.400000 3.999999
v -18.304001 11.400000 2.304999
v -17.785000 11.400000 4.916999
v -19.082001 11.400000 6.214999
v -20.917999 11.400000 6.214999
v -21.695999 11.400000 5.694999
v -22.215000 11.400000 4.916999
v -22.398001 11.400001 11.999999
v -20.917999 11.400001 9.784999
v -19.082001 11.400001 9.784999
v -17.785000 11.400001 11.082999
v -18.304001 11.400001 13.694999
v -20.917999 11.400001 14.214999
v -21.695999 11.400001 13.694999
v -18.987000 0.019999 -9.232000
v -19.233999 0.019999 -7.990000
v -18.283001 0.019999 -10.285000
v -17.229000 0.019999 -10.989000
v -14.744000 0.019999 -10.989000
v -13.690000 0.019999 -10.285000
v -12.739000 0.019999 -7.990000
v -12.987000 0.019999 -6.748000
v -17.229000 0.020000 -4.991000
v -16.903999 0.019999 -10.205000
v -15.987000 0.019999 -10.387000
v -13.589000 0.019999 -7.990000
v -15.069000 0.020000 -5.775000
v -17.681999 0.020000 -6.295000
v -18.202000 0.019999 -7.073000
v -3.247000 0.019999 -7.990000
v -2.215000 0.019999 -8.907000
v -2.398000 0.019999 -7.990000
v -1.696000 0.019999 -9.685000
v -0.918000 0.019999 -10.205000
v -1.696000 0.020000 -6.295000
v -2.215000 0.019999 -7.073000
v -3.000000 0.020001 6.748000
v -2.296000 0.020000 5.695000
v 0.000000 0.020000 4.744000
v 0.000000 0.020001 11.236000
v -1.243000 0.020001 10.989000
v -2.296000 0.020001 10.285000
v -3.000000 0.020001 9.232000
v -2.215000 0.020001 7.073000
v -2.398000 0.020001 7.990000
v -1.696000 0.020000 6.295000
v 0.000000 0.020000 5.593000
v -1.696000 0.020001 9.685000
v -2.215000 0.020001 8.907000
v -15.987000 0.020000 4.744000
v -14.744000 0.020000 4.991000
v -13.690000 0.020000 5.695000
v -12.987000 0.020001 6.748000
v -12.739000 0.020001 7.990000
v -18.987000 0.020001 9.232000
v -18.202000 0.020001 7.073000
v -17.681999 0.020000 6.295000
v -15.069000 0.020000 5.775000
v -13.771000 0.020001 7.073000
v -14.291000 0.020001 9.685000
v -15.069000 0.020001 10.205000
v -15.987000 0.020001 10.387000
v -16.903999 0.020001 10.205000
v -4.993000 0.020000 -1.242000
v -4.826000 0.020000 -0.400000
v -6.751000 0.020000 2.999000
v -9.236000 0.020000 2.999000
v -9.689000 0.020000 -1.695000
v -5.595000 0.020000 -0.000000
v -6.298000 0.020000 1.695000
v -7.076000 0.020000 2.215000
v -7.993000 0.020000 2.397000
v -10.209000 0.020000 0.917000
v -4.826000 0.020000 0.399000
v -4.826000 8.385000 0.398999
v -11.161000 0.020000 0.399000
v -11.161000 8.385000 0.398999
v -11.161000 8.385000 -0.400001
v -22.381001 0.020000 -0.400000
v -22.381001 8.385000 -0.400001
v -7.594000 0.020000 -3.166000
v -8.393000 0.020000 -3.166000
v -8.393000 0.019999 -14.382000
v -7.594000 8.385000 -3.166001
v -7.594000 0.020000 3.166000
v -8.393000 8.385000 3.165999
v -8.393000 0.020000 3.166000
v -7.594000 0.020001 14.382000
v -8.393000 8.385001 14.381999
v -7.594000 8.385001 14.381999
v -22.381001 0.020001 14.382000
v -22.381001 0.019999 -14.382000
v -22.381001 8.384999 -14.382001
v -23.959999 0.019999 -15.960000
v -23.959999 9.580001 15.959999
v 0.000000 9.580001 15.959999
v 0.000000 0.019999 -14.382000
v 0.000000 0.019999 -15.960000
v 0.000000 0.020001 14.382000
v 0.000000 0.020001 15.960000
v 0.000000 9.579999 -15.960001
v 0.000000 8.385000 0.398999
v 0.000000 0.020000 0.399000
v 0.000000 8.385000 -0.400001
v 0.000000 0.020000 -0.399000
v 0.000000 8.385001 14.381999
v 0.000000 8.384999 -14.382001
v -7.993000 8.385000 -0.000001
v 3.082000 11.399999 -14.215001
v 4.000000 11.399999 -14.397001
v 1.785000 11.399999 -11.083001
v 1.602000 11.399999 -12.000001
v 4.918000 11.399999 -9.785001
v 4.000000 11.399999 -9.603001
v 6.398000 11.399999 -12.000001
v 6.215000 11.399999 -11.083001
v 6.215000 11.400000 -4.917001
v 6.398000 11.400000 -4.000001
v 5.696000 11.400000 -5.695001
v 4.918000 11.400000 -6.215001
v 4.000000 11.399999 -6.397001
v 2.304000 11.400000 -2.305001
v 1.785000 11.400000 -3.083001
v 4.918000 11.400000 -1.785001
v 4.000000 11.400000 -1.603001
v 5.696000 11.400000 -2.305001
v 3.082000 11.400000 1.784999
v 4.000000 11.400000 1.602999
v 2.304000 11.400000 2.304999
v 2.304000 11.400000 5.694999
v 1.785000 11.400000 4.916999
v 4.000000 11.400001 9.602999
v 4.918000 11.400001 9.784999
v 1.785000 11.400001 12.916999
v 1.602000 11.400001 11.999999
v 5.696000 11.400001 13.694999
v 4.918000 11.400001 14.214999
v 9.785000 11.400001 11.082999
v 10.304000 11.400001 10.304999
v 11.082000 11.400001 14.214999
v 10.304000 11.400001 13.694999
v 14.398000 11.400001 11.999999
v 14.215000 11.400001 12.916999
v 9.785000 11.400000 4.916999
v 9.602000 11.400000 3.999999
v 10.304000 11.400000 5.694999
v 11.082000 11.400000 6.214999
v 12.000000 11.400001 6.396999
v 12.918000 11.400000 6.214999
v 14.398000 11.400000 3.999999
v 14.215000 11.400000 4.916999
v 14.215000 11.400000 -4.917001
v 14.398000 11.400000 -4.000001
v 13.696000 11.400000 -2.305001
v 12.918000 11.400000 -1.785001
v 14.215000 11.400000 -3.083001
v 20.917999 11.399999 -14.215001
v 21.695999 11.399999 -13.695001
v 18.304001 11.399999 -10.305001
v 17.785000 11.399999 -11.083001
v 20.917999 11.399999 -9.785001
v 20.000000 11.399999 -9.603001
v 21.695999 11.399999 -10.305001
v 22.215000 11.400000 -4.917001
v 22.398001 11.400000 -4.000001
v 20.000000 11.399999 -6.397001
v 20.917999 11.400000 -6.215001
v 19.082001 11.400000 -6.215001
v 18.304001 11.400000 -5.695001
v 20.917999 11.400000 -1.785001
v 20.000000 11.400000 -1.603001
v 21.695999 11.400000 -2.305001
v 21.695999 11.400000 5.694999
v 20.917999 11.400000 6.214999
v 22.215000 11.400000 4.916999
v 22.398001 11.400000 3.999999
v 21.695999 11.400001 13.694999
v 20.917999 11.400001 14.214999
v 18.987000 0.019999 -9.232000
v 19.233999 0.019999 -7.990000
v 18.283001 0.019999 -10.285000
v 17.229000 0.019999 -10.989000
v 13.690000 0.019999 -10.285000
v 14.744000 0.019999 -10.989000
v 12.987000 0.019999 -6.748000
v 12.739000 0.019999 -7.990000
v 15.987000 0.019999 -10.387000
v 16.903999 0.019999 -10.205000
v 18.202000 0.019999 -7.073000
v 17.681999 0.020000 -6.295000
v 2.215000 0.019999 -8.907000
v 2.398000 0.019999 -7.990000
v 1.696000 0.019999 -9.685000
v 0.918000 0.019999 -10.205000
v 2.215000 0.019999 -7.073000
v 1.696000 0.020000 -6.295000
v 2.296000 0.020000 5.695000
v 3.000000 0.020001 6.748000
v 1.243000 0.020001 10.989000
v 0.000000 0.020001 11.236000
v 2.296000 0.020001 10.285000
v 3.000000 0.020001 9.232000
v 2.215000 0.020001 7.073000
v 2.398000 0.020001 7.990000
v 1.696000 0.020000 6.295000
v 2.215000 0.020001 8.907000
v 1.696000 0.020001 9.685000
v 14.744000 0.020000 4.991000
v 15.987000 0.020000 4.744000
v 13.690000 0.020000 5.695000
v 12.987000 0.020001 6.748000
v 12.739000 0.020001 7.990000
v 17.681999 0.020000 6.295000
v 18.202000 0.020001 7.073000
v 15.069000 0.020001 10.205000
v 14.291000 0.020001 9.685000
v 15.987000 0.020001 10.387000
v 16.903999 0.020001 10.205000
v 10.290000 8.385000 -2.295001
v 10.993000 8.385000 -1.242001
v 9.236000 8.385000 -2.999001
v 5.697000 8.385000 -2.295001
v 6.751000 8.385000 -2.999001
v 4.993000 8.385000 -1.242001
v 5.697000 8.385000 2.294999
v 4.993000 8.385000 1.241999
v 6.751000 8.385000 2.998999
v 10.290000 8.385000 2.294999
v 9.236000 8.385000 2.998999
v 10.993000 8.385000 1.241999
v 6.298000 0.020000 1.695000
v 5.778000 0.020000 0.917000
v 7.076000 0.020000 2.215000
v 7.993000 0.020000 2.397000
v 10.209000 8.385000 -0.917001
v 10.391000 8.385000 -0.000001
v 9.689000 8.385000 -1.695001
v 8.911000 8.385000 -2.215001
v 7.993000 8.385000 -2.397001
v 7.076000 8.385000 -2.215001
v 6.298000 8.385000 -1.695001
v 5.778000 8.385000 -0.917001
v 5.595000 8.385000 -0.000001
v 5.778000 8.385000 0.916999
v 6.298000 8.385000 1.694999
v 7.076000 8.385000 2.214999
v 7.993000 8.385000 2.396999
v 8.911000 8.385000 2.214999
v 9.689000 8.385000 1.694999
v 10.209000 8.385000 0.916999
v 11.161000 8.385000 0.398999
v 11.161000 8.385000 0.398999
v 11.161000 8.385000 -0.400001
v 11.161000 8.385000 -0.400001
v 8.393000 8.385000 -3.166001
v 8.393000 8.385000 -3.166001
v 7.594000 0.020001 14.382000
v 7.594000 0.020001 14.382000
v 7.594000 8.385001 14.381999
v 7.594000 8.385001 14.381999
v 8.393000 8.385000 3.165999
v 8.393000 8.385000 3.165999
v 8.393000 8.385001 14.381999
v 8.393000 8.385001 14.381999
v 6.751000 0.020000 2.999000
v 7.594000 0.020000 3.166000
v 7.594000 0.020000 3.166000
v 22.381001 8.385001 14.381999
v 22.381001 8.385001 14.381999
v 22.381001 0.020001 14.382000
v 22.381001 0.020001 14.382000
v 5.696000 11.399999 -13.695001
v 6.215000 11.399999 -12.917001
v 4.918000 11.399999 -14.215001
v 1.785000 11.399999 -12.917001
v 2.304000 11.399999 -13.695001
v 3.082000 11.399999 -9.785001
v 2.304000 11.399999 -10.305001
v 2.304000 11.400000 -5.695001
v 3.082000 11.400000 -6.215001
v 1.785000 11.400000 -4.917001
v 1.602000 11.400000 -4.000001
v 5.696000 11.400000 2.304999
v 6.215000 11.400000 3.082999
v 4.918000 11.400000 1.784999
v 1.602000 11.400000 3.999999
v 1.785000 11.400000 3.082999
v 5.696000 11.400000 5.694999
v 4.918000 11.400000 6.214999
v 6.215000 11.400000 4.916999
v 5.696000 11.400001 10.304999
v 6.215000 11.400001 11.082999
v 3.082000 11.400001 14.214999
v 2.304000 11.400001 13.694999
v 4.000000 11.400001 14.396999
v 9.785000 11.400001 12.916999
v 9.602000 11.400001 11.999999
v 13.696000 11.400000 2.304999
v 14.215000 11.400000 3.082999
v 12.918000 11.400000 1.784999
v 12.000000 11.400000 1.602999
v 9.785000 11.400000 3.082999
v 10.304000 11.400000 2.304999
v 12.918000 11.400000 -6.215001
v 13.696000 11.400000 -5.695001
v 12.000000 11.399999 -6.397001
v 11.082000 11.400000 -6.215001
v 10.304000 11.400000 -5.695001
v 11.082000 11.400000 -1.785001
v 10.304000 11.400000 -2.305001
v 12.000000 11.400000 -1.603001
v 13.696000 11.399999 -13.695001
v 14.215000 11.399999 -12.917001
v 12.918000 11.399999 -14.215001
v 12.000000 11.399999 -14.397001
v 11.082000 11.399999 -14.215001
v 9.602000 11.399999 -12.000001
v 9.785000 11.399999 -12.917001
v 9.785000 11.399999 -11.083001
v 10.304000 11.399999 -10.305001
v 11.082000 11.399999 -9.785001
v 12.000000 11.399999 -9.603001
v 12.918000 11.399999 -9.785001
v 22.215000 11.399999 -12.917001
v 22.398001 11.399999 -12.000001
v 22.215000 11.399999 -11.083001
v 19.082001 11.399999 -14.215001
v 20.000000 11.399999 -14.397001
v 18.304001 11.399999 -13.695001
v 17.785000 11.399999 -12.917001
v 17.601999 11.399999 -12.000001
v 17.601999 11.400000 -4.000001
v 17.785000 11.400000 -4.917001
v 17.785000 11.400000 -3.083001
v 21.695999 11.400000 2.304999
v 22.215000 11.400000 3.082999
v 20.917999 11.400000 1.784999
v 20.000000 11.400000 1.602999
v 19.082001 11.400000 1.784999
v 17.601999 11.400000 3.999999
v 17.785000 11.400000 3.082999
v 21.695999 11.400001 10.304999
v 22.215000 11.400001 11.082999
v 17.785000 11.400001 12.916999
v 17.601999 11.400001 11.999999
v 20.000000 11.400001 14.396999
v 19.082001 11.400001 14.214999
v 14.744000 0.020000 -4.991000
v 13.690000 0.020000 -5.695000
v 15.987000 0.020000 -4.744000
v 18.987000 0.019999 -6.748000
v 18.283001 0.020000 -5.695000
v 18.202000 0.019999 -8.907000
v 18.385000 0.019999 -7.990000
v 17.681999 0.019999 -9.685000
v 14.291000 0.019999 -9.685000
v 15.069000 0.019999 -10.205000
v 13.771000 0.019999 -8.907000
v 14.291000 0.020000 -6.295000
v 13.771000 0.019999 -7.073000
v 16.903999 0.020000 -5.775000
v 15.987000 0.020000 -5.593000
v 2.296000 0.019999 -10.285000
v 3.000000 0.019999 -9.232000
v 1.243000 0.019999 -10.989000
v 0.000000 0.019999 -11.236000
v 1.243000 0.020000 -4.991000
v 0.000000 0.020000 -4.744000
v 2.296000 0.020000 -5.695000
v 3.000000 0.019999 -6.748000
v 0.918000 0.020000 -5.775000
v 0.000000 0.020000 -5.593000
v 0.918000 0.020001 10.205000
v 0.000000 0.020001 10.387000
v 18.987000 0.020001 6.748000
v 19.233999 0.020001 7.990000
v 18.283001 0.020000 5.695000
v 17.229000 0.020000 4.991000
v 13.690000 0.020001 10.285000
v 12.987000 0.020001 9.232000
v 14.744000 0.020001 10.989000
v 15.987000 0.020001 11.236000
v 17.229000 0.020001 10.989000
v 18.283001 0.020001 10.285000
v 18.385000 0.020001 7.990000
v 18.202000 0.020001 8.907000
v 15.987000 0.020000 5.593000
v 16.903999 0.020000 5.775000
v 13.771000 0.020001 8.907000
v 13.589000 0.020001 7.990000
v 17.681999 0.020001 9.685000
v 9.236000 0.020000 -2.999000
v 10.290000 0.020000 -2.295000
v 5.697000 0.020000 -2.295000
v 6.751000 0.020000 -2.999000
v 5.697000 0.020000 2.295000
v 4.993000 0.020000 1.242000
v 10.209000 0.020000 -0.917000
v 10.391000 0.020000 -0.000000
v 7.993000 0.020000 -2.397000
v 8.911000 0.020000 -2.215000
v 7.076000 0.020000 -2.215000
v 6.298000 0.020000 -1.695000
v 5.778000 0.020000 -0.917000
v 5.595000 0.020000 -0.000000
v 9.689000 0.020000 1.695000
v 8.911000 0.020000 2.215000
v 22.381001 0.020000 0.399000
v 22.381001 0.020000 0.399000
v 22.381001 8.385000 0.398999
v 22.381001 8.385000 0.398999
v 7.594000 0.019999 -14.382000
v 7.594000 0.019999 -14.382000
v 7.594000 8.384999 -14.382001
v 7.594000 8.384999 -14.382001
v 23.959999 9.580001 15.959999
v 23.959999 9.580001 15.959999
v 23.959999 0.020001 15.960000
v 23.959999 0.020001 15.960000
v 5.696000 11.399999 -10.305001
v 3.082000 11.400000 -1.785001
v 6.215000 11.400000 -3.083001
v 6.398000 11.400000 3.999999
v 3.082000 11.400000 6.214999
v 4.000000 11.400001 6.396999
v 6.398000 11.400001 11.999999
v 3.082000 11.400001 9.784999
v 2.304000 11.400001 10.304999
v 1.785000 11.400001 11.082999
v 6.215000 11.400001 12.916999
v 14.215000 11.400001 11.082999
v 13.696000 11.400001 10.304999
v 12.918000 11.400001 9.784999
v 12.000000 11.400001 9.602999
v 11.082000 11.400001 9.784999
v 12.000000 11.400001 14.396999
v 12.918000 11.400001 14.214999
v 13.696000 11.400001 13.694999
v 11.082000 11.400000 1.784999
v 13.696000 11.400000 5.694999
v 9.785000 11.400000 -4.917001
v 9.602000 11.400000 -4.000001
v 9.785000 11.400000 -3.083001
v 14.398000 11.399999 -12.000001
v 10.304000 11.399999 -13.695001
v 13.696000 11.399999 -10.305001
v 14.215000 11.399999 -11.083001
v 19.082001 11.399999 -9.785001
v 21.695999 11.400000 -5.695001
v 18.304001 11.400000 -2.305001
v 19.082001 11.400000 -1.785001
v 22.215000 11.400000 -3.083001
v 18.304001 11.400000 2.304999
v 17.785000 11.400000 4.916999
v 18.304001 11.400000 5.694999
v 19.082001 11.400000 6.214999
v 20.000000 11.400001 6.396999
v 22.398001 11.400001 11.999999
v 20.917999 11.400001 9.784999
v 20.000000 11.400001 9.602999
v 19.082001 11.400001 9.784999
v 18.304001 11.400001 10.304999
v 17.785000 11.400001 11.082999
v 18.304001 11.400001 13.694999
v 22.215000 11.400001 12.916999
v 15.987000 0.019999 -11.236000
v 12.987000 0.019999 -9.232000
v 17.229000 0.020000 -4.991000
v 13.589000 0.019999 -7.990000
v 15.069000 0.020000 -5.775000
v 3.247000 0.019999 -7.990000
v 0.000000 0.019999 -10.387000
v 3.247000 0.020001 7.990000
v 1.243000 0.020000 4.991000
v 0.000000 0.020000 4.744000
v 0.918000 0.020000 5.775000
v 0.000000 0.020000 5.593000
v 18.987000 0.020001 9.232000
v 15.069000 0.020000 5.775000
v 14.291000 0.020000 6.295000
v 13.771000 0.020001 7.073000
v 10.993000 0.020000 -1.242000
v 4.993000 0.020000 -1.242000
v 4.826000 0.020000 -0.400000
v 4.826000 0.020000 -0.400000
v 10.290000 0.020000 2.295000
v 9.236000 0.020000 2.999000
v 4.826000 8.385000 -0.400001
v 4.826000 8.385000 -0.400001
v 9.689000 0.020000 -1.695000
v 10.209000 0.020000 0.917000
v 4.826000 8.385000 0.398999
v 4.826000 8.385000 0.398999
v 0.000000 0.020000 0.399000
v 4.826000 0.020000 0.399000
v 4.826000 0.020000 0.399000
v 11.161000 0.020000 0.399000
v 11.161000 0.020000 0.399000
v 10.993000 0.020000 1.242000
v 22.381001 0.020000 -0.400000
v 22.381001 0.020000 -0.400000
v 11.161000 0.020000 -0.400000
v 11.161000 0.020000 -0.400000
v 22.381001 8.385000 -0.400001
v 22.381001 8.385000 -0.400001
v 7.594000 0.020000 -3.166000
v 7.594000 0.020000 -3.166000
v 8.393000 0.020000 -3.166000
v 8.393000 0.020000 -3.166000
v 8.393000 0.019999 -14.382000
v 8.393000 0.019999 -14.382000
v 8.393000 8.384999 -14.382001
v 8.393000 8.384999 -14.382001
v 7.594000 8.385000 -3.166001
v 7.594000 8.385000 -3.166001
v 0.000000 0.020001 14.382000
v 7.594000 8.385000 3.165999
v 7.594000 8.385000 3.165999
v 8.393000 0.020000 3.166000
v 8.393000 0.020000 3.166000
v 8.393000 0.020001 14.382000
v 8.393000 0.020001 14.382000
v 0.000000 8.385001 14.381999
v 22.381001 8.384999 -14.382001
v 22.381001 8.384999 -14.382001
v 22.381001 0.019999 -14.382000
v 22.381001 0.019999 -14.382000
v 0.000000 0.019999 -14.382000
v 0.000000 8.384999 -14.382001
v 23.959999 0.019999 -15.960000
v 23.959999 0.019999 -15.960000
v 23.959999 9.579999 -15.960001
v 23.959999 9.579999 -15.960001
v 0.000000 9.580001 15.959999
v 0.000000 0.019999 -15.960000
v 0.000000 0.020001 15.960000
v 0.000000 9.579999 -15.960001
v 0.000000 8.385000 0.398999
v 0.000000 8.385000 -0.400001
v 0.000000 0.020000 -0.399000
v -3.082000 11.399999 -14.215001
v -4.000000 11.399999 -14.397001
v -1.785000 11.399999 -11.083001
v -1.602000 11.399999 -12.000001
v -4.918000 11.399999 -9.785001
v -4.000000 11.399999 -9.603001
v -6.398000 11.399999 -12.000001
v -6.215000 11.399999 -11.083001
v -6.215000 11.400000 -4.917001
v -6.398000 11.400000 -4.000001
v -5.696000 11.400000 -5.695001
v -4.918000 11.400000 -6.215001
v -4.000000 11.399999 -6.397001
v -2.304000 11.400000 -2.305001
v -1.785000 11.400000 -3.083001
v -4.918000 11.400000 -1.785001
v -4.000000 11.400000 -1.603001
v -5.696000 11.400000 -2.305001
v -3.082000 11.400000 1.784999
v -4.000000 11.400000 1.602999
v -2.304000 11.400000 2.304999
v -2.304000 11.400000 5.694999
v -1.785000 11.400000 4.916999
v -4.000000 11.400001 9.602999
v -4.918000 11.400001 9.784999
v -1.785000 11.400001 12.916999
v -1.602000 11.400001 11.999999
v -5.696000 11.400001 13.694999
v -4.918000 11.400001 14.214999
v -9.785000 11.400001 11.082999
v -10.304000 11.400001 10.304999
v -11.082000 11.400001 14.214999
v -10.304000 11.400001 13.694999
v -14.398000 11.400001 11.999999
v -14.215000 11.400001 12.916999
v -9.785000 11.400000 4.916999
v -9.602000 11.400000 3.999999
v -10.304000 11.400000 5.694999
v -11.082000 11.400000 6.214999
v -12.000000 11.400001 6.396999
v -12.918000 11.400000 6.214999
v -14.398000 11.400000 3.999999
v -14.215000 11.400000 4.916999
v -14.215000 11.400000 -4.917001
v -14.398000 11.400000 -4.000001
v -13.696000 11.400000 -2.305001
v -12.918000 11.400000 -1.785001
v -14.215000 11.400000 -3.083001
v -20.917999 11.399999 -14.215001
v -21.695999 11.399999 -13.695001
v -18.304001 11.399999 -10.305001
v -17.785000 11.399999 -11.083001
v -20.917999 11.399999 -9.785001
v -20.000000 11.399999 -9.603001
v -21.695999 11.399999 -10.305001
v -22.215000 11.400000 -4.917001
v -22.398001 11.400000 -4.000001
v -20.000000 11.399999 -6.397001
v -20.917999 11.400000 -6.215001
v -19.082001 11.400000 -6.215001
v -18.304001 11.400000 -5.695001
v -20.917999 11.400000 -1.785001
v -20.000000 11.400000 -1.603001
v -21.695999 11.400000 -2.305001
v -21.695999 11.400000 5.694999
v -20.917999 11.400000 6.214999
v -22.215000 11.400000 4.916999
v -22.398001 11.400000 3.999999
v -21.695999 11.400001 13.694999
v -20.917999 11.400001 14.214999
v -18.987000 0.019999 -9.232000
v -19.233999 0.019999 -7.990000
v -18.283001 0.019999 -10.285000
v -17.229000 0.019999 -10.989000
v -13.690000 0.019999 -10.285000
v -14.744000 0.019999 -10.989000
v -12.987000 0.019999 -6.748000
v -12.739000 0.019999 -7.990000
v -15.987000 0.019999 -10.387000
v -16.903999 0.019999 -10.205000
v -18.202000 0.019999 -7.073000
v -17.681999 0.020000 -6.295000
v -2.215000 0.019999 -8.907000
v -2.398000 0.019999 -7.990000
v -1.696000 0.019999 -9.685000
v -0.918000 0.019999 -10.205000
v -2.215000 0.019999 -7.073000
v -1.696000 0.020000 -6.295000
v -2.296000 0.020000 5.695000
v -3.000000 0.020001 6.748000
v -1.243000 0.020001 10.989000
v -2.296000 0.020001 10.285000
v -3.000000 0.020001 9.232000
v -2.215000 0.020001 7.073000
v -2.398000 0.020001 7.990000
v -1.696000 0.020000 6.295000
v -2.215000 0.020001 8.907000
v -1.696000 0.020001 9.685000
v -14.744000 0.020000 4.991000
v -15.987000 0.020000 4.744000
v -13.690000 0.020000 5.695000
v -12.987000 0.020001 6.748000
v -12.739000 0.020001 7.990000
v -17.681999 0.020000 6.295000
v -18.202000 0.020001 7.073000
v -15.069000 0.020001 10.205000
v -14.291000 0.020001 9.685000
v -15.987000 0.020001 10.387000
v -16.903999 0.020001 10.205000
v -10.290000 8.385000 -2.295001
v -10.993000 8.385000 -1.242001
v -9.236000 8.385000 -2.999001
v -5.697000 8.385000 -2.295001
v -6.751000 8.385000 -2.999001
v -4.993000 8.385000 -1.242001
v -5.697000 8.385000 2.294999
v -4.993000 8.385000 1.241999
v -6.751000 8.385000 2.998999
v -10.290000 8.385000 2.294999
v -9.236000 8.385000 2.998999
v -10.993000 8.385000 1.241999
v -6.298000 0.020000 1.695000
v -5.778000 0.020000 0.917000
v -7.076000 0.020000 2.215000
v -7.993000 0.020000 2.397000
v -10.209000 8.385000 -0.917001
v -10.391000 8.385000 -0.000001
v -9.689000 8.385000 -1.695001
v -8.911000 8.385000 -2.215001
v -7.993000 8.385000 -2.397001
v -7.076000 8.385000 -2.215001
v -6.298000 8.385000 -1.695001
v -5.778000 8.385000 -0.917001
v -5.595000 8.385000 -0.000001
v -5.778000 8.385000 0.916999
v -6.298000 8.385000 1.694999
v -7.076000 8.385000 2.214999
v -7.993000 8.385000 2.396999
v -8.911000 8.385000 2.214999
v -9.689000 8.385000 1.694999
v -10.209000 8.385000 0.916999
v -11.161000 8.385000 0.398999
v -11.161000 8.385000 0.398999
v -11.161000 8.385000 -0.400001
v -11.161000 8.385000 -0.400001
v -8.393000 8.385000 -3.166001
v -8.393000 8.385000 -3.166001
v -7.594000 0.020001 14.382000
v -7.594000 0.020001 14.382000
v -7.594000 8.385001 14.381999
v -7.594000 8.385001 14.381999
v -8.393000 8.385000 3.165999
v -8.393000 8.385000 3.165999
v -8.393000 8.385001 14.381999
v -8.393000 8.385001 14.381999
v -6.751000 0.020000 2.999000
v -7.594000 0.020000 3.166000
v -7.594000 0.020000 3.166000
v -22.381001 8.385001 14.381999
v -22.381001 8.385001 14.381999
v -22.381001 0.020001 14.382000
v -22.381001 0.020001 14.382000
v -5.696000 11.399999 -13.695001
v -6.215000 11.399999 -12.917001
v -4.918000 11.399999 -14.215001
v -1.785000 11.399999 -12.917001
v -2.304000 11.399999 -13.695001
v -3.082000 11.399999 -9.785001
v -2.304000 11.399999 -10.305001
v -2.304000 11.400000 -5.695001
v -3.082000 11.400000 -6.215001
v -1.785000 11.400000 -4.917001
v -1.602000 11.400000 -4.000001
v -5.696000 11.400000 2.304999
v -6.215000 11.400000 3.082999
v -4.918000 11.400000 1.784999
v -1.602000 11.400000 3.999999
v -1.785000 11.400000 3.082999
v -5.696000 11.400000 5.694999
v -4.918000 11.400000 6.214999
v -6.215000 11.400000 4.916999
v -5.696000 11.400001 10.304999
v -6.215000 11.400001 11.082999
v -3.082000 11.400001 14.214999
v -2.304000 11.400001 13.694999
v -4.000000 11.400001 14.396999
v -9.785000 11.400001 12.916999
v -9.602000 11.400001 11.999999
v -13.696000 11.400000 2.304999
v -14.215000 11.400000 3.082999
v -12.918000 11.400000 1.784999
v -12.000000 11.400000 1.602999
v -9.785000 11.400000 3.082999
v -10.304000 11.400000 2.304999
v -12.918000 11.400000 -6.215001
v -13.696000 11.400000 -5.695001
v -12.000000 11.399999 -6.397001
v -11.082000 11.400000 -6.215001
v -10.304000 11.400000 -5.695001
v -11.082000 11.400000 -1.785001
v -10.304000 11.400000 -2.305001
v -12.000000 11.400000 -1.603001
v -13.696000 11.399999 -13.695001
v -14.215000 11.399999 -12.917001
v -12.918000 11.399999 -14.215001
v -12.000000 11.399999 -14.397001
v -11.082000 11.399999 -14.215001
v -9.602000 11.399999 -12.000001
v -9.785000 11.399999 -12.917001
v -9.785000 11.399999 -11.083001
v -10.304000 11.399999 -10.305001
v -11.082000 11.399999 -9.785001
v -12.000000 11.399999 -9.603001
v -12.918000 11.399999 -9.785001
v -22.215000 11.399999 -12.917001
v -22.398001 11.399999 -12.000001
v -22.215000 11.399999 -11.083001
v -19.082001 11.399999 -14.215001
v -20.000000 11.399999 -14.397001
v -18.304001 11.399999 -13.695001
v -17.785000 11.399999 -12.917001
v -17.601999 11.399999 -12.000001
v -17.601999 11.400000 -4.000001
v -17.785000 11.400000 -4.917001
v -17.785000 11.400000 -3.083001
v -21.695999 11.400000 2.304999
v -22.215000 11.400000 3.082999
v -20.917999 11.400000 1.784999
v -20.000000 11.400000 1.602999
v -19.082001 11.400000 1.784999
v -17.601999 11.400000 3.999999
v -17.785000 11.400000 3.082999
v -21.695999 11.400001 10.304999
v -22.215000 11.400001 11.082999
v -17.785000 11.400001 12.916999
v -17.601999 11.400001 11.999999
v -20.000000 11.400001 14.396999
v -19.082001 11.400001 14.214999
v -14.744000 0.020000 -4.991000
v -13.690000 0.020000 -5.695000
v -15.987000 0.020000 -4.744000
v -18.987000 0.019999 -6.748000
v -18.283001 0.020000 -5.695000
v -18.202000 0.019999 -8.907000
v -18.385000 0.019999 -7.990000
v -17.681999 0.019999 -9.685000
v -14.291000 0.019999 -9.685000
v -15.069000 0.019999 -10.205000
v -13.771000 0.019999 -8.907000
v -14.291000 0.020000 -6.295000
v -13.771000 0.019999 -7.073000
v -16.903999 0.020000 -5.775000
v -15.987000 0.020000 -5.593000
v -2.296000 0.019999 -10.285000
v -3.000000 0.019999 -9.232000
v -1.243000 0.019999 -10.989000
v -1.243000 0.020000 -4.991000
v -2.296000 0.020000 -5.695000
v -3.000000 0.019999 -6.748000
v -0.918000 0.020000 -5.775000
v -0.918000 0.020001 10.205000
v -18.987000 0.020001 6.748000
v -19.233999 0.020001 7.990000
v -18.283001 0.020000 5.695000
v -17.229000 0.020000 4.991000
v -13.690000 0.020001 10.285000
v -12.987000 0.020001 9.232000
v -14.744000 0.020001 10.989000
v -15.987000 0.020001 11.236000
v -17.229000 0.020001 10.989000
v -18.283001 0.020001 10.285000
v -18.385000 0.020001 7.990000
v -18.202000 0.020001 8.907000
v -15.987000 0.020000 5.593000
v -16.903999 0.020000 5.775000
v -13.771000 0.020001 8.907000
v -13.589000 0.020001 7.990000
v -17.681999 0.020001 9.685000
v -9.236000 0.020000 -2.999000
v -10.290000 0.020000 -2.295000
v -5.697000 0.020000 -2.295000
v -6.751000 0.020000 -2.999000
v -5.697000 0.020000 2.295000
v -4.993000 0.020000 1.242000
v -10.209000 0.020000 -0.917000
v -10.391000 0.020000 -0.000000
v -7.993000 0.020000 -2.397000
v -8.911000 0.020000 -2.215000
v -7.076000 0.020000 -2.215000
v -6.298000 0.020000 -1.695000
v -5.778000 0.020000 -0.917000
v -5.595000 0.020000 -0.000000
v -9.689000 0.020000 1.695000
v -8.911000 0.020000 2.215000
v -22.381001 0.020000 0.399000
v -22.381001 0.020000 0.399000
v -22.381001 8.385000 0.398999
v -22.381001 8.385000 0.398999
v -7.594000 0.019999 -14.382000
v -7.594000 0.019999 -14.382000
v -7.594000 8.384999 -14.382001
v -7.594000 8.384999 -14.382001
v -23.959999 9.580001 15.959999
v -23.959999 9.580001 15.959999
v -23.959999 0.020001 15.960000
v -23.959999 0.020001 15.960000
v -5.696000 11.399999 -10.305001
v -3.082000 11.400000 -1.785001
v -6.215000 11.400000 -3.083001
v -6.398000 11.400000 3.999999
v -3.082000 11.400000 6.214999
v -4.000000 11.400001 6.396999
v -6.398000 11.400001 11.999999
v -3.082000 11.400001 9.784999
v -2.304000 11.400001 10.304999
v -1.785000 11.400001 11.082999
v -6.215000 11.400001 12.916999
v -14.215000 11.400001 11.082999
v -13.696000 11.400001 10.304999
v -12.918000 11.400001 9.784999
v -12.000000 11.400001 9.602999
v -11.082000 11.400001 9.784999
v -12.000000 11.400001 14.396999
v -12.918000 11.400001 14.214999
v -13.696000 11.400001 13.694999
v -11.082000 11.400000 1.784999
v -13.696000 11.400000 5.694999
v -9.785000 11.400000 -4.917001
v -9.602000 11.400000 -4.000001
v -9.785000 11.400000 -3.083001
v -14.398000 11.399999 -12.000001
v -10.304000 11.399999 -13.695001
v -13.696000 11.399999 -10.305001
v -14.215000 11.399999 -11.083001
v -19.082001 11.399999 -9.785001
v -21.695999 11.400000 -5.695001
v -18.304001 11.400000 -2.305001
v -19.082001 11.400000 -1.785001
v -22.215000 11.400000 -3.083001
v -18.304001 11.400000 2.304999
v -17.785000 11.400000 4.916999
v -18.304001 11.400000 5.694999
v -19.082001 11.400000 6.214999
v -20.000000 11.400001 6.396999
v -22.398001 11.400001 11.999999
v -20.917999 11.400001 9.784999
v -20.000000 11.400001 9.602999
v -19.082001 11.400001 9.784999
v -18.304001 11.400001 10.304999
v -17.785000 11.400001 11.082999
v -18.304001 11.400001 13.694999
v -22.215000 11.400001 12.916999
v -15.987000 0.019999 -11.236000
v -12.987000 0.019999 -9.232000
v -17.229000 0.020000 -4.991000
v -13.589000 0.019999 -7.990000
v -15.069000 0.020000 -5.775000
v -3.247000 0.019999 -7.990000
v -3.247000 0.020001 7.990000
v -1.243000 0.020000 4.991000
v -0.918000 0.020000 5.775000
v -18.987000 0.020001 9.232000
v -15.069000 0.020000 5.775000
v -14.291000 0.020000 6.295000
v -13.771000 0.020001 7.073000
v -10.993000 0.020000 -1.242000
v -4.993000 0.020000 -1.242000
v -4.826000 0.020000 -0.400000
v -4.826000 0.020000 -0.400000
v -10.290000 0.020000 2.295000
v -9.236000 0.020000 2.999000
v -4.826000 8.385000 -0.400001
v -4.826000 8.385000 -0.400001
v -9.689000 0.020000 -1.695000
v -10.209000 0.020000 0.917000
v -4.826000 8.385000 0.398999
v -4.826000 8.385000 0.398999
v -4.826000 0.020000 0.399000
v -4.826000 0.020000 0.399000
v -11.161000 0.020000 0.399000
v -11.161000 0.020000 0.399000
v -10.993000 0.020000 1.242000
v -22.381001 0.020000 -0.400000
v -22.381001 0.020000 -0.400000
v -11.161000 0.020000 -0.400000
v -11.161000 0.020000 -0.400000
v -22.381001 8.385000 -0.400001
v -22.381001 8.385000 -0.400001
v -7.594000 0.020000 -3.166000
v -7.594000 0.020000 -3.166000
v -8.393000 0.020000 -3.166000
v -8.393000 0.020000 -3.166000
v -8.393000 0.019999 -14.382000
v -8.393000 0.019999 -14.382000
v -8.393000 8.384999 -14.382001
v -8.393000 8.384999 -14.382001
v -7.594000 8.385000 -3.166001
v -7.594000 8.385000 -3.166001
v -7.594000 8.385000 3.165999
v -7.594000 8.385000 3.165999
v -8.393000 0.020000 3.166000
v -8.393000 0.020000 3.166000
v -8.393000 0.020001 14.382000
v -8.393000 0.020001 14.382000
v -22.381001 8.384999 -14.382001
v -22.381001 8.384999 -14.382001
v -22.381001 0.019999 -14.382000
v -22.381001 0.019999 -14.382000
v -23.959999 0.019999 -15.960000
v -23.959999 0.019999 -15.960000
v -23.959999 9.579999 -15.960001
v -23.959999 9.579999 -15.960001
vn 0.5557 -0.0000 0.8314
vn -0.8319 -0.0000 -0.5549
vn 0.8319 -0.0000 0.5549
vn -0.9807 -0.0000 -0.1957
vn 0.9807 -0.0000 -0.1957
vn 0.9807 -0.0000 0.1957
vn -0.9807 -0.0000 0.1957
vn 0.8319 -0.0000 -0.5549
vn -0.8319 -0.0000 0.5549
vn 0.5557 -0.0000 -0.8314
vn -0.5557 -0.0000 0.8314
vn 0.1945 -0.0000 -0.9809
vn -0.1945 -0.0000 0.9809
vn -0.1945 -0.0000 -0.9809
vn 0.1945 -0.0000 0.9809
vn -0.5557 -0.0000 -0.8314
vn -0.0000 1.0000 -0.0000
vn 0.5554 -0.0000 -0.8316
vn -0.5554 -0.0000 0.8316
vn 0.1951 -0.0000 -0.9808
vn -0.1949 -0.0000 0.9808
vn -0.1949 -0.0000 -0.9808
vn 0.1951 -0.0000 0.9808
vn -0.5554 -0.0000 -0.8316
vn 0.5554 -0.0000 0.8316
vn -0.8317 -0.0000 -0.5552
vn 0.8313 -0.0000 0.5558
vn -0.9806 -0.0000 -0.1958
vn 0.9808 -0.0000 -0.1951
vn 0.9808 -0.0000 0.1951
vn -0.9806 -0.0000 0.1958
vn 0.8313 -0.0000 -0.5558
vn -0.8317 -0.0000 0.5552
vn -0.9809 -0.0000 0.1947
vn 0.8314 -0.0000 -0.5557
vn -0.8314 -0.0000 0.5557
vn 0.1947 -0.0000 -0.9809
vn 0.1947 -0.0000 0.9809
vn -0.8314 -0.0000 -0.5557
vn 0.8314 -0.0000 0.5557
vn -0.9809 -0.0000 -0.1947
vn 0.5558 -0.0000 -0.8313
vn 0.1949 -0.0000 -0.9808
vn 0.1949 -0.0000 0.9808
vn 0.5558 -0.0000 0.8313
vn -0.8313 -0.0000 -0.5558
vn -0.9809 -0.0000 -0.1945
vn 0.8317 -0.0000 -0.5552
vn -0.8313 -0.0000 0.5558
vn -0.1947 -0.0000 0.9809
vn -0.1947 -0.0000 -0.9809
vn 0.9809 -0.0000 -0.1947
vn 0.9809 -0.0000 0.1947
vn -0.0000 -0.0000 1.0000
vn -0.9809 -0.0000 0.1943
vn 0.8317 -0.0000 0.5552
vn 0.9807 -0.0000 0.1954
vn -0.0000 -0.0000 -1.0000
vn 1.0000 -0.0000 -0.0000
vn -0.1943 -0.0000 -0.9809
vn 0.1943 -0.0000 -0.9809
vn -0.1943 -0.0000 0.9809
vn 0.1943 -0.0000 0.9809
vn -0.0002 -0.0001 -1.0000
vn -0.1951 -0.0000 -0.9808
vn -0.1951 -0.0000 0.9808
vn 0.9806 -0.0000 -0.1958
vn -0.9808 -0.0000 -0.1951
vn -0.9808 -0.0000 0.1951
vn 0.9806 -0.0000 0.1958
vn -0.5558 -0.0000 -0.8313
vn -0.5558 -0.0000 0.8313
vn 0.9809 -0.0000 -0.1945
vn 0.9809 -0.0000 0.1943
vn -0.9807 -0.0000 0.1954
vn -1.0000 -0.0000 -0.0000
vn 0.0002 -0.0001 -1.0000
s 0
usemtl MB_5.004
f 15//1 24//1 14//1
f 24//1 1379//1 14//1
f 8//2 21//2 7//2
f 21//2 20//2 7//2
f 16//3 1382//3 15//3
f 1382//3 24//3 15//3
f 9//4 1378//4 8//4
f 1378//4 21//4 8//4
f 1381//5 1//5 17//5
f 1//5 2//5 17//5
f 1//6 1381//6 16//6
f 1381//6 1382//6 16//6
f 10//7 1377//7 9//7
f 1377//7 1378//7 9//7
f 3//8 18//8 2//8
f 18//8 17//8 2//8
f 11//9 22//9 10//9
f 22//9 1377//9 10//9
f 4//10 19//10 3//10
f 19//10 18//10 3//10
f 12//11 23//11 11//11
f 23//11 22//11 11//11
f 5//12 1376//12 4//12
f 1376//12 19//12 4//12
f 13//13 1380//13 12//13
f 1380//13 23//13 12//13
f 6//14 1375//14 5//14
f 1375//14 1376//14 5//14
f 14//15 1379//15 13//15
f 1379//15 1380//15 13//15
f 7//16 20//16 6//16
f 20//16 1375//16 6//16
f 503//17 1539//17 25//17
f 1539//17 1538//17 25//17
f 1538//17 1540//17 25//17
f 1540//17 504//17 25//17
f 504//17 505//17 25//17
f 505//17 1542//17 25//17
f 1542//17 1541//17 25//17
f 1541//17 506//17 25//17
f 506//17 507//17 25//17
f 507//17 1544//17 25//17
f 1544//17 1543//17 25//17
f 1543//17 508//17 25//17
f 508//17 509//17 25//17
f 509//17 1686//17 25//17
f 1686//17 510//17 25//17
f 510//17 503//17 25//17
f 40//1 1392//1 39//1
f 1392//1 1390//1 39//1
f 33//2 44//2 32//2
f 44//2 43//2 32//2
f 41//3 47//3 40//3
f 47//3 1392//3 40//3
f 34//4 45//4 33//4
f 45//4 44//4 33//4
f 27//5 1383//5 26//5
f 1383//5 1384//5 26//5
f 26//6 1384//6 41//6
f 1384//6 47//6 41//6
f 35//7 1389//7 34//7
f 1389//7 45//7 34//7
f 28//8 1385//8 27//8
f 1385//8 1383//8 27//8
f 36//9 1388//9 35//9
f 1388//9 1389//9 35//9
f 29//10 1386//10 28//10
f 1386//10 1385//10 28//10
f 37//11 46//11 36//11
f 46//11 1388//11 36//11
f 30//12 1387//12 29//12
f 1387//12 1386//12 29//12
f 38//13 1391//13 37//13
f 1391//13 46//13 37//13
f 31//14 42//14 30//14
f 42//14 1387//14 30//14
f 39//15 1390//15 38//15
f 1390//15 1391//15 38//15
f 32//16 43//16 31//16
f 43//16 42//16 31//16
f 512//17 511//17 48//17
f 511//17 513//17 48//17
f 513//17 514//17 48//17
f 514//17 515//17 48//17
f 515//17 1546//17 48//17
f 1546//17 1545//17 48//17
f 1545//17 1547//17 48//17
f 1547//17 1548//17 48//17
f 1548//17 516//17 48//17
f 516//17 517//17 48//17
f 517//17 1687//17 48//17
f 1687//17 518//17 48//17
f 518//17 519//17 48//17
f 519//17 520//17 48//17
f 520//17 1688//17 48//17
f 1688//17 512//17 48//17
f 63//1 72//1 62//1
f 72//1 71//1 62//1
f 56//2 68//2 55//2
f 68//2 1395//2 55//2
f 64//3 73//3 63//3
f 73//3 72//3 63//3
f 57//4 69//4 56//4
f 69//4 68//4 56//4
f 50//5 65//5 49//5
f 65//5 1689//5 49//5
f 49//6 1689//6 64//6
f 1689//6 73//6 64//6
f 58//7 1397//7 57//7
f 1397//7 69//7 57//7
f 51//8 66//8 50//8
f 66//8 65//8 50//8
f 59//9 1396//9 58//9
f 1396//9 1397//9 58//9
f 52//10 67//10 51//10
f 67//10 66//10 51//10
f 60//11 70//11 59//11
f 70//11 1396//11 59//11
f 53//12 1394//12 52//12
f 1394//12 67//12 52//12
f 61//13 1691//13 60//13
f 1691//13 70//13 60//13
f 54//14 1393//14 53//14
f 1393//14 1394//14 53//14
f 62//15 71//15 61//15
f 71//15 1691//15 61//15
f 55//16 1395//16 54//16
f 1395//16 1393//16 54//16
f 521//17 1550//17 74//17
f 1550//17 1549//17 74//17
f 1549//17 1551//17 74//17
f 1551//17 522//17 74//17
f 522//17 523//17 74//17
f 523//17 524//17 74//17
f 524//17 1553//17 74//17
f 1553//17 1552//17 74//17
f 1552//17 525//17 74//17
f 525//17 526//17 74//17
f 526//17 1690//17 74//17
f 1690//17 527//17 74//17
f 527//17 1555//17 74//17
f 1555//17 1554//17 74//17
f 1554//17 1556//17 74//17
f 1556//17 521//17 74//17
f 89//1 1402//1 88//1
f 1402//1 1403//1 88//1
f 82//2 94//2 81//2
f 94//2 1694//2 81//2
f 90//3 98//3 89//3
f 98//3 1402//3 89//3
f 83//4 1401//4 82//4
f 1401//4 94//4 82//4
f 76//5 91//5 75//5
f 91//5 1692//5 75//5
f 75//6 1692//6 90//6
f 1692//6 98//6 90//6
f 84//7 1400//7 83//7
f 1400//7 1401//7 83//7
f 77//8 92//8 76//8
f 92//8 91//8 76//8
f 85//9 95//9 84//9
f 95//9 1400//9 84//9
f 78//10 1399//10 77//10
f 1399//10 92//10 77//10
f 86//11 96//11 85//11
f 96//11 95//11 85//11
f 79//12 1398//12 78//12
f 1398//12 1399//12 78//12
f 87//13 97//13 86//13
f 97//13 96//13 86//13
f 80//14 93//14 79//14
f 93//14 1398//14 79//14
f 88//15 1403//15 87//15
f 1403//15 97//15 87//15
f 81//16 1694//16 80//16
f 1694//16 93//16 80//16
f 528//17 1558//17 99//17
f 1558//17 1557//17 99//17
f 1557//17 529//17 99//17
f 529//17 530//17 99//17
f 530//17 1693//17 99//17
f 1693//17 531//17 99//17
f 531//17 1695//17 99//17
f 1695//17 532//17 99//17
f 532//17 533//17 99//17
f 533//17 1560//17 99//17
f 1560//17 1559//17 99//17
f 1559//17 1561//17 99//17
f 1561//17 534//17 99//17
f 534//17 535//17 99//17
f 535//17 1696//17 99//17
f 1696//17 528//17 99//17
f 114//1 122//1 113//1
f 122//1 1703//1 113//1
f 107//2 1404//2 106//2
f 1404//2 1405//2 106//2
f 115//3 1409//3 114//3
f 1409//3 122//3 114//3
f 108//4 119//4 107//4
f 119//4 1404//4 107//4
f 101//5 116//5 100//5
f 116//5 1408//5 100//5
f 100//6 1408//6 115//6
f 1408//6 1409//6 115//6
f 109//7 120//7 108//7
f 120//7 119//7 108//7
f 102//8 1698//8 101//8
f 1698//8 116//8 101//8
f 110//9 1407//9 109//9
f 1407//9 120//9 109//9
f 103//10 117//10 102//10
f 117//10 1698//10 102//10
f 111//11 1406//11 110//11
f 1406//11 1407//11 110//11
f 104//12 1700//12 103//12
f 1700//12 117//12 103//12
f 112//13 121//13 111//13
f 121//13 1406//13 111//13
f 105//14 118//14 104//14
f 118//14 1700//14 104//14
f 113//15 1703//15 112//15
f 1703//15 121//15 112//15
f 106//16 1405//16 105//16
f 1405//16 118//16 105//16
f 536//17 1697//17 123//17
f 1697//17 537//17 123//17
f 537//17 1699//17 123//17
f 1699//17 538//17 123//17
f 538//17 1701//17 123//17
f 1701//17 539//17 123//17
f 539//17 540//17 123//17
f 540//17 1563//17 123//17
f 1563//17 1562//17 123//17
f 1562//17 541//17 123//17
f 541//17 542//17 123//17
f 542//17 1702//17 123//17
f 1702//17 543//17 123//17
f 543//17 1704//17 123//17
f 1704//17 544//17 123//17
f 544//17 536//17 123//17
f 138//1 146//1 137//1
f 146//1 1415//1 137//1
f 131//2 145//2 130//2
f 145//2 144//2 130//2
f 139//3 1417//3 138//3
f 1417//3 146//3 138//3
f 132//4 1411//4 131//4
f 1411//4 145//4 131//4
f 125//5 140//5 124//5
f 140//5 1416//5 124//5
f 124//6 1416//6 139//6
f 1416//6 1417//6 139//6
f 133//7 1410//7 132//7
f 1410//7 1411//7 132//7
f 126//8 141//8 125//8
f 141//8 140//8 125//8
f 134//9 1412//9 133//9
f 1412//9 1410//9 133//9
f 127//10 142//10 126//10
f 142//10 141//10 126//10
f 135//11 1413//11 134//11
f 1413//11 1412//11 134//11
f 128//12 143//12 127//12
f 143//12 142//12 127//12
f 136//13 1414//13 135//13
f 1414//13 1413//13 135//13
f 129//14 1705//14 128//14
f 1705//14 143//14 128//14
f 137//15 1415//15 136//15
f 1415//15 1414//15 136//15
f 130//16 144//16 129//16
f 144//16 1705//16 129//16
f 545//17 1565//17 147//17
f 1565//17 1564//17 147//17
f 1564//17 1566//17 147//17
f 1566//17 1567//17 147//17
f 1567//17 546//17 147//17
f 546//17 1569//17 147//17
f 1569//17 1568//17 147//17
f 1568//17 547//17 147//17
f 547//17 548//17 147//17
f 548//17 549//17 147//17
f 549//17 550//17 147//17
f 550//17 551//17 147//17
f 551//17 552//17 147//17
f 552//17 1706//17 147//17
f 1706//17 553//17 147//17
f 553//17 545//17 147//17
f 162//1 1420//1 161//1
f 1420//1 1421//1 161//1
f 155//2 1707//2 154//2
f 1707//2 168//2 154//2
f 163//3 1422//3 162//3
f 1422//3 1420//3 162//3
f 156//4 169//4 155//4
f 169//4 1707//4 155//4
f 149//5 1418//5 148//5
f 1418//5 1419//5 148//5
f 148//6 1419//6 163//6
f 1419//6 1422//6 163//6
f 157//7 1709//7 156//7
f 1709//7 169//7 156//7
f 150//8 164//8 149//8
f 164//8 1418//8 149//8
f 158//9 170//9 157//9
f 170//9 1709//9 157//9
f 151//10 165//10 150//10
f 165//10 164//10 150//10
f 159//11 171//11 158//11
f 171//11 170//11 158//11
f 152//12 166//12 151//12
f 166//12 165//12 151//12
f 160//13 172//13 159//13
f 172//13 171//13 159//13
f 153//14 167//14 152//14
f 167//14 166//14 152//14
f 161//15 1421//15 160//15
f 1421//15 172//15 160//15
f 154//16 168//16 153//16
f 168//16 167//16 153//16
f 555//17 554//17 173//17
f 554//17 1571//17 173//17
f 1571//17 1570//17 173//17
f 1570//17 1572//17 173//17
f 1572//17 1573//17 173//17
f 1573//17 1574//17 173//17
f 1574//17 556//17 173//17
f 556//17 1708//17 173//17
f 1708//17 557//17 173//17
f 557//17 1576//17 173//17
f 1576//17 1575//17 173//17
f 1575//17 1577//17 173//17
f 1577//17 558//17 173//17
f 558//17 559//17 173//17
f 559//17 560//17 173//17
f 560//17 555//17 173//17
f 188//1 1712//1 187//1
f 1712//1 201//1 187//1
f 181//2 195//2 180//2
f 195//2 1711//2 180//2
f 189//3 202//3 188//3
f 202//3 1712//3 188//3
f 182//4 196//4 181//4
f 196//4 195//4 181//4
f 175//5 190//5 174//5
f 190//5 1710//5 174//5
f 174//6 1710//6 189//6
f 1710//6 202//6 189//6
f 183//7 197//7 182//7
f 197//7 196//7 182//7
f 176//8 191//8 175//8
f 191//8 190//8 175//8
f 184//9 198//9 183//9
f 198//9 197//9 183//9
f 177//10 192//10 176//10
f 192//10 191//10 176//10
f 185//11 199//11 184//11
f 199//11 198//11 184//11
f 178//12 193//12 177//12
f 193//12 192//12 177//12
f 186//13 200//13 185//13
f 200//13 199//13 185//13
f 179//14 194//14 178//14
f 194//14 193//14 178//14
f 187//15 201//15 186//15
f 201//15 200//15 186//15
f 180//16 1711//16 179//16
f 1711//16 194//16 179//16
f 561//17 1579//17 203//17
f 1579//17 1578//17 203//17
f 1578//17 1580//17 203//17
f 1580//17 1581//17 203//17
f 1581//17 1582//17 203//17
f 1582//17 562//17 203//17
f 562//17 1584//17 203//17
f 1584//17 1583//17 203//17
f 1583//17 1585//17 203//17
f 1585//17 1586//17 203//17
f 1586//17 1587//17 203//17
f 1587//17 1588//17 203//17
f 1588//17 1589//17 203//17
f 1589//17 563//17 203//17
f 563//17 1713//17 203//17
f 1713//17 561//17 203//17
f 218//1 1429//1 217//1
f 1429//1 1427//1 217//1
f 211//2 225//2 210//2
f 225//2 224//2 210//2
f 219//3 228//3 218//3
f 228//3 1429//3 218//3
f 212//4 226//4 211//4
f 226//4 225//4 211//4
f 205//5 221//5 204//5
f 221//5 220//5 204//5
f 204//6 220//6 219//6
f 220//6 228//6 219//6
f 213//7 1426//7 212//7
f 1426//7 226//7 212//7
f 206//8 1424//8 205//8
f 1424//8 221//8 205//8
f 214//9 1425//9 213//9
f 1425//9 1426//9 213//9
f 207//10 1423//10 206//10
f 1423//10 1424//10 206//10
f 215//11 227//11 214//11
f 227//11 1425//11 214//11
f 208//12 222//12 207//12
f 222//12 1423//12 207//12
f 216//13 1428//13 215//13
f 1428//13 227//13 215//13
f 209//14 223//14 208//14
f 223//14 222//14 208//14
f 217//15 1427//15 216//15
f 1427//15 1428//15 216//15
f 210//16 224//16 209//16
f 224//16 223//16 209//16
f 1591//17 1590//17 229//17
f 1590//17 564//17 229//17
f 564//17 565//17 229//17
f 565//17 1594//17 229//17
f 1594//17 1593//17 229//17
f 1593//17 1595//17 229//17
f 1595//17 1596//17 229//17
f 1596//17 1597//17 229//17
f 1597//17 566//17 229//17
f 566//17 567//17 229//17
f 567//17 1714//17 229//17
f 1714//17 568//17 229//17
f 568//17 569//17 229//17
f 569//17 570//17 229//17
f 570//17 1592//17 229//17
f 1592//17 1591//17 229//17
f 244//1 1438//1 243//1
f 1438//1 1436//1 243//1
f 237//2 247//2 236//2
f 247//2 1435//2 236//2
f 245//3 251//3 244//3
f 251//3 1438//3 244//3
f 238//4 248//4 237//4
f 248//4 247//4 237//4
f 231//5 1430//5 230//5
f 1430//5 1431//5 230//5
f 230//6 1431//6 245//6
f 1431//6 251//6 245//6
f 239//7 249//7 238//7
f 249//7 248//7 238//7
f 232//8 246//8 231//8
f 246//8 1430//8 231//8
f 240//9 1716//9 239//9
f 1716//9 249//9 239//9
f 233//10 1433//10 232//10
f 1433//10 246//10 232//10
f 241//11 250//11 240//11
f 250//11 1716//11 240//11
f 234//12 1432//12 233//12
f 1432//12 1433//12 233//12
f 242//13 1437//13 241//13
f 1437//13 250//13 241//13
f 235//14 1434//14 234//14
f 1434//14 1432//14 234//14
f 243//15 1436//15 242//15
f 1436//15 1437//15 242//15
f 236//16 1435//16 235//16
f 1435//16 1434//16 235//16
f 572//17 571//17 252//17
f 571//17 1715//17 252//17
f 1715//17 573//17 252//17
f 573//17 574//17 252//17
f 574//17 575//17 252//17
f 575//17 576//17 252//17
f 576//17 1599//17 252//17
f 1599//17 1598//17 252//17
f 1598//17 1600//17 252//17
f 1600//17 577//17 252//17
f 577//17 1717//17 252//17
f 1717//17 578//17 252//17
f 578//17 579//17 252//17
f 579//17 580//17 252//17
f 580//17 1718//17 252//17
f 1718//17 572//17 252//17
f 267//1 1439//1 266//1
f 1439//1 1440//1 266//1
f 260//2 274//2 259//2
f 274//2 1719//2 259//2
f 268//3 1441//3 267//3
f 1441//3 1439//3 267//3
f 261//4 275//4 260//4
f 275//4 274//4 260//4
f 254//5 269//5 253//5
f 269//5 1442//5 253//5
f 253//6 1442//6 268//6
f 1442//6 1441//6 268//6
f 262//7 1720//7 261//7
f 1720//7 275//7 261//7
f 255//8 270//8 254//8
f 270//8 269//8 254//8
f 263//9 276//9 262//9
f 276//9 1720//9 262//9
f 256//10 271//10 255//10
f 271//10 270//10 255//10
f 264//11 1722//11 263//11
f 1722//11 276//11 263//11
f 257//12 272//12 256//12
f 272//12 271//12 256//12
f 265//13 277//13 264//13
f 277//13 1722//13 264//13
f 258//14 273//14 257//14
f 273//14 272//14 257//14
f 266//15 1440//15 265//15
f 1440//15 277//15 265//15
f 259//16 1719//16 258//16
f 1719//16 273//16 258//16
f 581//17 1602//17 278//17
f 1602//17 1601//17 278//17
f 1601//17 1603//17 278//17
f 1603//17 1604//17 278//17
f 1604//17 1605//17 278//17
f 1605//17 582//17 278//17
f 582//17 1607//17 278//17
f 1607//17 1606//17 278//17
f 1606//17 583//17 278//17
f 583//17 1721//17 278//17
f 1721//17 584//17 278//17
f 584//17 1723//17 278//17
f 1723//17 585//17 278//17
f 585//17 586//17 278//17
f 586//17 587//17 278//17
f 587//17 581//17 278//17
f 293//1 1443//1 292//1
f 1443//1 1444//1 292//1
f 286//2 1729//2 285//2
f 1729//2 298//2 285//2
f 294//3 303//3 293//3
f 303//3 1443//3 293//3
f 287//4 299//4 286//4
f 299//4 1729//4 286//4
f 280//5 295//5 279//5
f 295//5 1724//5 279//5
f 279//6 1724//6 294//6
f 1724//6 303//6 294//6
f 288//7 300//7 287//7
f 300//7 299//7 287//7
f 281//8 296//8 280//8
f 296//8 295//8 280//8
f 289//9 1730//9 288//9
f 1730//9 300//9 288//9
f 282//10 1725//10 281//10
f 1725//10 296//10 281//10
f 290//11 301//11 289//11
f 301//11 1730//11 289//11
f 283//12 297//12 282//12
f 297//12 1725//12 282//12
f 291//13 302//13 290//13
f 302//13 301//13 290//13
f 284//14 1727//14 283//14
f 1727//14 297//14 283//14
f 292//15 1444//15 291//15
f 1444//15 302//15 291//15
f 285//16 298//16 284//16
f 298//16 1727//16 284//16
f 588//17 1609//17 304//17
f 1609//17 1608//17 304//17
f 1608//17 589//17 304//17
f 589//17 1726//17 304//17
f 1726//17 590//17 304//17
f 590//17 1728//17 304//17
f 1728//17 591//17 304//17
f 591//17 1611//17 304//17
f 1611//17 1610//17 304//17
f 1610//17 592//17 304//17
f 592//17 1613//17 304//17
f 1613//17 1612//17 304//17
f 1612//17 593//17 304//17
f 593//17 594//17 304//17
f 594//17 1731//17 304//17
f 1731//17 588//17 304//17
f 1448//18 315//18 1447//18
f 315//18 314//18 1447//18
f 1614//19 323//19 307//19
f 323//19 322//19 307//19
f 1732//20 316//20 1448//20
f 316//20 315//20 1448//20
f 309//21 324//21 1614//21
f 324//21 323//21 1614//21
f 1450//22 317//22 1732//22
f 317//22 316//22 1732//22
f 1734//23 325//23 309//23
f 325//23 324//23 309//23
f 1449//24 318//24 1450//24
f 318//24 317//24 1450//24
f 1618//25 326//25 1734//25
f 326//25 325//25 1734//25
f 306//26 319//26 1449//26
f 319//26 318//26 1449//26
f 1617//27 327//27 1618//27
f 327//27 326//27 1618//27
f 1452//28 320//28 306//28
f 320//28 319//28 306//28
f 1445//29 313//29 1446//29
f 313//29 312//29 1446//29
f 1446//30 312//30 1617//30
f 312//30 327//30 1617//30
f 1451//31 321//31 1452//31
f 321//31 320//31 1452//31
f 1447//32 314//32 1445//32
f 314//32 313//32 1445//32
f 307//33 322//33 1451//33
f 322//33 321//33 1451//33
f 1620//6 338//6 1455//6
f 1455//6 338//6 353//6
f 1626//34 347//34 1735//34
f 1735//34 347//34 346//34
f 1621//35 340//35 1619//35
f 1619//35 340//35 339//35
f 335//36 348//36 1626//36
f 1626//36 348//36 347//36
f 1454//10 341//10 1621//10
f 1621//10 341//10 340//10
f 1736//11 349//11 335//11
f 335//11 349//11 348//11
f 1453//37 342//37 1454//37
f 1454//37 342//37 341//37
f 336//13 350//13 1736//13
f 1736//13 350//13 349//13
f 1623//14 343//14 1453//14
f 1453//14 343//14 342//14
f 1627//38 351//38 336//38
f 336//38 351//38 350//38
f 1622//16 344//16 1623//16
f 1623//16 344//16 343//16
f 1456//1 352//1 1627//1
f 1627//1 352//1 351//1
f 333//39 345//39 1622//39
f 1622//39 345//39 344//39
f 1455//40 353//40 1456//40
f 1456//40 353//40 352//40
f 1735//41 346//41 333//41
f 333//41 346//41 345//41
f 1619//5 339//5 1620//5
f 1620//5 339//5 338//5
f 1615//17 308//17 1625//17
f 1625//17 308//17 607//17
f 602//17 1615//17 334//17
f 334//17 1615//17 1625//17
f 601//17 602//17 606//17
f 606//17 602//17 334//17
f 1733//17 601//17 1624//17
f 1624//17 601//17 606//17
f 600//17 1733//17 332//17
f 332//17 1733//17 1624//17
f 599//17 600//17 331//17
f 331//17 600//17 332//17
f 305//17 599//17 605//17
f 605//17 599//17 331//17
f 598//17 305//17 604//17
f 604//17 305//17 605//17
f 597//17 598//17 330//17
f 330//17 598//17 604//17
f 595//17 597//17 329//17
f 329//17 597//17 330//17
f 596//17 595//17 328//17
f 328//17 595//17 329//17
f 311//17 596//17 609//17
f 609//17 596//17 328//17
f 310//17 311//17 608//17
f 608//17 311//17 609//17
f 603//17 310//17 337//17
f 337//17 310//17 608//17
f 1616//17 603//17 1628//17
f 1628//17 603//17 337//17
f 308//17 1616//17 607//17
f 607//17 1616//17 1628//17
f 1631//42 363//42 1629//42
f 363//42 362//42 1629//42
f 1030//43 1039//43 1631//43
f 1039//43 363//43 1631//43
f 357//44 364//44 1031//44
f 364//44 1040//44 1031//44
f 1635//45 365//45 357//45
f 365//45 364//45 357//45
f 1636//27 366//27 1635//27
f 366//27 365//27 1635//27
f 1630//29 361//29 1737//29
f 361//29 360//29 1737//29
f 1737//30 360//30 1636//30
f 360//30 366//30 1636//30
f 1629//32 362//32 1630//32
f 362//32 361//32 1630//32
f 1458//6 368//6 1461//6
f 1461//6 368//6 374//6
f 1459//8 370//8 1457//8
f 1457//8 370//8 369//8
f 1460//10 371//10 1459//10
f 1459//10 371//10 370//10
f 1044//12 1051//12 1460//12
f 1460//12 1051//12 371//12
f 367//15 372//15 1045//15
f 1045//15 372//15 1052//15
f 1462//1 373//1 367//1
f 367//1 373//1 372//1
f 1461//3 374//3 1462//3
f 1462//3 374//3 373//3
f 1457//5 369//5 1458//5
f 1458//5 369//5 368//5
f 356//17 1632//17 614//17
f 614//17 1632//17 1738//17
f 355//17 356//17 613//17
f 613//17 356//17 614//17
f 354//17 355//17 611//17
f 611//17 355//17 613//17
f 610//17 354//17 612//17
f 612//17 354//17 611//17
f 359//17 610//17 616//17
f 616//17 610//17 612//17
f 358//17 359//17 615//17
f 615//17 359//17 616//17
f 1633//17 358//17 1637//17
f 1637//17 358//17 615//17
f 1634//17 1633//17 1638//17
f 1638//17 1633//17 1637//17
f 376//42 380//42 1463//42
f 380//42 379//42 1463//42
f 1741//43 1062//43 376//43
f 1062//43 380//43 376//43
f 1465//44 381//44 1466//44
f 381//44 1063//44 1466//44
f 1467//45 382//45 1465//45
f 382//45 381//45 1465//45
f 1468//27 383//27 1467//27
f 383//27 382//27 1467//27
f 1464//29 378//29 1739//29
f 378//29 377//29 1739//29
f 1739//30 377//30 1468//30
f 377//30 383//30 1468//30
f 1463//32 379//32 1464//32
f 379//32 378//32 1464//32
f 1470//6 386//6 1472//6
f 1472//6 386//6 392//6
f 1471//8 388//8 1469//8
f 1469//8 388//8 387//8
f 384//10 389//10 1471//10
f 1471//10 389//10 388//10
f 1743//12 1074//12 384//12
f 384//12 1074//12 389//12
f 1639//15 390//15 1640//15
f 1640//15 390//15 1075//15
f 1473//1 391//1 1639//1
f 1639//1 391//1 390//1
f 1472//3 392//3 1473//3
f 1473//3 392//3 391//3
f 1469//5 387//5 1470//5
f 1470//5 387//5 386//5
f 1740//17 1305//17 1742//17
f 1742//17 1305//17 1313//17
f 618//17 1740//17 624//17
f 624//17 1740//17 1742//17
f 617//17 618//17 622//17
f 622//17 618//17 624//17
f 375//17 617//17 623//17
f 623//17 617//17 622//17
f 621//17 375//17 626//17
f 626//17 375//17 623//17
f 620//17 621//17 625//17
f 625//17 621//17 626//17
f 619//17 620//17 385//17
f 385//17 620//17 625//17
f 1306//17 619//17 1068//17
f 1068//17 619//17 385//17
f 396//18 406//18 1643//18
f 406//18 405//18 1643//18
f 1647//19 414//19 1645//19
f 414//19 413//19 1645//19
f 1475//20 407//20 396//20
f 407//20 406//20 396//20
f 1648//21 415//21 1647//21
f 415//21 414//21 1647//21
f 1474//22 408//22 1475//22
f 408//22 407//22 1475//22
f 1649//23 416//23 1648//23
f 416//23 415//23 1648//23
f 1476//24 409//24 1474//24
f 409//24 408//24 1474//24
f 402//25 417//25 1649//25
f 417//25 416//25 1649//25
f 1477//26 410//26 1476//26
f 410//26 409//26 1476//26
f 1744//27 418//27 402//27
f 418//27 417//27 402//27
f 1478//28 411//28 1477//28
f 411//28 410//28 1477//28
f 1641//29 404//29 393//29
f 404//29 403//29 393//29
f 393//30 403//30 1744//30
f 403//30 418//30 1744//30
f 397//31 412//31 1478//31
f 412//31 411//31 1478//31
f 1643//32 405//32 1641//32
f 405//32 404//32 1641//32
f 1645//33 413//33 397//33
f 413//33 412//33 397//33
f 419//6 427//6 1652//6
f 1652//6 427//6 442//6
f 424//34 436//34 1656//34
f 1656//34 436//34 435//34
f 1479//35 429//35 1480//35
f 1480//35 429//35 428//35
f 1482//36 437//36 424//36
f 424//36 437//36 436//36
f 420//10 430//10 1479//10
f 1479//10 430//10 429//10
f 1481//11 438//11 1482//11
f 1482//11 438//11 437//11
f 1653//37 431//37 420//37
f 420//37 431//37 430//37
f 1483//13 439//13 1481//13
f 1481//13 439//13 438//13
f 1745//14 432//14 1653//14
f 1653//14 432//14 431//14
f 1484//38 440//38 1483//38
f 1483//38 440//38 439//38
f 1746//16 433//16 1745//16
f 1745//16 433//16 432//16
f 425//1 441//1 1484//1
f 1484//1 441//1 440//1
f 1747//39 434//39 1746//39
f 1746//39 434//39 433//39
f 1652//40 442//40 425//40
f 425//40 442//40 441//40
f 1656//41 435//41 1747//41
f 1747//41 435//41 434//41
f 1480//5 428//5 419//5
f 419//5 428//5 427//5
f 398//17 399//17 637//17
f 637//17 399//17 638//17
f 1646//17 398//17 1655//17
f 1655//17 398//17 637//17
f 631//17 1646//17 423//17
f 423//17 1646//17 1655//17
f 630//17 631//17 636//17
f 636//17 631//17 423//17
f 629//17 630//17 422//17
f 422//17 630//17 636//17
f 628//17 629//17 635//17
f 635//17 629//17 422//17
f 627//17 628//17 421//17
f 421//17 628//17 635//17
f 1644//17 627//17 1654//17
f 1654//17 627//17 421//17
f 395//17 1644//17 634//17
f 634//17 1644//17 1654//17
f 394//17 395//17 633//17
f 633//17 395//17 634//17
f 1642//17 394//17 1651//17
f 1651//17 394//17 633//17
f 632//17 1642//17 426//17
f 426//17 1642//17 1651//17
f 1650//17 632//17 1657//17
f 1657//17 632//17 426//17
f 401//17 1650//17 640//17
f 640//17 1650//17 1657//17
f 400//17 401//17 639//17
f 639//17 401//17 640//17
f 399//17 400//17 638//17
f 638//17 400//17 639//17
f 447//24 1488//24 446//24
f 1488//24 1489//24 446//24
f 450//25 1494//25 1753//25
f 1494//25 1495//25 1753//25
f 1749//46 1490//46 447//46
f 1490//46 1488//46 447//46
f 1750//47 1754//47 1749//47
f 1754//47 1490//47 1749//47
f 471//17 646//17 448//17
f 448//17 646//17 1761//17
f 1659//48 1485//48 1748//48
f 1485//48 1486//48 1748//48
f 1662//49 1491//49 1663//49
f 1491//49 1492//49 1663//49
f 445//18 1487//18 1659//18
f 1487//18 1485//18 1659//18
f 1531//19 1493//19 1662//19
f 1493//19 1491//19 1662//19
f 1499//11 1512//11 1497//11
f 1497//11 1512//11 1511//11
f 1666//12 1505//12 466//12
f 466//12 1505//12 1504//12
f 1500//50 1513//50 1499//50
f 1499//50 1513//50 1512//50
f 468//51 1506//51 1666//51
f 1666//51 1506//51 1505//51
f 1673//15 1514//15 1500//15
f 1500//15 1514//15 1513//15
f 469//16 1507//16 468//16
f 468//16 1507//16 1506//16
f 473//1 1515//1 1673//1
f 1673//1 1515//1 1514//1
f 1670//39 1508//39 469//39
f 469//39 1508//39 1507//39
f 1757//40 1516//40 473//40
f 473//40 1516//40 1515//40
f 1671//4 1509//4 1670//4
f 1670//4 1509//4 1508//4
f 1664//52 1501//52 464//52
f 464//52 1501//52 1502//52
f 464//53 1502//53 1757//53
f 1757//53 1502//53 1516//53
f 1498//7 1510//7 1671//7
f 1671//7 1510//7 1509//7
f 1756//35 1503//35 1664//35
f 1664//35 1503//35 1501//35
f 1497//36 1511//36 1498//36
f 1498//36 1511//36 1510//36
f 466//10 1504//10 1756//10
f 1756//10 1504//10 1503//10
f 644//17 1752//17 472//17
f 472//17 1752//17 1672//17
f 449//17 643//17 647//17
f 647//17 643//17 648//17
f 448//17 449//17 471//17
f 471//17 449//17 647//17
f 1660//17 641//17 1669//17
f 1669//17 641//17 470//17
f 1661//17 1660//17 1668//17
f 1668//17 1660//17 1669//17
f 444//17 1658//17 645//17
f 645//17 1658//17 1667//17
f 443//17 444//17 465//17
f 465//17 444//17 645//17
f 1761//17 646//17 1751//17
f 641//17 1751//17 470//17
f 470//17 1751//17 646//17
f 650//17 491//17 1665//17
f 1665//17 491//17 1763//17
f 1763//17 1768//17 1665//17
f 1665//17 1768//17 465//17
f 465//17 1768//17 443//17
f 1760//54 1762//54 1804//54
f 1762//54 1759//54 1804//54
f 1806//17 1369//17 1751//17
f 1751//17 1369//17 1761//17
f 1663//55 1492//55 651//55
f 1492//55 1758//55 651//55
f 1766//17 1796//17 1792//17
f 1768//17 1763//17 1766//17
f 1766//17 1763//17 490//17
f 1765//56 1496//56 450//56
f 1496//56 1494//56 450//56
f 1752//17 491//17 1672//17
f 1672//17 491//17 650//17
f 1517//57 1496//57 1764//57
f 1496//57 1765//57 1764//57
f 490//17 1796//17 1766//17
f 1486//5 1519//5 1748//5
f 1519//5 1769//5 1748//5
f 1518//54 653//54 1676//54
f 653//54 1674//54 1676//54
f 1770//58 1767//58 1520//58
f 1767//58 492//58 1520//58
f 1679//17 1772//17 1776//17
f 1776//17 1772//17 1774//17
f 1680//59 1780//59 1678//59
f 1678//59 1780//59 1773//59
f 1777//59 1778//59 1775//59
f 1778//59 1522//59 1775//59
f 446//60 1489//60 658//60
f 1489//60 1781//60 658//60
f 1534//54 1530//54 1536//54
f 1536//54 1530//54 1788//54
f 659//61 1521//61 445//61
f 1521//61 1487//61 445//61
f 1774//17 1772//17 467//17
f 467//17 1772//17 1668//17
f 1668//17 1772//17 1661//17
f 467//17 1667//17 1774//17
f 1774//17 1667//17 1658//17
f 662//17 665//17 1786//17
f 1786//17 665//17 1787//17
f 1523//59 1533//59 1525//59
f 1525//59 1533//59 1783//59
f 1529//59 499//59 1527//59
f 499//59 1785//59 1527//59
f 1493//62 1531//62 1784//62
f 1531//62 1532//62 1784//62
f 1789//54 1782//54 1526//54
f 1526//54 1782//54 1524//54
f 1495//63 1528//63 1753//63
f 1528//63 664//63 1753//63
f 649//17 1786//17 472//17
f 472//17 1786//17 644//17
f 649//17 648//17 662//17
f 662//17 648//17 643//17
f 662//17 1786//17 649//17
f 490//17 1685//17 1796//17
f 1677//59 1535//59 1675//59
f 1675//59 1535//59 1537//59
f 656//59 1793//59 1771//59
f 1771//59 1793//59 1790//59
f 660//58 1779//58 669//58
f 669//58 1779//58 1791//58
f 1681//58 495//58 1795//58
f 1795//58 495//58 1794//58
f 1802//17 665//17 1365//17
f 1787//17 1685//17 668//17
f 1679//17 1776//17 1801//17
f 1363//17 1679//17 1801//17
f 1802//17 1787//17 665//17
f 1684//59 1797//59 1682//59
f 1797//59 1798//59 1682//59
f 1366//54 501//54 1800//54
f 501//54 1683//54 1800//54
f 1803//17 1362//17 1799//17
f 1362//17 672//17 1799//17
f 1792//17 1796//17 1776//17
f 1776//17 1796//17 1801//17
f 671//58 1364//58 502//58
f 1364//58 1367//58 502//58
f 668//17 1685//17 490//17
f 1802//17 1685//17 1787//17
f 1755//58 642//58 1805//58
f 642//64 1371//64 1805//64
f 454//17 661//17 496//17
f 454//17 496//17 1373//17
f 455//17 454//17 1373//17
f 456//17 455//17 1370//17
f 457//17 456//17 1370//17
f 1370//17 455//17 1373//17
f 460//17 667//17 498//17
f 460//17 1372//17 667//17
f 459//17 1372//17 460//17
f 1372//17 459//17 1368//17
f 655//17 657//17 451//17
f 1368//17 459//17 458//17
f 1368//17 458//17 652//17
f 500//17 493//17 462//17
f 451//17 657//17 452//17
f 497//17 452//17 670//17
f 453//17 452//17 497//17
f 494//17 453//17 497//17
f 452//17 657//17 670//17
f 462//17 493//17 463//17
f 463//17 493//17 654//17
f 482//17 673//17 481//17
f 461//17 666//17 462//17
f 663//17 666//17 461//17
f 500//17 462//17 666//17
f 475//17 673//17 474//17
f 474//17 673//17 489//17
f 483//17 673//17 482//17
f 476//17 673//17 475//17
f 484//17 673//17 483//17
f 477//17 673//17 476//17
f 485//17 673//17 484//17
f 478//17 673//17 477//17
f 486//17 673//17 485//17
f 479//17 673//17 478//17
f 487//17 673//17 486//17
f 480//17 673//17 479//17
f 488//17 673//17 487//17
f 481//17 673//17 480//17
f 489//17 673//17 488//17
f 688//11 687//11 697//11
f 687//11 1811//11 697//11
f 681//8 680//8 694//8
f 680//8 693//8 694//8
f 689//9 688//9 1814//9
f 688//9 697//9 1814//9
f 682//5 681//5 1810//5
f 681//5 694//5 1810//5
f 675//4 674//4 690//4
f 674//4 1813//4 690//4
f 674//7 689//7 1813//7
f 689//7 1814//7 1813//7
f 683//6 682//6 1809//6
f 682//6 1810//6 1809//6
f 676//2 675//2 691//2
f 675//2 690//2 691//2
f 684//3 683//3 695//3
f 683//3 1809//3 695//3
f 677//16 676//16 692//16
f 676//16 691//16 692//16
f 685//1 684//1 696//1
f 684//1 695//1 696//1
f 678//14 677//14 1808//14
f 677//14 692//14 1808//14
f 686//15 685//15 1812//15
f 685//15 696//15 1812//15
f 679//12 678//12 1807//12
f 678//12 1808//12 1807//12
f 687//13 686//13 1811//13
f 686//13 1812//13 1811//13
f 680//10 679//10 693//10
f 679//10 1807//10 693//10
f 1189//17 698//17 1970//17
f 1970//17 698//17 1969//17
f 1969//17 698//17 1971//17
f 1971//17 698//17 1190//17
f 1190//17 698//17 1191//17
f 1191//17 698//17 1973//17
f 1973//17 698//17 1972//17
f 1972//17 698//17 1192//17
f 1192//17 698//17 1193//17
f 1193//17 698//17 1975//17
f 1975//17 698//17 1974//17
f 1974//17 698//17 1194//17
f 1194//17 698//17 1195//17
f 1195//17 698//17 2113//17
f 2113//17 698//17 1196//17
f 1196//17 698//17 1189//17
f 713//11 712//11 1824//11
f 712//11 1822//11 1824//11
f 706//8 705//8 717//8
f 705//8 716//8 717//8
f 714//9 713//9 720//9
f 713//9 1824//9 720//9
f 707//5 706//5 718//5
f 706//5 717//5 718//5
f 700//4 699//4 1815//4
f 699//4 1816//4 1815//4
f 699//7 714//7 1816//7
f 714//7 720//7 1816//7
f 708//6 707//6 1821//6
f 707//6 718//6 1821//6
f 701//2 700//2 1817//2
f 700//2 1815//2 1817//2
f 709//3 708//3 1820//3
f 708//3 1821//3 1820//3
f 702//16 701//16 1818//16
f 701//16 1817//16 1818//16
f 710//1 709//1 719//1
f 709//1 1820//1 719//1
f 703//14 702//14 1819//14
f 702//14 1818//14 1819//14
f 711//15 710//15 1823//15
f 710//15 719//15 1823//15
f 704//12 703//12 715//12
f 703//12 1819//12 715//12
f 712//13 711//13 1822//13
f 711//13 1823//13 1822//13
f 705//10 704//10 716//10
f 704//10 715//10 716//10
f 1198//17 721//17 1197//17
f 1197//17 721//17 1199//17
f 1199//17 721//17 1200//17
f 1200//17 721//17 1201//17
f 1201//17 721//17 1977//17
f 1977//17 721//17 1976//17
f 1976//17 721//17 1978//17
f 1978//17 721//17 1979//17
f 1979//17 721//17 1202//17
f 1202//17 721//17 1203//17
f 1203//17 721//17 2114//17
f 2114//17 721//17 1204//17
f 1204//17 721//17 1205//17
f 1205//17 721//17 1206//17
f 1206//17 721//17 2115//17
f 2115//17 721//17 1198//17
f 736//11 735//11 745//11
f 735//11 744//11 745//11
f 729//8 728//8 741//8
f 728//8 1827//8 741//8
f 737//9 736//9 746//9
f 736//9 745//9 746//9
f 730//5 729//5 742//5
f 729//5 741//5 742//5
f 723//4 722//4 738//4
f 722//4 2116//4 738//4
f 722//7 737//7 2116//7
f 737//7 746//7 2116//7
f 731//6 730//6 1829//6
f 730//6 742//6 1829//6
f 724//2 723//2 739//2
f 723//2 738//2 739//2
f 732//3 731//3 1828//3
f 731//3 1829//3 1828//3
f 725//16 724//16 740//16
f 724//16 739//16 740//16
f 733//1 732//1 743//1
f 732//1 1828//1 743//1
f 726//14 725//14 1826//14
f 725//14 740//14 1826//14
f 734//15 733//15 2118//15
f 733//15 743//15 2118//15
f 727//12 726//12 1825//12
f 726//12 1826//12 1825//12
f 735//13 734//13 744//13
f 734//13 2118//13 744//13
f 728//10 727//10 1827//10
f 727//10 1825//10 1827//10
f 1207//17 747//17 1981//17
f 1981//17 747//17 1980//17
f 1980//17 747//17 1982//17
f 1982//17 747//17 1208//17
f 1208//17 747//17 1209//17
f 1209//17 747//17 1210//17
f 1210//17 747//17 1984//17
f 1984//17 747//17 1983//17
f 1983//17 747//17 1211//17
f 1211//17 747//17 1212//17
f 1212//17 747//17 2117//17
f 2117//17 747//17 1213//17
f 1213//17 747//17 1986//17
f 1986//17 747//17 1985//17
f 1985//17 747//17 1987//17
f 1987//17 747//17 1207//17
f 762//11 761//11 1834//11
f 761//11 1835//11 1834//11
f 755//8 754//8 767//8
f 754//8 2121//8 767//8
f 763//9 762//9 771//9
f 762//9 1834//9 771//9
f 756//5 755//5 1833//5
f 755//5 767//5 1833//5
f 749//4 748//4 764//4
f 748//4 2119//4 764//4
f 748//7 763//7 2119//7
f 763//7 771//7 2119//7
f 757//6 756//6 1832//6
f 756//6 1833//6 1832//6
f 750//2 749//2 765//2
f 749//2 764//2 765//2
f 758//3 757//3 768//3
f 757//3 1832//3 768//3
f 751//16 750//16 1831//16
f 750//16 765//16 1831//16
f 759//1 758//1 769//1
f 758//1 768//1 769//1
f 752//14 751//14 1830//14
f 751//14 1831//14 1830//14
f 760//15 759//15 770//15
f 759//15 769//15 770//15
f 753//12 752//12 766//12
f 752//12 1830//12 766//12
f 761//13 760//13 1835//13
f 760//13 770//13 1835//13
f 754//10 753//10 2121//10
f 753//10 766//10 2121//10
f 1214//17 772//17 1989//17
f 1989//17 772//17 1988//17
f 1988//17 772//17 1215//17
f 1215//17 772//17 1216//17
f 1216//17 772//17 2120//17
f 2120//17 772//17 1217//17
f 1217//17 772//17 2122//17
f 2122//17 772//17 1218//17
f 1218//17 772//17 1219//17
f 1219//17 772//17 1991//17
f 1991//17 772//17 1990//17
f 1990//17 772//17 1992//17
f 1992//17 772//17 1220//17
f 1220//17 772//17 1221//17
f 1221//17 772//17 2123//17
f 2123//17 772//17 1214//17
f 787//11 786//11 795//11
f 786//11 2130//11 795//11
f 780//8 779//8 1836//8
f 779//8 1837//8 1836//8
f 788//9 787//9 1841//9
f 787//9 795//9 1841//9
f 781//5 780//5 792//5
f 780//5 1836//5 792//5
f 774//4 773//4 789//4
f 773//4 1840//4 789//4
f 773//7 788//7 1840//7
f 788//7 1841//7 1840//7
f 782//6 781//6 793//6
f 781//6 792//6 793//6
f 775//2 774//2 2125//2
f 774//2 789//2 2125//2
f 783//3 782//3 1839//3
f 782//3 793//3 1839//3
f 776//16 775//16 790//16
f 775//16 2125//16 790//16
f 784//1 783//1 1838//1
f 783//1 1839//1 1838//1
f 777//14 776//14 2127//14
f 776//14 790//14 2127//14
f 785//15 784//15 794//15
f 784//15 1838//15 794//15
f 778//12 777//12 791//12
f 777//12 2127//12 791//12
f 786//13 785//13 2130//13
f 785//13 794//13 2130//13
f 779//10 778//10 1837//10
f 778//10 791//10 1837//10
f 1222//17 796//17 2124//17
f 2124//17 796//17 1223//17
f 1223//17 796//17 2126//17
f 2126//17 796//17 1224//17
f 1224//17 796//17 2128//17
f 2128//17 796//17 1225//17
f 1225//17 796//17 1226//17
f 1226//17 796//17 1994//17
f 1994//17 796//17 1993//17
f 1993//17 796//17 1227//17
f 1227//17 796//17 1228//17
f 1228//17 796//17 2129//17
f 2129//17 796//17 1229//17
f 1229//17 796//17 2131//17
f 2131//17 796//17 1230//17
f 1230//17 796//17 1222//17
f 811//11 810//11 819//11
f 810//11 1847//11 819//11
f 804//8 803//8 818//8
f 803//8 817//8 818//8
f 812//9 811//9 1849//9
f 811//9 819//9 1849//9
f 805//5 804//5 1843//5
f 804//5 818//5 1843//5
f 798//4 797//4 813//4
f 797//4 1848//4 813//4
f 797//7 812//7 1848//7
f 812//7 1849//7 1848//7
f 806//6 805//6 1842//6
f 805//6 1843//6 1842//6
f 799//2 798//2 814//2
f 798//2 813//2 814//2
f 807//3 806//3 1844//3
f 806//3 1842//3 1844//3
f 800//16 799//16 815//16
f 799//16 814//16 815//16
f 808//1 807//1 1845//1
f 807//1 1844//1 1845//1
f 801//14 800//14 816//14
f 800//14 815//14 816//14
f 809//15 808//15 1846//15
f 808//15 1845//15 1846//15
f 802//12 801//12 2132//12
f 801//12 816//12 2132//12
f 810//13 809//13 1847//13
f 809//13 1846//13 1847//13
f 803//10 802//10 817//10
f 802//10 2132//10 817//10
f 1231//17 820//17 1996//17
f 1996//17 820//17 1995//17
f 1995//17 820//17 1997//17
f 1997//17 820//17 1998//17
f 1998//17 820//17 1232//17
f 1232//17 820//17 2000//17
f 2000//17 820//17 1999//17
f 1999//17 820//17 1233//17
f 1233//17 820//17 1234//17
f 1234//17 820//17 1235//17
f 1235//17 820//17 1236//17
f 1236//17 820//17 1237//17
f 1237//17 820//17 1238//17
f 1238//17 820//17 2133//17
f 2133//17 820//17 1239//17
f 1239//17 820//17 1231//17
f 835//11 834//11 1852//11
f 834//11 1853//11 1852//11
f 828//8 827//8 2134//8
f 827//8 841//8 2134//8
f 836//9 835//9 1854//9
f 835//9 1852//9 1854//9
f 829//5 828//5 842//5
f 828//5 2134//5 842//5
f 822//4 821//4 1850//4
f 821//4 1851//4 1850//4
f 821//7 836//7 1851//7
f 836//7 1854//7 1851//7
f 830//6 829//6 2136//6
f 829//6 842//6 2136//6
f 823//2 822//2 837//2
f 822//2 1850//2 837//2
f 831//3 830//3 843//3
f 830//3 2136//3 843//3
f 824//16 823//16 838//16
f 823//16 837//16 838//16
f 832//1 831//1 844//1
f 831//1 843//1 844//1
f 825//14 824//14 839//14
f 824//14 838//14 839//14
f 833//15 832//15 845//15
f 832//15 844//15 845//15
f 826//12 825//12 840//12
f 825//12 839//12 840//12
f 834//13 833//13 1853//13
f 833//13 845//13 1853//13
f 827//10 826//10 841//10
f 826//10 840//10 841//10
f 1241//17 846//17 1240//17
f 1240//17 846//17 2002//17
f 2002//17 846//17 2001//17
f 2001//17 846//17 2003//17
f 2003//17 846//17 2004//17
f 2004//17 846//17 2005//17
f 2005//17 846//17 1242//17
f 1242//17 846//17 2135//17
f 2135//17 846//17 1243//17
f 1243//17 846//17 2007//17
f 2007//17 846//17 2006//17
f 2006//17 846//17 2008//17
f 2008//17 846//17 1244//17
f 1244//17 846//17 1245//17
f 1245//17 846//17 1246//17
f 1246//17 846//17 1241//17
f 861//11 860//11 2139//11
f 860//11 874//11 2139//11
f 854//8 853//8 868//8
f 853//8 2138//8 868//8
f 862//9 861//9 875//9
f 861//9 2139//9 875//9
f 855//5 854//5 869//5
f 854//5 868//5 869//5
f 848//4 847//4 863//4
f 847//4 2137//4 863//4
f 847//7 862//7 2137//7
f 862//7 875//7 2137//7
f 856//6 855//6 870//6
f 855//6 869//6 870//6
f 849//2 848//2 864//2
f 848//2 863//2 864//2
f 857//3 856//3 871//3
f 856//3 870//3 871//3
f 850//16 849//16 865//16
f 849//16 864//16 865//16
f 858//1 857//1 872//1
f 857//1 871//1 872//1
f 851//14 850//14 866//14
f 850//14 865//14 866//14
f 859//15 858//15 873//15
f 858//15 872//15 873//15
f 852//12 851//12 867//12
f 851//12 866//12 867//12
f 860//13 859//13 874//13
f 859//13 873//13 874//13
f 853//10 852//10 2138//10
f 852//10 867//10 2138//10
f 1247//17 876//17 2010//17
f 2010//17 876//17 2009//17
f 2009//17 876//17 2011//17
f 2011//17 876//17 2012//17
f 2012//17 876//17 2013//17
f 2013//17 876//17 1248//17
f 1248//17 876//17 2015//17
f 2015//17 876//17 2014//17
f 2014//17 876//17 2016//17
f 2016//17 876//17 2017//17
f 2017//17 876//17 2018//17
f 2018//17 876//17 2019//17
f 2019//17 876//17 2020//17
f 2020//17 876//17 1249//17
f 1249//17 876//17 2140//17
f 2140//17 876//17 1247//17
f 891//11 890//11 1861//11
f 890//11 1859//11 1861//11
f 884//8 883//8 898//8
f 883//8 897//8 898//8
f 892//9 891//9 901//9
f 891//9 1861//9 901//9
f 885//5 884//5 899//5
f 884//5 898//5 899//5
f 878//4 877//4 894//4
f 877//4 893//4 894//4
f 877//7 892//7 893//7
f 892//7 901//7 893//7
f 886//6 885//6 1858//6
f 885//6 899//6 1858//6
f 879//2 878//2 1856//2
f 878//2 894//2 1856//2
f 887//3 886//3 1857//3
f 886//3 1858//3 1857//3
f 880//16 879//16 1855//16
f 879//16 1856//16 1855//16
f 888//1 887//1 900//1
f 887//1 1857//1 900//1
f 881//14 880//14 895//14
f 880//14 1855//14 895//14
f 889//15 888//15 1860//15
f 888//15 900//15 1860//15
f 882//12 881//12 896//12
f 881//12 895//12 896//12
f 890//13 889//13 1859//13
f 889//13 1860//13 1859//13
f 883//10 882//10 897//10
f 882//10 896//10 897//10
f 2022//17 902//17 2021//17
f 2021//17 902//17 1250//17
f 1250//17 902//17 1251//17
f 1251//17 902//17 2025//17
f 2025//17 902//17 2024//17
f 2024//17 902//17 2026//17
f 2026//17 902//17 2027//17
f 2027//17 902//17 2028//17
f 2028//17 902//17 1252//17
f 1252//17 902//17 1253//17
f 1253//17 902//17 2141//17
f 2141//17 902//17 1254//17
f 1254//17 902//17 1255//17
f 1255//17 902//17 1256//17
f 1256//17 902//17 2023//17
f 2023//17 902//17 2022//17
f 917//11 916//11 1870//11
f 916//11 1868//11 1870//11
f 910//8 909//8 920//8
f 909//8 1867//8 920//8
f 918//9 917//9 924//9
f 917//9 1870//9 924//9
f 911//5 910//5 921//5
f 910//5 920//5 921//5
f 904//4 903//4 1862//4
f 903//4 1863//4 1862//4
f 903//7 918//7 1863//7
f 918//7 924//7 1863//7
f 912//6 911//6 922//6
f 911//6 921//6 922//6
f 905//2 904//2 919//2
f 904//2 1862//2 919//2
f 913//3 912//3 2143//3
f 912//3 922//3 2143//3
f 906//16 905//16 1865//16
f 905//16 919//16 1865//16
f 914//1 913//1 923//1
f 913//1 2143//1 923//1
f 907//14 906//14 1864//14
f 906//14 1865//14 1864//14
f 915//15 914//15 1869//15
f 914//15 923//15 1869//15
f 908//12 907//12 1866//12
f 907//12 1864//12 1866//12
f 916//13 915//13 1868//13
f 915//13 1869//13 1868//13
f 909//10 908//10 1867//10
f 908//10 1866//10 1867//10
f 1258//17 925//17 1257//17
f 1257//17 925//17 2142//17
f 2142//17 925//17 1259//17
f 1259//17 925//17 1260//17
f 1260//17 925//17 1261//17
f 1261//17 925//17 1262//17
f 1262//17 925//17 2030//17
f 2030//17 925//17 2029//17
f 2029//17 925//17 2031//17
f 2031//17 925//17 1263//17
f 1263//17 925//17 2144//17
f 2144//17 925//17 1264//17
f 1264//17 925//17 1265//17
f 1265//17 925//17 1266//17
f 1266//17 925//17 2145//17
f 2145//17 925//17 1258//17
f 940//11 939//11 1871//11
f 939//11 1872//11 1871//11
f 933//8 932//8 947//8
f 932//8 2146//8 947//8
f 941//9 940//9 1873//9
f 940//9 1871//9 1873//9
f 934//5 933//5 948//5
f 933//5 947//5 948//5
f 927//4 926//4 942//4
f 926//4 1874//4 942//4
f 926//7 941//7 1874//7
f 941//7 1873//7 1874//7
f 935//6 934//6 2147//6
f 934//6 948//6 2147//6
f 928//2 927//2 943//2
f 927//2 942//2 943//2
f 936//3 935//3 949//3
f 935//3 2147//3 949//3
f 929//16 928//16 944//16
f 928//16 943//16 944//16
f 937//1 936//1 2149//1
f 936//1 949//1 2149//1
f 930//14 929//14 945//14
f 929//14 944//14 945//14
f 938//15 937//15 950//15
f 937//15 2149//15 950//15
f 931//12 930//12 946//12
f 930//12 945//12 946//12
f 939//13 938//13 1872//13
f 938//13 950//13 1872//13
f 932//10 931//10 2146//10
f 931//10 946//10 2146//10
f 1267//17 951//17 2033//17
f 2033//17 951//17 2032//17
f 2032//17 951//17 2034//17
f 2034//17 951//17 2035//17
f 2035//17 951//17 2036//17
f 2036//17 951//17 1268//17
f 1268//17 951//17 2038//17
f 2038//17 951//17 2037//17
f 2037//17 951//17 1269//17
f 1269//17 951//17 2148//17
f 2148//17 951//17 1270//17
f 1270//17 951//17 2150//17
f 2150//17 951//17 1271//17
f 1271//17 951//17 1272//17
f 1272//17 951//17 1273//17
f 1273//17 951//17 1267//17
f 966//11 965//11 1875//11
f 965//11 1876//11 1875//11
f 959//8 958//8 2156//8
f 958//8 971//8 2156//8
f 967//9 966//9 976//9
f 966//9 1875//9 976//9
f 960//5 959//5 972//5
f 959//5 2156//5 972//5
f 953//4 952//4 968//4
f 952//4 2151//4 968//4
f 952//7 967//7 2151//7
f 967//7 976//7 2151//7
f 961//6 960//6 973//6
f 960//6 972//6 973//6
f 954//2 953//2 969//2
f 953//2 968//2 969//2
f 962//3 961//3 2157//3
f 961//3 973//3 2157//3
f 955//16 954//16 2152//16
f 954//16 969//16 2152//16
f 963//1 962//1 974//1
f 962//1 2157//1 974//1
f 956//14 955//14 970//14
f 955//14 2152//14 970//14
f 964//15 963//15 975//15
f 963//15 974//15 975//15
f 957//12 956//12 2154//12
f 956//12 970//12 2154//12
f 965//13 964//13 1876//13
f 964//13 975//13 1876//13
f 958//10 957//10 971//10
f 957//10 2154//10 971//10
f 1274//17 977//17 2040//17
f 2040//17 977//17 2039//17
f 2039//17 977//17 1275//17
f 1275//17 977//17 2153//17
f 2153//17 977//17 1276//17
f 1276//17 977//17 2155//17
f 2155//17 977//17 1277//17
f 1277//17 977//17 2042//17
f 2042//17 977//17 2041//17
f 2041//17 977//17 1278//17
f 1278//17 977//17 2044//17
f 2044//17 977//17 2043//17
f 2043//17 977//17 1279//17
f 1279//17 977//17 1280//17
f 1280//17 977//17 2158//17
f 2158//17 977//17 1274//17
f 1880//24 1879//24 988//24
f 1879//24 987//24 988//24
f 2045//25 980//25 996//25
f 980//25 995//25 996//25
f 2159//65 1880//65 989//65
f 1880//65 988//65 989//65
f 982//44 2045//44 997//44
f 2045//44 996//44 997//44
f 1882//43 2159//43 990//43
f 2159//43 989//43 990//43
f 2161//66 982//66 998//66
f 982//66 997//66 998//66
f 1881//18 1882//18 991//18
f 1882//18 990//18 991//18
f 2049//19 2161//19 999//19
f 2161//19 998//19 999//19
f 979//48 1881//48 992//48
f 1881//48 991//48 992//48
f 2048//49 2049//49 1000//49
f 2049//49 999//49 1000//49
f 1884//67 979//67 993//67
f 979//67 992//67 993//67
f 1877//68 1878//68 986//68
f 1878//68 985//68 986//68
f 1878//69 2048//69 985//69
f 2048//69 1000//69 985//69
f 1883//70 1884//70 994//70
f 1884//70 993//70 994//70
f 1879//46 1877//46 987//46
f 1877//46 986//46 987//46
f 980//56 1883//56 995//56
f 1883//56 994//56 995//56
f 2051//7 1887//7 1011//7
f 1011//7 1887//7 1026//7
f 2057//53 2162//53 1020//53
f 1020//53 2162//53 1019//53
f 2052//39 2050//39 1013//39
f 1013//39 2050//39 1012//39
f 1008//40 2057//40 1021//40
f 1021//40 2057//40 1020//40
f 1886//16 2052//16 1014//16
f 1014//16 2052//16 1013//16
f 2163//1 1008//1 1022//1
f 1022//1 1008//1 1021//1
f 1885//51 1886//51 1015//51
f 1015//51 1886//51 1014//51
f 1009//15 2163//15 1023//15
f 1023//15 2163//15 1022//15
f 2054//12 1885//12 1016//12
f 1016//12 1885//12 1015//12
f 2058//50 1009//50 1024//50
f 1024//50 1009//50 1023//50
f 2053//10 2054//10 1017//10
f 1017//10 2054//10 1016//10
f 1888//11 2058//11 1025//11
f 1025//11 2058//11 1024//11
f 1006//35 2053//35 1018//35
f 1018//35 2053//35 1017//35
f 1887//36 1888//36 1026//36
f 1026//36 1888//36 1025//36
f 2162//52 1006//52 1019//52
f 1019//52 1006//52 1018//52
f 2050//4 2051//4 1012//4
f 1012//4 2051//4 1011//4
f 2046//17 2056//17 981//17
f 981//17 2056//17 1293//17
f 1288//17 1007//17 2046//17
f 2046//17 1007//17 2056//17
f 1287//17 1292//17 1288//17
f 1288//17 1292//17 1007//17
f 2160//17 2055//17 1287//17
f 1287//17 2055//17 1292//17
f 1286//17 1005//17 2160//17
f 2160//17 1005//17 2055//17
f 1285//17 1004//17 1286//17
f 1286//17 1004//17 1005//17
f 978//17 1291//17 1285//17
f 1285//17 1291//17 1004//17
f 1284//17 1290//17 978//17
f 978//17 1290//17 1291//17
f 1283//17 1003//17 1284//17
f 1284//17 1003//17 1290//17
f 1281//17 1002//17 1283//17
f 1283//17 1002//17 1003//17
f 1282//17 1001//17 1281//17
f 1281//17 1001//17 1002//17
f 984//17 1295//17 1282//17
f 1282//17 1295//17 1001//17
f 983//17 1294//17 984//17
f 984//17 1294//17 1295//17
f 1289//17 1010//17 983//17
f 983//17 1010//17 1294//17
f 2047//17 2059//17 1289//17
f 1289//17 2059//17 1010//17
f 981//17 1293//17 2047//17
f 2047//17 1293//17 2059//17
f 2062//71 2060//71 1038//71
f 2060//71 1037//71 1038//71
f 1030//22 2062//22 1039//22
f 2062//22 1038//22 1039//22
f 1032//21 1031//21 1041//21
f 1031//21 1040//21 1041//21
f 2064//72 1032//72 1042//72
f 1032//72 1041//72 1042//72
f 2065//49 2064//49 1043//49
f 2064//49 1042//49 1043//49
f 2061//68 2164//68 1036//68
f 2164//68 1035//68 1036//68
f 2164//69 2065//69 1035//69
f 2065//69 1043//69 1035//69
f 2060//46 2061//46 1037//46
f 2061//46 1036//46 1037//46
f 1890//7 1893//7 1047//7
f 1047//7 1893//7 1055//7
f 1891//2 1889//2 1049//2
f 1049//2 1889//2 1048//2
f 1892//16 1891//16 1050//16
f 1050//16 1891//16 1049//16
f 1044//14 1892//14 1051//14
f 1051//14 1892//14 1050//14
f 1046//13 1045//13 1053//13
f 1053//13 1045//13 1052//13
f 1894//11 1046//11 1054//11
f 1054//11 1046//11 1053//11
f 1893//9 1894//9 1055//9
f 1055//9 1894//9 1054//9
f 1889//4 1890//4 1048//4
f 1048//4 1890//4 1047//4
f 1029//17 1300//17 1632//17
f 1632//17 1300//17 1738//17
f 1028//17 1299//17 1029//17
f 1029//17 1299//17 1300//17
f 1027//17 1297//17 1028//17
f 1028//17 1297//17 1299//17
f 1296//17 1298//17 1027//17
f 1027//17 1298//17 1297//17
f 1034//17 1302//17 1296//17
f 1296//17 1302//17 1298//17
f 1033//17 1301//17 1034//17
f 1034//17 1301//17 1302//17
f 2063//17 2066//17 1033//17
f 1033//17 2066//17 1301//17
f 1634//17 1638//17 2063//17
f 2063//17 1638//17 2066//17
f 1057//71 1895//71 1061//71
f 1895//71 1060//71 1061//71
f 1741//22 1057//22 1062//22
f 1057//22 1061//22 1062//22
f 1897//21 1466//21 1064//21
f 1466//21 1063//21 1064//21
f 1898//72 1897//72 1065//72
f 1897//72 1064//72 1065//72
f 1899//49 1898//49 1066//49
f 1898//49 1065//49 1066//49
f 1896//68 2165//68 1059//68
f 2165//68 1058//68 1059//68
f 2165//69 1899//69 1058//69
f 1899//69 1066//69 1058//69
f 1895//46 1896//46 1060//46
f 1896//46 1059//46 1060//46
f 1901//7 1903//7 1070//7
f 1070//7 1903//7 1078//7
f 1902//2 1900//2 1072//2
f 1072//2 1900//2 1071//2
f 1067//16 1902//16 1073//16
f 1073//16 1902//16 1072//16
f 1743//14 1067//14 1074//14
f 1074//14 1067//14 1073//14
f 2067//13 1640//13 1076//13
f 1076//13 1640//13 1075//13
f 1904//11 2067//11 1077//11
f 1077//11 2067//11 1076//11
f 1903//9 1904//9 1078//9
f 1078//9 1904//9 1077//9
f 1900//4 1901//4 1071//4
f 1071//4 1901//4 1070//4
f 2166//17 2167//17 1305//17
f 1305//17 2167//17 1313//17
f 1304//17 1312//17 2166//17
f 2166//17 1312//17 2167//17
f 1303//17 1310//17 1304//17
f 1304//17 1310//17 1312//17
f 1056//17 1311//17 1303//17
f 1303//17 1311//17 1310//17
f 1309//17 1315//17 1056//17
f 1056//17 1315//17 1311//17
f 1308//17 1314//17 1309//17
f 1309//17 1314//17 1315//17
f 1307//17 1069//17 1308//17
f 1308//17 1069//17 1314//17
f 1306//17 1068//17 1307//17
f 1307//17 1068//17 1069//17
f 1082//24 2070//24 1092//24
f 2070//24 1091//24 1092//24
f 2074//25 2072//25 1100//25
f 2072//25 1099//25 1100//25
f 1906//65 1082//65 1093//65
f 1082//65 1092//65 1093//65
f 2075//44 2074//44 1101//44
f 2074//44 1100//44 1101//44
f 1905//43 1906//43 1094//43
f 1906//43 1093//43 1094//43
f 2076//66 2075//66 1102//66
f 2075//66 1101//66 1102//66
f 1907//18 1905//18 1095//18
f 1905//18 1094//18 1095//18
f 1088//19 2076//19 1103//19
f 2076//19 1102//19 1103//19
f 1908//48 1907//48 1096//48
f 1907//48 1095//48 1096//48
f 2168//49 1088//49 1104//49
f 1088//49 1103//49 1104//49
f 1909//67 1908//67 1097//67
f 1908//67 1096//67 1097//67
f 2068//68 1079//68 1090//68
f 1079//68 1089//68 1090//68
f 1079//69 2168//69 1089//69
f 2168//69 1104//69 1089//69
f 1083//70 1909//70 1098//70
f 1909//70 1097//70 1098//70
f 2070//46 2068//46 1091//46
f 2068//46 1090//46 1091//46
f 2072//56 1083//56 1099//56
f 1083//56 1098//56 1099//56
f 1105//7 2079//7 1113//7
f 1113//7 2079//7 1128//7
f 1110//53 2083//53 1122//53
f 1122//53 2083//53 1121//53
f 1910//39 1911//39 1115//39
f 1115//39 1911//39 1114//39
f 1913//40 1110//40 1123//40
f 1123//40 1110//40 1122//40
f 1106//16 1910//16 1116//16
f 1116//16 1910//16 1115//16
f 1912//1 1913//1 1124//1
f 1124//1 1913//1 1123//1
f 2080//51 1106//51 1117//51
f 1117//51 1106//51 1116//51
f 1914//15 1912//15 1125//15
f 1125//15 1912//15 1124//15
f 2169//12 2080//12 1118//12
f 1118//12 2080//12 1117//12
f 1915//50 1914//50 1126//50
f 1126//50 1914//50 1125//50
f 2170//10 2169//10 1119//10
f 1119//10 2169//10 1118//10
f 1111//11 1915//11 1127//11
f 1127//11 1915//11 1126//11
f 2171//35 2170//35 1120//35
f 1120//35 2170//35 1119//35
f 2079//36 1111//36 1128//36
f 1128//36 1111//36 1127//36
f 2083//52 2171//52 1121//52
f 1121//52 2171//52 1120//52
f 1911//4 1105//4 1114//4
f 1114//4 1105//4 1113//4
f 1084//17 1326//17 1085//17
f 1085//17 1326//17 1327//17
f 2073//17 2082//17 1084//17
f 1084//17 2082//17 1326//17
f 1320//17 1109//17 2073//17
f 2073//17 1109//17 2082//17
f 1319//17 1325//17 1320//17
f 1320//17 1325//17 1109//17
f 1318//17 1108//17 1319//17
f 1319//17 1108//17 1325//17
f 1317//17 1324//17 1318//17
f 1318//17 1324//17 1108//17
f 1316//17 1107//17 1317//17
f 1317//17 1107//17 1324//17
f 2071//17 2081//17 1316//17
f 1316//17 2081//17 1107//17
f 1081//17 1323//17 2071//17
f 2071//17 1323//17 2081//17
f 1080//17 1322//17 1081//17
f 1081//17 1322//17 1323//17
f 2069//17 2078//17 1080//17
f 1080//17 2078//17 1322//17
f 1321//17 1112//17 2069//17
f 2069//17 1112//17 2078//17
f 2077//17 2084//17 1321//17
f 1321//17 2084//17 1112//17
f 1087//17 1329//17 2077//17
f 2077//17 1329//17 2084//17
f 1086//17 1328//17 1087//17
f 1087//17 1328//17 1329//17
f 1085//17 1327//17 1086//17
f 1086//17 1327//17 1328//17
f 1133//18 1132//18 1919//18
f 1132//18 1920//18 1919//18
f 1136//19 2177//19 1925//19
f 2177//19 1926//19 1925//19
f 2173//32 1133//32 1921//32
f 1133//32 1919//32 1921//32
f 2174//73 2173//73 2178//73
f 2173//73 1921//73 2178//73
f 1157//17 1134//17 1335//17
f 1335//17 1134//17 2184//17
f 2086//26 2172//26 1916//26
f 2172//26 1917//26 1916//26
f 2089//27 2090//27 1922//27
f 2090//27 1923//27 1922//27
f 1131//24 2086//24 1918//24
f 2086//24 1916//24 1918//24
f 1962//25 2089//25 1924//25
f 2089//25 1922//25 1924//25
f 1930//1 1928//1 1943//1
f 1943//1 1928//1 1942//1
f 2093//14 1152//14 1936//14
f 1936//14 1152//14 1935//14
f 1931//38 1930//38 1944//38
f 1944//38 1930//38 1943//38
f 1154//37 2093//37 1937//37
f 1937//37 2093//37 1936//37
f 2100//13 1931//13 1945//13
f 1945//13 1931//13 1944//13
f 1155//10 1154//10 1938//10
f 1938//10 1154//10 1937//10
f 1159//11 2100//11 1946//11
f 1946//11 2100//11 1945//11
f 2097//35 1155//35 1939//35
f 1939//35 1155//35 1938//35
f 2181//36 1159//36 1947//36
f 1947//36 1159//36 1946//36
f 2098//5 2097//5 1940//5
f 1940//5 2097//5 1939//5
f 2091//41 1150//41 1932//41
f 1932//41 1150//41 1933//41
f 1150//34 2181//34 1933//34
f 1933//34 2181//34 1947//34
f 1929//6 2098//6 1941//6
f 1941//6 2098//6 1940//6
f 2180//39 2091//39 1934//39
f 1934//39 2091//39 1932//39
f 1928//40 1929//40 1942//40
f 1942//40 1929//40 1941//40
f 1152//16 2180//16 1935//16
f 1935//16 2180//16 1934//16
f 1333//17 1158//17 2176//17
f 2176//17 1158//17 2099//17
f 1135//17 1336//17 1332//17
f 1332//17 1336//17 1337//17
f 1134//17 1157//17 1135//17
f 1135//17 1157//17 1336//17
f 2087//17 2096//17 1330//17
f 1330//17 2096//17 1156//17
f 2088//17 2095//17 2087//17
f 2087//17 2095//17 2096//17
f 1130//17 1334//17 2085//17
f 2085//17 1334//17 2094//17
f 1129//17 1151//17 1130//17
f 1130//17 1151//17 1334//17
f 2184//17 2175//17 1335//17
f 1330//17 1156//17 2175//17
f 2175//17 1156//17 1335//17
f 1339//17 2092//17 1177//17
f 1177//17 2092//17 2186//17
f 2186//17 2092//17 2191//17
f 2092//17 1151//17 2191//17
f 2191//17 1151//17 1129//17
f 1760//54 1804//54 2185//54
f 1804//54 2183//54 2185//54
f 1806//17 2175//17 1369//17
f 1369//17 2175//17 2184//17
f 2090//74 1340//74 1923//74
f 1340//74 2182//74 1923//74
f 2189//17 2213//17 2215//17
f 2191//17 2189//17 2186//17
f 2186//17 2189//17 1176//17
f 2188//33 1136//33 1927//33
f 1136//33 1925//33 1927//33
f 2176//17 2099//17 1177//17
f 1177//17 2099//17 1339//17
f 1948//75 2187//75 1927//75
f 2187//75 2188//75 1927//75
f 1176//17 2189//17 2215//17
f 1917//4 2172//4 1950//4
f 2172//4 2192//4 1950//4
f 1949//54 2103//54 1342//54
f 2103//54 2101//54 1342//54
f 2193//58 1951//58 2190//58
f 1951//58 1178//58 2190//58
f 2106//17 2199//17 2195//17
f 2195//17 2199//17 2197//17
f 2107//76 2105//76 2203//76
f 2203//76 2105//76 2196//76
f 2200//76 2198//76 2201//76
f 2198//76 1953//76 2201//76
f 1132//61 1347//61 1920//61
f 1347//61 2204//61 1920//61
f 1965//54 1967//54 1961//54
f 1961//54 1967//54 2210//54
f 1348//60 1131//60 1952//60
f 1131//60 1918//60 1952//60
f 2197//17 1153//17 2195//17
f 1153//17 2095//17 2195//17
f 2195//17 2095//17 2088//17
f 1153//17 2197//17 2094//17
f 2094//17 2197//17 2085//17
f 1351//17 2208//17 1354//17
f 1354//17 2208//17 2209//17
f 1954//76 1956//76 1964//76
f 1964//76 1956//76 2205//76
f 1960//76 1958//76 1185//76
f 1958//76 2207//76 1185//76
f 1924//63 2206//63 1962//63
f 2206//63 1963//63 1962//63
f 1789//54 1957//54 1782//54
f 1782//54 1957//54 1955//54
f 1926//62 2177//62 1959//62
f 2177//62 1353//62 1959//62
f 1338//17 1158//17 2208//17
f 2208//17 1158//17 1333//17
f 1338//17 1351//17 1337//17
f 1337//17 1351//17 1332//17
f 1351//17 1338//17 2208//17
f 1176//17 2215//17 2112//17
f 2104//76 2102//76 1966//76
f 1966//76 2102//76 1968//76
f 1345//76 2194//76 2214//76
f 2214//76 2194//76 2211//76
f 1349//58 1358//58 2202//58
f 2202//58 1358//58 2212//58
f 2108//58 1795//58 1181//58
f 1181//58 1795//58 1794//58
f 1802//17 1365//17 1354//17
f 2209//17 1357//17 2112//17
f 2106//17 1801//17 2199//17
f 1363//17 1801//17 2106//17
f 1802//17 1354//17 2209//17
f 2111//76 2109//76 2216//76
f 2109//76 2217//76 2216//76
f 1366//54 1800//54 1187//54
f 1800//54 2110//54 1187//54
f 1803//17 2218//17 1362//17
f 2218//17 1361//17 1362//17
f 2213//17 2199//17 2215//17
f 2199//17 1801//17 2215//17
f 1360//58 1188//58 1364//58
f 1188//58 1367//58 1364//58
f 1357//17 1176//17 2112//17
f 1802//17 2209//17 2112//17
f 2179//58 1805//58 1331//58
f 1805//77 1371//77 1331//77
f 1140//17 1182//17 1350//17
f 1140//17 1373//17 1182//17
f 1141//17 1373//17 1140//17
f 1142//17 1370//17 1141//17
f 1143//17 1370//17 1142//17
f 1370//17 1373//17 1141//17
f 1146//17 1184//17 1356//17
f 1146//17 1356//17 1372//17
f 1145//17 1146//17 1372//17
f 1372//17 1368//17 1145//17
f 1344//17 1137//17 1346//17
f 1368//17 1144//17 1145//17
f 1368//17 1341//17 1144//17
f 1186//17 1148//17 1179//17
f 1137//17 1138//17 1346//17
f 1183//17 1359//17 1138//17
f 1139//17 1183//17 1138//17
f 1180//17 1183//17 1139//17
f 1138//17 1359//17 1346//17
f 1148//17 1149//17 1179//17
f 1149//17 1343//17 1179//17
f 1168//17 1167//17 1374//17
f 1147//17 1148//17 1355//17
f 1352//17 1147//17 1355//17
f 1186//17 1355//17 1148//17
f 1161//17 1160//17 1374//17
f 1160//17 1175//17 1374//17
f 1169//17 1168//17 1374//17
f 1162//17 1161//17 1374//17
f 1170//17 1169//17 1374//17
f 1163//17 1162//17 1374//17
f 1171//17 1170//17 1374//17
f 1164//17 1163//17 1374//17
f 1172//17 1171//17 1374//17
f 1165//17 1164//17 1374//17
f 1173//17 1172//17 1374//17
f 1166//17 1165//17 1374//17
f 1174//17 1173//17 1374//17
f 1167//17 1166//17 1374//17
f 1175//17 1174//17 1374//17
